contact_id,entity_id,entreprise,job_title,persona_tier,raison,adresse_a_existe,linkedin_vu,nb_events_net
CON-020610,ENT-11334,NeopraImmo,HR Assistant,utilisateur,adresse_perso,0,0,0
CON-029634,ENT-01784,Briogormobility & Co,HR Business Partner,champion,sans_adresse,1,0,3
CON-005608,ENT-14959,RoccamarConsulting Group,Talent Acquisition Specialist,utilisateur,sans_adresse,1,0,7
CON-052559,ENT-16701,SylvarinPharma & Co,Recruiter,utilisateur,sans_adresse,0,0,0
CON-064451,ENT-12337,OpticalLab & Co,Compensation & Benefits Manager,champion,adresse_perso,1,0,3
CON-059595,ENT-17993,UlmivenData Group,People Ops Manager,champion,sans_adresse,1,0,6
CON-032701,ENT-05459,Fernofinhub,Recruiter,utilisateur,sans_adresse,0,0,0
CON-060221,ENT-14816,RoccadorImmo,HR Assistant,utilisateur,sans_adresse,0,0,0
CON-055166,ENT-20250,ZephiImmo,Recruiter,utilisateur,adresse_perso,1,0,2
CON-053339,ENT-03639,DelfisolHub SARL,Head of Talent Acquisition,buyer,adresse_perso,0,0,0
CON-048762,ENT-11063,Meriviaconsulting France,Head of People,buyer,sans_adresse,0,0,0
CON-064272,ENT-10011,LumilexFlow SA,Head of HR Operations,buyer,sans_adresse,1,0,4
CON-050183,ENT-03011,CortifinSolutions SA,Executive Assistant,bruit,sans_adresse,0,0,0
CON-032821,ENT-18407,Vectotech SARL,COO,buyer,sans_adresse,0,0,0
CON-064470,ENT-07483,HeliofinDigital,HRBP,champion,adresse_perso,1,0,5
CON-074023,ENT-00676,ArdenPharma,HR Director,buyer,sans_adresse,0,0,0
CON-067521,ENT-19732,Yellodorimmo SARL,Directeur RH,buyer,sans_adresse,0,0,0
CON-045466,ENT-14210,Quantipralogistics France,,sans_titre,sans_adresse,0,0,0
CON-049262,ENT-07808,Iberibelconsulting SAS,HR Business Partner,champion,sans_adresse,0,0,0
CON-067245,ENT-03520,DelfimarHub,HR Business Partner,champion,adresse_perso,1,0,9
CON-015505,ENT-06962,GrimovenHub Group,Head of People,buyer,sans_adresse,0,0,0
CON-055570,ENT-12211,NovarinWorks France,People Ops Coordinator,utilisateur,adresse_perso,0,0,0
CON-034044,ENT-07258,HaldequiData & Co,,sans_titre,adresse_perso,0,0,0
CON-018964,ENT-16612,SylvaMedia,HR Intern,bruit,sans_adresse,0,0,0
CON-006438,ENT-15651,SolidorWorks SARL,COO,buyer,adresse_perso,0,0,0
CON-011663,ENT-07060,HaldedorServices SARL,HR Intern,bruit,sans_adresse,1,0,3
CON-014931,ENT-10843,Merilogistics,HR Manager,champion,adresse_perso,1,0,6
CON-066066,ENT-19592,WallisolGroup,Charge de recrutement,utilisateur,sans_adresse,1,0,2
CON-055591,ENT-10119,LumiquiDigital,HR Business Partner,champion,adresse_perso,0,0,0
CON-054459,ENT-16857,TalodorLabs SARL,,sans_titre,adresse_perso,0,0,0
CON-020916,ENT-14498,Rapilexdata & Co,HR Assistant,utilisateur,sans_adresse,1,0,2
CON-013943,ENT-09793,LorritasLabs Group,Office Manager,bruit,adresse_perso,0,0,0
CON-040419,ENT-04758,Estevamarmedia & Co,Recruiter,utilisateur,adresse_perso,0,0,0
CON-040908,ENT-17257,TerradorConseil SA,Executive Assistant,bruit,sans_adresse,0,0,0
CON-021707,ENT-18159,Vectogormedia SARL,HR Officer,utilisateur,adresse_perso,0,0,0
CON-001355,ENT-04026,DorioquiMobility SA,People Ops Manager,champion,sans_adresse,0,0,0
CON-022144,ENT-06482,GallirinMobility,Executive Assistant,bruit,sans_adresse,0,0,0
CON-026526,ENT-13156,Perribelsolutions Group,CEO,buyer,sans_adresse,0,0,0
CON-002975,ENT-10810,Merihalservices SAS,Responsable Recrutement,champion,adresse_perso,1,0,6
CON-003280,ENT-17359,Terralab,Office Manager,bruit,sans_adresse,1,0,5
CON-057326,ENT-03579,Delfiquiconsulting France,Head of Talent Acquisition,buyer,adresse_perso,1,0,5
CON-061595,ENT-01707,BriocalMobility Group,Chargee de recrutement,utilisateur,sans_adresse,1,0,2
CON-033657,ENT-11438,Neotaslogistics SARL,Compensation & Benefits Manager,champion,sans_adresse,1,0,5
CON-050845,ENT-10485,Mavinexforge,Charge de recrutement,utilisateur,adresse_perso,1,0,5
CON-051747,ENT-06712,GrimohalConsulting,,sans_titre,adresse_perso,1,1,3
CON-041899,ENT-03562,Delfipraenergie,HRBP,champion,sans_adresse,1,0,8
CON-033654,ENT-15141,Roccavenfood,HRBP,champion,sans_adresse,1,0,2
CON-020440,ENT-16738,Sylvatasgroup SA,Office Manager,bruit,adresse_perso,0,0,0
CON-023423,ENT-05169,Fabrimarindustries,People Ops Manager,champion,sans_adresse,1,0,2
CON-054350,ENT-01677,BriobelLab,,sans_titre,sans_adresse,0,0,0
CON-076466,ENT-14368,RapibelLogistics France,Executive Assistant,bruit,sans_adresse,0,0,0
CON-072011,ENT-16016,StellacalMobility SAS,HRBP,champion,adresse_perso,0,0,0
CON-057203,ENT-18289,Vectonexretail,HR Business Partner,champion,sans_adresse,0,0,0
CON-023389,ENT-12509,OptimarFood,,sans_titre,adresse_perso,1,0,4
CON-063547,ENT-10317,MavidorHub,People Ops Coordinator,utilisateur,sans_adresse,0,0,0
CON-017842,ENT-14594,Rapipraconseil,Executive Assistant,bruit,sans_adresse,0,0,0
CON-058775,ENT-07403,HeliobelDynamics France,Office Manager,bruit,sans_adresse,0,0,0
CON-073929,ENT-18674,VERTIMARMEDIA,HR Business Partner,champion,sans_adresse,0,0,0
CON-016559,ENT-05767,Fernoviaforge & Co,HR Business Partner,champion,sans_adresse,0,0,0
CON-005694,ENT-10238,Lumiviadigital France,VP Human Resources,buyer,adresse_perso,0,0,0
CON-038521,ENT-06340,Gallilexsoft France,People Ops Coordinator,utilisateur,adresse_perso,1,0,2
CON-039957,ENT-06870,Grimoquimobility Group,HR Director,buyer,adresse_perso,1,0,6
CON-004547,ENT-15791,SoliMobility Group,Head of HR Operations,buyer,adresse_perso,1,1,3
CON-017924,ENT-04280,EderihalConsulting SA,HRBP,champion,adresse_perso,1,0,3
CON-013920,ENT-06118,Flexitaslab France,Responsable Recrutement,champion,sans_adresse,0,0,0
CON-041654,ENT-12722,OvalibelFood SARL,Chief People Officer,buyer,adresse_perso,1,0,5
CON-009671,ENT-08105,Iberiquimobility Group,,sans_titre,adresse_perso,1,0,6
CON-018567,ENT-00779,ArdentasEnergie SARL,HR Manager,champion,adresse_perso,0,0,0
CON-048308,ENT-06431,GallipraMobility,Compensation & Benefits Manager,champion,adresse_perso,0,0,0
CON-037188,ENT-14676,Rapisolmobility & Co,CEO,buyer,adresse_perso,1,0,7
CON-062923,ENT-11869,NordivenWorks & Co,HR Manager,champion,sans_adresse,0,0,0
CON-058870,ENT-03382,DelfiEnergie France,Head of Talent Acquisition,buyer,adresse_perso,0,0,0
CON-004315,ENT-04476,Ederisolfood SARL,,sans_titre,sans_adresse,0,0,0
CON-055081,ENT-05747,FernovenForge,VP Human Resources,buyer,adresse_perso,0,0,0
CON-009252,ENT-18568,VertigorLabs,VP Human Resources,buyer,adresse_perso,0,0,0
CON-072757,ENT-06668,Grimofingroup,HR Intern,bruit,adresse_perso,0,0,0
CON-030902,ENT-06017,Flexipradigital SA,CHRO,buyer,sans_adresse,0,0,0
CON-043909,ENT-04170,EderibelLabs,People Ops Manager,champion,sans_adresse,0,0,0
CON-042876,ENT-06830,Grimopartners,COO,buyer,sans_adresse,1,0,3
CON-013119,ENT-10642,MavivenRetail & Co,Responsable Recrutement,champion,sans_adresse,0,0,0
CON-040592,ENT-05902,FlexihalConsulting,Recruiter,utilisateur,sans_adresse,0,0,0
CON-022953,ENT-19392,Walligorsolutions Group,People Ops Manager,champion,sans_adresse,0,0,0
CON-021672,ENT-10948,Meriquiflow,Chargee de recrutement,utilisateur,sans_adresse,1,0,2
CON-042776,ENT-12008,NovagorHub,People Ops Manager,champion,adresse_perso,1,0,2
CON-007617,ENT-11439,NeotasPartners,HR Manager,champion,adresse_perso,0,0,0
CON-045833,ENT-20008,YellosolHub,HRBP,champion,adresse_perso,0,0,0
CON-060731,ENT-19259,Vespiviaflow SA,Office Manager,bruit,adresse_perso,0,0,0
CON-047774,ENT-16550,Sylvalabs SA,HR Assistant,utilisateur,sans_adresse,1,0,5
CON-054786,ENT-01210,Axiovenindustries,Compensation & Benefits Manager,champion,adresse_perso,0,0,0
CON-010890,ENT-13530,PerriviaPartners,,sans_titre,adresse_perso,0,0,0
CON-063418,ENT-11452,NeovenEnergie,HR Business Partner,champion,sans_adresse,0,0,0
CON-008899,ENT-15204,SerenicalLogistics,Charge de recrutement,utilisateur,adresse_perso,1,0,6
CON-041469,ENT-06641,GrimodorDigital France,People Ops Coordinator,utilisateur,sans_adresse,0,0,0
CON-064025,ENT-15896,Solisolretail SARL,Talent Acquisition Manager,champion,sans_adresse,0,0,0
CON-018893,ENT-16847,TalodorConsulting SAS,Head of Talent Acquisition,buyer,sans_adresse,0,0,0
CON-049509,ENT-14359,Rapibelflow,HR Business Partner,champion,sans_adresse,0,0,0
CON-012865,ENT-05560,FernolumHub Group,People Ops Coordinator,utilisateur,sans_adresse,0,0,0
CON-012994,ENT-09881,Lumicalhub France,HR Business Partner,champion,sans_adresse,0,0,0
CON-043046,ENT-12199,NovarinImmo,People Ops Manager,champion,sans_adresse,0,0,0
CON-008264,ENT-14278,Quantisolmobility SAS,HR Intern,bruit,adresse_perso,1,0,6
CON-038903,ENT-18007,UlmivenRetail SAS,CHRO,buyer,adresse_perso,0,0,0
CON-049260,ENT-07726,Heliosollogistics & Co,HR Officer,utilisateur,sans_adresse,1,0,5
CON-025607,ENT-08020,IberimarEnergie Group,,sans_titre,adresse_perso,0,0,0
CON-075900,ENT-12523,OptimarSystems SAS,Head of People,buyer,sans_adresse,0,0,0
CON-019519,ENT-09302,Kelviquilogistics & Co,HR Manager,champion,sans_adresse,1,0,6
CON-068436,ENT-17561,Terrataslab,Recruiter,utilisateur,adresse_perso,1,0,4
CON-058499,ENT-17114,TaloSoft,Head of HR Operations,buyer,sans_adresse,0,0,0
CON-057570,ENT-07972,Iberilexenergie & Co,HR Business Partner,champion,adresse_perso,1,0,4
CON-014377,ENT-05183,FabrimarWorks,Talent Acquisition Manager,champion,adresse_perso,0,0,0
CON-064645,ENT-13599,PrimodorGroup,HR Officer,utilisateur,sans_adresse,0,0,0
CON-017351,ENT-07098,Haldegorfood,HR Officer,utilisateur,adresse_perso,0,0,0
CON-067475,ENT-12357,OptidorFinance,HR Manager,champion,adresse_perso,0,0,0
CON-023333,ENT-14104,Quantilexconsulting France,Talent Acquisition Manager,champion,sans_adresse,0,0,0
CON-011247,ENT-00989,Axiolab Group,Head of People,buyer,sans_adresse,1,0,1
CON-051673,ENT-11263,Neolumlogic SAS,,sans_titre,sans_adresse,0,0,0
CON-030834,ENT-15480,SerenirinLogistics France,Chief People Officer,buyer,sans_adresse,0,0,0
CON-011103,ENT-14780,Roccacalconsulting SA,HR Business Partner,champion,adresse_perso,0,0,0
CON-034960,ENT-11675,NordilumRetail,HR Officer,utilisateur,sans_adresse,0,0,0
CON-015206,ENT-14911,Roccalab Group,CHRO,buyer,sans_adresse,0,0,0
CON-061898,ENT-04470,EderisolConseil SAS,Recruiter,utilisateur,sans_adresse,0,0,0
CON-036582,ENT-01896,Briomarsystems France,Head of Talent Acquisition,buyer,adresse_perso,0,0,0
CON-023488,ENT-17205,Taloviamobility & Co,People Ops Coordinator,utilisateur,adresse_perso,1,0,4
CON-035428,ENT-05153,Fabrilumpartners & Co,Directrice RH,buyer,sans_adresse,0,0,0
CON-052972,ENT-13171,PerricalMedia France,Talent Acquisition Specialist,utilisateur,sans_adresse,0,0,0
CON-065482,ENT-08047,Iberinexenergie,Responsable Recrutement,champion,sans_adresse,1,0,4
CON-010988,ENT-10302,MavicalSystems,HRBP,champion,adresse_perso,0,0,0
CON-047994,ENT-15542,SerenivenDynamics,Talent Acquisition Manager,champion,adresse_perso,0,0,0
CON-051489,ENT-16238,StellapraEnergie,Chief People Officer,buyer,adresse_perso,0,0,0
CON-061239,ENT-04458,Ederirinlab SA,HR Director,buyer,adresse_perso,1,1,2
CON-016499,ENT-14656,Rapirinmobility SARL,Office Manager,bruit,sans_adresse,0,0,0
CON-066272,ENT-01157,AxiosolFlow SAS,People Ops Coordinator,utilisateur,sans_adresse,0,0,0
CON-069052,ENT-20042,Yellotaspartners,Talent Acquisition Manager,champion,adresse_perso,0,0,0
CON-055899,ENT-12770,OvaliDigital SA,Charge de recrutement,utilisateur,adresse_perso,0,0,0
CON-059331,ENT-02821,Cendrasolconsulting,Recruiter,utilisateur,adresse_perso,1,0,1
CON-055020,ENT-10321,MavidorLabs,Directeur RH,buyer,sans_adresse,1,0,2
CON-003903,ENT-06471,Gallirinfood,People Ops Coordinator,utilisateur,sans_adresse,0,0,0
CON-063504,ENT-04742,Estevalumsoft SARL,Recruiter,utilisateur,sans_adresse,0,0,0
CON-011698,ENT-09903,LumidorDynamics & Co,COO,buyer,adresse_perso,1,0,2
CON-030816,ENT-12782,OvalidorLabs,HR Intern,bruit,sans_adresse,0,0,0
CON-058434,ENT-17668,UlmidorConseil SAS,Chargee de recrutement,utilisateur,sans_adresse,0,0,0
CON-076383,ENT-11153,NEODYNAMICS,HR Manager,champion,sans_adresse,1,0,3
CON-027380,ENT-00159,AltaIndustries,HR Intern,bruit,sans_adresse,0,0,0
CON-072463,ENT-20148,ZephidorData SARL,HR Director,buyer,adresse_perso,0,0,0
CON-071866,ENT-16837,Talocalsoft,Compensation & Benefits Manager,champion,sans_adresse,1,0,1
CON-027530,ENT-06491,GallisolConseil SA,Head of HR Operations,buyer,sans_adresse,1,0,3
CON-036156,ENT-02260,CaurilumConsulting Group,Talent Acquisition Manager,champion,sans_adresse,1,0,5
CON-001523,ENT-20181,ZephifinHub Group,HR Director,buyer,sans_adresse,1,0,2
CON-055097,ENT-19136,VespipraWorks & Co,Office Manager,bruit,adresse_perso,0,0,0
CON-011520,ENT-00533,ArdenfinWorks,Office Manager,bruit,adresse_perso,0,0,0
CON-013777,ENT-12254,NovatasSystems SA,HR Intern,bruit,sans_adresse,1,0,5
CON-023233,ENT-06449,GalliquiForge SA,Responsable Recrutement,champion,sans_adresse,0,0,0
CON-012208,ENT-09503,Lorridorsystems SARL,Office Manager,bruit,sans_adresse,0,0,0
CON-004932,ENT-11225,Neolabs,Talent Acquisition Specialist,utilisateur,adresse_perso,0,0,0
CON-049085,ENT-15333,SerenilexImmo SAS,HR Officer,utilisateur,sans_adresse,0,0,0
CON-035497,ENT-07026,Haldecalforge,HR Assistant,utilisateur,sans_adresse,0,0,0
CON-049485,ENT-03411,Delfigordata SARL,Directeur RH,buyer,sans_adresse,0,0,0
CON-070299,ENT-10460,Mavimarfood SAS,HR Officer,utilisateur,adresse_perso,0,0,0
CON-041305,ENT-04228,Ederidynamics SA,Chief People Officer,buyer,sans_adresse,0,0,0
CON-064081,ENT-06990,GrimoviaPharma Group,HR Business Partner,champion,sans_adresse,1,0,2
CON-043838,ENT-13241,Perrigorimmo France,Head of People,buyer,adresse_perso,1,0,2
CON-072150,ENT-04021,DorioquiLab & Co,Charge de recrutement,utilisateur,adresse_perso,0,0,0
CON-062994,ENT-16512,SylvagorIndustries,VP People,buyer,sans_adresse,0,0,0
CON-011872,ENT-16734,Sylvatasdynamics,Head of HR Operations,buyer,sans_adresse,1,0,5
CON-032132,ENT-08497,Ivoroquifood,Directrice RH,buyer,sans_adresse,0,0,0
CON-031364,ENT-19490,Wallinexconsulting SA,Head of Talent Acquisition,buyer,adresse_perso,0,0,0
CON-003439,ENT-02544,CendracalSolutions SAS,Talent Acquisition Manager,champion,sans_adresse,1,0,3
CON-032347,ENT-14135,QuantilumImmo & Co,HR Officer,utilisateur,sans_adresse,0,0,0
CON-027553,ENT-15576,Sereniviapartners,Chief People Officer,buyer,adresse_perso,0,0,0
CON-012493,ENT-05627,FernopraFlow SA,HR Officer,utilisateur,adresse_perso,1,0,6
CON-000116,ENT-09549,LorrigorMedia & Co,Compensation & Benefits Manager,champion,sans_adresse,0,0,0
CON-075584,ENT-06324,Gallilexconseil Group,HR Officer,utilisateur,sans_adresse,1,0,3
CON-071999,ENT-20385,Zephiquidynamics,Talent Acquisition Specialist,utilisateur,sans_adresse,0,0,0
CON-054669,ENT-08291,Ivorodorpartners Group,Head of HR Operations,buyer,sans_adresse,1,0,5
CON-051853,ENT-08919,Juntorinfood,HR Assistant,utilisateur,sans_adresse,0,0,0
CON-004975,ENT-15649,Solidorsystems,Office Manager,bruit,sans_adresse,0,0,0
CON-005400,ENT-11533,NordicalServices France,HRBP,champion,adresse_perso,0,0,0
CON-032950,ENT-07100,Haldegorimmo Group,HR Officer,utilisateur,sans_adresse,0,0,0
CON-015213,ENT-08881,JuntopraIndustries SA,Executive Assistant,bruit,sans_adresse,0,0,0
CON-029236,ENT-06561,GallivenSolutions Group,Chargee de recrutement,utilisateur,sans_adresse,1,0,8
CON-007510,ENT-18345,VectorinFlow,Chief People Officer,buyer,sans_adresse,0,0,0
CON-060565,ENT-16606,SylvamarPartners & Co,Office Manager,bruit,adresse_perso,1,0,3
CON-042287,ENT-10031,LumilumData SA,HRBP,champion,sans_adresse,0,0,0
CON-012089,ENT-10049,LumimarConsulting,CEO,buyer,sans_adresse,0,0,0
CON-061735,ENT-02716,Cendramarlab France,HR Director,buyer,adresse_perso,1,0,2
CON-008185,ENT-18508,VertidorData France,Talent Acquisition Specialist,utilisateur,sans_adresse,0,0,0
CON-043554,ENT-16382,Stellavensolutions SARL,People Ops Manager,champion,adresse_perso,0,0,0
CON-058196,ENT-01653,BelfoviaLogic,HR Officer,utilisateur,sans_adresse,1,0,4
CON-005514,ENT-04698,EstevaImmo SARL,HR Business Partner,champion,sans_adresse,1,0,11
CON-072652,ENT-01219,AxiovenSolutions,Talent Acquisition Specialist,utilisateur,adresse_perso,0,0,0
CON-037969,ENT-11131,NeodorConseil,HR Intern,bruit,sans_adresse,1,0,5
CON-060366,ENT-06661,Grimofinance France,HR Director,buyer,adresse_perso,0,0,0
CON-064315,ENT-05167,Fabrimargroup,Chargee de recrutement,utilisateur,adresse_perso,0,0,0
CON-056142,ENT-16190,Stellamarhub SAS,VP People,buyer,sans_adresse,0,0,0
CON-045440,ENT-09887,LumicalPartners SAS,Head of People,buyer,adresse_perso,1,0,2
CON-053303,ENT-07229,HaldenexSoft SAS,CEO,buyer,sans_adresse,0,0,0
CON-064869,ENT-01341,BelfofinServices,HR Intern,bruit,sans_adresse,0,0,0
CON-062663,ENT-10589,MavisolMobility,,sans_titre,sans_adresse,0,0,0
CON-060163,ENT-01254,Belfobelfood,Head of HR Operations,buyer,sans_adresse,0,0,0
CON-004759,ENT-07471,Heliodorpartners,Chargee de recrutement,utilisateur,adresse_perso,1,0,2
CON-033314,ENT-10130,Lumiquimedia SA,HR Officer,utilisateur,adresse_perso,0,0,0
CON-056828,ENT-12993,OvalipraSystems,HR Officer,utilisateur,sans_adresse,1,0,4
CON-028167,ENT-02988,Cortienergie Group,Compensation & Benefits Manager,champion,sans_adresse,0,0,0
CON-040176,ENT-02404,Caurisoldigital,People Ops Manager,champion,sans_adresse,1,0,6
CON-071945,ENT-10178,Lumisolsoft,,sans_titre,adresse_perso,0,0,0
CON-007560,ENT-15375,SerenimarFinance SAS,HR Business Partner,champion,sans_adresse,1,0,4
CON-052264,ENT-00490,Ardendorfinance,HR Business Partner,champion,adresse_perso,0,0,0
CON-035438,ENT-06479,Gallirinlogic France,CEO,buyer,sans_adresse,1,0,2
CON-069499,ENT-01192,Axiotaspharma,HR Manager,champion,sans_adresse,0,0,0
CON-052699,ENT-19241,Vespivenlab & Co,Recruiter,utilisateur,sans_adresse,0,0,0
CON-001586,ENT-14412,Rapidorimmo SA,HR Manager,champion,adresse_perso,0,0,0
CON-031889,ENT-08501,IvoroquiImmo,Charge de recrutement,utilisateur,adresse_perso,1,0,3
CON-039585,ENT-14705,Rapitassystems & Co,Compensation & Benefits Manager,champion,sans_adresse,0,0,0
CON-029295,ENT-02710,CendramarFood,Chief People Officer,buyer,adresse_perso,0,0,0
CON-057525,ENT-18668,VertimarImmo,Talent Acquisition Specialist,utilisateur,sans_adresse,1,1,2
CON-025877,ENT-10980,MeririnLab,HR Manager,champion,sans_adresse,0,0,0
CON-031855,ENT-12994,OvalipraTech,Recruiter,utilisateur,sans_adresse,0,0,0
CON-052250,ENT-13675,PrimohalLogic,Talent Acquisition Specialist,utilisateur,adresse_perso,0,0,0
CON-066711,ENT-18319,VectoquiDigital,HR Director,buyer,sans_adresse,0,0,0
CON-037880,ENT-06070,Flexirinimmo,,sans_titre,sans_adresse,0,0,0
CON-072439,ENT-04428,EderiquiHub France,Head of HR Operations,buyer,adresse_perso,1,0,2
CON-012024,ENT-00291,AltaquiGroup SA,Talent Acquisition Specialist,utilisateur,sans_adresse,1,0,6
CON-066916,ENT-04505,Ederitaslabs,VP Human Resources,buyer,sans_adresse,1,0,3
CON-071857,ENT-04559,EderiWorks SARL,Head of People,buyer,sans_adresse,0,0,0
CON-049653,ENT-03470,Delfileximmo & Co,People Ops Coordinator,utilisateur,adresse_perso,1,0,4
CON-049700,ENT-07206,HaldeMedia France,Head of Talent Acquisition,buyer,sans_adresse,1,0,3
CON-064524,ENT-15598,SolibelSolutions,Charge de recrutement,utilisateur,sans_adresse,1,0,4
CON-032793,ENT-20216,Zephigorlogistics,Recruiter,utilisateur,sans_adresse,0,0,0
CON-055830,ENT-19572,Wallirinlogistics,Executive Assistant,bruit,sans_adresse,0,0,0
CON-024877,ENT-11360,Neoquiimmo Group,HR Manager,champion,sans_adresse,0,0,0
CON-009750,ENT-14544,RapilumWorks France,HR Assistant,utilisateur,adresse_perso,0,0,0
CON-016418,ENT-08295,Ivorodorsolutions & Co,HR Intern,bruit,adresse_perso,0,0,0
CON-047073,ENT-20065,YellovenMedia,CEO,buyer,sans_adresse,1,1,4
CON-029239,ENT-10561,MavirinLabs France,Executive Assistant,bruit,adresse_perso,0,0,0
CON-002910,ENT-15443,SereniquiDigital,Charge de recrutement,utilisateur,adresse_perso,0,0,0
CON-031330,ENT-16178,Stellalumtech SARL,HR Business Partner,champion,adresse_perso,0,0,0
CON-070918,ENT-14335,Quantiviadynamics,People Ops Manager,champion,adresse_perso,0,0,0
CON-027114,ENT-12912,OvalilumLab SAS,CHRO,buyer,adresse_perso,0,0,0
CON-055907,ENT-00929,Axiofinforge SARL,HR Assistant,utilisateur,sans_adresse,0,0,0
CON-048406,ENT-03381,Delfidynamics & Co,HR Officer,utilisateur,adresse_perso,0,0,0
CON-013971,ENT-01503,BelfopraFinance SAS,People Ops Manager,champion,sans_adresse,0,0,0
CON-035224,ENT-08088,IberipraSystems & Co,Charge de recrutement,utilisateur,adresse_perso,0,0,0
CON-000637,ENT-06450,Galliquigroup France,,sans_titre,adresse_perso,1,0,4
CON-064257,ENT-12262,Novavenflow SARL,Responsable Recrutement,champion,sans_adresse,1,0,1
CON-044659,ENT-17636,UlmibelSoft,HR Assistant,utilisateur,adresse_perso,0,0,0
CON-017484,ENT-07274,Haldequiretail SARL,Head of People,buyer,sans_adresse,1,0,3
CON-048377,ENT-16554,SylvalexDynamics France,Directeur RH,buyer,sans_adresse,0,0,0
CON-017268,ENT-10784,Merigormedia,Talent Acquisition Specialist,utilisateur,sans_adresse,0,0,0
CON-026500,ENT-00842,AxiobelConsulting,Head of HR Operations,buyer,adresse_perso,1,1,5
CON-044907,ENT-02570,CendradorWorks & Co,,sans_titre,sans_adresse,0,0,0
CON-025480,ENT-06972,Grimovensoft Group,Head of HR Operations,buyer,adresse_perso,0,0,0
CON-018060,ENT-16311,Stellaservices,Compensation & Benefits Manager,champion,sans_adresse,0,0,0
CON-034875,ENT-08835,JuntomarMedia Group,People Ops Coordinator,utilisateur,adresse_perso,0,0,0
CON-072108,ENT-07174,HaldelumLabs,HRBP,champion,adresse_perso,0,0,0
CON-033083,ENT-08448,IvoronexForge SAS,VP Human Resources,buyer,adresse_perso,0,0,0
CON-001175,ENT-19507,Wallinexsolutions,VP Human Resources,buyer,sans_adresse,0,0,0
CON-063151,ENT-19907,YellonexFinance Group,Compensation & Benefits Manager,champion,sans_adresse,0,0,0
CON-046483,ENT-02049,Briovenfinance,Recruiter,utilisateur,sans_adresse,0,0,0
CON-008879,ENT-16563,Sylvalexlogistics,HR Director,buyer,adresse_perso,0,0,0
CON-062456,ENT-18765,VertirinLogistics SA,Office Manager,bruit,sans_adresse,0,0,0
CON-065090,ENT-12301,NovaviaWorks SA,HR Manager,champion,sans_adresse,0,0,0
CON-034820,ENT-09578,Lorrihub SAS,Executive Assistant,bruit,adresse_perso,0,0,0
CON-074175,ENT-09399,KELVIVENSYSTEMS,VP People,buyer,adresse_perso,1,0,6
CON-054740,ENT-18130,Vectofinimmo France,HR Director,buyer,adresse_perso,0,0,0
CON-041605,ENT-05873,FlexifinWorks SAS,HR Officer,utilisateur,sans_adresse,1,0,5
CON-035702,ENT-00897,Axiodordigital Group,Executive Assistant,bruit,adresse_perso,0,0,0
CON-047015,ENT-08224,Ivorobelconsulting & Co,COO,buyer,sans_adresse,0,0,0
CON-006192,ENT-07157,Haldelexservices SARL,Office Manager,bruit,sans_adresse,0,0,0
CON-044314,ENT-17365,TerralexEnergie Group,Office Manager,bruit,sans_adresse,0,0,0
CON-031014,ENT-00178,AltalexPartners SAS,Talent Acquisition Specialist,utilisateur,sans_adresse,0,0,0
CON-008295,ENT-09557,Lorrigorworks,Talent Acquisition Specialist,utilisateur,adresse_perso,0,0,0
CON-039753,ENT-14576,RapinexFood France,Head of People,buyer,adresse_perso,0,0,0
CON-057793,ENT-16792,SylvaviaServices Group,CHRO,buyer,sans_adresse,1,1,3
CON-072261,ENT-15971,Soliviaretail,People Ops Manager,champion,sans_adresse,1,0,4
CON-018821,ENT-01540,Belfoquipharma,Head of Talent Acquisition,buyer,adresse_perso,0,0,0
CON-012297,ENT-10491,MavinexLabs & Co,Office Manager,bruit,sans_adresse,1,0,6
CON-015300,ENT-18574,Vertigorsoft,,sans_titre,adresse_perso,0,0,0
CON-058435,ENT-14815,RoccadorHub SA,Head of HR Operations,buyer,adresse_perso,1,1,2
CON-025581,ENT-13821,Primoquiretail SA,Compensation & Benefits Manager,champion,sans_adresse,0,0,0
CON-069777,ENT-12923,OvalilumWorks SARL,Chief People Officer,buyer,sans_adresse,0,0,0
CON-001018,ENT-01478,Belfonexforge Group,Head of Talent Acquisition,buyer,adresse_perso,0,0,0
CON-030707,ENT-13678,PrimohalMobility France,Directeur RH,buyer,adresse_perso,0,0,0
CON-047824,ENT-13602,PrimodorIndustries SARL,CHRO,buyer,sans_adresse,0,0,0
CON-039438,ENT-17060,TalopraLabs & Co,Executive Assistant,bruit,adresse_perso,0,0,0
CON-002531,ENT-03757,Doriocallabs France,Talent Acquisition Specialist,utilisateur,sans_adresse,0,0,0
CON-015617,ENT-18749,VertiquiTech,People Ops Manager,champion,adresse_perso,0,0,0
CON-043047,ENT-18407,Vectotech SARL,Recruiter,utilisateur,adresse_perso,1,0,2
CON-049198,ENT-19039,Vespilexsystems Group,Talent Acquisition Specialist,utilisateur,adresse_perso,0,0,0
CON-057854,ENT-17015,Talomarpartners,HR Business Partner,champion,adresse_perso,1,0,4
CON-070363,ENT-02944,CorticalFlow,HR Intern,bruit,sans_adresse,0,0,0
CON-052586,ENT-05288,FabrisolEnergie,Chargee de recrutement,utilisateur,sans_adresse,0,0,0
CON-069387,ENT-11539,Nordiconsulting,Directeur RH,buyer,adresse_perso,1,0,2
CON-052594,ENT-10090,LuminexWorks SA,HR Manager,champion,adresse_perso,0,0,0
CON-040876,ENT-05560,FernolumHub Group,HR Assistant,utilisateur,adresse_perso,0,0,0
CON-068774,ENT-18362,Vectosoldata,Responsable Recrutement,champion,adresse_perso,1,0,4
CON-001332,ENT-13408,PerriquiLogic France,Talent Acquisition Manager,champion,adresse_perso,0,0,0
CON-071281,ENT-02560,CendradorIndustries Group,HRBP,champion,adresse_perso,0,0,0
CON-008677,ENT-11430,Neotasforge,People Ops Coordinator,utilisateur,sans_adresse,1,0,6
CON-065676,ENT-08025,IberimarHub SARL,HR Manager,champion,sans_adresse,1,0,1
CON-060483,ENT-03499,DelfilumLabs Group,Charge de recrutement,utilisateur,sans_adresse,0,0,0
CON-003430,ENT-19771,Yelloflow France,People Ops Coordinator,utilisateur,sans_adresse,0,0,0
CON-024342,ENT-13840,PrimorinLabs,People Ops Manager,champion,sans_adresse,0,0,0
CON-067524,ENT-18640,VertilumFlow SARL,Head of People,buyer,sans_adresse,0,0,0
CON-074074,ENT-12110,NovamarPharma,HR Intern,bruit,sans_adresse,0,0,0
CON-063765,ENT-03838,DoriogorLab,People Ops Coordinator,utilisateur,sans_adresse,0,0,0
CON-010720,ENT-14485,Rapihallogic SARL,,sans_titre,adresse_perso,0,0,0
CON-042270,ENT-01804,BriohalImmo SAS,COO,buyer,sans_adresse,0,0,0
CON-054680,ENT-04135,DorioviaDynamics Group,Chargee de recrutement,utilisateur,sans_adresse,0,0,0
CON-073529,ENT-03934,Doriolumtech,,sans_titre,sans_adresse,1,0,3
CON-070039,ENT-17702,UlmifinFinance,VP Human Resources,buyer,adresse_perso,1,0,10
CON-027223,ENT-04756,Estevamarlogic Group,COO,buyer,sans_adresse,1,1,7
CON-066515,ENT-11732,NordipraDynamics,Talent Acquisition Specialist,utilisateur,sans_adresse,0,0,0
CON-003728,ENT-05528,FernolexEnergie SA,,sans_titre,sans_adresse,0,0,0
CON-036665,ENT-10708,Mericalmedia SA,Office Manager,bruit,sans_adresse,1,0,3
CON-008314,ENT-02100,CauribelSolutions France,,sans_titre,sans_adresse,0,0,0
CON-072316,ENT-02811,Cendrarinmobility SAS,,sans_titre,adresse_perso,0,0,0
CON-004115,ENT-19315,Walliconsulting SAS,Office Manager,bruit,adresse_perso,0,0,0
CON-000774,ENT-07088,Haldefinworks Group,Head of HR Operations,buyer,adresse_perso,0,0,0
CON-043431,ENT-13762,PrimonexForge,HR Assistant,utilisateur,sans_adresse,0,0,0
CON-000750,ENT-19680,YellobelData France,HR Officer,utilisateur,sans_adresse,0,0,0
CON-065434,ENT-08804,JuntolumEnergie France,HR Manager,champion,sans_adresse,0,0,0
CON-044748,ENT-07418,Heliobelpartners SARL,HR Intern,bruit,adresse_perso,0,0,0
CON-012406,ENT-08696,JuntodorSystems France,People Ops Coordinator,utilisateur,sans_adresse,0,0,0
CON-054731,ENT-20419,ZephirinPartners,Compensation & Benefits Manager,champion,adresse_perso,0,0,0
CON-040622,ENT-05439,Fernodorpartners SARL,,sans_titre,sans_adresse,0,0,0
CON-020546,ENT-12707,OptiviaPartners France,HR Manager,champion,adresse_perso,0,0,0
CON-029367,ENT-10934,Meriprapartners Group,Head of HR Operations,buyer,sans_adresse,0,0,0
CON-016016,ENT-11919,Novabelsystems,Talent Acquisition Manager,champion,sans_adresse,1,0,3
CON-043443,ENT-04339,EderilumLabs,Charge de recrutement,utilisateur,adresse_perso,1,0,5
CON-040959,ENT-00586,ArdenlexConseil Group,Office Manager,bruit,adresse_perso,0,0,0
CON-052353,ENT-05248,Fabriquilogic SA,Responsable Recrutement,champion,sans_adresse,1,0,9
CON-072279,ENT-09572,Lorrihalpharma SARL,HR Intern,bruit,sans_adresse,1,0,4
CON-037717,ENT-20272,ZephilexRetail France,,sans_titre,sans_adresse,0,0,0
CON-030746,ENT-14899,RoccahalPartners Group,Charge de recrutement,utilisateur,sans_adresse,0,0,0
CON-055214,ENT-10329,MavidorSolutions SARL,HR Assistant,utilisateur,adresse_perso,0,0,0
CON-002635,ENT-10160,LumiSoft Group,HR Intern,bruit,adresse_perso,1,0,2
CON-039610,ENT-01151,AxioServices,Recruiter,utilisateur,sans_adresse,0,0,0
CON-073763,ENT-16451,SylvaDigital France,HRBP,champion,adresse_perso,0,0,0
CON-036825,ENT-05208,FabrinexTech & Co,Office Manager,bruit,sans_adresse,1,0,3
CON-001293,ENT-15350,Serenilumdata,HR Manager,champion,sans_adresse,1,0,7
CON-018389,ENT-10183,LumisolWorks France,VP Human Resources,buyer,sans_adresse,1,0,2
CON-052211,ENT-14972,Roccamarmobility,Recruiter,utilisateur,sans_adresse,0,0,0
CON-041151,ENT-10034,Lumilumfinance SAS,HR Manager,champion,sans_adresse,0,0,0
CON-063310,ENT-18382,Vectosolutions SAS,Executive Assistant,bruit,sans_adresse,0,0,0
CON-035587,ENT-18317,VectoquiConsulting,Head of Talent Acquisition,buyer,adresse_perso,1,0,4
CON-040181,ENT-03452,DelfihalSystems,Talent Acquisition Manager,champion,adresse_perso,1,0,6
CON-030016,ENT-05597,FernonexData,Talent Acquisition Specialist,utilisateur,sans_adresse,0,0,0
CON-002732,ENT-19932,Yelloprafinance,Talent Acquisition Manager,champion,adresse_perso,0,0,0
CON-022839,ENT-08455,Ivoronexlogistics,Office Manager,bruit,adresse_perso,1,0,4
CON-009356,ENT-19302,WallicalIndustries,,sans_titre,sans_adresse,0,0,0
CON-066347,ENT-00307,Altarinconseil,Recruiter,utilisateur,adresse_perso,0,0,0
CON-023538,ENT-16303,Stellarinpharma,Compensation & Benefits Manager,champion,sans_adresse,1,0,1
CON-071992,ENT-09909,LumidorGroup,Charge de recrutement,utilisateur,adresse_perso,0,0,0
CON-070081,ENT-16637,Sylvanextech,HR Manager,champion,adresse_perso,0,0,0
CON-065982,ENT-11983,Novafinindustries,Responsable Recrutement,champion,sans_adresse,0,0,0
CON-016851,ENT-08787,JuntolexLabs SAS,Chief People Officer,buyer,sans_adresse,1,0,8
CON-076476,ENT-06555,Gallivenmobility,Head of People,buyer,sans_adresse,0,0,0
CON-019076,ENT-06239,GallidorMedia,HR Intern,bruit,sans_adresse,0,0,0
CON-062674,ENT-18816,VertitasLogic,HR Assistant,utilisateur,adresse_perso,1,0,2
CON-067205,ENT-09345,KelvisolForge,HR Director,buyer,adresse_perso,1,0,4
CON-016080,ENT-12821,Ovaliflow SARL,HR Intern,bruit,sans_adresse,0,0,0
CON-042296,ENT-18813,Vertitasimmo,Compensation & Benefits Manager,champion,adresse_perso,1,0,5
CON-044119,ENT-14286,QuantiSolutions,Charge de recrutement,utilisateur,adresse_perso,0,0,0
CON-034501,ENT-10279,MavicalConseil SA,Chargee de recrutement,utilisateur,adresse_perso,0,0,0
CON-064691,ENT-08092,Iberiquidata SA,HR Director,buyer,sans_adresse,0,0,0
CON-005139,ENT-11638,Nordilexconsulting SARL,Chargee de recrutement,utilisateur,sans_adresse,1,0,2
CON-043233,ENT-17257,TerradorConseil SA,,sans_titre,adresse_perso,1,0,6
CON-073570,ENT-01180,AxiotasFinance,Head of HR Operations,buyer,sans_adresse,0,0,0
CON-035274,ENT-00588,ArdenlexData SAS,HRBP,champion,sans_adresse,0,0,0
CON-007308,ENT-11632,NordihalSolutions,Talent Acquisition Specialist,utilisateur,adresse_perso,1,0,2
CON-012648,ENT-15732,Solilexlabs,Head of People,buyer,adresse_perso,1,0,2
CON-036285,ENT-04466,EderirinSolutions SA,Executive Assistant,bruit,adresse_perso,1,0,3
CON-016710,ENT-09247,KelvinexConseil,Recruiter,utilisateur,sans_adresse,1,0,4
CON-064218,ENT-03626,Delfiservices SARL,Chargee de recrutement,utilisateur,sans_adresse,0,0,0
CON-016220,ENT-14018,Quantidorpartners SARL,Head of HR Operations,buyer,sans_adresse,0,0,0
CON-034210,ENT-07066,Haldefinconseil France,Head of HR Operations,buyer,adresse_perso,0,0,0
CON-011121,ENT-00867,Axiocalconsulting France,Office Manager,bruit,sans_adresse,1,0,4
CON-036306,ENT-14277,QuantisolMedia Group,Talent Acquisition Specialist,utilisateur,sans_adresse,0,0,0
CON-057788,ENT-11435,Neotaslab SARL,Talent Acquisition Manager,champion,sans_adresse,0,0,0
CON-058298,ENT-05455,Fernofinflow,Compensation & Benefits Manager,champion,sans_adresse,0,0,0
CON-020807,ENT-18034,UlmiviaWorks,HR Director,buyer,sans_adresse,0,0,0
CON-018675,ENT-15071,RoccarinSolutions France,HR Business Partner,champion,sans_adresse,0,0,0
CON-077179,ENT-10942,Meriquiconseil & Co,VP People,buyer,adresse_perso,1,0,16
CON-011949,ENT-01683,Briobelsoft SAS,Executive Assistant,bruit,sans_adresse,0,0,0
CON-055476,ENT-17533,Terrasolfood,Compensation & Benefits Manager,champion,adresse_perso,1,0,7
CON-041027,ENT-18659,Vertimardata SARL,HR Officer,utilisateur,sans_adresse,0,0,0
CON-036710,ENT-16843,Taloconsulting Group,Directrice RH,buyer,sans_adresse,0,0,0
CON-075914,ENT-05005,Fabriconseil,Charge de recrutement,utilisateur,sans_adresse,0,0,0
CON-024876,ENT-11360,Neoquiimmo Group,VP People,buyer,adresse_perso,0,0,0
CON-028742,ENT-13380,PerripraEnergie & Co,Recruiter,utilisateur,sans_adresse,1,0,4
CON-002095,ENT-16815,TalobelSystems,Talent Acquisition Manager,champion,adresse_perso,0,0,0
CON-044458,ENT-16242,StellapraForge Group,COO,buyer,adresse_perso,0,0,0
CON-019027,ENT-04120,Doriovenlogic & Co,People Ops Coordinator,utilisateur,sans_adresse,0,0,0
CON-042977,ENT-20061,YellovenIndustries & Co,Office Manager,bruit,adresse_perso,0,0,0
CON-074255,ENT-11841,Norditasservices France,Head of People,buyer,adresse_perso,1,0,6
CON-055060,ENT-03327,Delfibelsoft SA,People Ops Coordinator,utilisateur,adresse_perso,0,0,0
CON-047076,ENT-18423,VectovenLogistics,HR Officer,utilisateur,adresse_perso,0,0,0
CON-018400,ENT-20351,ZephinexTech SAS,HR Business Partner,champion,sans_adresse,0,0,0
CON-071450,ENT-12313,OptibelHub,Talent Acquisition Specialist,utilisateur,sans_adresse,0,0,0
CON-076359,ENT-04473,EderisolEnergie SAS,HRBP,champion,adresse_perso,1,0,7
CON-024641,ENT-12275,NovavenSolutions SA,Compensation & Benefits Manager,champion,sans_adresse,0,0,0
CON-044691,ENT-04001,DoriopraLogistics,,sans_titre,sans_adresse,1,0,6
CON-008371,ENT-09384,Kelvivenflow,Compensation & Benefits Manager,champion,sans_adresse,1,0,6
CON-003083,ENT-16707,SylvaServices,Responsable Recrutement,champion,sans_adresse,1,0,3
CON-052054,ENT-09672,LorrinexImmo SAS,Charge de recrutement,utilisateur,adresse_perso,0,0,0
CON-038112,ENT-05361,FabriviaFinance SA,HR Intern,bruit,sans_adresse,0,0,0
CON-050119,ENT-08938,Juntoservices SARL,HRBP,champion,sans_adresse,1,0,3
CON-003183,ENT-00454,Ardenbelsoft SARL,Recruiter,utilisateur,adresse_perso,0,0,0
CON-061002,ENT-00744,Ardenrinsoft SA,People Ops Coordinator,utilisateur,sans_adresse,1,0,4
CON-064494,ENT-17930,Ulmirinlogic,HR Assistant,utilisateur,sans_adresse,0,0,0
CON-048557,ENT-14037,QuantifinForge,Charge de recrutement,utilisateur,adresse_perso,1,0,2
CON-068298,ENT-18424,Vectovenmedia SARL,,sans_titre,sans_adresse,0,0,0
CON-037334,ENT-18743,Vertiquipharma,Recruiter,utilisateur,adresse_perso,0,0,0
CON-058781,ENT-15109,RoccatasData,Office Manager,bruit,sans_adresse,1,1,4
CON-049426,ENT-12797,OvalifinConseil,Head of Talent Acquisition,buyer,adresse_perso,1,0,6
CON-031402,ENT-04628,EstevaEnergie & Co,Head of HR Operations,buyer,sans_adresse,1,0,3
CON-042757,ENT-16888,Talofinpartners & Co,People Ops Manager,champion,sans_adresse,1,0,3
CON-075200,ENT-05209,Fabrinexworks SA,Chargee de recrutement,utilisateur,sans_adresse,0,0,0
CON-077167,ENT-13743,PrimomarLogistics,Head of People,buyer,sans_adresse,1,0,9
CON-022417,ENT-16605,Sylvamarmobility & Co,,sans_titre,sans_adresse,0,0,0
CON-023354,ENT-00336,Altasolconsulting,HR Assistant,utilisateur,adresse_perso,1,0,1
CON-059507,ENT-11878,Nordiviaforge,Charge de recrutement,utilisateur,sans_adresse,0,0,0
CON-070303,ENT-11874,NordiviaDynamics France,Compensation & Benefits Manager,champion,adresse_perso,0,0,0
CON-013878,ENT-17484,TerraquiConsulting France,Office Manager,bruit,adresse_perso,0,0,0
CON-038704,ENT-03476,Delfilexmobility,Responsable Recrutement,champion,adresse_perso,1,0,3
CON-060649,ENT-04834,Estevaquisoft,Talent Acquisition Specialist,utilisateur,sans_adresse,0,0,0
CON-065900,ENT-12644,OptisolSystems,Compensation & Benefits Manager,champion,adresse_perso,1,0,3
CON-017503,ENT-03610,DelfirinImmo SARL,HRBP,champion,adresse_perso,0,0,0
CON-065143,ENT-07508,Heliogorconsulting,Talent Acquisition Specialist,utilisateur,adresse_perso,0,0,0
CON-051746,ENT-06712,GrimohalConsulting,Head of Talent Acquisition,buyer,sans_adresse,0,0,0
CON-019501,ENT-04347,EderilumSolutions SAS,People Ops Coordinator,utilisateur,adresse_perso,1,0,2
CON-022032,ENT-02686,CendralumFood,HRBP,champion,sans_adresse,1,0,2
CON-038768,ENT-03420,DelfigorLogic,Charge de recrutement,utilisateur,sans_adresse,0,0,0
CON-042046,ENT-20115,ZephibelPharma SARL,Head of People,buyer,sans_adresse,0,0,0
CON-053415,ENT-13801,Primoprasoft,Charge de recrutement,utilisateur,sans_adresse,0,0,0
CON-033660,ENT-08216,Iberiviamedia & Co,HR Officer,utilisateur,adresse_perso,1,0,2
CON-056224,ENT-02631,CendrahalFinance Group,HR Manager,champion,sans_adresse,0,0,0
CON-003594,ENT-14184,QuantinexLab SAS,Chief People Officer,buyer,adresse_perso,1,0,6
CON-021401,ENT-13375,PerriPharma SA,HR Assistant,utilisateur,sans_adresse,0,0,0
CON-064870,ENT-01341,BelfofinServices,HR Business Partner,champion,sans_adresse,0,0,0
CON-057890,ENT-16873,Talofinconsulting,HR Intern,bruit,sans_adresse,0,0,0
CON-058340,ENT-13354,Perrinexdata Group,Talent Acquisition Specialist,utilisateur,adresse_perso,0,0,0
CON-013380,ENT-02222,CaurihalMobility SAS,HR Business Partner,champion,sans_adresse,0,0,0
CON-026998,ENT-18725,VertipraServices & Co,Head of Talent Acquisition,buyer,adresse_perso,0,0,0
CON-022920,ENT-15827,Solipralabs & Co,HR Director,buyer,adresse_perso,1,0,1
CON-034207,ENT-16671,SylvaquiGroup & Co,Directrice RH,buyer,sans_adresse,0,0,0
CON-060709,ENT-17414,Terramarfinance,People Ops Manager,champion,adresse_perso,0,0,0
CON-020826,ENT-02165,CaurifinGroup SA,Recruiter,utilisateur,sans_adresse,0,0,0
CON-001658,ENT-02869,CendraTech,Executive Assistant,bruit,adresse_perso,1,0,4
CON-017052,ENT-03877,Dorioimmo,HRBP,champion,adresse_perso,1,0,2
CON-049985,ENT-07444,Heliocalsoft & Co,HR Manager,champion,sans_adresse,0,0,0
CON-037670,ENT-02040,Briotassolutions & Co,HR Business Partner,champion,adresse_perso,0,0,0
CON-004572,ENT-11004,MerisolLogistics,Chargee de recrutement,utilisateur,sans_adresse,0,0,0
CON-035092,ENT-07477,Heliodorworks Group,Charge de recrutement,utilisateur,adresse_perso,0,0,0
CON-010744,ENT-14403,Rapidigital SAS,Compensation & Benefits Manager,champion,adresse_perso,1,0,2
CON-072186,ENT-12123,NovanexFood SAS,HR Intern,bruit,adresse_perso,0,0,0
CON-022118,ENT-12973,Ovalipharma SA,Directeur RH,buyer,sans_adresse,0,0,0
CON-007051,ENT-08010,Iberilumpharma,HR Business Partner,champion,adresse_perso,0,0,0
CON-061246,ENT-18219,VectoLogic Group,HR Assistant,utilisateur,sans_adresse,1,0,1
CON-064585,ENT-14617,RapipraTech SA,,sans_titre,adresse_perso,1,0,3
CON-040177,ENT-02058,BriovenMedia France,HR Manager,champion,sans_adresse,0,0,0
CON-032458,ENT-12939,OvalimarMobility Group,HR Assistant,utilisateur,sans_adresse,0,0,0
CON-069678,ENT-01288,Belfocalretail,HR Intern,bruit,adresse_perso,1,0,3
CON-024668,ENT-13749,Primomarsystems,People Ops Manager,champion,adresse_perso,1,0,3
CON-065492,ENT-07071,Haldefinfinance,HRBP,champion,adresse_perso,0,0,0
CON-033808,ENT-09470,Lorricalpharma,Directrice RH,buyer,sans_adresse,0,0,0
CON-046255,ENT-07409,HELIOBELGROUP,HRBP,champion,sans_adresse,0,0,0
CON-020957,ENT-02600,Cendrafood & Co,Executive Assistant,bruit,sans_adresse,0,0,0
CON-006084,ENT-17089,Taloquiretail,Talent Acquisition Specialist,utilisateur,adresse_perso,0,0,0
CON-037373,ENT-07304,Halderinsystems & Co,COO,buyer,adresse_perso,0,0,0
CON-006657,ENT-19216,Vespitasflow SARL,HR Business Partner,champion,adresse_perso,0,0,0
CON-005878,ENT-10607,Mavitasforge SARL,HRBP,champion,adresse_perso,1,0,7
CON-012150,ENT-08513,Ivororindata France,,sans_titre,adresse_perso,0,0,0
CON-072943,ENT-11764,Nordiquilogic,VP Human Resources,buyer,sans_adresse,0,0,0
CON-025308,ENT-13636,PrimofinSoft & Co,Chargee de recrutement,utilisateur,sans_adresse,1,0,3
CON-032951,ENT-07100,Haldegorimmo Group,Charge de recrutement,utilisateur,adresse_perso,0,0,0
CON-072596,ENT-15500,SerenisolForge,Charge de recrutement,utilisateur,sans_adresse,0,0,0
CON-022293,ENT-05326,FabritasSolutions,HRBP,champion,sans_adresse,1,0,3
CON-071145,ENT-11123,Neocalsoft SARL,Talent Acquisition Manager,champion,sans_adresse,1,0,1
CON-046152,ENT-04302,EderiImmo,Talent Acquisition Specialist,utilisateur,adresse_perso,0,0,0
CON-065389,ENT-15411,SereninexServices,Head of HR Operations,buyer,adresse_perso,0,0,0
CON-059975,ENT-09051,KelvibelRetail France,HR Business Partner,champion,sans_adresse,0,0,0
CON-045117,ENT-07987,IberilexRetail SARL,HR Manager,champion,adresse_perso,0,0,0
CON-062987,ENT-18153,VectogorForge France,Chargee de recrutement,utilisateur,adresse_perso,0,0,0
CON-069814,ENT-16750,SylvatasSystems,Executive Assistant,bruit,adresse_perso,1,0,6
CON-037632,ENT-19026,VespilexHub,Head of Talent Acquisition,buyer,adresse_perso,0,0,0
CON-016738,ENT-04126,Doriovenretail,Executive Assistant,bruit,adresse_perso,0,0,0
CON-023328,ENT-18903,Vespicalfood & Co,Recruiter,utilisateur,sans_adresse,0,0,0
CON-076463,ENT-13632,Primofinmobility,HR Manager,champion,sans_adresse,0,0,0
CON-050074,ENT-16034,STELLADORFORGE,VP People,buyer,sans_adresse,0,0,0
CON-058311,ENT-11472,NeoviaData,Head of HR Operations,buyer,adresse_perso,1,0,2
CON-006247,ENT-03836,DoriogorImmo Group,,sans_titre,adresse_perso,1,0,2
CON-023675,ENT-13939,PrimoviaLabs,Head of Talent Acquisition,buyer,sans_adresse,1,0,7
CON-065307,ENT-08787,JuntolexLabs SAS,Head of Talent Acquisition,buyer,adresse_perso,0,0,0
CON-027995,ENT-12979,OvalipraFinance France,Charge de recrutement,utilisateur,adresse_perso,0,0,0
CON-002744,ENT-05573,Fernomarconseil France,Chief People Officer,buyer,sans_adresse,1,0,2
CON-066940,ENT-09669,Lorrinexforge & Co,Executive Assistant,bruit,adresse_perso,0,0,0
CON-065652,ENT-16861,Talodorpartners,VP People,buyer,sans_adresse,1,0,1
CON-007130,ENT-16919,Talogroup SARL,Head of Talent Acquisition,buyer,sans_adresse,0,0,0
CON-073035,ENT-13134,Ovaliviatech,,sans_titre,adresse_perso,0,0,0
CON-001759,ENT-08984,JuntotasSoft SAS,Chargee de recrutement,utilisateur,sans_adresse,0,0,0
CON-009933,ENT-04018,Dorioquihub,Head of Talent Acquisition,buyer,adresse_perso,0,0,0
CON-032531,ENT-03634,Delfisolfinance SAS,COO,buyer,sans_adresse,0,0,0
CON-036109,ENT-05396,Fernobelsolutions & Co,Compensation & Benefits Manager,champion,sans_adresse,0,0,0
CON-012086,ENT-10049,LumimarConsulting,Charge de recrutement,utilisateur,sans_adresse,1,0,7
CON-043445,ENT-04339,EderilumLabs,Directrice RH,buyer,sans_adresse,0,0,0
CON-058573,ENT-03714,DelfiviaMobility SA,Office Manager,bruit,sans_adresse,0,0,0
CON-061318,ENT-10354,MaviFood,Office Manager,bruit,sans_adresse,0,0,0
CON-012391,ENT-11124,NeocalSystems & Co,HR Officer,utilisateur,adresse_perso,0,0,0
CON-064826,ENT-14914,RoccalexConsulting SA,HR Intern,bruit,sans_adresse,0,0,0
CON-068782,ENT-09317,KelvirinFinance Group,VP People,buyer,sans_adresse,0,0,0
CON-015697,ENT-06851,Grimoprasystems,People Ops Coordinator,utilisateur,sans_adresse,0,0,0
CON-015863,ENT-15072,Roccarinsystems,Talent Acquisition Manager,champion,sans_adresse,1,0,2
CON-058023,ENT-18443,Vectoviagroup SA,Recruiter,utilisateur,adresse_perso,1,0,3
CON-050003,ENT-08807,JuntolumHub France,People Ops Manager,champion,adresse_perso,0,0,0
CON-004325,ENT-18594,Vertihalmedia & Co,Head of Talent Acquisition,buyer,sans_adresse,0,0,0
CON-001260,ENT-18080,Vectocalsoft,HR Officer,utilisateur,adresse_perso,0,0,0
CON-063175,ENT-13333,PerrimarForge,Chargee de recrutement,utilisateur,adresse_perso,1,0,4
CON-063627,ENT-19783,YellogorGroup,Charge de recrutement,utilisateur,adresse_perso,1,0,3
CON-014023,ENT-14382,Rapicalfinance & Co,Charge de recrutement,utilisateur,adresse_perso,0,0,0
CON-070557,ENT-03026,Cortigorlabs Group,Talent Acquisition Specialist,utilisateur,sans_adresse,1,0,4
CON-050059,ENT-13029,Ovalirinimmo Group,Responsable Recrutement,champion,adresse_perso,0,0,0
CON-024416,ENT-18003,Ulmivenmedia SAS,HR Officer,utilisateur,adresse_perso,0,0,0
CON-008034,ENT-10936,MeripraRetail France,,sans_titre,adresse_perso,0,0,0
CON-049774,ENT-00473,Ardencalpartners Group,Chief People Officer,buyer,sans_adresse,1,0,6
CON-019254,ENT-14905,RoccahalSystems,Charge de recrutement,utilisateur,sans_adresse,1,0,5
CON-039692,ENT-15948,SolivenSolutions & Co,HR Officer,utilisateur,adresse_perso,0,0,0
CON-074229,ENT-09325,Kelvirinlogic France,HR Assistant,utilisateur,sans_adresse,0,0,0
CON-060993,ENT-03865,DoriohalLabs SAS,Executive Assistant,bruit,sans_adresse,0,0,0
CON-065759,ENT-04387,EderinexMedia SA,,sans_titre,sans_adresse,0,0,0
CON-055803,ENT-10029,Lumilogistics France,HR Officer,utilisateur,sans_adresse,0,0,0
CON-058320,ENT-15320,SereniHub & Co,HR Assistant,utilisateur,adresse_perso,0,0,0
CON-017573,ENT-04894,EstevatasFinance,HR Assistant,utilisateur,adresse_perso,1,0,3
CON-005596,ENT-12831,Ovaligorforge,People Ops Coordinator,utilisateur,sans_adresse,1,0,1
CON-027462,ENT-18680,Vertimarsoft,HR Business Partner,champion,sans_adresse,1,0,4
CON-037650,ENT-06897,Grimorinservices SAS,VP People,buyer,sans_adresse,1,0,6
CON-025428,ENT-06763,Grimolumconseil SAS,People Ops Manager,champion,adresse_perso,0,0,0
CON-002471,ENT-15345,SerenilexWorks,HRBP,champion,adresse_perso,0,0,0
CON-075309,ENT-08193,Iberivenmedia Group,Head of HR Operations,buyer,sans_adresse,1,0,7
CON-027310,ENT-08502,Ivoroquiindustries SAS,HR Assistant,utilisateur,adresse_perso,1,0,6
CON-042456,ENT-12793,Ovalidorworks,Charge de recrutement,utilisateur,adresse_perso,1,0,1
CON-022332,ENT-20354,Zephipharma,People Ops Coordinator,utilisateur,sans_adresse,0,0,0
CON-037789,ENT-16840,Talocaltech & Co,HR Manager,champion,adresse_perso,1,0,2
CON-056675,ENT-12789,OvalidorRetail Group,HR Manager,champion,sans_adresse,0,0,0
CON-057610,ENT-05539,FernolexLogic SA,Head of HR Operations,buyer,adresse_perso,1,0,5
CON-056379,ENT-19027,VespilexImmo,Charge de recrutement,utilisateur,sans_adresse,1,0,3
CON-012825,ENT-01267,Belfobelsystems France,Office Manager,bruit,sans_adresse,0,0,0
CON-019287,ENT-05641,Fernoprasystems,Talent Acquisition Specialist,utilisateur,sans_adresse,0,0,0
CON-026265,ENT-13891,PrimotasLogistics,Recruiter,utilisateur,adresse_perso,1,0,1
CON-060389,ENT-03651,Delfisoltech,Recruiter,utilisateur,sans_adresse,0,0,0
CON-053043,ENT-16851,TalodorEnergie,Directrice RH,buyer,sans_adresse,1,0,8
CON-017321,ENT-10553,MavirinDigital Group,HR Officer,utilisateur,adresse_perso,0,0,0
CON-047357,ENT-20254,ZephilexConseil SA,Head of Talent Acquisition,buyer,sans_adresse,0,0,0
CON-007283,ENT-16409,Sylvabelconseil SARL,HR Director,buyer,adresse_perso,0,0,0
CON-055829,ENT-19572,Wallirinlogistics,Charge de recrutement,utilisateur,sans_adresse,1,0,3
CON-072538,ENT-17601,TerraviaEnergie SA,Head of HR Operations,buyer,adresse_perso,0,0,0
CON-005880,ENT-10607,Mavitasforge SARL,,sans_titre,adresse_perso,0,0,0
CON-067037,ENT-16754,SylvavenDigital Group,HR Officer,utilisateur,sans_adresse,1,0,9
CON-034038,ENT-18464,VertibelGroup SA,HR Intern,bruit,sans_adresse,0,0,0
CON-059262,ENT-14831,Roccadorworks SAS,People Ops Manager,champion,adresse_perso,0,0,0
CON-043508,ENT-20162,ZephidorRetail,Charge de recrutement,utilisateur,sans_adresse,1,0,4
CON-044546,ENT-15362,Serenilummedia SARL,,sans_titre,adresse_perso,0,0,0
CON-053179,ENT-02480,Cauriviaenergie France,Chargee de recrutement,utilisateur,adresse_perso,0,0,0
CON-025147,ENT-13347,Perrimarsystems,Head of HR Operations,buyer,adresse_perso,1,0,3
CON-027916,ENT-19226,VespitasRetail & Co,HR Director,buyer,sans_adresse,0,0,0
CON-035974,ENT-05200,FabrinexMedia,HR Assistant,utilisateur,adresse_perso,1,0,2
CON-016475,ENT-14711,RapivenData SA,HR Officer,utilisateur,adresse_perso,0,0,0
CON-053637,ENT-09319,Kelvirinforge,People Ops Coordinator,utilisateur,sans_adresse,0,0,0
CON-019368,ENT-06772,Grimolumlab,Directeur RH,buyer,sans_adresse,0,0,0
CON-007530,ENT-02037,BriotasPharma,Head of HR Operations,buyer,adresse_perso,1,0,3
CON-065796,ENT-17806,UlmilumFlow & Co,HRBP,champion,sans_adresse,0,0,0
CON-028524,ENT-18145,VectoFood,Charge de recrutement,utilisateur,sans_adresse,0,0,0
CON-023182,ENT-17270,TerradorLogistics,Head of People,buyer,sans_adresse,0,0,0
CON-063999,ENT-16337,Stellatasdata,People Ops Coordinator,utilisateur,adresse_perso,1,0,8
CON-057934,ENT-07226,HaldenexPharma SAS,People Ops Coordinator,utilisateur,sans_adresse,1,0,2
CON-001040,ENT-20247,ZephihalSoft,HR Intern,bruit,sans_adresse,0,0,0
CON-006902,ENT-17792,UlmilexPharma,CEO,buyer,adresse_perso,0,0,0
CON-038392,ENT-02577,CendrafinDigital,Compensation & Benefits Manager,champion,sans_adresse,0,0,0
CON-026737,ENT-04817,Estevaquiconseil SAS,,sans_titre,adresse_perso,0,0,0
CON-005142,ENT-16592,SylvamarConseil,HR Assistant,utilisateur,adresse_perso,0,0,0
CON-058251,ENT-18954,VespifinDynamics,Talent Acquisition Specialist,utilisateur,sans_adresse,0,0,0
CON-071251,ENT-14080,QuantihalDynamics SAS,Head of HR Operations,buyer,adresse_perso,0,0,0
CON-019993,ENT-01425,BelfolumData SARL,Responsable Recrutement,champion,adresse_perso,0,0,0
CON-055574,ENT-04615,EstevadorLab SA,HR Business Partner,champion,adresse_perso,1,0,5
CON-026485,ENT-04630,EstevafinData,HR Director,buyer,sans_adresse,1,0,2
CON-058966,ENT-02100,CauribelSolutions France,HR Assistant,utilisateur,adresse_perso,0,0,0
CON-000639,ENT-02659,Cendralexenergie SAS,HR Officer,utilisateur,sans_adresse,1,0,4
CON-005217,ENT-14454,Rapigordigital France,HR Business Partner,champion,adresse_perso,0,0,0
CON-075754,ENT-17278,TerraDynamics,Responsable Recrutement,champion,adresse_perso,0,0,0
CON-036971,ENT-14203,QuantipraFood Group,Head of HR Operations,buyer,sans_adresse,1,0,5
CON-057476,ENT-10052,Lumimarfinance,Recruiter,utilisateur,adresse_perso,0,0,0
CON-025865,ENT-17971,UlmitasFood,HR Assistant,utilisateur,sans_adresse,0,0,0
CON-066071,ENT-13778,PrimoPartners Group,Executive Assistant,bruit,adresse_perso,0,0,0
CON-021105,ENT-12847,Ovaligroup,Talent Acquisition Manager,champion,adresse_perso,0,0,0
CON-069406,ENT-08818,Juntolumsolutions,Responsable Recrutement,champion,sans_adresse,0,0,0
CON-009345,ENT-04155,Dorioviatech,HR Intern,bruit,sans_adresse,0,0,0
CON-052545,ENT-19888,Yellomarlabs SARL,Office Manager,bruit,adresse_perso,0,0,0
CON-027105,ENT-20386,Zephiquienergie SA,HR Assistant,utilisateur,sans_adresse,0,0,0
CON-006223,ENT-10269,Mavibellabs,Charge de recrutement,utilisateur,sans_adresse,0,0,0
CON-008426,ENT-07995,IberilumConseil,Head of Talent Acquisition,buyer,sans_adresse,1,0,2
CON-004468,ENT-07825,Iberibelpartners,Chief People Officer,buyer,sans_adresse,0,0,0
CON-010551,ENT-13244,Perrigorlogistics,Office Manager,bruit,sans_adresse,1,0,4
CON-019363,ENT-10996,MerisolDigital & Co,HR Assistant,utilisateur,adresse_perso,0,0,0
CON-061772,ENT-03068,CortilexDigital,HR Intern,bruit,adresse_perso,0,0,0
CON-062099,ENT-00371,Altataslabs SARL,Executive Assistant,bruit,adresse_perso,0,0,0
CON-033804,ENT-03208,CortirinGroup SAS,HR Intern,bruit,sans_adresse,0,0,0
CON-015436,ENT-16580,Sylvalumimmo SA,Office Manager,bruit,sans_adresse,1,0,3
CON-047663,ENT-03961,DorioMedia & Co,Recruiter,utilisateur,sans_adresse,0,0,0
CON-044697,ENT-00182,AltalexTech & Co,CHRO,buyer,adresse_perso,0,0,0
CON-050207,ENT-13477,Perritashub SAS,Compensation & Benefits Manager,champion,adresse_perso,0,0,0
CON-063115,ENT-17613,TerraviaPharma SARL,Talent Acquisition Manager,champion,adresse_perso,0,0,0
CON-041269,ENT-17155,Talotasretail SARL,Talent Acquisition Manager,champion,sans_adresse,1,0,2
CON-017863,ENT-07747,Heliotasimmo SA,Executive Assistant,bruit,adresse_perso,1,0,3
CON-036189,ENT-00944,Axioforge,Chargee de recrutement,utilisateur,sans_adresse,0,0,0
CON-034437,ENT-01169,AxiosolRetail,HR Business Partner,champion,sans_adresse,0,0,0
CON-003759,ENT-07713,HeliosolConseil & Co,HR Assistant,utilisateur,sans_adresse,0,0,0
CON-017042,ENT-17841,UlmimarPharma & Co,,sans_titre,adresse_perso,1,0,2
CON-036513,ENT-10998,MerisolEnergie Group,Charge de recrutement,utilisateur,sans_adresse,1,0,8
CON-005171,ENT-15925,Solitassystems SA,HR Manager,champion,sans_adresse,0,0,0
CON-060791,ENT-12514,OptimarLab Group,HR Officer,utilisateur,adresse_perso,0,0,0
CON-057837,ENT-14386,Rapicalhub France,Charge de recrutement,utilisateur,sans_adresse,0,0,0
CON-002985,ENT-00869,Axiocaldigital,Chargee de recrutement,utilisateur,adresse_perso,0,0,0
CON-064992,ENT-07162,HaldelexWorks,Head of Talent Acquisition,buyer,adresse_perso,0,0,0
CON-025536,ENT-00339,Altasolfinance,Executive Assistant,bruit,sans_adresse,0,0,0
CON-028849,ENT-18285,VectonexLogistics SA,Head of People,buyer,sans_adresse,0,0,0
CON-030503,ENT-02264,CaurilumFinance,People Ops Coordinator,utilisateur,sans_adresse,0,0,0
CON-052161,ENT-08155,IberisolSoft,HR Assistant,utilisateur,sans_adresse,0,0,0
CON-054927,ENT-06208,GallicalLab SARL,,sans_titre,sans_adresse,0,0,0
CON-007434,ENT-09584,Lorrilexconsulting SARL,Head of HR Operations,buyer,sans_adresse,0,0,0
CON-047239,ENT-10037,Lumilumhub,People Ops Manager,champion,sans_adresse,0,0,0
CON-021849,ENT-07554,Heliolab Group,HR Intern,bruit,adresse_perso,0,0,0
CON-041659,ENT-19157,VespiquiSystems France,Compensation & Benefits Manager,champion,adresse_perso,0,0,0
CON-020590,ENT-19745,Yellodorworks,Recruiter,utilisateur,sans_adresse,0,0,0
CON-072289,ENT-01790,BriogorSystems Group,Recruiter,utilisateur,adresse_perso,0,0,0
CON-068450,ENT-06444,Galliquidynamics,CHRO,buyer,sans_adresse,1,0,2
CON-008738,ENT-18636,Vertilumdigital SA,People Ops Manager,champion,adresse_perso,0,0,0
CON-069222,ENT-07652,Heliopraenergie,Responsable Recrutement,champion,adresse_perso,0,0,0
CON-034609,ENT-20053,YellovenDigital,HR Intern,bruit,sans_adresse,0,0,0
CON-029246,ENT-06381,GallimarPartners,Directeur RH,buyer,sans_adresse,0,0,0
CON-021051,ENT-14726,RapivenPartners,HR Assistant,utilisateur,adresse_perso,0,0,0
CON-058533,ENT-08485,IvoropraMobility SA,HR Intern,bruit,sans_adresse,0,0,0
CON-015450,ENT-06511,GallisolSoft & Co,Talent Acquisition Specialist,utilisateur,adresse_perso,1,0,6
CON-046620,ENT-17887,UlmipraLabs,CEO,buyer,sans_adresse,0,0,0
CON-000194,ENT-02472,CaurivenSoft,CEO,buyer,adresse_perso,1,0,5
CON-065430,ENT-18392,VECTOTASGROUP,Talent Acquisition Manager,champion,adresse_perso,0,0,0
CON-035644,ENT-03446,Delfihalpartners Group,CHRO,buyer,sans_adresse,0,0,0
CON-039061,ENT-05606,Fernoneximmo SAS,Talent Acquisition Manager,champion,sans_adresse,1,1,7
CON-029842,ENT-10911,Merinexservices France,,sans_titre,sans_adresse,0,0,0
CON-061992,ENT-03084,Cortilexsoft,Talent Acquisition Specialist,utilisateur,adresse_perso,0,0,0
CON-003839,ENT-09933,Lumifinfood & Co,,sans_titre,adresse_perso,0,0,0
CON-046911,ENT-10298,MavicalRetail,HRBP,champion,adresse_perso,1,0,3
CON-024388,ENT-00668,Ardennexpartners SARL,People Ops Coordinator,utilisateur,adresse_perso,0,0,0
CON-014158,ENT-01752,BriofinIndustries Group,Chargee de recrutement,utilisateur,adresse_perso,0,0,0
CON-074930,ENT-18879,Vespibeldynamics Group,Executive Assistant,bruit,sans_adresse,0,0,0
CON-015743,ENT-00736,ArdenrinLabs France,Chief People Officer,buyer,sans_adresse,1,0,4
CON-057930,ENT-00689,Ardenpralogic,Charge de recrutement,utilisateur,sans_adresse,1,0,6
CON-023853,ENT-07354,HaldeTech SA,Talent Acquisition Manager,champion,adresse_perso,0,0,0
CON-002722,ENT-11650,NordilexMedia,Chargee de recrutement,utilisateur,sans_adresse,0,0,0
CON-062746,ENT-00476,Ardencalsolutions,Office Manager,bruit,adresse_perso,0,0,0
CON-025113,ENT-01272,Belfocaldigital SA,HR Assistant,utilisateur,sans_adresse,0,0,0
CON-042362,ENT-01592,BelfosolSoft,Executive Assistant,bruit,sans_adresse,0,0,0
CON-002854,ENT-01739,BriodorTech,Directeur RH,buyer,sans_adresse,1,0,2
CON-046913,ENT-10298,MavicalRetail,HR Assistant,utilisateur,sans_adresse,0,0,0
CON-063154,ENT-10146,LumirinGroup & Co,Chargee de recrutement,utilisateur,sans_adresse,0,0,0
CON-042863,ENT-11262,NeolumLabs,HRBP,champion,adresse_perso,1,0,3
CON-047752,ENT-09941,Lumifinlogistics,HR Assistant,utilisateur,sans_adresse,0,0,0
CON-050340,ENT-16230,StellanexSolutions,HRBP,champion,sans_adresse,0,0,0
CON-046614,ENT-18383,Vectosolworks France,Talent Acquisition Manager,champion,sans_adresse,0,0,0
CON-048623,ENT-20308,ZephimarEnergie SARL,HR Officer,utilisateur,adresse_perso,0,0,0
CON-015120,ENT-18234,Vectolumlogic,Recruiter,utilisateur,adresse_perso,0,0,0
CON-003650,ENT-09126,KelviFlow,People Ops Coordinator,utilisateur,adresse_perso,1,0,4
CON-038864,ENT-07028,HaldecalHub,Talent Acquisition Specialist,utilisateur,sans_adresse,0,0,0
CON-022168,ENT-16187,Stellamarfood SAS,,sans_titre,sans_adresse,0,0,0
CON-045700,ENT-15973,SoliviaSolutions,HRBP,champion,sans_adresse,0,0,0
CON-037694,ENT-10372,Mavigormobility,Compensation & Benefits Manager,champion,adresse_perso,1,1,6
CON-001031,ENT-05185,FabriMobility & Co,Talent Acquisition Specialist,utilisateur,adresse_perso,1,0,4
CON-067184,ENT-16143,Stellalexhub,Chief People Officer,buyer,adresse_perso,0,0,0
CON-075511,ENT-12699,OptiviaForge SAS,HR Assistant,utilisateur,sans_adresse,0,0,0
CON-030578,ENT-19273,Vespiviasolutions SARL,HR Assistant,utilisateur,adresse_perso,0,0,0
CON-027783,ENT-13584,PrimocalTech,Compensation & Benefits Manager,champion,adresse_perso,0,0,0
CON-048409,ENT-20337,Zephinexforge,Chargee de recrutement,utilisateur,sans_adresse,1,0,2
CON-006613,ENT-06134,Flexivenfood SA,HR Manager,champion,adresse_perso,0,0,0
CON-032164,ENT-19697,YellobelPartners SARL,Compensation & Benefits Manager,champion,adresse_perso,1,1,6
CON-013627,ENT-03731,Doriobelimmo Group,People Ops Manager,champion,sans_adresse,0,0,0
CON-058629,ENT-09730,LorriquiSolutions,HR Manager,champion,adresse_perso,1,0,4
CON-037294,ENT-04705,EstevalexEnergie SARL,HR Assistant,utilisateur,sans_adresse,0,0,0
CON-010894,ENT-12026,NovahalDynamics Group,Responsable Recrutement,champion,sans_adresse,0,0,0
CON-061345,ENT-12364,OptidorLabs,HR Intern,bruit,adresse_perso,1,1,5
CON-059875,ENT-14921,Roccalexfood SA,HR Officer,utilisateur,sans_adresse,0,0,0
CON-022813,ENT-20039,Yellotaslogic SARL,People Ops Manager,champion,adresse_perso,1,0,3
CON-014581,ENT-07266,HaldequiImmo,Head of Talent Acquisition,buyer,adresse_perso,1,0,2
CON-071314,ENT-13929,Primoviaconsulting SA,HR Director,buyer,adresse_perso,0,0,0
CON-037842,ENT-16235,Stellapraconsulting Group,Recruiter,utilisateur,sans_adresse,0,0,0
CON-015414,ENT-10268,MavibelIndustries SAS,Compensation & Benefits Manager,champion,adresse_perso,0,0,0
CON-063097,ENT-20475,Zephivenconseil,HR Officer,utilisateur,sans_adresse,0,0,0
CON-066404,ENT-18933,Vespidorimmo SA,Executive Assistant,bruit,sans_adresse,1,0,3
CON-006414,ENT-02990,CortifinConseil,Directeur RH,buyer,adresse_perso,1,0,3
CON-053158,ENT-13072,OvalitasEnergie & Co,,sans_titre,sans_adresse,1,0,1
CON-028991,ENT-05272,Fabririnlogic,,sans_titre,adresse_perso,0,0,0
CON-023356,ENT-00336,Altasolconsulting,Recruiter,utilisateur,adresse_perso,0,0,0
CON-060741,ENT-11578,NordifinMobility SARL,Chargee de recrutement,utilisateur,adresse_perso,0,0,0
CON-035315,ENT-01321,Belfoenergie,CEO,buyer,sans_adresse,1,0,3
CON-066858,ENT-12129,NovanexLogic SA,People Ops Coordinator,utilisateur,sans_adresse,0,0,0
CON-071524,ENT-00675,Ardenpartners SARL,Executive Assistant,bruit,adresse_perso,0,0,0
CON-059676,ENT-01914,BrionexMedia,HR Assistant,utilisateur,adresse_perso,0,0,0
CON-030769,ENT-07328,Haldesolsystems,HR Manager,champion,sans_adresse,0,0,0
CON-031154,ENT-01247,Axioworks,HR Officer,utilisateur,sans_adresse,0,0,0
CON-041063,ENT-12891,OvalilexMedia & Co,VP Human Resources,buyer,sans_adresse,1,0,3
CON-011628,ENT-06377,GallimarLabs,VP People,buyer,sans_adresse,1,0,4
CON-065585,ENT-09217,Kelvilumpharma,VP Human Resources,buyer,adresse_perso,0,0,0
CON-071346,ENT-07463,HeliodorImmo,People Ops Manager,champion,adresse_perso,0,0,0
CON-013854,ENT-12769,Ovalidata,Chief People Officer,buyer,sans_adresse,0,0,0
CON-059755,ENT-05763,Fernoviaconsulting,Head of Talent Acquisition,buyer,sans_adresse,0,0,0
CON-034706,ENT-00848,Axiobelflow SAS,Head of Talent Acquisition,buyer,sans_adresse,0,0,0
CON-019012,ENT-06674,GrimofinLogistics,HR Business Partner,champion,adresse_perso,0,0,0
CON-017245,ENT-08115,Iberirinconseil Group,Talent Acquisition Manager,champion,adresse_perso,1,0,5
CON-006491,ENT-17885,Ulmipraindustries Group,HR Officer,utilisateur,sans_adresse,1,0,3
CON-075687,ENT-07785,Helioviadynamics France,Recruiter,utilisateur,adresse_perso,0,0,0
CON-038475,ENT-07278,Haldequisystems,Responsable Recrutement,champion,adresse_perso,0,0,0
CON-026926,ENT-14951,RoccalumPartners,Chargee de recrutement,utilisateur,sans_adresse,0,0,0
CON-013359,ENT-08238,IvorobelLogistics,HR Intern,bruit,sans_adresse,1,0,5
CON-055165,ENT-18343,Vectorindynamics & Co,HR Business Partner,champion,sans_adresse,1,0,7
CON-030491,ENT-07791,Helioviagroup,HR Assistant,utilisateur,sans_adresse,0,0,0
CON-057056,ENT-08597,IvorovenHub SAS,CEO,buyer,sans_adresse,0,0,0
CON-013942,ENT-09793,LorritasLabs Group,HR Business Partner,champion,adresse_perso,1,0,3
CON-068229,ENT-13896,Primotasservices,Talent Acquisition Specialist,utilisateur,adresse_perso,1,0,4
CON-007923,ENT-18250,VectomarEnergie SAS,Head of HR Operations,buyer,sans_adresse,1,0,1
CON-071286,ENT-14935,RoccalexSystems,Talent Acquisition Specialist,utilisateur,adresse_perso,0,0,0
CON-055905,ENT-08675,Juntodigital,People Ops Coordinator,utilisateur,sans_adresse,1,0,4
CON-040351,ENT-08906,Juntoquimobility,HR Manager,champion,adresse_perso,0,0,0
CON-010806,ENT-08062,Iberinexsystems SA,HR Intern,bruit,sans_adresse,0,0,0
CON-032078,ENT-03557,Delfipharma,HR Manager,champion,adresse_perso,1,0,2
CON-014553,ENT-20323,Zephimarsolutions SA,Head of Talent Acquisition,buyer,sans_adresse,1,0,3
CON-008595,ENT-06544,Gallivenenergie,Head of HR Operations,buyer,sans_adresse,0,0,0
CON-010638,ENT-16245,StellapraImmo,Head of People,buyer,adresse_perso,0,0,0
CON-018084,ENT-06432,Galliprapartners SAS,Compensation & Benefits Manager,champion,sans_adresse,1,0,5
CON-006939,ENT-08735,Juntogorfood,Charge de recrutement,utilisateur,sans_adresse,0,0,0
CON-033236,ENT-14373,Rapibelsoft Group,Recruiter,utilisateur,sans_adresse,0,0,0
CON-060821,ENT-06067,Flexirinforge,People Ops Manager,champion,adresse_perso,1,0,7
CON-021673,ENT-10948,Meriquiflow,Head of Talent Acquisition,buyer,adresse_perso,0,0,0
CON-066309,ENT-18654,VertilumSystems,Responsable Recrutement,champion,adresse_perso,1,0,6
CON-028259,ENT-10741,MeriEnergie SARL,Recruiter,utilisateur,adresse_perso,0,0,0
CON-003912,ENT-07090,HaldeFood & Co,Recruiter,utilisateur,adresse_perso,0,0,0
CON-031808,ENT-19678,Yellobelconseil & Co,People Ops Coordinator,utilisateur,adresse_perso,0,0,0
CON-061456,ENT-07186,HaldemarEnergie SA,HR Manager,champion,sans_adresse,0,0,0
CON-060978,ENT-05132,Fabrilexsystems,Responsable Recrutement,champion,sans_adresse,0,0,0
CON-019568,ENT-15349,SerenilumConsulting SARL,Charge de recrutement,utilisateur,adresse_perso,1,0,7
CON-066747,ENT-01304,BelfodorGroup SARL,HR Business Partner,champion,sans_adresse,0,0,0
CON-044319,ENT-14222,Quantiquifood,Head of Talent Acquisition,buyer,sans_adresse,0,0,0
CON-045148,ENT-19719,Yellodata,Compensation & Benefits Manager,champion,sans_adresse,0,0,0
CON-038036,ENT-09179,KelvilexDynamics,Chargee de recrutement,utilisateur,adresse_perso,1,0,1
CON-054211,ENT-15713,Solihalsystems France,Responsable Recrutement,champion,sans_adresse,0,0,0
CON-054216,ENT-15338,Serenilexlogistics & Co,HRBP,champion,sans_adresse,0,0,0
CON-042745,ENT-17632,UlmibelLogistics Group,HR Manager,champion,adresse_perso,0,0,0
CON-002580,ENT-16040,Stelladorlogic France,Chief People Officer,buyer,sans_adresse,0,0,0
CON-029140,ENT-07191,HaldemarGroup,Chief People Officer,buyer,adresse_perso,0,0,0
CON-004551,ENT-19933,YellopraFlow France,HR Intern,bruit,adresse_perso,1,1,5
CON-008854,ENT-00861,Axiobelservices SAS,Directeur RH,buyer,sans_adresse,0,0,0
CON-055179,ENT-07477,Heliodorworks Group,Head of Talent Acquisition,buyer,adresse_perso,0,0,0
CON-050719,ENT-01902,Brionexdata,People Ops Coordinator,utilisateur,adresse_perso,0,0,0
CON-054601,ENT-11833,NorditasLabs Group,Charge de recrutement,utilisateur,adresse_perso,0,0,0
CON-007063,ENT-06178,Gallibelflow SA,Charge de recrutement,utilisateur,sans_adresse,0,0,0
CON-010258,ENT-00280,Altaprasoft,Charge de recrutement,utilisateur,adresse_perso,1,0,5
CON-011792,ENT-13054,OvalisolImmo SAS,VP People,buyer,adresse_perso,0,0,0
CON-024574,ENT-12305,OptibelData,People Ops Manager,champion,adresse_perso,1,0,3
CON-067711,ENT-02957,Corticalretail Group,People Ops Manager,champion,adresse_perso,0,0,0
CON-032374,ENT-03867,DoriohalLogistics SARL,Executive Assistant,bruit,sans_adresse,0,0,0
CON-053181,ENT-19684,Yellobelflow & Co,Chargee de recrutement,utilisateur,sans_adresse,0,0,0
CON-007766,ENT-06176,GallibelEnergie,HR Assistant,utilisateur,adresse_perso,0,0,0
CON-023872,ENT-19874,YellolumSystems SA,HR Director,buyer,sans_adresse,0,0,0
CON-039404,ENT-06415,GalliPharma Group,HR Officer,utilisateur,adresse_perso,1,0,2
CON-045671,ENT-07875,IberidorMedia,People Ops Coordinator,utilisateur,sans_adresse,0,0,0
CON-063060,ENT-10650,Maviviadynamics SAS,Head of Talent Acquisition,buyer,adresse_perso,0,0,0
CON-057282,ENT-02327,CauriPharma,Recruiter,utilisateur,adresse_perso,0,0,0
CON-018681,ENT-02515,CendrabelLogistics SARL,Charge de recrutement,utilisateur,adresse_perso,0,0,0
CON-033428,ENT-01861,BriolumLabs,HR Business Partner,champion,sans_adresse,0,0,0
CON-067357,ENT-13353,PerrinexConsulting,Talent Acquisition Specialist,utilisateur,sans_adresse,0,0,0
CON-023942,ENT-01423,Belfologistics,Talent Acquisition Specialist,utilisateur,adresse_perso,0,0,0
CON-066092,ENT-11514,NordibelTech,HR Intern,bruit,adresse_perso,0,0,0
CON-070909,ENT-12667,OptitasWorks,Head of Talent Acquisition,buyer,sans_adresse,1,0,4
CON-041019,ENT-11665,Nordilumfood SARL,Head of People,buyer,sans_adresse,0,0,0
CON-030838,ENT-03979,DorionexMedia & Co,People Ops Coordinator,utilisateur,sans_adresse,0,0,0
CON-036076,ENT-15009,RoccapraConseil,HR Manager,champion,adresse_perso,0,0,0
CON-014576,ENT-11384,Neorinlab,,sans_titre,adresse_perso,0,0,0
CON-014089,ENT-05909,Flexihalimmo France,Chief People Officer,buyer,adresse_perso,1,0,4
CON-024358,ENT-19001,Vespihalflow,Charge de recrutement,utilisateur,adresse_perso,0,0,0
CON-073724,ENT-12643,OPTISOLSOLUTIONS,Compensation & Benefits Manager,champion,adresse_perso,0,0,0
CON-041723,ENT-12186,Novaquisolutions,Charge de recrutement,utilisateur,sans_adresse,1,0,2
CON-063093,ENT-20213,ZephigorIndustries France,Directeur RH,buyer,sans_adresse,0,0,0
CON-066411,ENT-05225,FabripraMedia SAS,HR Assistant,utilisateur,sans_adresse,0,0,0
CON-063487,ENT-17436,Terranexdata SAS,,sans_titre,adresse_perso,1,0,3
CON-059592,ENT-17993,UlmivenData Group,Head of People,buyer,sans_adresse,0,0,0
CON-032364,ENT-10669,MaviviaTech,HR Business Partner,champion,sans_adresse,0,0,0
CON-060815,ENT-07618,Heliomarpharma SAS,HR Officer,utilisateur,adresse_perso,1,0,6
CON-023281,ENT-18400,Vectotaspartners,Head of Talent Acquisition,buyer,adresse_perso,1,0,3
CON-011263,ENT-08494,Ivoropraworks,Talent Acquisition Manager,champion,sans_adresse,0,0,0
CON-003062,ENT-01061,AxionexDigital France,People Ops Manager,champion,adresse_perso,0,0,0
CON-019293,ENT-03242,CortisolWorks,HRBP,champion,sans_adresse,0,0,0
CON-030017,ENT-05597,FernonexData,Charge de recrutement,utilisateur,sans_adresse,0,0,0
CON-017657,ENT-02675,Cendralexsolutions,Office Manager,bruit,adresse_perso,0,0,0
CON-056326,ENT-10395,Mavihalpartners,Office Manager,bruit,adresse_perso,0,0,0
CON-022462,ENT-09037,KelvibelDigital,,sans_titre,adresse_perso,0,0,0
CON-031214,ENT-18482,VerticalConsulting SA,Office Manager,bruit,sans_adresse,1,1,4
CON-058486,ENT-20480,Zephivenfinance,HR Intern,bruit,sans_adresse,1,0,4
CON-059800,ENT-03669,DelfitasLogistics & Co,Directeur RH,buyer,sans_adresse,0,0,0
CON-071950,ENT-11590,Nordigordata SA,,sans_titre,sans_adresse,0,0,0
CON-033269,ENT-16909,TalogorLogistics,HRBP,champion,adresse_perso,0,0,0
CON-045984,ENT-13723,PrimolumLogistics,Charge de recrutement,utilisateur,adresse_perso,0,0,0
CON-065745,ENT-14712,Rapivendigital,Responsable Recrutement,champion,adresse_perso,1,1,3
CON-046808,ENT-19999,YellosolConsulting SA,HRBP,champion,sans_adresse,0,0,0
CON-050638,ENT-20028,Yellotasdigital France,HRBP,champion,adresse_perso,1,0,2
CON-020499,ENT-17280,Terrafinance France,People Ops Coordinator,utilisateur,adresse_perso,1,0,2
CON-010215,ENT-08511,IvororinConseil,People Ops Manager,champion,sans_adresse,0,0,0
CON-036934,ENT-01636,BelfovenSolutions France,HR Business Partner,champion,adresse_perso,0,0,0
CON-013513,ENT-05706,FernosolPartners SARL,Chargee de recrutement,utilisateur,sans_adresse,0,0,0
CON-033350,ENT-13420,Perririnconseil Group,People Ops Manager,champion,sans_adresse,1,0,2
CON-005278,ENT-17753,Ulmihalflow,Responsable Recrutement,champion,adresse_perso,1,0,5
CON-040182,ENT-03452,DelfihalSystems,Compensation & Benefits Manager,champion,adresse_perso,0,0,0
CON-035635,ENT-04802,EstevapraImmo France,Talent Acquisition Specialist,utilisateur,sans_adresse,0,0,0
CON-038948,ENT-17331,TerraGroup SAS,Chargee de recrutement,utilisateur,sans_adresse,0,0,0
CON-033886,ENT-02988,Cortienergie Group,Head of HR Operations,buyer,sans_adresse,0,0,0
CON-054759,ENT-08016,Iberimarconseil SAS,Executive Assistant,bruit,adresse_perso,0,0,0
CON-049219,ENT-12319,Optibelmobility SA,People Ops Manager,champion,adresse_perso,1,0,6
CON-035077,ENT-20023,Yellosolworks SARL,HR Business Partner,champion,adresse_perso,1,0,6
CON-070048,ENT-04109,DoriovenConsulting,Head of HR Operations,buyer,adresse_perso,1,0,1
CON-012460,ENT-12295,Novaviaretail SARL,Responsable Recrutement,champion,sans_adresse,0,0,0
CON-041712,ENT-07220,HaldenexLab,HR Intern,bruit,sans_adresse,1,0,2
CON-053585,ENT-00499,ArdendorLogic,HR Business Partner,champion,sans_adresse,0,0,0
CON-059683,ENT-13372,PerrinexTech SAS,HR Intern,bruit,sans_adresse,0,0,0
CON-022130,ENT-06781,GrimolumServices,Head of HR Operations,buyer,adresse_perso,0,0,0
CON-024478,ENT-03952,Doriomarmedia,,sans_titre,sans_adresse,0,0,0
CON-002231,ENT-16286,StellarinConsulting France,VP Human Resources,buyer,adresse_perso,0,0,0
CON-050037,ENT-01985,BriorinMedia Group,HR Business Partner,champion,adresse_perso,1,0,2
CON-023956,ENT-11401,Neosoldynamics SAS,Charge de recrutement,utilisateur,adresse_perso,0,0,0
CON-038018,ENT-17520,Terrarinsolutions & Co,HR Manager,champion,sans_adresse,0,0,0
CON-024064,ENT-02188,Caurigorenergie SA,HR Manager,champion,sans_adresse,0,0,0
CON-051546,ENT-15635,SolidorFlow France,HR Intern,bruit,adresse_perso,1,0,1
CON-067790,ENT-06689,GrimogorEnergie,Executive Assistant,bruit,adresse_perso,1,0,3
CON-000017,ENT-09282,KelvipraPartners,Talent Acquisition Specialist,utilisateur,sans_adresse,1,0,2
CON-033537,ENT-03064,CortiLab SARL,Responsable Recrutement,champion,adresse_perso,0,0,0
CON-063816,ENT-08923,JuntorinImmo SA,Talent Acquisition Specialist,utilisateur,sans_adresse,0,0,0
CON-045427,ENT-04853,EstevarinMedia SA,Head of Talent Acquisition,buyer,sans_adresse,1,0,4
CON-014280,ENT-00006,Altabelenergie SAS,Chargee de recrutement,utilisateur,adresse_perso,0,0,0
CON-014216,ENT-18143,VectofinWorks SA,HRBP,champion,adresse_perso,1,0,2
CON-065350,ENT-16523,SylvaGroup SA,Recruiter,utilisateur,adresse_perso,0,0,0
CON-038895,ENT-18077,Vectocalpharma Group,Office Manager,bruit,sans_adresse,0,0,0
CON-051818,ENT-08592,Ivorovenfinance,HR Director,buyer,sans_adresse,0,0,0
CON-051657,ENT-04461,Ederirinmobility SA,Chargee de recrutement,utilisateur,adresse_perso,0,0,0
CON-075531,ENT-12971,OvalinexWorks SARL,Responsable Recrutement,champion,adresse_perso,0,0,0
CON-061624,ENT-01563,BelforinServices SA,HRBP,champion,adresse_perso,1,0,7
CON-065460,ENT-18911,VespicalLogistics SARL,HR Assistant,utilisateur,adresse_perso,0,0,0
CON-072926,ENT-19290,WallibelRetail SARL,HR Officer,utilisateur,sans_adresse,0,0,0
CON-008392,ENT-05823,Flexidata,Directeur RH,buyer,adresse_perso,0,0,0
CON-011747,ENT-06346,GalliLogistics SA,Office Manager,bruit,sans_adresse,0,0,0
CON-019236,ENT-02104,Cauricalconseil,Recruiter,utilisateur,sans_adresse,1,1,3
CON-032258,ENT-10273,MavibelMobility France,,sans_titre,adresse_perso,1,0,5
CON-013521,ENT-18876,Vespibelconsulting & Co,HR Assistant,utilisateur,adresse_perso,0,0,0
CON-006587,ENT-16397,Stellavialabs & Co,Chargee de recrutement,utilisateur,adresse_perso,0,0,0
CON-021898,ENT-13033,OvalirinMedia Group,Head of People,buyer,sans_adresse,0,0,0
CON-076116,ENT-11616,NordihalDynamics,HR Director,buyer,adresse_perso,0,0,0
CON-058877,ENT-15958,SoliviaFlow,CHRO,buyer,adresse_perso,0,0,0
CON-000731,ENT-05858,Flexifinforge,HRBP,champion,adresse_perso,0,0,0
CON-064010,ENT-02387,Cauririnindustries France,Executive Assistant,bruit,sans_adresse,0,0,0
CON-039772,ENT-07946,Iberihalforge SAS,Office Manager,bruit,adresse_perso,1,0,7
CON-041050,ENT-11501,Nordibelindustries France,People Ops Coordinator,utilisateur,adresse_perso,0,0,0
CON-046226,ENT-08768,Juntohalpharma,HR Intern,bruit,adresse_perso,0,0,0
CON-072923,ENT-19290,WallibelRetail SARL,HRBP,champion,sans_adresse,0,0,0
CON-073490,ENT-04556,Ederiviasystems SARL,VP Human Resources,buyer,sans_adresse,0,0,0
CON-037328,ENT-15654,Solifinance SARL,HRBP,champion,sans_adresse,0,0,0
CON-051324,ENT-03715,Delfiviapharma SAS,CHRO,buyer,sans_adresse,0,0,0
CON-035057,ENT-05155,Fabrilumretail,Office Manager,bruit,adresse_perso,1,0,3
CON-045223,ENT-18337,VectoquiSoft France,Recruiter,utilisateur,adresse_perso,0,0,0
CON-062829,ENT-10707,MericalLogic,Chargee de recrutement,utilisateur,sans_adresse,0,0,0
CON-045284,ENT-15177,SerenibelConseil & Co,,sans_titre,sans_adresse,1,1,5
CON-070903,ENT-02153,CauridorTech SAS,HR Intern,bruit,adresse_perso,1,0,3
CON-043435,ENT-19436,Wallilexretail SAS,HR Intern,bruit,adresse_perso,0,0,0
CON-076187,ENT-12944,OvalimarSoft SARL,HR Business Partner,champion,adresse_perso,0,0,0
CON-004983,ENT-11126,Neocalworks,VP Human Resources,buyer,sans_adresse,0,0,0
CON-050353,ENT-08986,Juntotassystems France,Chief People Officer,buyer,adresse_perso,0,0,0
CON-031986,ENT-09404,Kelviviadata SA,HR Manager,champion,adresse_perso,1,0,2
CON-021489,ENT-09063,Kelvicalfood SAS,People Ops Coordinator,utilisateur,adresse_perso,0,0,0
CON-060013,ENT-16996,TalolumSolutions SARL,Compensation & Benefits Manager,champion,sans_adresse,1,0,4
CON-060426,ENT-01072,AxionexPartners France,HR Intern,bruit,sans_adresse,0,0,0
CON-026948,ENT-09929,LumifinConseil SARL,Responsable Recrutement,champion,adresse_perso,0,0,0
CON-038391,ENT-15035,Roccaquidynamics SAS,Executive Assistant,bruit,sans_adresse,0,0,0
CON-036131,ENT-03003,Cortifinlabs SA,,sans_titre,sans_adresse,0,0,0
CON-055361,ENT-02155,Caurienergie SAS,Compensation & Benefits Manager,champion,sans_adresse,1,0,7
CON-025336,ENT-11917,Novabelsoft SAS,,sans_titre,adresse_perso,0,0,0
CON-015263,ENT-12767,OvaliConseil,Recruiter,utilisateur,adresse_perso,0,0,0
CON-026254,ENT-16675,Sylvaquilab SARL,Office Manager,bruit,adresse_perso,1,1,5
CON-065904,ENT-17780,UlmilexFood SA,HR Officer,utilisateur,sans_adresse,1,0,1
CON-062747,ENT-00476,Ardencalsolutions,Talent Acquisition Specialist,utilisateur,sans_adresse,0,0,0
CON-029544,ENT-20450,ZephisolWorks SARL,Directrice RH,buyer,adresse_perso,0,0,0
CON-071890,ENT-00800,ArdenvenData SA,,sans_titre,sans_adresse,0,0,0
CON-074448,ENT-20408,ZephirinData,Charge de recrutement,utilisateur,sans_adresse,0,0,0
CON-068588,ENT-02243,Caurileximmo SA,HR Officer,utilisateur,sans_adresse,1,0,3
CON-014070,ENT-00317,AltarinGroup SARL,Talent Acquisition Manager,champion,adresse_perso,1,1,3
CON-023845,ENT-05130,Fabrilexsoft France,HR Business Partner,champion,adresse_perso,0,0,0
CON-046847,ENT-19951,YelloquiConseil Group,Talent Acquisition Specialist,utilisateur,adresse_perso,0,0,0
CON-070065,ENT-18848,Vertivensystems & Co,HRBP,champion,adresse_perso,1,1,9
CON-006406,ENT-08180,IberitasTech Group,Chargee de recrutement,utilisateur,adresse_perso,0,0,0
CON-019958,ENT-10842,MeriLogic SARL,,sans_titre,sans_adresse,1,0,6
CON-021760,ENT-11018,Meritasconsulting SARL,Executive Assistant,bruit,sans_adresse,0,0,0
CON-045710,ENT-15034,Roccaquiconseil SARL,Office Manager,bruit,sans_adresse,0,0,0
CON-064662,ENT-11108,Neocalfinance,Head of HR Operations,buyer,adresse_perso,0,0,0
CON-012914,ENT-08172,Iberitaslogistics,Responsable Recrutement,champion,adresse_perso,1,0,3
CON-016485,ENT-19500,WallinexIndustries SAS,People Ops Manager,champion,adresse_perso,0,0,0
CON-025174,ENT-17848,UlminexConseil & Co,Responsable Recrutement,champion,sans_adresse,1,1,7
CON-047496,ENT-13078,OvalitasImmo,Head of HR Operations,buyer,adresse_perso,0,0,0
CON-031181,ENT-11300,Neonexconseil France,Head of Talent Acquisition,buyer,adresse_perso,0,0,0
CON-053455,ENT-15955,Soliviadynamics,Compensation & Benefits Manager,champion,sans_adresse,0,0,0
CON-060901,ENT-16588,Sylvalumsoft France,HR Assistant,utilisateur,sans_adresse,0,0,0
CON-062419,ENT-13239,PerrigorGroup France,HR Director,buyer,sans_adresse,0,0,0
CON-061204,ENT-10129,Lumiquiindustries,,sans_titre,sans_adresse,0,0,0
CON-029046,ENT-13042,Ovaliservices Group,HR Business Partner,champion,adresse_perso,0,0,0
CON-032029,ENT-19206,Vespisolservices SA,HR Officer,utilisateur,sans_adresse,1,0,6
CON-001990,ENT-12579,OptiquiFlow & Co,Executive Assistant,bruit,adresse_perso,1,0,1
CON-052869,ENT-14957,RoccalumWorks SA,HRBP,champion,sans_adresse,0,0,0
CON-056619,ENT-14013,Quantidorlab,Recruiter,utilisateur,sans_adresse,0,0,0
CON-062451,ENT-13678,PrimohalMobility France,Head of HR Operations,buyer,sans_adresse,0,0,0
CON-040167,ENT-11672,Nordilumlogistics SARL,HR Assistant,utilisateur,sans_adresse,0,0,0
CON-056352,ENT-02917,CendraviaTech France,Executive Assistant,bruit,sans_adresse,0,0,0
CON-049203,ENT-09248,KelvinexDigital SAS,Executive Assistant,bruit,sans_adresse,1,0,3
CON-018335,ENT-18995,Vespigroup,HR Intern,bruit,adresse_perso,0,0,0
CON-066187,ENT-05661,Fernoquipartners SARL,Executive Assistant,bruit,adresse_perso,0,0,0
CON-013219,ENT-04691,Estevahalpartners SARL,HR Business Partner,champion,adresse_perso,0,0,0
CON-009073,ENT-10563,Mavirinmedia,HR Officer,utilisateur,adresse_perso,1,0,3
CON-060621,ENT-03339,DelficalForge,Head of Talent Acquisition,buyer,adresse_perso,0,0,0
CON-058309,ENT-11472,NeoviaData,Office Manager,bruit,sans_adresse,0,0,0
CON-022056,ENT-07398,HaldeWorks SARL,HR Officer,utilisateur,adresse_perso,0,0,0
CON-027294,ENT-08972,Juntotasflow SARL,Charge de recrutement,utilisateur,adresse_perso,1,0,8
CON-040082,ENT-07891,IberifinEnergie SA,HR Director,buyer,adresse_perso,0,0,0
CON-069190,ENT-18745,VertiquiServices SA,HRBP,champion,adresse_perso,0,0,0
CON-046251,ENT-18883,Vespibelgroup Group,People Ops Coordinator,utilisateur,sans_adresse,0,0,0
CON-012660,ENT-18781,Vertisolenergie SA,Recruiter,utilisateur,sans_adresse,1,0,4
CON-062406,ENT-15012,RoccapraDynamics & Co,,sans_titre,adresse_perso,0,0,0
CON-064130,ENT-13756,Primonexdata,HR Business Partner,champion,adresse_perso,0,0,0
CON-030318,ENT-07795,HelioviaLabs & Co,Chargee de recrutement,utilisateur,adresse_perso,0,0,0
CON-025010,ENT-18383,Vectosolworks France,HR Assistant,utilisateur,sans_adresse,1,0,2
CON-045481,ENT-04012,Dorioquienergie France,HR Assistant,utilisateur,sans_adresse,0,0,0
CON-073091,ENT-00669,ArdennexPharma,HR Business Partner,champion,adresse_perso,0,0,0
CON-068507,ENT-10433,Mavilumconseil SAS,Head of Talent Acquisition,buyer,adresse_perso,0,0,0
CON-040932,ENT-05208,FabrinexTech & Co,Talent Acquisition Manager,champion,sans_adresse,0,0,0
CON-065239,ENT-14349,QuantiviaSoft,Executive Assistant,bruit,sans_adresse,0,0,0
CON-046459,ENT-13805,PRIMOQUICONSULTING,,sans_titre,sans_adresse,0,0,0
CON-074232,ENT-09325,Kelvirinlogic France,Charge de recrutement,utilisateur,adresse_perso,0,0,0
CON-001828,ENT-05692,Fernosoldata SARL,HR Assistant,utilisateur,adresse_perso,0,0,0
CON-042788,ENT-15828,SolipraLogic,HR Officer,utilisateur,adresse_perso,1,0,8
CON-021666,ENT-17999,Ulmivenindustries,Executive Assistant,bruit,sans_adresse,0,0,0
CON-003000,ENT-00148,AltahalMedia France,Charge de recrutement,utilisateur,sans_adresse,0,0,0
CON-011751,ENT-01459,Belfomarimmo SARL,Executive Assistant,bruit,sans_adresse,1,0,2
CON-046683,ENT-02703,Cendramarconsulting France,HR Business Partner,champion,sans_adresse,0,0,0
CON-026698,ENT-04708,Estevalexforge SA,Recruiter,utilisateur,adresse_perso,1,0,2
CON-070385,ENT-10115,LumipraSolutions,Talent Acquisition Manager,champion,adresse_perso,0,0,0
CON-018133,ENT-03749,DoriocalEnergie SARL,Charge de recrutement,utilisateur,sans_adresse,1,0,10
CON-055271,ENT-08907,JuntoquiPharma,Charge de recrutement,utilisateur,sans_adresse,1,0,2
CON-072396,ENT-01420,Belfolexsystems,Head of Talent Acquisition,buyer,sans_adresse,1,0,7
CON-028605,ENT-03982,DorionexRetail France,Talent Acquisition Manager,champion,adresse_perso,1,0,3
CON-065589,ENT-14820,RoccadorLogic,Head of HR Operations,buyer,adresse_perso,0,0,0
CON-011146,ENT-04363,Ederimarlogistics Group,HR Officer,utilisateur,sans_adresse,0,0,0
CON-031900,ENT-15129,RoccatasSystems SAS,HR Manager,champion,sans_adresse,0,0,0
CON-064858,ENT-06078,Flexirinservices France,,sans_titre,adresse_perso,0,0,0
CON-055360,ENT-09227,Kelvimardigital Group,HR Business Partner,champion,sans_adresse,1,0,5
CON-023840,ENT-07094,Haldegordata,HR Manager,champion,adresse_perso,0,0,0
CON-028399,ENT-19761,YellofinLogic,Chief People Officer,buyer,adresse_perso,1,0,2
CON-033396,ENT-09344,KelvisolFood,Executive Assistant,bruit,sans_adresse,1,0,6
CON-036782,ENT-05837,Flexidorlogic France,Chargee de recrutement,utilisateur,adresse_perso,0,0,0
CON-035430,ENT-04286,EderihalImmo,Responsable Recrutement,champion,sans_adresse,0,0,0
CON-005830,ENT-13460,Perrisolpartners,Chargee de recrutement,utilisateur,sans_adresse,1,0,5
CON-048608,ENT-17361,TerralexConsulting SA,HR Intern,bruit,adresse_perso,0,0,0
CON-021544,ENT-10928,MeripraIndustries France,HR Officer,utilisateur,sans_adresse,0,0,0
CON-002814,ENT-15053,RoccaRetail & Co,Compensation & Benefits Manager,champion,adresse_perso,1,0,2
CON-034823,ENT-19834,Yellolexfood SA,Head of Talent Acquisition,buyer,sans_adresse,0,0,0
CON-050887,ENT-05110,FabriLab,Directrice RH,buyer,sans_adresse,0,0,0
CON-009576,ENT-10731,MeridorMedia,People Ops Manager,champion,adresse_perso,1,0,3
CON-065186,ENT-02339,CauripraIndustries,Talent Acquisition Specialist,utilisateur,adresse_perso,1,0,3
CON-032417,ENT-11673,NordilumMedia SARL,,sans_titre,sans_adresse,0,0,0
CON-029638,ENT-08562,IvorotasEnergie SA,Talent Acquisition Specialist,utilisateur,sans_adresse,1,0,5
CON-002946,ENT-20452,Zephitasconseil,People Ops Coordinator,utilisateur,adresse_perso,1,0,8
CON-059037,ENT-09321,Kelvirinimmo,Executive Assistant,bruit,adresse_perso,1,0,1
CON-023527,ENT-19962,Yelloquilab,People Ops Manager,champion,adresse_perso,0,0,0
CON-006451,ENT-01104,Axioquidigital SARL,HR Intern,bruit,sans_adresse,0,0,0
CON-024355,ENT-13595,PrimodorFinance SARL,HR Manager,champion,adresse_perso,0,0,0
CON-026452,ENT-09579,Lorriimmo,Recruiter,utilisateur,sans_adresse,0,0,0
CON-014383,ENT-19586,WallisolData,,sans_titre,sans_adresse,0,0,0
CON-033381,ENT-06873,Grimoquiretail SARL,Chargee de recrutement,utilisateur,sans_adresse,1,0,3
CON-014908,ENT-18108,VectodorRetail & Co,Head of Talent Acquisition,buyer,adresse_perso,0,0,0
CON-011985,ENT-06550,GallivenLab,Head of HR Operations,buyer,sans_adresse,0,0,0
CON-005192,ENT-03896,Doriolexlogistics,HR Manager,champion,adresse_perso,0,0,0
CON-038246,ENT-04614,Estevadorindustries Group,Chargee de recrutement,utilisateur,adresse_perso,1,0,3
CON-041146,ENT-02325,Caurinexworks,Talent Acquisition Specialist,utilisateur,sans_adresse,1,1,3
CON-053417,ENT-07430,Heliocalfood,Chargee de recrutement,utilisateur,adresse_perso,0,0,0
CON-069013,ENT-00370,AltatasLab SARL,Directeur RH,buyer,adresse_perso,0,0,0
CON-005295,ENT-20212,Zephigorimmo,HR Intern,bruit,sans_adresse,0,0,0
CON-022443,ENT-10028,Lumilogic,Chief People Officer,buyer,sans_adresse,1,0,4
CON-004633,ENT-15189,Serenibelmobility Group,HR Assistant,utilisateur,sans_adresse,0,0,0
CON-064863,ENT-04013,DorioquiFinance,HR Manager,champion,adresse_perso,0,0,0
CON-063631,ENT-03691,Delfivengroup,People Ops Manager,champion,sans_adresse,0,0,0
CON-051597,ENT-02427,CaurisolWorks,Responsable Recrutement,champion,sans_adresse,1,0,3
CON-051632,ENT-06737,GrimoIndustries France,HR Director,buyer,sans_adresse,0,0,0
CON-042774,ENT-12008,NovagorHub,Talent Acquisition Specialist,utilisateur,sans_adresse,0,0,0
CON-009604,ENT-09152,KelvihalData SAS,Chief People Officer,buyer,adresse_perso,1,0,4
CON-023161,ENT-11888,Nordiviaretail France,HR Officer,utilisateur,sans_adresse,0,0,0
CON-032713,ENT-07922,Iberigorforge SARL,Head of HR Operations,buyer,adresse_perso,1,0,5
CON-072510,ENT-09798,Lorritasretail,Compensation & Benefits Manager,champion,adresse_perso,0,0,0
CON-014596,ENT-18116,Vectoenergie SARL,Head of Talent Acquisition,buyer,sans_adresse,1,0,4
CON-008163,ENT-00380,AltatasSolutions,Directeur RH,buyer,adresse_perso,0,0,0
CON-016714,ENT-09639,LorrimarFinance,,sans_titre,adresse_perso,0,0,0
CON-060468,ENT-01391,Belfohalretail Group,Office Manager,bruit,sans_adresse,0,0,0
CON-035603,ENT-17317,TerragorGroup SARL,HRBP,champion,sans_adresse,0,0,0
CON-036305,ENT-14277,QuantisolMedia Group,Head of People,buyer,sans_adresse,0,0,0
CON-049483,ENT-03411,Delfigordata SARL,HR Manager,champion,adresse_perso,1,0,1
CON-059553,ENT-16550,Sylvalabs SA,Chief People Officer,buyer,sans_adresse,1,0,3
CON-045262,ENT-08446,Ivoronexflow SA,Talent Acquisition Manager,champion,sans_adresse,1,0,8
CON-041149,ENT-10034,Lumilumfinance SAS,HR Intern,bruit,sans_adresse,0,0,0
CON-040942,ENT-19346,Wallifindynamics SA,Talent Acquisition Specialist,utilisateur,sans_adresse,0,0,0
CON-020592,ENT-19745,Yellodorworks,Office Manager,bruit,sans_adresse,0,0,0
CON-021041,ENT-16186,StellamarFlow,Head of Talent Acquisition,buyer,adresse_perso,1,0,3
CON-035440,ENT-06479,Gallirinlogic France,HR Intern,bruit,sans_adresse,0,0,0
CON-007661,ENT-13163,PerricalFood & Co,People Ops Coordinator,utilisateur,sans_adresse,0,0,0
CON-005548,ENT-05285,Fabrisoldata SARL,HR Business Partner,champion,adresse_perso,1,0,2
CON-057651,ENT-06247,GalliEnergie SARL,VP Human Resources,buyer,sans_adresse,0,0,0
CON-032384,ENT-12590,OptiquiMedia,HR Officer,utilisateur,adresse_perso,1,0,5
CON-019056,ENT-05049,Fabrifinlogic France,Directeur RH,buyer,adresse_perso,0,0,0
CON-042431,ENT-06912,GrimosolImmo,HR Business Partner,champion,adresse_perso,0,0,0
CON-036300,ENT-13846,PrimorinServices & Co,People Ops Coordinator,utilisateur,adresse_perso,0,0,0
CON-043705,ENT-06499,GallisolForge & Co,People Ops Coordinator,utilisateur,adresse_perso,1,0,2
CON-036969,ENT-14203,QuantipraFood Group,HRBP,champion,sans_adresse,0,0,0
CON-015152,ENT-13321,PerrilumMobility,Charge de recrutement,utilisateur,sans_adresse,1,0,3
CON-030878,ENT-00846,AxiobelEnergie France,Talent Acquisition Specialist,utilisateur,sans_adresse,0,0,0
CON-015502,ENT-06962,GrimovenHub Group,Head of HR Operations,buyer,adresse_perso,1,0,8
CON-058353,ENT-03894,Doriolexlab,,sans_titre,sans_adresse,1,0,6
CON-027311,ENT-08502,Ivoroquiindustries SAS,HRBP,champion,sans_adresse,0,0,0
CON-054840,ENT-04555,EderiviaSoft SAS,Head of People,buyer,adresse_perso,0,0,0
CON-038706,ENT-12082,NovalumLab Group,VP Human Resources,buyer,sans_adresse,0,0,0
CON-076287,ENT-06029,FLEXIPRALOGISTICS,VP People,buyer,adresse_perso,0,0,0
CON-070372,ENT-07586,Heliolumhub,Head of HR Operations,buyer,sans_adresse,1,0,5
CON-025942,ENT-01832,Briolexindustries & Co,Head of People,buyer,adresse_perso,0,0,0
CON-013982,ENT-02129,Cauridigital,VP People,buyer,adresse_perso,0,0,0
CON-004200,ENT-16543,SylvahalServices,Responsable Recrutement,champion,adresse_perso,0,0,0
CON-003638,ENT-13540,Primobelfinance SA,Responsable Recrutement,champion,adresse_perso,1,0,4
CON-031466,ENT-19431,Wallilexindustries,HR Assistant,utilisateur,sans_adresse,0,0,0
CON-030297,ENT-02286,CaurimarFood SARL,Charge de recrutement,utilisateur,adresse_perso,0,0,0
CON-067837,ENT-01286,BelfocalPartners SA,Executive Assistant,bruit,sans_adresse,0,0,0
CON-044268,ENT-13346,PerrimarSolutions Group,Head of HR Operations,buyer,sans_adresse,0,0,0
CON-049697,ENT-16564,Sylvalexmedia SAS,Executive Assistant,bruit,adresse_perso,0,0,0
CON-042203,ENT-03200,Cortiretail,HR Intern,bruit,adresse_perso,0,0,0
CON-045381,ENT-17843,Ulmimarsoft SARL,Talent Acquisition Specialist,utilisateur,adresse_perso,0,0,0
CON-004187,ENT-09676,Lorrinexlogic,Executive Assistant,bruit,adresse_perso,0,0,0
CON-063688,ENT-03601,Delfirinconsulting & Co,HR Intern,bruit,adresse_perso,0,0,0
CON-046482,ENT-05370,FabriviaMobility & Co,,sans_titre,sans_adresse,0,0,0
CON-050988,ENT-14694,RapitasImmo Group,Charge de recrutement,utilisateur,sans_adresse,0,0,0
CON-061802,ENT-05116,Fabrilexfinance France,Chargee de recrutement,utilisateur,adresse_perso,1,1,5
CON-036642,ENT-01629,Belfovenimmo Group,Head of People,buyer,sans_adresse,0,0,0
CON-007610,ENT-20133,ZephicalLogic,Office Manager,bruit,sans_adresse,0,0,0
CON-046301,ENT-13155,PerribelSoft SA,HR Business Partner,champion,sans_adresse,0,0,0
CON-043201,ENT-13300,PerrilexRetail Group,People Ops Manager,champion,sans_adresse,1,0,7
CON-006952,ENT-04806,EstevapraLogistics,Talent Acquisition Specialist,utilisateur,sans_adresse,1,0,6
CON-026595,ENT-14843,Roccafinforge,Responsable Recrutement,champion,adresse_perso,0,0,0
CON-059706,ENT-00965,AxiohalConsulting & Co,HR Intern,bruit,sans_adresse,1,0,5
CON-006700,ENT-06322,Gallilab SA,Chief People Officer,buyer,sans_adresse,0,0,0
CON-010601,ENT-15392,SereniMedia & Co,People Ops Coordinator,utilisateur,adresse_perso,0,0,0
CON-070697,ENT-01205,AxiovenFlow & Co,VP People,buyer,adresse_perso,0,0,0
CON-002593,ENT-00541,ArdengorEnergie,Executive Assistant,bruit,adresse_perso,0,0,0
CON-056999,ENT-18409,VectovenData SARL,HR Manager,champion,adresse_perso,0,0,0
CON-038700,ENT-14493,RapiIndustries France,Charge de recrutement,utilisateur,sans_adresse,0,0,0
CON-000252,ENT-18803,Vertitasconsulting,People Ops Manager,champion,sans_adresse,0,0,0
CON-058771,ENT-00404,AltavenServices France,Directeur RH,buyer,sans_adresse,0,0,0
CON-054747,ENT-12099,Novamarflow Group,Executive Assistant,bruit,sans_adresse,0,0,0
CON-010658,ENT-02181,CauriFlow France,Head of HR Operations,buyer,sans_adresse,0,0,0
CON-033634,ENT-18449,VectoviaPartners Group,People Ops Manager,champion,adresse_perso,1,0,2
CON-037102,ENT-00027,Altacalconsulting,HR Officer,utilisateur,sans_adresse,0,0,0
CON-006417,ENT-14578,Rapinexhub Group,Chargee de recrutement,utilisateur,adresse_perso,0,0,0
CON-012262,ENT-17029,TalonexFinance France,Recruiter,utilisateur,adresse_perso,0,0,0
CON-017585,ENT-08400,Ivorolumdynamics,HR Officer,utilisateur,adresse_perso,0,0,0
CON-060703,ENT-01099,AxiopraSystems,HR Manager,champion,adresse_perso,0,0,0
CON-019464,ENT-08633,Ivoroviatech SA,,sans_titre,sans_adresse,1,0,2
CON-068142,ENT-08315,Ivorofinlogistics,Head of HR Operations,buyer,adresse_perso,0,0,0
CON-007779,ENT-04797,EstevapraFlow,HR Assistant,utilisateur,sans_adresse,0,0,0
CON-051504,ENT-02191,CaurigorForge,HR Intern,bruit,adresse_perso,1,0,2
CON-070207,ENT-08704,JuntofinDigital SAS,HR Officer,utilisateur,sans_adresse,0,0,0
CON-070304,ENT-02127,CauriConseil SAS,VP People,buyer,adresse_perso,0,0,0
CON-027635,ENT-16446,SylvacalServices SA,Responsable Recrutement,champion,sans_adresse,0,0,0
CON-023427,ENT-18485,VerticalEnergie,HR Director,buyer,sans_adresse,0,0,0
CON-035849,ENT-02651,Cendraimmo,Executive Assistant,bruit,sans_adresse,1,0,6
CON-022830,ENT-04699,EstevaIndustries SAS,Talent Acquisition Manager,champion,adresse_perso,0,0,0
CON-069120,ENT-07456,HeliodorEnergie SARL,Executive Assistant,bruit,adresse_perso,0,0,0
CON-032691,ENT-01664,BelfoWorks,CEO,buyer,sans_adresse,0,0,0
CON-026727,ENT-00944,Axioforge,Talent Acquisition Specialist,utilisateur,sans_adresse,0,0,0
CON-000091,ENT-11106,Neocaldigital,Chargee de recrutement,utilisateur,sans_adresse,0,0,0
CON-022237,ENT-09324,KelvirinLabs SARL,Compensation & Benefits Manager,champion,sans_adresse,0,0,0
CON-072662,ENT-08310,IvorofinImmo SARL,CHRO,buyer,sans_adresse,0,0,0
CON-061563,ENT-04398,Ederipraconsulting SARL,People Ops Coordinator,utilisateur,adresse_perso,0,0,0
CON-022142,ENT-13140,PerribelFinance France,Office Manager,bruit,adresse_perso,0,0,0
CON-068539,ENT-15519,SerenitasConseil,Charge de recrutement,utilisateur,adresse_perso,0,0,0
CON-025422,ENT-02512,Cendrabellab France,Chargee de recrutement,utilisateur,adresse_perso,1,0,3
CON-003734,ENT-01580,BelfosolGroup SARL,HR Manager,champion,sans_adresse,0,0,0
CON-040484,ENT-03033,Cortigorsolutions,Talent Acquisition Specialist,utilisateur,adresse_perso,1,0,3
CON-063622,ENT-18627,Vertilexsolutions SARL,HR Business Partner,champion,sans_adresse,1,0,3
CON-028565,ENT-12872,OvalihalWorks & Co,CEO,buyer,sans_adresse,0,0,0
CON-054996,ENT-03795,Doriodorservices SARL,Head of People,buyer,adresse_perso,0,0,0
CON-063422,ENT-09597,Lorrilexmedia,Talent Acquisition Specialist,utilisateur,adresse_perso,0,0,0
CON-062720,ENT-07692,Heliorindata,Directeur RH,buyer,sans_adresse,1,0,2
CON-053397,ENT-13290,Perrilexflow,Head of HR Operations,buyer,adresse_perso,0,0,0
CON-037741,ENT-17090,Taloquiservices & Co,HR Intern,bruit,adresse_perso,1,1,5
CON-051266,ENT-14197,QuantipraData SAS,Compensation & Benefits Manager,champion,sans_adresse,0,0,0
CON-013734,ENT-05476,Fernogorconseil Group,,sans_titre,sans_adresse,0,0,0
CON-039874,ENT-01152,AxioSoft,HR Officer,utilisateur,sans_adresse,0,0,0
CON-067910,ENT-05514,FernohalPharma SARL,People Ops Coordinator,utilisateur,sans_adresse,1,0,1
CON-054700,ENT-10206,Lumitassoft SA,Talent Acquisition Specialist,utilisateur,sans_adresse,0,0,0
CON-070450,ENT-05558,Fernolumforge,Executive Assistant,bruit,adresse_perso,0,0,0
CON-062602,ENT-12896,Ovalilexsystems Group,Responsable Recrutement,champion,adresse_perso,1,0,1
CON-025846,ENT-16850,TalodorDynamics SA,HR Manager,champion,adresse_perso,0,0,0
CON-061064,ENT-10551,Maviretail SAS,HR Manager,champion,sans_adresse,1,0,3
CON-054121,ENT-10136,LumiquiTech,HR Assistant,utilisateur,sans_adresse,0,0,0
CON-015016,ENT-02265,Caurilumfood,Chargee de recrutement,utilisateur,adresse_perso,1,0,3
CON-000584,ENT-19211,Vespitasconseil,Chargee de recrutement,utilisateur,adresse_perso,1,0,3
CON-055451,ENT-08197,IberivenSoft & Co,Recruiter,utilisateur,sans_adresse,0,0,0
CON-036427,ENT-17462,TerrapraConsulting SA,Executive Assistant,bruit,sans_adresse,0,0,0
CON-020800,ENT-14827,Roccadorsoft SARL,People Ops Manager,champion,adresse_perso,0,0,0
CON-023103,ENT-16647,Sylvapraflow,HR Officer,utilisateur,adresse_perso,0,0,0
CON-004270,ENT-10237,LumiviaData SA,Executive Assistant,bruit,sans_adresse,0,0,0
CON-014099,ENT-17145,TalotasForge SA,Responsable Recrutement,champion,sans_adresse,0,0,0
CON-063993,ENT-17156,Talotasservices,Compensation & Benefits Manager,champion,sans_adresse,1,0,4
CON-020532,ENT-19671,Walliviapharma SA,Chargee de recrutement,utilisateur,adresse_perso,0,0,0
CON-009511,ENT-04632,EstevafinDynamics SARL,HR Manager,champion,adresse_perso,1,0,3
CON-050073,ENT-16034,STELLADORFORGE,HR Officer,utilisateur,adresse_perso,1,0,7
CON-044852,ENT-03039,CortihalData SAS,Head of Talent Acquisition,buyer,sans_adresse,0,0,0
CON-065801,ENT-19963,Yelloquilabs SA,Head of Talent Acquisition,buyer,sans_adresse,0,0,0
CON-024131,ENT-01106,Axioquienergie,HR Manager,champion,sans_adresse,0,0,0
CON-012752,ENT-08040,IberiMedia Group,HR Assistant,utilisateur,sans_adresse,1,0,2
CON-048263,ENT-12277,NovaviaConseil France,HR Intern,bruit,adresse_perso,1,0,2
CON-013017,ENT-08482,IvoropraLogic France,Head of Talent Acquisition,buyer,sans_adresse,0,0,0
CON-027413,ENT-11965,Novadorservices & Co,HR Intern,bruit,sans_adresse,0,0,0
CON-001630,ENT-09089,KelvidorForge & Co,Head of HR Operations,buyer,adresse_perso,1,0,1
CON-011391,ENT-16051,Stelladynamics & Co,HR Manager,champion,sans_adresse,0,0,0
CON-045258,ENT-14291,Quantitasdynamics & Co,Talent Acquisition Specialist,utilisateur,sans_adresse,1,0,2
CON-053870,ENT-10968,MeririnData,Chief People Officer,buyer,adresse_perso,0,0,0
CON-066892,ENT-17070,Talopraworks,People Ops Coordinator,utilisateur,adresse_perso,0,0,0
CON-055842,ENT-18929,Vespidorfood,Responsable Recrutement,champion,adresse_perso,0,0,0
CON-046880,ENT-10681,MeribelForge Group,Talent Acquisition Manager,champion,sans_adresse,0,0,0
CON-015844,ENT-09811,LorrivenGroup SARL,Charge de recrutement,utilisateur,adresse_perso,1,0,6
CON-025120,ENT-04237,EderifinFinance SAS,Recruiter,utilisateur,adresse_perso,0,0,0
CON-020754,ENT-02994,Cortifinenergie France,COO,buyer,sans_adresse,1,1,6
CON-022851,ENT-12331,OpticalFlow SA,Directrice RH,buyer,sans_adresse,0,0,0
CON-063571,ENT-00735,ArdenrinLab,Talent Acquisition Specialist,utilisateur,sans_adresse,0,0,0
CON-058634,ENT-13335,PerrimarHub SA,HR Manager,champion,sans_adresse,1,0,4
CON-003875,ENT-10288,Mavicalforge SAS,HRBP,champion,adresse_perso,1,0,7
CON-071126,ENT-13401,PerriquiFood SAS,,sans_titre,sans_adresse,0,0,0
CON-052501,ENT-13994,QuanticalSoft France,HR Officer,utilisateur,sans_adresse,0,0,0
CON-026048,ENT-10774,MerigorFood,HR Intern,bruit,adresse_perso,0,0,0
CON-047332,ENT-18537,Vertifingroup,Head of HR Operations,buyer,adresse_perso,0,0,0
CON-025361,ENT-14495,RapiLabs,Executive Assistant,bruit,sans_adresse,0,0,0
CON-040162,ENT-16459,Sylvadorfood SA,Charge de recrutement,utilisateur,sans_adresse,0,0,0
CON-073709,ENT-14295,Quantitasforge SARL,Executive Assistant,bruit,sans_adresse,0,0,0
CON-045798,ENT-08121,IberirinFlow,Talent Acquisition Specialist,utilisateur,adresse_perso,1,0,8
CON-062667,ENT-01545,BelfoquiWorks SARL,Chief People Officer,buyer,sans_adresse,0,0,0
CON-056564,ENT-17035,TalonexLabs SAS,HR Assistant,utilisateur,adresse_perso,0,0,0
CON-021238,ENT-19424,Wallilexdynamics SA,HR Assistant,utilisateur,sans_adresse,0,0,0
CON-006904,ENT-07011,HaldebelPartners SARL,,sans_titre,adresse_perso,0,0,0
CON-040791,ENT-02460,CaurivenFood,HR Officer,utilisateur,sans_adresse,1,0,4
CON-042629,ENT-16608,Sylvamarsolutions SAS,Recruiter,utilisateur,sans_adresse,1,0,1
CON-073389,ENT-00726,ArdenrinDynamics,HR Assistant,utilisateur,adresse_perso,0,0,0
CON-046656,ENT-10373,Mavigorpartners,Recruiter,utilisateur,sans_adresse,0,0,0
CON-053322,ENT-06431,GallipraMobility,Chargee de recrutement,utilisateur,adresse_perso,0,0,0
CON-001700,ENT-10567,MavirinRetail SAS,HR Assistant,utilisateur,sans_adresse,0,0,0
CON-073012,ENT-08988,Juntotech & Co,,sans_titre,sans_adresse,0,0,0
CON-033814,ENT-13194,PerridorMedia France,Compensation & Benefits Manager,champion,adresse_perso,0,0,0
CON-060894,ENT-04004,DoriopraSolutions SAS,HR Manager,champion,adresse_perso,0,0,0
CON-055954,ENT-07003,HaldebelFlow Group,HR Manager,champion,sans_adresse,0,0,0
CON-034470,ENT-14914,RoccalexConsulting SA,Head of Talent Acquisition,buyer,sans_adresse,0,0,0
CON-059302,ENT-04998,FabricalLogistics,Compensation & Benefits Manager,champion,sans_adresse,1,0,1
CON-069474,ENT-08323,IvorofinSystems Group,VP People,buyer,sans_adresse,1,1,2
CON-070637,ENT-14171,Quantimarworks Group,HRBP,champion,adresse_perso,0,0,0
CON-031953,ENT-03409,DelfigorConseil,HR Intern,bruit,sans_adresse,0,0,0
CON-066628,ENT-11904,Novabelforge,Recruiter,utilisateur,sans_adresse,0,0,0
CON-008855,ENT-08416,IvorolumWorks SARL,Executive Assistant,bruit,sans_adresse,1,0,2
CON-073099,ENT-16541,SYLVAHALPHARMA,HR Officer,utilisateur,adresse_perso,1,0,6
CON-039150,ENT-16428,Sylvacalconseil,Talent Acquisition Manager,champion,adresse_perso,0,0,0
CON-016295,ENT-05847,Flexidortech,Chargee de recrutement,utilisateur,sans_adresse,1,0,3
CON-010706,ENT-06651,GrimodorMobility France,Talent Acquisition Manager,champion,adresse_perso,1,0,6
CON-019278,ENT-06113,FlexitasForge Group,People Ops Coordinator,utilisateur,sans_adresse,0,0,0
CON-037619,ENT-03330,Delfibeltech SARL,Chargee de recrutement,utilisateur,sans_adresse,0,0,0
CON-018022,ENT-18910,VespicalLabs France,HRBP,champion,sans_adresse,1,0,2
CON-061672,ENT-04560,Estevabelconsulting,Executive Assistant,bruit,adresse_perso,0,0,0
CON-070356,ENT-16908,TalogorLabs & Co,,sans_titre,sans_adresse,0,0,0
CON-030563,ENT-06237,GallidorLabs & Co,People Ops Coordinator,utilisateur,adresse_perso,1,0,2
CON-001087,ENT-01767,BrioFlow SAS,Compensation & Benefits Manager,champion,adresse_perso,0,0,0
CON-034645,ENT-09626,LorrilumPartners SAS,Compensation & Benefits Manager,champion,sans_adresse,1,0,8
CON-036334,ENT-17384,TerralexTech,Compensation & Benefits Manager,champion,sans_adresse,0,0,0
CON-069361,ENT-03364,Delfidorflow & Co,Chargee de recrutement,utilisateur,sans_adresse,0,0,0
CON-026836,ENT-14758,Roccabelenergie SA,People Ops Coordinator,utilisateur,sans_adresse,0,0,0
CON-034452,ENT-14691,Rapitasforge,HR Officer,utilisateur,sans_adresse,0,0,0
CON-031130,ENT-07130,HaldehalSolutions,HR Manager,champion,sans_adresse,0,0,0
CON-022051,ENT-00482,Ardendata & Co,Chargee de recrutement,utilisateur,sans_adresse,0,0,0
CON-069525,ENT-05118,FabrilexFood,Head of HR Operations,buyer,sans_adresse,0,0,0
CON-046393,ENT-16393,Stellaviagroup SARL,Talent Acquisition Manager,champion,adresse_perso,1,1,3
CON-046107,ENT-12647,Optisystems France,Talent Acquisition Manager,champion,adresse_perso,1,0,8
CON-028362,ENT-14102,QuantiLab SARL,Compensation & Benefits Manager,champion,sans_adresse,0,0,0
CON-053209,ENT-16334,StellasolTech SARL,VP People,buyer,sans_adresse,0,0,0
CON-039517,ENT-09723,Lorriquilogic,,sans_titre,sans_adresse,1,0,7
CON-058760,ENT-06038,FlexiquiConsulting Group,CEO,buyer,adresse_perso,1,1,2
CON-039964,ENT-10360,Mavigorfinance SARL,Directeur RH,buyer,adresse_perso,0,0,0
CON-018282,ENT-19586,WallisolData,Responsable Recrutement,champion,adresse_perso,0,0,0
CON-012572,ENT-14017,Quantidormobility France,HR Manager,champion,sans_adresse,1,0,2
CON-065399,ENT-05149,FabrilumLogic,People Ops Manager,champion,adresse_perso,1,0,4
CON-074940,ENT-03483,Delfilexsystems,Head of HR Operations,buyer,adresse_perso,0,0,0
CON-044875,ENT-17777,UlmilexDynamics France,Talent Acquisition Specialist,utilisateur,sans_adresse,0,0,0
CON-044076,ENT-09094,KelvidorLab,HR Intern,bruit,sans_adresse,0,0,0
CON-059240,ENT-07098,Haldegorfood,Chargee de recrutement,utilisateur,adresse_perso,0,0,0
CON-011994,ENT-12617,OptirinServices,HR Intern,bruit,sans_adresse,0,0,0
CON-011144,ENT-09836,Lorriviaimmo,Talent Acquisition Specialist,utilisateur,sans_adresse,0,0,0
CON-058872,ENT-10885,MerimarServices Group,Charge de recrutement,utilisateur,adresse_perso,1,0,2
CON-046719,ENT-08659,Juntocalflow SA,Talent Acquisition Specialist,utilisateur,sans_adresse,0,0,0
CON-029547,ENT-18763,Vertirinlabs SAS,Charge de recrutement,utilisateur,adresse_perso,1,0,1
CON-032529,ENT-03634,Delfisolfinance SAS,Executive Assistant,bruit,adresse_perso,0,0,0
CON-037826,ENT-14700,RapitasMobility SAS,People Ops Manager,champion,sans_adresse,0,0,0
CON-046744,ENT-19145,Vespiquiimmo,Directrice RH,buyer,sans_adresse,0,0,0
CON-039913,ENT-04098,Doriotaslogic,Talent Acquisition Manager,champion,adresse_perso,0,0,0
CON-040007,ENT-12139,Novanexsystems & Co,HRBP,champion,sans_adresse,1,0,2
CON-015441,ENT-08596,Ivorovengroup SAS,Talent Acquisition Specialist,utilisateur,adresse_perso,0,0,0
CON-039115,ENT-09266,Kelvipartners & Co,Directrice RH,buyer,adresse_perso,1,0,2
CON-008668,ENT-01380,BelfohalFood France,,sans_titre,sans_adresse,0,0,0
CON-065402,ENT-18834,VertivenForge SAS,Chargee de recrutement,utilisateur,sans_adresse,1,0,5
CON-053774,ENT-16805,TalobelHub,HR Director,buyer,adresse_perso,0,0,0
CON-052138,ENT-09478,Lorriconsulting SAS,Talent Acquisition Manager,champion,adresse_perso,1,0,2
CON-045666,ENT-17609,Terravialogic SARL,HR Intern,bruit,sans_adresse,0,0,0
CON-028518,ENT-15876,Solirinsystems Group,Compensation & Benefits Manager,champion,sans_adresse,0,0,0
CON-073368,ENT-07825,Iberibelpartners,Compensation & Benefits Manager,champion,adresse_perso,0,0,0
CON-061986,ENT-06352,GallilumFlow,Office Manager,bruit,adresse_perso,0,0,0
CON-066604,ENT-16307,Stellarinsolutions,HR Officer,utilisateur,adresse_perso,0,0,0
CON-001028,ENT-04196,Edericalpharma SA,HR Assistant,utilisateur,adresse_perso,1,0,11
CON-011132,ENT-09012,JuntoviaData,HR Business Partner,champion,sans_adresse,1,0,9
CON-000792,ENT-04678,EstevahalConsulting & Co,Executive Assistant,bruit,sans_adresse,0,0,0
CON-057747,ENT-02517,Cendrabelmobility Group,Compensation & Benefits Manager,champion,sans_adresse,0,0,0
CON-068756,ENT-00538,Ardengorconsulting,Responsable Recrutement,champion,sans_adresse,1,0,1
CON-007829,ENT-15000,Roccanexretail SAS,Executive Assistant,bruit,sans_adresse,0,0,0
CON-050358,ENT-15451,Sereniquihub Group,,sans_titre,adresse_perso,0,0,0
CON-067396,ENT-20412,ZephirinFood SA,,sans_titre,adresse_perso,0,0,0
CON-050651,ENT-04239,EderifinFood Group,Charge de recrutement,utilisateur,adresse_perso,1,0,5
CON-048069,ENT-17577,TerravenDynamics SAS,HR Business Partner,champion,adresse_perso,0,0,0
CON-032313,ENT-06978,GrimoviaEnergie SAS,HR Officer,utilisateur,sans_adresse,0,0,0
CON-075182,ENT-09153,Kelvihaldigital,HRBP,champion,sans_adresse,0,0,0
CON-022007,ENT-00909,AxiodorMobility,HR Director,buyer,adresse_perso,1,0,2
CON-074153,ENT-10281,Mavicaldata,Charge de recrutement,utilisateur,adresse_perso,0,0,0
CON-013085,ENT-06079,Flexirinsoft & Co,Recruiter,utilisateur,adresse_perso,0,0,0
CON-042404,ENT-06412,GallinexTech & Co,People Ops Coordinator,utilisateur,adresse_perso,0,0,0
CON-063933,ENT-04592,Estevacalimmo SARL,People Ops Coordinator,utilisateur,adresse_perso,1,0,3
CON-016964,ENT-11073,MeriviaLogic SAS,HR Officer,utilisateur,sans_adresse,1,0,3
CON-022290,ENT-02370,CauriquiServices SA,Chargee de recrutement,utilisateur,sans_adresse,0,0,0
CON-043509,ENT-20162,ZephidorRetail,,sans_titre,adresse_perso,1,0,3
CON-008563,ENT-17761,Ulmihalmedia SA,HR Assistant,utilisateur,sans_adresse,0,0,0
CON-075008,ENT-14645,Rapirindynamics,CEO,buyer,adresse_perso,1,0,4
CON-033730,ENT-08669,JuntocalRetail France,Head of Talent Acquisition,buyer,sans_adresse,0,0,0
CON-069795,ENT-07040,Haldeconsulting,HR Manager,champion,sans_adresse,0,0,0
CON-007945,ENT-17627,UlmibelFood,Head of People,buyer,adresse_perso,0,0,0
CON-003567,ENT-15742,Solilogic SARL,People Ops Coordinator,utilisateur,adresse_perso,0,0,0
CON-005206,ENT-15845,Soliquiimmo Group,Head of People,buyer,sans_adresse,0,0,0
CON-024422,ENT-19988,Yellorinmedia France,HR Manager,champion,adresse_perso,0,0,0
CON-017278,ENT-00534,ArdenFlow,Talent Acquisition Manager,champion,adresse_perso,0,0,0
CON-054644,ENT-15150,RoccavenServices Group,HR Officer,utilisateur,adresse_perso,0,0,0
CON-041699,ENT-20160,ZephidorPartners Group,People Ops Manager,champion,adresse_perso,0,0,0
CON-075954,ENT-14121,Quantilexservices,Head of HR Operations,buyer,adresse_perso,0,0,0
CON-004435,ENT-17184,Talovensolutions,Office Manager,bruit,sans_adresse,1,1,6
CON-006703,ENT-04212,EderidorFinance France,HR Manager,champion,adresse_perso,0,0,0
CON-072006,ENT-12325,Optibelworks,CEO,buyer,adresse_perso,0,0,0
CON-008040,ENT-15494,SerenisolData,HR Manager,champion,sans_adresse,0,0,0
CON-013324,ENT-19034,VespilexPartners SARL,People Ops Coordinator,utilisateur,adresse_perso,1,0,4
CON-014048,ENT-19430,WallilexGroup,Talent Acquisition Specialist,utilisateur,adresse_perso,0,0,0
CON-073056,ENT-14197,QuantipraData SAS,VP People,buyer,sans_adresse,0,0,0
CON-071474,ENT-09739,LorririnEnergie SAS,Compensation & Benefits Manager,champion,adresse_perso,0,0,0
CON-066765,ENT-11006,Merisolmobility,People Ops Manager,champion,sans_adresse,0,0,0
CON-069133,ENT-15150,RoccavenServices Group,HR Officer,utilisateur,adresse_perso,0,0,0
CON-041618,ENT-15190,SerenibelPartners SARL,Chargee de recrutement,utilisateur,adresse_perso,0,0,0
CON-036181,ENT-05620,Fernopharma SAS,People Ops Manager,champion,adresse_perso,1,0,5
CON-047544,ENT-03551,Delfinexpharma & Co,CEO,buyer,adresse_perso,0,0,0
CON-074824,ENT-13047,OvalisolDigital SA,Head of Talent Acquisition,buyer,sans_adresse,0,0,0
CON-031074,ENT-10462,Mavimarhub,Recruiter,utilisateur,adresse_perso,1,0,2
CON-050014,ENT-05957,Flexilumlabs SARL,Office Manager,bruit,sans_adresse,1,0,6
CON-013859,ENT-06562,Gallivensystems & Co,Talent Acquisition Specialist,utilisateur,adresse_perso,0,0,0
CON-027449,ENT-18474,Vertibelpartners,Office Manager,bruit,sans_adresse,0,0,0
CON-056484,ENT-12060,Novalexhub,HRBP,champion,sans_adresse,0,0,0
CON-060330,ENT-03970,Dorionexflow France,CHRO,buyer,sans_adresse,0,0,0
CON-036503,ENT-12874,Ovaliimmo Group,HR Director,buyer,sans_adresse,1,0,8
CON-069258,ENT-12966,Ovalinexservices,Talent Acquisition Manager,champion,sans_adresse,0,0,0
CON-050928,ENT-12911,OvalilumIndustries,Chief People Officer,buyer,sans_adresse,0,0,0
CON-004665,ENT-01829,BriolexGroup SA,People Ops Manager,champion,sans_adresse,0,0,0
CON-021345,ENT-00268,Altaprahub,VP People,buyer,sans_adresse,0,0,0
CON-048234,ENT-03504,Delfilumpharma,People Ops Coordinator,utilisateur,sans_adresse,1,0,7
CON-050060,ENT-13029,Ovalirinimmo Group,CEO,buyer,adresse_perso,0,0,0
CON-027150,ENT-15019,Roccapraimmo,Executive Assistant,bruit,sans_adresse,0,0,0
CON-044430,ENT-12962,OvalinexMedia,Office Manager,bruit,adresse_perso,0,0,0
CON-070057,ENT-00622,Ardenlumindustries,HR Intern,bruit,adresse_perso,1,0,5
CON-013535,ENT-03480,DelfilexServices,Executive Assistant,bruit,adresse_perso,0,0,0
CON-047441,ENT-04417,EderipraRetail Group,People Ops Manager,champion,sans_adresse,0,0,0
CON-065734,ENT-12488,OptilumGroup,HR Assistant,utilisateur,adresse_perso,0,0,0
CON-007152,ENT-06904,Grimosolconseil SARL,HR Manager,champion,adresse_perso,1,0,1
CON-071806,ENT-07748,Heliotasindustries SA,Head of People,buyer,sans_adresse,0,0,0
CON-071741,ENT-07358,HaldevenEnergie & Co,Responsable Recrutement,champion,adresse_perso,0,0,0
CON-070659,ENT-10544,Maviquipartners SARL,HR Officer,utilisateur,adresse_perso,0,0,0
CON-019520,ENT-09302,Kelviquilogistics & Co,HR Officer,utilisateur,adresse_perso,1,0,6
CON-057368,ENT-07981,Iberilexlabs,People Ops Coordinator,utilisateur,sans_adresse,0,0,0
CON-015775,ENT-13052,OvalisolGroup SARL,Compensation & Benefits Manager,champion,adresse_perso,0,0,0
CON-024303,ENT-04460,Ederirinmedia SA,HR Officer,utilisateur,adresse_perso,0,0,0
CON-039611,ENT-06555,Gallivenmobility,HR Officer,utilisateur,adresse_perso,0,0,0
CON-059052,ENT-00288,Altaquifinance France,Chargee de recrutement,utilisateur,adresse_perso,0,0,0
CON-012037,ENT-18845,Vertivenservices SAS,HR Business Partner,champion,sans_adresse,0,0,0
CON-027279,ENT-06832,Grimopraconseil SA,Chargee de recrutement,utilisateur,adresse_perso,1,0,2
CON-049825,ENT-06104,FlexisolTech,People Ops Coordinator,utilisateur,sans_adresse,1,0,3
CON-074472,ENT-18372,VectosolLabs,Talent Acquisition Specialist,utilisateur,sans_adresse,1,0,1
CON-002445,ENT-14185,QuantinexLogic France,Talent Acquisition Manager,champion,sans_adresse,1,0,2
CON-028123,ENT-00018,Altabelmobility Group,HR Assistant,utilisateur,adresse_perso,0,0,0
CON-003502,ENT-06328,GallilexFinance SAS,Responsable Recrutement,champion,sans_adresse,0,0,0
CON-047639,ENT-19646,Wallivenmedia France,HR Business Partner,champion,sans_adresse,0,0,0
CON-065087,ENT-12301,NovaviaWorks SA,HR Business Partner,champion,sans_adresse,1,0,5
CON-049154,ENT-19546,Walliquilab Group,Compensation & Benefits Manager,champion,adresse_perso,1,0,3
CON-053933,ENT-17415,TerramarFlow,Directeur RH,buyer,adresse_perso,1,0,2
CON-038825,ENT-11849,Nordivenconsulting,Talent Acquisition Specialist,utilisateur,adresse_perso,0,0,0
CON-070340,ENT-13308,PerrilumConsulting Group,Head of Talent Acquisition,buyer,adresse_perso,0,0,0
CON-065038,ENT-14672,RapisolEnergie SAS,Executive Assistant,bruit,sans_adresse,0,0,0
CON-034639,ENT-06743,Grimolexdigital SAS,Charge de recrutement,utilisateur,adresse_perso,0,0,0
CON-074543,ENT-00747,Ardenrintech,VP People,buyer,sans_adresse,0,0,0
CON-010552,ENT-13244,Perrigorlogistics,Talent Acquisition Specialist,utilisateur,sans_adresse,0,0,0
CON-000525,ENT-16917,Talogortech,,sans_titre,adresse_perso,0,0,0
CON-068743,ENT-14380,Rapicaldynamics,Recruiter,utilisateur,sans_adresse,0,0,0
CON-036726,ENT-17694,Ulmidynamics & Co,Executive Assistant,bruit,adresse_perso,0,0,0
CON-029704,ENT-18670,VertimarLab,Charge de recrutement,utilisateur,adresse_perso,0,0,0
CON-033508,ENT-19455,WallilumLab SAS,HR Intern,bruit,adresse_perso,0,0,0
CON-022515,ENT-10417,Mavilexlab,People Ops Coordinator,utilisateur,sans_adresse,0,0,0
CON-073532,ENT-03934,Doriolumtech,,sans_titre,adresse_perso,0,0,0
CON-037394,ENT-10182,LumiSolutions France,HRBP,champion,sans_adresse,0,0,0
CON-040134,ENT-02184,CaurigorConseil & Co,Charge de recrutement,utilisateur,sans_adresse,0,0,0
CON-000964,ENT-03789,Doriodorlogic SA,Compensation & Benefits Manager,champion,sans_adresse,0,0,0
CON-061614,ENT-00549,Ardengormedia SA,Talent Acquisition Specialist,utilisateur,sans_adresse,0,0,0
CON-066616,ENT-13671,PrimohalForge & Co,VP People,buyer,sans_adresse,0,0,0
CON-047821,ENT-13807,PrimoquiDynamics SAS,Charge de recrutement,utilisateur,sans_adresse,0,0,0
CON-049267,ENT-08356,IvorohalHub SAS,Talent Acquisition Manager,champion,sans_adresse,1,0,2
CON-069751,ENT-01211,Axiovenlabs,Head of Talent Acquisition,buyer,sans_adresse,1,0,4
CON-002291,ENT-15661,SolifinFood SAS,HR Officer,utilisateur,sans_adresse,0,0,0
CON-023510,ENT-02335,CauripraForge SARL,HRBP,champion,sans_adresse,1,0,6
CON-018005,ENT-12918,Ovalilumretail,HR Intern,bruit,sans_adresse,0,0,0
CON-024338,ENT-01683,Briobelsoft SAS,HR Director,buyer,sans_adresse,1,0,3
CON-001200,ENT-13628,PrimofinLab,HR Intern,bruit,sans_adresse,0,0,0
CON-001124,ENT-20303,ZephilumWorks,Talent Acquisition Specialist,utilisateur,sans_adresse,0,0,0
CON-032717,ENT-11389,Neorinmobility,Directeur RH,buyer,sans_adresse,1,0,3
CON-060266,ENT-18659,Vertimardata SARL,Executive Assistant,bruit,sans_adresse,1,0,1
CON-043755,ENT-11659,NordiLogic,Head of People,buyer,sans_adresse,1,0,6
CON-003028,ENT-04414,EderipraMedia Group,People Ops Coordinator,utilisateur,adresse_perso,0,0,0
CON-032296,ENT-18064,Vectocalflow Group,Chief People Officer,buyer,adresse_perso,1,0,2
CON-049352,ENT-14136,QuantilumIndustries & Co,HR Director,buyer,sans_adresse,0,0,0
CON-041788,ENT-12116,NovaMedia Group,,sans_titre,sans_adresse,0,0,0
CON-019946,ENT-20356,ZephipraConsulting SAS,Office Manager,bruit,sans_adresse,0,0,0
CON-025093,ENT-19940,Yellopralogic,Office Manager,bruit,sans_adresse,0,0,0
CON-006790,ENT-18677,Vertimarpharma Group,Talent Acquisition Specialist,utilisateur,adresse_perso,1,0,4
CON-014594,ENT-15849,SoliquiMedia France,HR Manager,champion,adresse_perso,0,0,0
CON-025985,ENT-04421,EderipraTech SARL,Chargee de recrutement,utilisateur,sans_adresse,0,0,0
CON-034892,ENT-00583,Ardenindustries,Chargee de recrutement,utilisateur,sans_adresse,0,0,0
CON-066288,ENT-11050,MerivenLabs,Chief People Officer,buyer,sans_adresse,1,0,5
CON-010464,ENT-19313,Wallicalworks,HR Business Partner,champion,sans_adresse,0,0,0
CON-056403,ENT-11671,NordilumLogic,HR Assistant,utilisateur,sans_adresse,1,0,5
CON-015749,ENT-10489,MavinexIndustries SA,People Ops Coordinator,utilisateur,sans_adresse,0,0,0
CON-037310,ENT-08263,IvorocalMedia SAS,Head of Talent Acquisition,buyer,sans_adresse,0,0,0
CON-005499,ENT-15906,Solitasdynamics,People Ops Coordinator,utilisateur,sans_adresse,1,0,3
CON-062659,ENT-10589,MavisolMobility,Head of HR Operations,buyer,adresse_perso,0,0,0
CON-004447,ENT-02527,CendracalDigital,HR Intern,bruit,sans_adresse,0,0,0
CON-022037,ENT-17645,UlmicalFlow & Co,Head of People,buyer,sans_adresse,0,0,0
CON-043606,ENT-01140,AxiorinLab SAS,HR Manager,champion,adresse_perso,1,0,6
CON-010015,ENT-12177,NovaquiLabs SARL,Chargee de recrutement,utilisateur,adresse_perso,1,0,3
CON-038305,ENT-03838,DoriogorLab,HR Intern,bruit,sans_adresse,1,0,1
CON-043409,ENT-12591,OptiquiPartners SAS,Chargee de recrutement,utilisateur,adresse_perso,0,0,0
CON-046180,ENT-14299,QuantitasLogic,Executive Assistant,bruit,sans_adresse,1,0,2
CON-005762,ENT-04105,DoriotasTech & Co,Executive Assistant,bruit,adresse_perso,1,0,4
CON-067195,ENT-04445,Ederiquiworks & Co,Head of HR Operations,buyer,sans_adresse,1,0,5
CON-058947,ENT-01969,Brioquisystems & Co,,sans_titre,sans_adresse,1,0,2
CON-047615,ENT-05702,Fernosollab SAS,HR Manager,champion,sans_adresse,0,0,0
CON-000178,ENT-08685,JuntodorIndustries,Office Manager,bruit,adresse_perso,0,0,0
CON-007644,ENT-14745,Rapiviamedia,CEO,buyer,adresse_perso,1,0,2
CON-049828,ENT-06104,FlexisolTech,Recruiter,utilisateur,adresse_perso,1,0,5
CON-066022,ENT-14290,Quantitasconsulting SAS,Head of HR Operations,buyer,sans_adresse,0,0,0
CON-055128,ENT-01607,BelfotasIndustries & Co,Head of People,buyer,sans_adresse,0,0,0
CON-026247,ENT-00894,AxioDigital SAS,HR Intern,bruit,sans_adresse,0,0,0
CON-000345,ENT-07846,IbericalLogistics Group,Responsable Recrutement,champion,sans_adresse,0,0,0
CON-052774,ENT-01851,Briolumdata SA,HR Intern,bruit,adresse_perso,0,0,0
CON-066374,ENT-09808,LorrivenFlow,Head of Talent Acquisition,buyer,sans_adresse,0,0,0
CON-001090,ENT-19681,YellobelDigital & Co,HR Director,buyer,adresse_perso,0,0,0
CON-012147,ENT-18624,Vertilexretail SA,Responsable Recrutement,champion,sans_adresse,0,0,0
CON-031471,ENT-08634,IvoroviaWorks,Charge de recrutement,utilisateur,adresse_perso,0,0,0
CON-049814,ENT-02302,Caurinexconseil,,sans_titre,sans_adresse,0,0,0
CON-046176,ENT-14299,QuantitasLogic,HR Assistant,utilisateur,sans_adresse,0,0,0
CON-058057,ENT-07559,HeliolexDynamics,,sans_titre,sans_adresse,0,0,0
CON-019629,ENT-09649,Lorrimarmedia SAS,Compensation & Benefits Manager,champion,adresse_perso,1,1,4
CON-036228,ENT-19345,WallifinDigital SARL,Executive Assistant,bruit,sans_adresse,0,0,0
CON-046004,ENT-17968,UlmitasEnergie,Head of Talent Acquisition,buyer,sans_adresse,0,0,0
CON-050500,ENT-09242,KelvimarSystems SA,HR Intern,bruit,sans_adresse,0,0,0
CON-072036,ENT-19557,WalliquiWorks & Co,Talent Acquisition Specialist,utilisateur,sans_adresse,0,0,0
CON-044924,ENT-05144,Fabrilumgroup Group,Talent Acquisition Specialist,utilisateur,adresse_perso,0,0,0
CON-003336,ENT-01901,BrionexConsulting Group,People Ops Coordinator,utilisateur,sans_adresse,1,0,4
CON-039290,ENT-04793,Estevapradata,People Ops Coordinator,utilisateur,sans_adresse,1,0,4
CON-023660,ENT-15052,Roccaquiworks,HR Intern,bruit,adresse_perso,0,0,0
CON-067880,ENT-09253,KelvinexHub,HR Intern,bruit,adresse_perso,0,0,0
CON-027172,ENT-05547,FernolexTech France,Charge de recrutement,utilisateur,adresse_perso,1,0,5
CON-018238,ENT-06209,GallicalLabs France,Responsable Recrutement,champion,sans_adresse,0,0,0
CON-017838,ENT-12071,NovaLogic France,People Ops Manager,champion,sans_adresse,1,0,4
CON-058113,ENT-11210,Neohallab SA,Office Manager,bruit,sans_adresse,0,0,0
CON-040885,ENT-16270,StellaquiIndustries France,Chargee de recrutement,utilisateur,sans_adresse,1,1,3
CON-010662,ENT-15318,SerenihalTech,Charge de recrutement,utilisateur,adresse_perso,0,0,0
CON-008939,ENT-12956,OvalinexFlow & Co,CHRO,buyer,adresse_perso,0,0,0
CON-068692,ENT-14967,RoccamarIndustries SARL,HR Intern,bruit,sans_adresse,0,0,0
CON-058798,ENT-20489,Zephivenmedia SA,HR Manager,champion,adresse_perso,0,0,0
CON-014781,ENT-04221,Ederidorpartners,Chargee de recrutement,utilisateur,sans_adresse,0,0,0
CON-031122,ENT-08684,JuntodorImmo,Head of Talent Acquisition,buyer,adresse_perso,0,0,0
CON-016860,ENT-20119,ZephicalConseil,Head of HR Operations,buyer,sans_adresse,0,0,0
CON-071179,ENT-11714,NordinexHub,Charge de recrutement,utilisateur,adresse_perso,0,0,0
CON-056079,ENT-00542,Ardengorflow,Office Manager,bruit,adresse_perso,0,0,0
CON-031577,ENT-03423,Delfigorpartners,Head of People,buyer,sans_adresse,1,0,4
CON-000645,ENT-20122,Zephicaldigital SA,Directeur RH,buyer,sans_adresse,0,0,0
CON-070209,ENT-08704,JuntofinDigital SAS,Compensation & Benefits Manager,champion,sans_adresse,0,0,0
CON-048039,ENT-05107,FabriHub,Office Manager,bruit,sans_adresse,0,0,0
CON-054068,ENT-17601,TerraviaEnergie SA,People Ops Coordinator,utilisateur,adresse_perso,0,0,0
CON-005176,ENT-09054,KelvibelSolutions France,HR Intern,bruit,adresse_perso,1,0,7
CON-016331,ENT-09194,Kelvilexservices,HR Intern,bruit,sans_adresse,0,0,0
CON-054402,ENT-16197,StellamarRetail SAS,Head of HR Operations,buyer,sans_adresse,0,0,0
CON-045152,ENT-05311,Fabritasfood,Office Manager,bruit,adresse_perso,0,0,0
CON-034894,ENT-06548,Gallivenimmo SAS,Compensation & Benefits Manager,champion,sans_adresse,1,0,4
CON-051092,ENT-18273,VectonexConsulting,Head of People,buyer,adresse_perso,0,0,0
CON-051960,ENT-07649,HeliopraConseil & Co,HR Officer,utilisateur,adresse_perso,1,0,4
CON-021765,ENT-19823,Yellohub & Co,HRBP,champion,adresse_perso,0,0,0
CON-010665,ENT-19046,VespilumFlow France,HR Manager,champion,sans_adresse,1,0,3
CON-073108,ENT-06351,Gallilumenergie,Talent Acquisition Specialist,utilisateur,sans_adresse,0,0,0
CON-025898,ENT-12604,OptirinFinance Group,Recruiter,utilisateur,adresse_perso,0,0,0
CON-000519,ENT-01493,Belfonextech,People Ops Coordinator,utilisateur,adresse_perso,0,0,0
CON-056011,ENT-10290,Mavicalindustries SAS,Responsable Recrutement,champion,adresse_perso,0,0,0
CON-055633,ENT-08388,IvorolexLabs,HR Officer,utilisateur,sans_adresse,0,0,0
CON-018999,ENT-13266,Perrihallabs SAS,HRBP,champion,sans_adresse,0,0,0
CON-028271,ENT-07134,Haldeimmo & Co,Charge de recrutement,utilisateur,adresse_perso,0,0,0
CON-075895,ENT-18095,VectodorFinance,,sans_titre,sans_adresse,0,0,0
CON-015319,ENT-14001,Quantidata Group,Office Manager,bruit,adresse_perso,0,0,0
CON-032733,ENT-13137,Perribelconsulting SAS,Executive Assistant,bruit,adresse_perso,0,0,0
CON-000188,ENT-06626,GrimocalPharma,Charge de recrutement,utilisateur,adresse_perso,0,0,0
CON-070957,ENT-19465,WallimarConsulting,Head of HR Operations,buyer,sans_adresse,0,0,0
CON-061975,ENT-08384,IvorolexHub & Co,Head of HR Operations,buyer,adresse_perso,0,0,0
CON-067527,ENT-14022,QuantidorSoft & Co,HRBP,champion,adresse_perso,1,0,1
CON-073200,ENT-05947,Flexilumdata Group,Chargee de recrutement,utilisateur,adresse_perso,0,0,0
CON-034467,ENT-18042,VectobelFinance SARL,CHRO,buyer,adresse_perso,0,0,0
CON-046937,ENT-04162,Ederibeldynamics,Charge de recrutement,utilisateur,sans_adresse,0,0,0
CON-038000,ENT-05882,FlexigorFinance,HR Business Partner,champion,adresse_perso,0,0,0
CON-023850,ENT-09535,Lorrigorconseil & Co,,sans_titre,adresse_perso,1,0,2
CON-072299,ENT-09712,Lorripraworks SAS,Head of HR Operations,buyer,adresse_perso,0,0,0
CON-074224,ENT-02738,Cendraneximmo,Chief People Officer,buyer,sans_adresse,1,0,3
CON-049616,ENT-18239,Vectolumretail Group,HR Intern,bruit,sans_adresse,0,0,0
CON-000397,ENT-13012,OvaliquiMobility,Talent Acquisition Specialist,utilisateur,sans_adresse,0,0,0
CON-019782,ENT-14351,QuantiviaTech Group,Executive Assistant,bruit,adresse_perso,1,0,10
CON-031314,ENT-15173,Roccaviasolutions,People Ops Coordinator,utilisateur,adresse_perso,0,0,0
CON-069286,ENT-04931,Estevavensoft,HRBP,champion,sans_adresse,1,0,3
CON-047422,ENT-13450,Perrisoldynamics SAS,HR Intern,bruit,sans_adresse,0,0,0
CON-014351,ENT-17800,UlmiLogistics,Head of HR Operations,buyer,sans_adresse,0,0,0
CON-024287,ENT-06694,GrimogorGroup,,sans_titre,sans_adresse,0,0,0
CON-050165,ENT-01257,BelfobelImmo & Co,Recruiter,utilisateur,sans_adresse,1,0,6
CON-011646,ENT-18513,VertidorForge,Head of HR Operations,buyer,sans_adresse,1,0,9
CON-065890,ENT-15553,Serenivenmedia France,Office Manager,bruit,adresse_perso,0,0,0
CON-045616,ENT-12856,Ovalihalgroup SA,Recruiter,utilisateur,adresse_perso,1,0,2
CON-067874,ENT-02168,Caurifinindustries & Co,CHRO,buyer,sans_adresse,1,0,6
CON-027107,ENT-18036,VectobelConseil & Co,Office Manager,bruit,sans_adresse,1,0,5
CON-042805,ENT-16457,Sylvadorenergie SARL,HR Intern,bruit,adresse_perso,1,1,5
CON-011714,ENT-17386,TerraLogistics SA,Office Manager,bruit,adresse_perso,0,0,0
CON-023057,ENT-19675,WalliviaTech SAS,HR Business Partner,champion,sans_adresse,0,0,0
CON-052199,ENT-11964,NovadorRetail,Head of People,buyer,adresse_perso,0,0,0
CON-076179,ENT-00887,Axiocalservices,Head of People,buyer,sans_adresse,0,0,0
CON-000861,ENT-20276,ZephiLogistics SARL,People Ops Coordinator,utilisateur,adresse_perso,1,1,6
CON-003510,ENT-19309,WallicalSoft Group,,sans_titre,adresse_perso,0,0,0
CON-063441,ENT-01354,BelfogorFlow France,HR Intern,bruit,adresse_perso,0,0,0
CON-026581,ENT-04321,Ederilexretail SARL,People Ops Manager,champion,adresse_perso,1,1,7
CON-057484,ENT-13534,Perriviatech,Talent Acquisition Manager,champion,sans_adresse,0,0,0
CON-004487,ENT-13289,Perrilexfinance SA,Recruiter,utilisateur,sans_adresse,1,0,3
CON-053945,ENT-06052,FlexiquiMedia,Directeur RH,buyer,adresse_perso,0,0,0
CON-033715,ENT-18893,Vespibelsoft,Compensation & Benefits Manager,champion,adresse_perso,1,0,4
CON-066512,ENT-20349,ZephinexSolutions,Talent Acquisition Manager,champion,sans_adresse,0,0,0
CON-021313,ENT-14314,Quantivengroup,Executive Assistant,bruit,adresse_perso,1,0,5
CON-052273,ENT-16540,SylvahalPartners,,sans_titre,adresse_perso,0,0,0
CON-069193,ENT-18745,VertiquiServices SA,HR Officer,utilisateur,adresse_perso,0,0,0
CON-035024,ENT-17945,Ulmisolfinance,Office Manager,bruit,adresse_perso,0,0,0
CON-034724,ENT-12542,Optinexmobility SA,VP People,buyer,sans_adresse,0,0,0
CON-064651,ENT-05414,FernocalMedia,Talent Acquisition Specialist,utilisateur,sans_adresse,0,0,0
CON-000425,ENT-09626,LorrilumPartners SAS,Talent Acquisition Specialist,utilisateur,sans_adresse,0,0,0
CON-005163,ENT-14649,RapirinGroup,HR Business Partner,champion,sans_adresse,0,0,0
CON-012306,ENT-08896,Juntoquiconsulting,Talent Acquisition Specialist,utilisateur,adresse_perso,1,0,2
CON-015139,ENT-01198,AxioTech SA,Head of HR Operations,buyer,sans_adresse,1,0,5
CON-070696,ENT-06102,FlexisolServices SARL,Head of Talent Acquisition,buyer,adresse_perso,1,0,6
CON-029308,ENT-16028,StelladorDigital,HR Manager,champion,adresse_perso,0,0,0
CON-018357,ENT-14251,QuantirinLab,People Ops Coordinator,utilisateur,adresse_perso,0,0,0
CON-042845,ENT-00926,Axiofinfinance SAS,Head of Talent Acquisition,buyer,sans_adresse,0,0,0
CON-064569,ENT-10486,MavinexGroup SA,HR Business Partner,champion,adresse_perso,0,0,0
CON-043962,ENT-19117,Vespipraconsulting,Compensation & Benefits Manager,champion,sans_adresse,0,0,0
CON-045194,ENT-20482,Zephivenfood,,sans_titre,sans_adresse,0,0,0
CON-060360,ENT-03375,DelfidorRetail,HR Intern,bruit,adresse_perso,1,0,3
CON-018254,ENT-00910,AxiodorPharma SARL,CHRO,buyer,adresse_perso,1,0,4
CON-063128,ENT-16808,TalobelLogic Group,People Ops Manager,champion,sans_adresse,0,0,0
CON-056576,ENT-05416,Fernocalpharma SA,Office Manager,bruit,adresse_perso,0,0,0
CON-043099,ENT-14000,QuantiConsulting SAS,,sans_titre,adresse_perso,1,0,9
CON-055961,ENT-10461,MavimarForge Group,HRBP,champion,sans_adresse,0,0,0
CON-022427,ENT-02133,Cauridordynamics Group,People Ops Manager,champion,adresse_perso,1,0,5
CON-039091,ENT-18799,VertiSolutions SARL,HR Intern,bruit,sans_adresse,0,0,0
CON-075125,ENT-08917,JuntorinFinance,People Ops Coordinator,utilisateur,sans_adresse,0,0,0
CON-015351,ENT-16715,SylvasolForge Group,HR Manager,champion,adresse_perso,0,0,0
CON-049027,ENT-18375,Vectosolmedia SARL,People Ops Manager,champion,sans_adresse,0,0,0
CON-049241,ENT-09313,Kelvirindata,Charge de recrutement,utilisateur,sans_adresse,0,0,0
CON-040347,ENT-09962,LumigorGroup Group,Head of Talent Acquisition,buyer,sans_adresse,1,0,3
CON-032186,ENT-02610,CendragorHub,COO,buyer,sans_adresse,0,0,0
CON-055582,ENT-05184,Fabrimedia,Head of People,buyer,sans_adresse,1,0,6
CON-066074,ENT-08973,Juntotasfood SAS,Recruiter,utilisateur,adresse_perso,1,0,4
CON-072391,ENT-12860,OvalihalLabs Group,HR Manager,champion,adresse_perso,0,0,0
CON-035596,ENT-14621,RapiquiDigital & Co,Recruiter,utilisateur,adresse_perso,0,0,0
CON-001262,ENT-11550,Nordidorlab SA,Office Manager,bruit,adresse_perso,0,0,0
CON-037011,ENT-10091,Lumipartners SA,HR Officer,utilisateur,adresse_perso,0,0,0
CON-068875,ENT-06297,Gallihalconsulting & Co,Chief People Officer,buyer,sans_adresse,0,0,0
CON-003817,ENT-06254,GallifinFinance SARL,Responsable Recrutement,champion,sans_adresse,0,0,0
CON-022565,ENT-16254,StellapraPharma France,COO,buyer,sans_adresse,0,0,0
CON-067104,ENT-06411,Gallinexsystems,Recruiter,utilisateur,adresse_perso,0,0,0
CON-043811,ENT-10386,Mavihalflow France,Responsable Recrutement,champion,adresse_perso,0,0,0
CON-074388,ENT-09547,Lorrigorlogic,Responsable Recrutement,champion,sans_adresse,1,0,5
CON-008029,ENT-16348,StellatasLogistics SA,Office Manager,bruit,adresse_perso,0,0,0
CON-030338,ENT-16971,TalolexSystems,HR Business Partner,champion,adresse_perso,0,0,0
CON-048655,ENT-09263,KelvinexSystems,Head of HR Operations,buyer,sans_adresse,0,0,0
CON-035029,ENT-05698,Fernosolforge SAS,Chief People Officer,buyer,sans_adresse,0,0,0
CON-004597,ENT-12987,OvalipraMobility SA,HR Officer,utilisateur,sans_adresse,0,0,0
CON-018185,ENT-14672,RapisolEnergie SAS,Chief People Officer,buyer,sans_adresse,0,0,0
CON-064020,ENT-11661,NordilumConseil,COO,buyer,sans_adresse,0,0,0
CON-026351,ENT-19387,Walligorpartners,Executive Assistant,bruit,adresse_perso,0,0,0
CON-065683,ENT-17673,UlmidorFinance & Co,People Ops Manager,champion,sans_adresse,0,0,0
CON-062913,ENT-00756,ArdensolFlow SARL,Recruiter,utilisateur,sans_adresse,0,0,0
CON-044590,ENT-02652,CendraIndustries,HR Officer,utilisateur,sans_adresse,0,0,0
CON-062924,ENT-11999,NovagorConseil & Co,Head of Talent Acquisition,buyer,sans_adresse,0,0,0
CON-062692,ENT-00315,Altarinfood SARL,,sans_titre,adresse_perso,0,0,0
CON-002042,ENT-10884,MerimarRetail France,HR Director,buyer,adresse_perso,0,0,0
CON-046447,ENT-04027,Dorioquipartners SAS,Office Manager,bruit,sans_adresse,0,0,0
CON-043066,ENT-04836,EstevaquiWorks,CHRO,buyer,adresse_perso,0,0,0
CON-067768,ENT-05270,Fabririnindustries SA,HR Intern,bruit,sans_adresse,1,0,1
CON-065913,ENT-00192,Altalumhub,Executive Assistant,bruit,sans_adresse,0,0,0
CON-032127,ENT-13862,Primosolforge,Talent Acquisition Specialist,utilisateur,sans_adresse,0,0,0
CON-017084,ENT-03478,Delfilexpharma SA,Chief People Officer,buyer,sans_adresse,0,0,0
CON-033904,ENT-13622,PrimofinFinance & Co,Head of HR Operations,buyer,sans_adresse,0,0,0
CON-049644,ENT-15538,Serenitech France,HR Manager,champion,sans_adresse,0,0,0
CON-060801,ENT-02834,Cendrasollogistics SARL,HRBP,champion,adresse_perso,1,0,3
CON-020364,ENT-16779,Sylvaviaflow,Directeur RH,buyer,sans_adresse,1,0,4
CON-045915,ENT-19862,YellolumHub France,Talent Acquisition Specialist,utilisateur,adresse_perso,0,0,0
CON-041535,ENT-07954,Iberihalmedia,Head of Talent Acquisition,buyer,sans_adresse,0,0,0
CON-012645,ENT-06115,Flexitashub SAS,HR Business Partner,champion,sans_adresse,0,0,0
CON-032916,ENT-02960,Corticalsolutions Group,HR Business Partner,champion,sans_adresse,1,0,6
CON-005040,ENT-11155,NeoFinance SA,HR Manager,champion,sans_adresse,0,0,0
CON-011842,ENT-01666,Briobelconsulting,Directeur RH,buyer,sans_adresse,0,0,0
CON-005084,ENT-08774,Juntoindustries,Talent Acquisition Specialist,utilisateur,sans_adresse,0,0,0
CON-067167,ENT-12447,Optihalpartners,People Ops Coordinator,utilisateur,adresse_perso,0,0,0
CON-059046,ENT-03362,Delfidorenergie Group,HR Director,buyer,sans_adresse,0,0,0
CON-041383,ENT-15012,RoccapraDynamics & Co,HR Assistant,utilisateur,sans_adresse,0,0,0
CON-000684,ENT-06359,Gallilummobility SA,Head of Talent Acquisition,buyer,sans_adresse,0,0,0
CON-041175,ENT-07490,HeliofinHub,Chargee de recrutement,utilisateur,adresse_perso,0,0,0
CON-022132,ENT-08504,IvoroquiLogistics SARL,Chargee de recrutement,utilisateur,sans_adresse,0,0,0
CON-067943,ENT-03977,DorionexLabs,Charge de recrutement,utilisateur,sans_adresse,0,0,0
CON-001956,ENT-10967,Meririnconsulting SARL,People Ops Manager,champion,adresse_perso,0,0,0
CON-016979,ENT-05501,Fernohalconseil & Co,Directeur RH,buyer,sans_adresse,0,0,0
CON-064175,ENT-03082,Cortilexretail,Recruiter,utilisateur,adresse_perso,0,0,0
CON-044267,ENT-13554,Primobelretail SA,Talent Acquisition Manager,champion,sans_adresse,0,0,0
CON-000865,ENT-07708,HeliorinSoft SARL,Charge de recrutement,utilisateur,adresse_perso,0,0,0
CON-023119,ENT-06490,Gallisoft,HR Assistant,utilisateur,sans_adresse,0,0,0
CON-035037,ENT-10131,LumiquiMobility SARL,Head of People,buyer,adresse_perso,0,0,0
CON-061726,ENT-12018,Novagorsolutions,HR Assistant,utilisateur,sans_adresse,1,0,5
CON-025972,ENT-12915,OvalilumLogistics SAS,HR Assistant,utilisateur,sans_adresse,1,0,4
CON-073997,ENT-16920,TalohalConseil SA,HR Director,buyer,sans_adresse,0,0,0
CON-055435,ENT-11790,Nordirinsoft Group,,sans_titre,adresse_perso,0,0,0
CON-059016,ENT-03530,DelfiMedia & Co,Recruiter,utilisateur,sans_adresse,0,0,0
CON-049270,ENT-06762,Grimologistics SA,HR Manager,champion,adresse_perso,1,0,5
CON-030011,ENT-10927,MeripraImmo,HRBP,champion,sans_adresse,1,0,2
CON-058365,ENT-00726,ArdenrinDynamics,Talent Acquisition Manager,champion,adresse_perso,0,0,0
CON-076436,ENT-17048,Talopraconsulting,HR Assistant,utilisateur,sans_adresse,1,0,3
CON-065753,ENT-20192,Zephifinservices,HR Business Partner,champion,sans_adresse,0,0,0
CON-033979,ENT-13284,PerrilexConsulting,Talent Acquisition Specialist,utilisateur,sans_adresse,0,0,0
CON-029473,ENT-11688,Nordimargroup SA,Chief People Officer,buyer,adresse_perso,0,0,0
CON-012961,ENT-13660,Primogorsoft France,HR Manager,champion,adresse_perso,1,0,2
CON-060704,ENT-01099,AxiopraSystems,Compensation & Benefits Manager,champion,sans_adresse,1,0,3
CON-007164,ENT-10830,Merilexlab SAS,COO,buyer,adresse_perso,0,0,0
CON-010980,ENT-08786,JuntolexLab France,Executive Assistant,bruit,sans_adresse,0,0,0
CON-025668,ENT-10680,Meribelfood,,sans_titre,sans_adresse,1,0,3
CON-003781,ENT-03337,Delficalflow,Talent Acquisition Manager,champion,adresse_perso,0,0,0
CON-057816,ENT-03534,Delfinexdigital,Charge de recrutement,utilisateur,adresse_perso,0,0,0
CON-041324,ENT-18755,VertirinDynamics SA,Responsable Recrutement,champion,adresse_perso,0,0,0
CON-000465,ENT-04767,Estevamedia,HR Director,buyer,sans_adresse,1,0,2
CON-063803,ENT-10485,Mavinexforge,Recruiter,utilisateur,adresse_perso,0,0,0
CON-066906,ENT-10713,Mericaltech,Head of HR Operations,buyer,sans_adresse,1,0,2
CON-041985,ENT-02008,BriosolLabs,Responsable Recrutement,champion,sans_adresse,0,0,0
CON-004744,ENT-05309,FabritasDynamics SARL,Directrice RH,buyer,sans_adresse,0,0,0
CON-054225,ENT-19822,YellohalWorks,Head of HR Operations,buyer,adresse_perso,1,0,2
CON-043693,ENT-13743,PrimomarLogistics,HR Manager,champion,sans_adresse,1,0,14
CON-052258,ENT-03466,Delfilexflow SA,COO,buyer,sans_adresse,1,0,7
CON-029749,ENT-14357,Rapibeldigital Group,HR Director,buyer,sans_adresse,0,0,0
CON-023431,ENT-00439,Ardenbelfinance France,Responsable Recrutement,champion,sans_adresse,0,0,0
CON-060976,ENT-05132,Fabrilexsystems,Directrice RH,buyer,sans_adresse,0,0,0
CON-025248,ENT-15956,SoliviaEnergie SAS,Compensation & Benefits Manager,champion,sans_adresse,0,0,0
CON-033881,ENT-14928,RoccalexMedia SAS,Chief People Officer,buyer,adresse_perso,1,0,4
CON-023480,ENT-04039,Doriorindigital SA,Charge de recrutement,utilisateur,adresse_perso,0,0,0
CON-062348,ENT-16117,Stellahalimmo,Compensation & Benefits Manager,champion,sans_adresse,0,0,0
CON-035207,ENT-03020,Cortigorfinance SARL,Directrice RH,buyer,adresse_perso,1,0,1
CON-047559,ENT-09292,Kelviquidigital & Co,Talent Acquisition Specialist,utilisateur,sans_adresse,0,0,0
CON-008993,ENT-12851,OvalihalDynamics,,sans_titre,sans_adresse,0,0,0
CON-039221,ENT-17144,Talotasfood Group,People Ops Manager,champion,adresse_perso,0,0,0
CON-059004,ENT-17575,Terravenconseil,HR Business Partner,champion,sans_adresse,1,0,2
CON-059584,ENT-20096,ZephibelConseil,COO,buyer,adresse_perso,0,0,0
CON-031491,ENT-19361,Wallifinretail,Talent Acquisition Specialist,utilisateur,sans_adresse,1,0,2
CON-062505,ENT-13309,PerrilumData,Responsable Recrutement,champion,sans_adresse,1,0,6
CON-033578,ENT-06553,Gallivenlogistics,Executive Assistant,bruit,sans_adresse,1,0,2
CON-031473,ENT-08634,IvoroviaWorks,Compensation & Benefits Manager,champion,adresse_perso,0,0,0
CON-040868,ENT-04832,Estevaquiretail SARL,Chargee de recrutement,utilisateur,sans_adresse,1,0,4
CON-019991,ENT-18429,Vectovenservices SARL,Executive Assistant,bruit,sans_adresse,1,1,5
CON-069084,ENT-07148,Haldelexindustries SA,HR Officer,utilisateur,sans_adresse,0,0,0
CON-063498,ENT-02375,CauriquiWorks France,Responsable Recrutement,champion,sans_adresse,0,0,0
CON-074739,ENT-15182,SERENIBELFORGE,Talent Acquisition Manager,champion,adresse_perso,0,0,0
CON-001013,ENT-19880,YellomarEnergie,HR Director,buyer,sans_adresse,0,0,0
CON-015577,ENT-04544,EderiviaFlow & Co,HR Assistant,utilisateur,adresse_perso,0,0,0
CON-066788,ENT-15341,Serenilexpartners SARL,Chief People Officer,buyer,sans_adresse,0,0,0
CON-012403,ENT-19097,VespinexFinance & Co,Talent Acquisition Specialist,utilisateur,sans_adresse,0,0,0
CON-052556,ENT-05669,FernorinDigital Group,People Ops Manager,champion,adresse_perso,0,0,0
CON-019244,ENT-09480,Lorridigital Group,Head of Talent Acquisition,buyer,sans_adresse,1,0,6
CON-049196,ENT-20235,Zephihalflow SA,HR Business Partner,champion,adresse_perso,0,0,0
CON-007517,ENT-17812,UlmilumLab,COO,buyer,sans_adresse,0,0,0
CON-014869,ENT-04179,EdericalConseil SA,Head of HR Operations,buyer,adresse_perso,1,0,6
CON-050645,ENT-05237,Fabriquidata SARL,Talent Acquisition Manager,champion,adresse_perso,0,0,0
CON-015818,ENT-12887,OvalilexImmo,Recruiter,utilisateur,sans_adresse,1,0,4
CON-061869,ENT-05869,Flexifinservices,,sans_titre,sans_adresse,0,0,0
CON-075544,ENT-11278,NeomarFood,Responsable Recrutement,champion,sans_adresse,0,0,0
CON-039099,ENT-07478,Heliodynamics,HRBP,champion,sans_adresse,0,0,0
CON-036876,ENT-07544,Heliohalpartners & Co,Directrice RH,buyer,sans_adresse,0,0,0
CON-027249,ENT-07063,HaldeDynamics Group,Talent Acquisition Manager,champion,sans_adresse,0,0,0
CON-052351,ENT-19739,YellodorPartners SA,Talent Acquisition Manager,champion,sans_adresse,1,0,3
CON-065621,ENT-10885,MerimarServices Group,Head of Talent Acquisition,buyer,sans_adresse,1,0,5
CON-027026,ENT-15490,Sereniservices & Co,VP People,buyer,adresse_perso,1,0,1
CON-048493,ENT-17040,TalonexPartners & Co,HR Manager,champion,adresse_perso,0,0,0
CON-066657,ENT-11329,Neoprafinance,Talent Acquisition Manager,champion,adresse_perso,0,0,0
CON-074822,ENT-18598,VertihalRetail,COO,buyer,sans_adresse,0,0,0
CON-019809,ENT-16385,Stellaviaconseil,Office Manager,bruit,sans_adresse,0,0,0
CON-019486,ENT-14719,RapivenIndustries Group,,sans_titre,sans_adresse,0,0,0
CON-056928,ENT-03648,Delfisolsoft France,Talent Acquisition Manager,champion,adresse_perso,1,1,6
CON-055508,ENT-09597,Lorrilexmedia,CEO,buyer,sans_adresse,0,0,0
CON-064818,ENT-03678,DelfitasSystems,People Ops Coordinator,utilisateur,adresse_perso,0,0,0
CON-048305,ENT-02748,Cendranexsystems Group,Talent Acquisition Manager,champion,sans_adresse,0,0,0
CON-034815,ENT-04919,Estevavenhub SAS,HR Manager,champion,adresse_perso,1,0,3
CON-032546,ENT-07495,Heliofinlogistics,Executive Assistant,bruit,adresse_perso,0,0,0
CON-014989,ENT-03829,Doriogorenergie,HR Intern,bruit,sans_adresse,0,0,0
CON-042872,ENT-12198,Novaringroup,Executive Assistant,bruit,sans_adresse,0,0,0
CON-038084,ENT-00220,Altamarlabs,Head of Talent Acquisition,buyer,adresse_perso,0,0,0
CON-000455,ENT-08069,IberipraDigital SARL,HR Assistant,utilisateur,adresse_perso,0,0,0
CON-075190,ENT-04634,EstevafinFinance,HR Officer,utilisateur,sans_adresse,1,0,9
CON-061104,ENT-18673,Vertimarlogistics France,Talent Acquisition Specialist,utilisateur,sans_adresse,1,0,1
CON-016611,ENT-17308,Terragorconseil,HR Business Partner,champion,adresse_perso,1,0,5
CON-062686,ENT-20398,Zephiquipartners SAS,People Ops Coordinator,utilisateur,sans_adresse,1,1,3
CON-006845,ENT-03805,Doriofindigital SARL,Charge de recrutement,utilisateur,adresse_perso,0,0,0
CON-006185,ENT-03883,DoriolexData Group,Recruiter,utilisateur,adresse_perso,0,0,0
CON-013687,ENT-11167,Neofinlab SARL,CEO,buyer,adresse_perso,1,0,4
CON-034872,ENT-14531,Rapilumgroup SA,Head of Talent Acquisition,buyer,sans_adresse,0,0,0
CON-002409,ENT-06232,Gallidorgroup SAS,HR Director,buyer,sans_adresse,0,0,0
CON-056674,ENT-14749,RapiviaSoft SARL,Talent Acquisition Specialist,utilisateur,sans_adresse,0,0,0
CON-045786,ENT-09060,KelvicalDynamics,HR Intern,bruit,sans_adresse,0,0,0
CON-046558,ENT-18736,VertiquiForge,Charge de recrutement,utilisateur,adresse_perso,1,0,6
CON-068689,ENT-06273,GalliForge SA,,sans_titre,sans_adresse,0,0,0
CON-039954,ENT-03367,Delfidorimmo SARL,Recruiter,utilisateur,adresse_perso,1,0,8
CON-015695,ENT-06851,Grimoprasystems,Head of HR Operations,buyer,sans_adresse,0,0,0
CON-074586,ENT-04381,Ederinexhub SARL,COO,buyer,sans_adresse,0,0,0
CON-013123,ENT-17302,TerrafinSolutions SAS,Talent Acquisition Specialist,utilisateur,sans_adresse,1,0,5
CON-007569,ENT-10962,MeriquiSoft,CHRO,buyer,sans_adresse,1,0,2
CON-064153,ENT-12283,NovaviaFlow,HR Manager,champion,adresse_perso,0,0,0
CON-025156,ENT-04617,Estevadorlogic SA,,sans_titre,adresse_perso,0,0,0
CON-004020,ENT-11764,Nordiquilogic,HR Manager,champion,adresse_perso,0,0,0
CON-040891,ENT-12266,Novavenhub,Chargee de recrutement,utilisateur,sans_adresse,0,0,0
CON-060075,ENT-17351,TerrahalServices & Co,HR Business Partner,champion,adresse_perso,0,0,0
CON-028633,ENT-02962,Corticonseil SARL,People Ops Manager,champion,sans_adresse,1,0,2
CON-009574,ENT-04102,Doriotassoft SA,HR Officer,utilisateur,adresse_perso,1,0,9
CON-043147,ENT-09820,Lorrivenservices Group,Charge de recrutement,utilisateur,sans_adresse,0,0,0
CON-037865,ENT-04497,EderitasDynamics,Charge de recrutement,utilisateur,sans_adresse,0,0,0
CON-074061,ENT-05362,FabriviaFlow SAS,Chargee de recrutement,utilisateur,sans_adresse,0,0,0
CON-033489,ENT-20290,Zephilumlab Group,CHRO,buyer,sans_adresse,1,0,3
CON-035282,ENT-08868,Juntonexworks,HR Assistant,utilisateur,sans_adresse,0,0,0
CON-012331,ENT-00817,ArdenvenSolutions,HR Intern,bruit,sans_adresse,0,0,0
CON-049806,ENT-11633,NordiHub,People Ops Coordinator,utilisateur,sans_adresse,0,0,0
CON-059580,ENT-13305,PerriLogic,Recruiter,utilisateur,adresse_perso,1,1,4
CON-001526,ENT-15712,Solihalsolutions,People Ops Manager,champion,adresse_perso,1,0,3
CON-042585,ENT-09032,JuntoviaWorks,Head of HR Operations,buyer,adresse_perso,0,0,0
CON-035256,ENT-05298,FabrisolPartners Group,Responsable Recrutement,champion,adresse_perso,0,0,0
CON-060933,ENT-06168,FlexiviaSystems,Talent Acquisition Specialist,utilisateur,sans_adresse,0,0,0
CON-075216,ENT-20290,Zephilumlab Group,People Ops Coordinator,utilisateur,sans_adresse,0,0,0
CON-062163,ENT-05480,FernogorDynamics SARL,HR Intern,bruit,adresse_perso,0,0,0
CON-060037,ENT-01552,BelforinEnergie Group,HR Intern,bruit,adresse_perso,0,0,0
CON-066802,ENT-15650,Solidortech SAS,Responsable Recrutement,champion,sans_adresse,0,0,0
CON-035852,ENT-02651,Cendraimmo,Responsable Recrutement,champion,adresse_perso,0,0,0
CON-072989,ENT-02968,CortidorData & Co,Chargee de recrutement,utilisateur,adresse_perso,0,0,0
CON-007889,ENT-16265,Stellaquidynamics,Directeur RH,buyer,adresse_perso,0,0,0
CON-064902,ENT-20390,Zephiquihub,,sans_titre,adresse_perso,1,0,2
CON-010193,ENT-17447,TerranexLogic,HR Assistant,utilisateur,sans_adresse,0,0,0
CON-027266,ENT-00123,Altagorlogic,HR Manager,champion,sans_adresse,1,0,4
CON-035792,ENT-10398,MavihalServices SAS,Chief People Officer,buyer,sans_adresse,0,0,0
CON-065467,ENT-09102,Kelvidorsoft & Co,HR Manager,champion,sans_adresse,0,0,0
CON-031794,ENT-13208,Perrifindynamics & Co,Head of HR Operations,buyer,adresse_perso,0,0,0
CON-051637,ENT-10118,Lumiquidata & Co,HR Intern,bruit,adresse_perso,0,0,0
CON-026966,ENT-11192,Neogorpharma,COO,buyer,sans_adresse,1,0,2
CON-054359,ENT-13976,Quanticaldata,HR Business Partner,champion,sans_adresse,0,0,0
CON-024160,ENT-00876,Axiocalhub,Charge de recrutement,utilisateur,sans_adresse,0,0,0
CON-009963,ENT-18015,Ulmiviadata,Chargee de recrutement,utilisateur,sans_adresse,0,0,0
CON-068567,ENT-15804,Solinexmedia France,Talent Acquisition Manager,champion,sans_adresse,1,0,4
CON-068665,ENT-14539,RapilumMobility,Office Manager,bruit,sans_adresse,0,0,0
CON-071192,ENT-15206,Serenicalmobility SARL,Chief People Officer,buyer,sans_adresse,0,0,0
CON-041319,ENT-06619,GrimocalForge,Charge de recrutement,utilisateur,sans_adresse,1,1,3
CON-062121,ENT-08184,Iberivendata,HR Director,buyer,sans_adresse,0,0,0
CON-076496,ENT-18310,VectopraPartners Group,,sans_titre,adresse_perso,0,0,0
CON-068812,ENT-05742,Fernovendynamics SARL,HR Assistant,utilisateur,sans_adresse,1,0,2
CON-076073,ENT-07398,HaldeWorks SARL,HR Business Partner,champion,sans_adresse,1,0,3
CON-023021,ENT-05721,Fernotasflow,Office Manager,bruit,sans_adresse,0,0,0
CON-027918,ENT-00845,AxiobelDynamics,Directeur RH,buyer,adresse_perso,0,0,0
CON-073336,ENT-03994,DoriopraFinance,Responsable Recrutement,champion,sans_adresse,0,0,0
CON-072749,ENT-19839,Yellolexlab,HR Manager,champion,sans_adresse,0,0,0
CON-050490,ENT-03866,Doriohallogic SAS,Chargee de recrutement,utilisateur,sans_adresse,0,0,0
CON-074356,ENT-15259,SerenifinMedia France,Responsable Recrutement,champion,adresse_perso,0,0,0
CON-030798,ENT-06219,Gallicalworks,HR Manager,champion,adresse_perso,0,0,0
CON-024426,ENT-07881,IberidorSolutions SARL,People Ops Coordinator,utilisateur,sans_adresse,1,0,4
CON-016046,ENT-00498,ArdendorLabs,Recruiter,utilisateur,sans_adresse,0,0,0
CON-022264,ENT-02302,Caurinexconseil,,sans_titre,sans_adresse,0,0,0
CON-058867,ENT-02229,CauriHub,HR Business Partner,champion,adresse_perso,0,0,0
CON-065817,ENT-07054,Haldedorlogistics Group,,sans_titre,adresse_perso,0,0,0
CON-053034,ENT-01962,BrioquiLabs France,HRBP,champion,sans_adresse,0,0,0
CON-074797,ENT-08048,IberinexFlow,HR Intern,bruit,sans_adresse,0,0,0
CON-046416,ENT-03014,Cortifinworks,People Ops Manager,champion,sans_adresse,1,0,2
CON-052277,ENT-03138,Cortinexconseil France,COO,buyer,sans_adresse,1,0,5
CON-026103,ENT-13844,PrimorinPharma France,,sans_titre,adresse_perso,1,0,5
CON-027141,ENT-11209,NeohalImmo SAS,Recruiter,utilisateur,adresse_perso,0,0,0
CON-054036,ENT-12333,Opticalgroup,Office Manager,bruit,sans_adresse,0,0,0
CON-008529,ENT-14778,Roccabelworks SARL,Executive Assistant,bruit,sans_adresse,0,0,0
CON-021921,ENT-00371,Altataslabs SARL,Charge de recrutement,utilisateur,sans_adresse,1,0,3
CON-048764,ENT-01036,Axiomardata SARL,Recruiter,utilisateur,adresse_perso,1,1,4
CON-046596,ENT-08453,Ivoronexlabs SARL,People Ops Coordinator,utilisateur,sans_adresse,1,0,4
CON-072545,ENT-10342,Mavifinimmo SAS,Directeur RH,buyer,adresse_perso,0,0,0
CON-042555,ENT-01004,Axiolexlogic France,Chargee de recrutement,utilisateur,adresse_perso,0,0,0
CON-004493,ENT-14233,QuantiquiRetail SAS,Compensation & Benefits Manager,champion,sans_adresse,0,0,0
CON-075650,ENT-11078,MeriviaRetail SARL,People Ops Coordinator,utilisateur,adresse_perso,0,0,0
CON-053937,ENT-14859,RoccagorData France,Charge de recrutement,utilisateur,adresse_perso,0,0,0
CON-057441,ENT-10514,MavipraHub Group,HR Assistant,utilisateur,adresse_perso,0,0,0
CON-043540,ENT-00054,Altadigital SA,HR Intern,bruit,sans_adresse,1,1,9
CON-031781,ENT-11370,NeoquiServices,Chargee de recrutement,utilisateur,adresse_perso,0,0,0
CON-068312,ENT-04371,Ederimarsystems,CHRO,buyer,sans_adresse,1,0,2
CON-062097,ENT-00371,Altataslabs SARL,Talent Acquisition Manager,champion,sans_adresse,0,0,0
CON-010932,ENT-16685,Sylvaquisystems SARL,HR Business Partner,champion,adresse_perso,0,0,0
CON-066532,ENT-00729,Ardenrinflow,Directrice RH,buyer,adresse_perso,0,0,0
CON-032988,ENT-06245,GallidorWorks,Executive Assistant,bruit,sans_adresse,0,0,0
CON-075207,ENT-09628,Lorrilumretail,Chargee de recrutement,utilisateur,adresse_perso,0,0,0
CON-019355,ENT-20137,Zephicalpharma,People Ops Manager,champion,adresse_perso,0,0,0
CON-012869,ENT-12793,Ovalidorworks,HR Officer,utilisateur,adresse_perso,1,0,5
CON-057388,ENT-12999,OvaliquiDigital Group,HR Intern,bruit,sans_adresse,0,0,0
CON-020289,ENT-11594,Nordigorflow SARL,Responsable Recrutement,champion,sans_adresse,0,0,0
CON-030657,ENT-17707,UlmifinHub Group,HR Business Partner,champion,sans_adresse,0,0,0
CON-053112,ENT-09421,KelviviaServices,Chargee de recrutement,utilisateur,sans_adresse,0,0,0
CON-008627,ENT-14450,Rapifood France,COO,buyer,sans_adresse,0,0,0
CON-020189,ENT-11206,Neohalforge,HR Business Partner,champion,sans_adresse,1,0,2
CON-045448,ENT-07502,HeliofinTech,HR Assistant,utilisateur,adresse_perso,0,0,0
CON-007695,ENT-16091,StellagorLab,Talent Acquisition Manager,champion,adresse_perso,0,0,0
CON-029053,ENT-06795,GrimomarGroup,Compensation & Benefits Manager,champion,adresse_perso,0,0,0
CON-014345,ENT-00901,Axiodorfood SA,HRBP,champion,adresse_perso,1,0,7
CON-007464,ENT-13600,Primodorhub SAS,Talent Acquisition Specialist,utilisateur,sans_adresse,0,0,0
CON-019800,ENT-12323,OPTIBELSYSTEMS,HRBP,champion,sans_adresse,0,0,0
CON-006515,ENT-10775,MerigorForge Group,Charge de recrutement,utilisateur,sans_adresse,0,0,0
CON-020266,ENT-09137,Kelvigorimmo,CEO,buyer,sans_adresse,0,0,0
CON-033106,ENT-09907,Lumidorfood SARL,HRBP,champion,adresse_perso,0,0,0
CON-020072,ENT-15414,Sereninexsystems,HR Intern,bruit,adresse_perso,0,0,0
CON-001687,ENT-15785,Solimarpharma,Office Manager,bruit,sans_adresse,0,0,0
CON-045244,ENT-08055,Iberinexlabs SA,HRBP,champion,adresse_perso,0,0,0
CON-062607,ENT-07020,HaldecalConsulting Group,HR Business Partner,champion,sans_adresse,0,0,0
CON-022513,ENT-05380,Fernobeldata,,sans_titre,adresse_perso,0,0,0
CON-046783,ENT-15211,Serenicalsystems Group,CEO,buyer,adresse_perso,0,0,0
CON-006323,ENT-16019,Stellacalretail France,Executive Assistant,bruit,sans_adresse,0,0,0
CON-045328,ENT-06566,GalliviaEnergie France,COO,buyer,sans_adresse,0,0,0
CON-012440,ENT-10537,MaviquiImmo,Compensation & Benefits Manager,champion,adresse_perso,1,0,4
CON-064263,ENT-20203,ZephigorData SARL,Recruiter,utilisateur,sans_adresse,0,0,0
CON-023515,ENT-20467,Zephitasmobility SARL,Head of People,buyer,sans_adresse,0,0,0
CON-017143,ENT-05373,FabriviaServices Group,Responsable Recrutement,champion,sans_adresse,0,0,0
CON-048425,ENT-08085,Iberipraretail,HR Manager,champion,sans_adresse,0,0,0
CON-071492,ENT-04033,Dorioquitech SA,VP Human Resources,buyer,sans_adresse,0,0,0
CON-039262,ENT-12747,Ovalicalfinance SAS,HR Officer,utilisateur,adresse_perso,0,0,0
CON-052433,ENT-03904,Doriolexsolutions,Talent Acquisition Specialist,utilisateur,sans_adresse,0,0,0
CON-029309,ENT-10995,Merisoldata & Co,Talent Acquisition Manager,champion,sans_adresse,1,0,6
CON-063858,ENT-15285,Serenigormedia SAS,HR Business Partner,champion,sans_adresse,0,0,0
CON-001770,ENT-01900,BrioMobility,Compensation & Benefits Manager,champion,sans_adresse,0,0,0
CON-019926,ENT-13228,PerrifinWorks,Head of HR Operations,buyer,adresse_perso,0,0,0
CON-066554,ENT-04008,DorioquiConsulting SAS,HR Business Partner,champion,sans_adresse,0,0,0
CON-014564,ENT-17286,Terrafinflow & Co,Head of HR Operations,buyer,sans_adresse,1,0,1
CON-002466,ENT-07150,HaldelexLabs SA,Directrice RH,buyer,sans_adresse,0,0,0
CON-048272,ENT-14481,RapihalImmo SAS,Responsable Recrutement,champion,adresse_perso,0,0,0
CON-054696,ENT-08023,IberimarForge,Responsable Recrutement,champion,adresse_perso,1,0,4
CON-065774,ENT-14236,Quantiquisolutions SAS,,sans_titre,adresse_perso,0,0,0
CON-025571,ENT-12548,OptinexSolutions SA,Responsable Recrutement,champion,adresse_perso,0,0,0
CON-044678,ENT-18678,Vertimarretail SAS,VP People,buyer,sans_adresse,1,0,3
CON-062459,ENT-18765,VertirinLogistics SA,HR Assistant,utilisateur,sans_adresse,1,0,2
CON-008303,ENT-09731,Lorriquisystems Group,Responsable Recrutement,champion,adresse_perso,0,0,0
CON-036246,ENT-14811,Roccadorflow,Charge de recrutement,utilisateur,adresse_perso,1,0,4
CON-070480,ENT-16695,SylvarinHub & Co,CEO,buyer,adresse_perso,0,0,0
CON-020937,ENT-12233,NovasolSolutions France,Recruiter,utilisateur,adresse_perso,0,0,0
CON-041907,ENT-04055,DoriorinServices & Co,Talent Acquisition Manager,champion,sans_adresse,1,0,5
CON-044761,ENT-09943,Lumifinmobility,People Ops Coordinator,utilisateur,sans_adresse,0,0,0
CON-054631,ENT-03215,CortirinMobility SARL,People Ops Manager,champion,adresse_perso,0,0,0
CON-003830,ENT-07594,HeliolumPharma France,Talent Acquisition Specialist,utilisateur,sans_adresse,0,0,0
CON-077199,ENT-08840,JuntomarSolutions,HR Officer,utilisateur,sans_adresse,1,0,8
CON-041631,ENT-04117,DoriovenHub,HR Business Partner,champion,sans_adresse,1,0,2
CON-063502,ENT-00991,Axiolexconseil,Head of Talent Acquisition,buyer,sans_adresse,1,0,3
CON-035472,ENT-08579,IvorotasServices,Head of People,buyer,sans_adresse,1,0,4
CON-008503,ENT-10299,Mavicalservices,Compensation & Benefits Manager,champion,sans_adresse,0,0,0
CON-067226,ENT-14073,Quantigorsystems France,HRBP,champion,sans_adresse,0,0,0
CON-038206,ENT-15242,Serenifinance,Head of HR Operations,buyer,sans_adresse,0,0,0
CON-050546,ENT-20360,ZephipraFinance SAS,Chargee de recrutement,utilisateur,sans_adresse,1,0,5
CON-061795,ENT-09241,Kelvimarservices & Co,Head of Talent Acquisition,buyer,sans_adresse,0,0,0
CON-070073,ENT-01657,Belfoviapharma,Charge de recrutement,utilisateur,adresse_perso,0,0,0
CON-049026,ENT-18375,Vectosolmedia SARL,Head of HR Operations,buyer,adresse_perso,0,0,0
CON-064611,ENT-15332,SerenilexHub Group,Recruiter,utilisateur,adresse_perso,0,0,0
CON-044386,ENT-13065,OvalisolSolutions SAS,Charge de recrutement,utilisateur,adresse_perso,0,0,0
CON-042355,ENT-05260,Fabririnconseil,HR Intern,bruit,adresse_perso,0,0,0
CON-029123,ENT-14093,QuantihalServices,HR Intern,bruit,sans_adresse,1,0,3
CON-043586,ENT-19780,Yellogorfinance,People Ops Coordinator,utilisateur,adresse_perso,0,0,0
CON-047776,ENT-16550,Sylvalabs SA,People Ops Manager,champion,adresse_perso,1,0,1
CON-029477,ENT-00015,AltabelLogic Group,Office Manager,bruit,sans_adresse,0,0,0
CON-008988,ENT-01067,Axioneximmo,CEO,buyer,sans_adresse,1,0,4
CON-064372,ENT-16190,Stellamarhub SAS,CEO,buyer,adresse_perso,0,0,0
CON-006401,ENT-03474,DelfilexLogistics Group,People Ops Manager,champion,adresse_perso,1,0,4
CON-076389,ENT-15240,SereniDynamics SAS,,sans_titre,adresse_perso,1,0,4
CON-044715,ENT-03882,DoriolexConsulting Group,People Ops Manager,champion,sans_adresse,1,0,3
CON-071298,ENT-13448,PerrisolData SARL,Head of People,buyer,sans_adresse,0,0,0
CON-057811,ENT-18767,Vertirinpartners,CHRO,buyer,adresse_perso,0,0,0
CON-053487,ENT-03810,DoriofinForge,HR Intern,bruit,adresse_perso,0,0,0
CON-006682,ENT-05452,FernofinDigital & Co,People Ops Manager,champion,sans_adresse,0,0,0
CON-075226,ENT-00164,Altalexdata SARL,Talent Acquisition Specialist,utilisateur,adresse_perso,1,0,3
CON-050024,ENT-05379,Fernobelconsulting SA,HR Business Partner,champion,sans_adresse,0,0,0
CON-027689,ENT-08119,IberirinEnergie,Compensation & Benefits Manager,champion,sans_adresse,0,0,0
CON-058100,ENT-16204,StellaMedia France,Executive Assistant,bruit,sans_adresse,0,0,0
CON-056274,ENT-15332,SerenilexHub Group,Executive Assistant,bruit,adresse_perso,0,0,0
CON-009078,ENT-16418,SylvabelLab & Co,HRBP,champion,sans_adresse,0,0,0
CON-019013,ENT-06674,GrimofinLogistics,CHRO,buyer,sans_adresse,0,0,0
CON-032495,ENT-00679,ArdenpraData SARL,People Ops Coordinator,utilisateur,sans_adresse,0,0,0
CON-046634,ENT-09342,KelvisolFinance SAS,Recruiter,utilisateur,adresse_perso,1,0,3
CON-034712,ENT-13117,OvaliviaDynamics Group,Talent Acquisition Manager,champion,adresse_perso,0,0,0
CON-050223,ENT-15153,Roccavenworks SARL,HR Intern,bruit,sans_adresse,0,0,0
CON-068900,ENT-17107,TalorinRetail,HR Manager,champion,adresse_perso,0,0,0
CON-015377,ENT-05136,FabrilumConseil,HR Manager,champion,sans_adresse,0,0,0
CON-039066,ENT-13286,Perrilexdigital SAS,Recruiter,utilisateur,sans_adresse,0,0,0
CON-052870,ENT-14957,RoccalumWorks SA,Charge de recrutement,utilisateur,sans_adresse,0,0,0
CON-056599,ENT-07656,HeliopraHub & Co,People Ops Coordinator,utilisateur,sans_adresse,1,0,2
CON-033598,ENT-09849,Lumibelconsulting,CEO,buyer,adresse_perso,0,0,0
CON-055522,ENT-07929,Iberigormobility,Office Manager,bruit,sans_adresse,0,0,0
CON-004582,ENT-17326,TerragorServices,CEO,buyer,sans_adresse,0,0,0
CON-030144,ENT-11714,NordinexHub,HR Intern,bruit,sans_adresse,1,0,6
CON-071504,ENT-10255,Lumiviatech France,Executive Assistant,bruit,sans_adresse,0,0,0
CON-014324,ENT-16742,Sylvataslab,Directeur RH,buyer,adresse_perso,0,0,0
CON-024055,ENT-06875,Grimoquisoft & Co,CHRO,buyer,adresse_perso,1,0,5
CON-039878,ENT-00417,Altaviahub,People Ops Manager,champion,sans_adresse,1,0,4
CON-046021,ENT-05202,Fabrinexpartners SA,People Ops Manager,champion,adresse_perso,1,0,1
CON-022754,ENT-08907,JuntoquiPharma,Chargee de recrutement,utilisateur,adresse_perso,0,0,0
CON-040081,ENT-07891,IberifinEnergie SA,Charge de recrutement,utilisateur,sans_adresse,1,0,5
CON-058600,ENT-06342,Gallilexsystems SARL,Charge de recrutement,utilisateur,adresse_perso,0,0,0
CON-022320,ENT-02504,CendrabelDigital France,HR Officer,utilisateur,adresse_perso,0,0,0
CON-019784,ENT-14351,QuantiviaTech Group,Head of HR Operations,buyer,sans_adresse,0,0,0
CON-059689,ENT-17020,TalomarTech SARL,Executive Assistant,bruit,sans_adresse,1,0,8
CON-029674,ENT-02791,CendraquiMedia SAS,Recruiter,utilisateur,sans_adresse,0,0,0
CON-045023,ENT-00901,Axiodorfood SA,Recruiter,utilisateur,adresse_perso,0,0,0
CON-055038,ENT-17301,TerrafinSoft France,Charge de recrutement,utilisateur,adresse_perso,0,0,0
CON-034227,ENT-13612,PrimodorSystems,Compensation & Benefits Manager,champion,sans_adresse,0,0,0
CON-047986,ENT-00156,Altahaltech,HR Assistant,utilisateur,adresse_perso,0,0,0
CON-050949,ENT-03267,Cortivendynamics,Office Manager,bruit,sans_adresse,0,0,0
CON-042985,ENT-17834,Ulmimarimmo France,COO,buyer,adresse_perso,1,0,3
CON-057045,ENT-12121,Novanexenergie,Head of Talent Acquisition,buyer,adresse_perso,0,0,0
CON-003140,ENT-11649,NordilexLogistics,Talent Acquisition Specialist,utilisateur,sans_adresse,0,0,0
CON-042712,ENT-19703,YellocalFlow,CEO,buyer,sans_adresse,0,0,0
CON-041997,ENT-18460,VertibelEnergie & Co,HR Officer,utilisateur,sans_adresse,1,1,3
CON-076041,ENT-17517,Terrarinmobility,Recruiter,utilisateur,sans_adresse,0,0,0
CON-046890,ENT-19851,YelloLogistics Group,CEO,buyer,adresse_perso,0,0,0
CON-045495,ENT-11670,NordilumLabs,,sans_titre,adresse_perso,0,0,0
CON-051804,ENT-07630,HelionexDynamics,Head of Talent Acquisition,buyer,adresse_perso,1,0,2
CON-046602,ENT-13894,Primotaspharma & Co,CEO,buyer,sans_adresse,0,0,0
CON-003082,ENT-09977,Lumigortech,People Ops Manager,champion,sans_adresse,0,0,0
CON-051582,ENT-13819,PrimoquiMobility,Chargee de recrutement,utilisateur,adresse_perso,0,0,0
CON-067514,ENT-04088,DoriotasDigital,,sans_titre,sans_adresse,0,0,0
CON-007408,ENT-07316,HaldesolGroup Group,Executive Assistant,bruit,sans_adresse,1,0,5
CON-028410,ENT-06703,GrimogorPharma,HR Manager,champion,sans_adresse,0,0,0
CON-046326,ENT-05785,Flexibelenergie SAS,Head of Talent Acquisition,buyer,sans_adresse,1,0,6
CON-063061,ENT-10650,Maviviadynamics SAS,Office Manager,bruit,sans_adresse,0,0,0
CON-046867,ENT-07168,HaldelumEnergie & Co,Recruiter,utilisateur,sans_adresse,0,0,0
CON-041596,ENT-07894,IberifinFood & Co,Talent Acquisition Specialist,utilisateur,adresse_perso,1,0,1
CON-029011,ENT-11617,NordihalEnergie,People Ops Coordinator,utilisateur,sans_adresse,0,0,0
CON-069182,ENT-04883,EstevasolRetail,Charge de recrutement,utilisateur,sans_adresse,0,0,0
CON-022133,ENT-08504,IvoroquiLogistics SARL,HR Intern,bruit,adresse_perso,0,0,0
CON-076120,ENT-06674,GrimofinLogistics,Charge de recrutement,utilisateur,sans_adresse,0,0,0
CON-054135,ENT-07648,HelioPharma SA,People Ops Coordinator,utilisateur,sans_adresse,0,0,0
CON-001299,ENT-09086,KelvidorData,Charge de recrutement,utilisateur,adresse_perso,0,0,0
CON-029381,ENT-17397,TerralumImmo,Executive Assistant,bruit,sans_adresse,0,0,0
CON-016260,ENT-19720,Yellodigital France,Recruiter,utilisateur,sans_adresse,0,0,0
CON-012170,ENT-14728,RapivenRetail,Talent Acquisition Specialist,utilisateur,adresse_perso,0,0,0
CON-010094,ENT-09091,KelvidorHub SARL,Recruiter,utilisateur,sans_adresse,1,0,6
CON-028048,ENT-06799,Grimomarlabs & Co,People Ops Coordinator,utilisateur,sans_adresse,0,0,0
CON-036517,ENT-06056,FlexiquiSystems SA,HRBP,champion,sans_adresse,1,0,2
CON-002970,ENT-01787,Briogorservices,Chargee de recrutement,utilisateur,adresse_perso,0,0,0
CON-073928,ENT-18674,VERTIMARMEDIA,Charge de recrutement,utilisateur,adresse_perso,0,0,0
CON-001432,ENT-20178,Zephifinflow SA,People Ops Manager,champion,adresse_perso,0,0,0
CON-006078,ENT-07734,HelioSolutions SAS,Chargee de recrutement,utilisateur,sans_adresse,0,0,0
CON-002475,ENT-01688,BriocalConseil,Compensation & Benefits Manager,champion,adresse_perso,1,0,6
CON-076153,ENT-11627,Nordihalpartners & Co,Chargee de recrutement,utilisateur,sans_adresse,0,0,0
CON-007576,ENT-19955,Yelloquienergie & Co,VP Human Resources,buyer,adresse_perso,1,0,2
CON-039766,ENT-09295,KelviquiFlow,Chargee de recrutement,utilisateur,sans_adresse,1,0,8
CON-003512,ENT-13871,Primosolpharma & Co,Office Manager,bruit,sans_adresse,0,0,0
CON-050249,ENT-06423,GallipraForge,HR Intern,bruit,sans_adresse,0,0,0
CON-013214,ENT-17153,TalotasMobility,CEO,buyer,sans_adresse,0,0,0
CON-032075,ENT-00026,AltacalConseil SAS,People Ops Manager,champion,sans_adresse,0,0,0
CON-043926,ENT-10154,LumirinServices Group,Compensation & Benefits Manager,champion,sans_adresse,0,0,0
CON-044103,ENT-17595,Terravenworks France,Chargee de recrutement,utilisateur,adresse_perso,0,0,0
CON-041509,ENT-05405,FernocalFood SARL,Chief People Officer,buyer,adresse_perso,0,0,0
CON-073632,ENT-01591,BelfosolServices SARL,Head of Talent Acquisition,buyer,adresse_perso,0,0,0
CON-025391,ENT-16505,SylvagorConsulting & Co,Directeur RH,buyer,sans_adresse,0,0,0
CON-023012,ENT-08052,IberinexHub,Directeur RH,buyer,sans_adresse,1,0,4
CON-012953,ENT-08251,Ivorocaldynamics & Co,Talent Acquisition Specialist,utilisateur,adresse_perso,0,0,0
CON-043323,ENT-13863,Primosolgroup,Recruiter,utilisateur,sans_adresse,0,0,0
CON-027290,ENT-14345,QuantiviaLogistics,HR Intern,bruit,adresse_perso,0,0,0
CON-074369,ENT-16167,StellalumGroup,Recruiter,utilisateur,sans_adresse,0,0,0
CON-065213,ENT-01961,BrioquiLab France,HR Intern,bruit,sans_adresse,0,0,0
CON-049335,ENT-17690,Ulmidorsolutions SAS,Head of HR Operations,buyer,adresse_perso,0,0,0
CON-043379,ENT-19192,VespisolFlow Group,Directeur RH,buyer,adresse_perso,0,0,0
CON-046824,ENT-16280,StellaquiSolutions,HR Manager,champion,sans_adresse,0,0,0
CON-058570,ENT-03433,DelfihalDynamics SAS,Directeur RH,buyer,sans_adresse,0,0,0
CON-003327,ENT-03103,Cortilumlabs SA,Chargee de recrutement,utilisateur,sans_adresse,1,0,2
CON-073110,ENT-13634,PrimofinPharma,Directeur RH,buyer,sans_adresse,1,1,3
CON-020652,ENT-01114,Axioquilab France,HR Officer,utilisateur,sans_adresse,0,0,0
CON-007800,ENT-11392,Neorinservices & Co,Responsable Recrutement,champion,adresse_perso,0,0,0
CON-061264,ENT-18557,Vertigorconsulting,HR Intern,bruit,sans_adresse,0,0,0
CON-004176,ENT-18881,Vespibelfood SAS,Executive Assistant,bruit,adresse_perso,0,0,0
CON-052415,ENT-02422,CaurisolServices SAS,HR Assistant,utilisateur,adresse_perso,0,0,0
CON-074802,ENT-16536,Sylvahallab SARL,Head of HR Operations,buyer,sans_adresse,0,0,0
CON-075192,ENT-03915,DoriolumEnergie,Head of HR Operations,buyer,adresse_perso,0,0,0
CON-070045,ENT-04109,DoriovenConsulting,HR Assistant,utilisateur,adresse_perso,0,0,0
CON-045607,ENT-14189,Quantinexsoft,,sans_titre,adresse_perso,1,0,3
CON-024182,ENT-14584,RapinexMobility,HR Director,buyer,adresse_perso,0,0,0
CON-008388,ENT-16475,SylvaDynamics,,sans_titre,sans_adresse,0,0,0
CON-001576,ENT-17951,UlmisolIndustries,HRBP,champion,sans_adresse,0,0,0
CON-043464,ENT-03901,Doriolexretail & Co,Chargee de recrutement,utilisateur,sans_adresse,0,0,0
CON-047928,ENT-11924,Novacaldynamics & Co,CHRO,buyer,sans_adresse,0,0,0
CON-034762,ENT-08843,Juntomedia SA,Directeur RH,buyer,sans_adresse,0,0,0
CON-026915,ENT-07771,HeliovenLabs Group,HR Officer,utilisateur,sans_adresse,0,0,0
CON-027735,ENT-11827,Norditasflow,Chargee de recrutement,utilisateur,adresse_perso,0,0,0
CON-026989,ENT-11985,NovafinLabs & Co,Charge de recrutement,utilisateur,adresse_perso,0,0,0
CON-008154,ENT-03063,Cortiindustries,Executive Assistant,bruit,sans_adresse,1,0,2
CON-002391,ENT-19688,YellobelHub,HR Officer,utilisateur,adresse_perso,0,0,0
CON-019947,ENT-20356,ZephipraConsulting SAS,Recruiter,utilisateur,sans_adresse,0,0,0
CON-007822,ENT-12846,OvaligorWorks & Co,HR Director,buyer,sans_adresse,0,0,0
CON-055853,ENT-14346,QuantiviaPharma Group,Chief People Officer,buyer,adresse_perso,0,0,0
CON-068275,ENT-13911,Primovenhub SAS,Head of Talent Acquisition,buyer,sans_adresse,0,0,0
CON-039327,ENT-01813,Briohalpharma & Co,Chief People Officer,buyer,sans_adresse,0,0,0
CON-042548,ENT-10298,MavicalRetail,,sans_titre,adresse_perso,0,0,0
CON-061762,ENT-07185,Haldemardynamics & Co,CEO,buyer,adresse_perso,0,0,0
CON-042223,ENT-15218,Serenidorconsulting,,sans_titre,adresse_perso,0,0,0
CON-042471,ENT-18179,Vectohallabs SARL,,sans_titre,sans_adresse,0,0,0
CON-059480,ENT-01916,Brionexpartners SA,HR Intern,bruit,sans_adresse,0,0,0
CON-033431,ENT-01471,Belfonexconseil,,sans_titre,sans_adresse,1,0,2
CON-061718,ENT-00312,AltarinEnergie France,HR Assistant,utilisateur,sans_adresse,0,0,0
CON-038233,ENT-16139,StellalexFinance,Chargee de recrutement,utilisateur,sans_adresse,0,0,0
CON-034832,ENT-07731,HeliosolSolutions SARL,Responsable Recrutement,champion,adresse_perso,0,0,0
CON-026969,ENT-11192,Neogorpharma,Chargee de recrutement,utilisateur,sans_adresse,0,0,0
CON-057884,ENT-12202,NovarinLabs,Head of HR Operations,buyer,sans_adresse,1,0,1
CON-068839,ENT-13227,PerrifinSystems SA,People Ops Manager,champion,adresse_perso,0,0,0
CON-052019,ENT-10946,MeriquiDynamics Group,HR Officer,utilisateur,sans_adresse,0,0,0
CON-061788,ENT-11005,Merisolmedia,HR Assistant,utilisateur,adresse_perso,0,0,0
CON-032863,ENT-11136,Neodorflow,Executive Assistant,bruit,sans_adresse,1,1,5
CON-020194,ENT-19238,VespivenForge & Co,HR Assistant,utilisateur,sans_adresse,0,0,0
CON-025657,ENT-05851,Flexifinconseil SARL,HR Business Partner,champion,sans_adresse,0,0,0
CON-045542,ENT-14559,Rapimarlabs,People Ops Manager,champion,adresse_perso,1,0,2
CON-040194,ENT-10094,LumipraDigital France,Head of Talent Acquisition,buyer,adresse_perso,0,0,0
CON-048429,ENT-11558,NordidorRetail,HR Director,buyer,adresse_perso,0,0,0
CON-038862,ENT-07028,HaldecalHub,Directrice RH,buyer,sans_adresse,0,0,0
CON-031094,ENT-03568,Delfipralogic France,Talent Acquisition Manager,champion,adresse_perso,0,0,0
CON-040301,ENT-15486,Serenirinsoft Group,Talent Acquisition Manager,champion,adresse_perso,0,0,0
CON-002856,ENT-01739,BriodorTech,HR Assistant,utilisateur,adresse_perso,0,0,0
CON-008721,ENT-03715,Delfiviapharma SAS,HR Manager,champion,adresse_perso,0,0,0
CON-034615,ENT-00343,Altasolhub SARL,People Ops Manager,champion,adresse_perso,1,0,6
CON-075296,ENT-05652,Fernoquihub,Charge de recrutement,utilisateur,sans_adresse,1,0,2
CON-054562,ENT-14613,RapipraServices,HR Manager,champion,sans_adresse,0,0,0
CON-014502,ENT-13130,OvaliviaServices France,HRBP,champion,sans_adresse,1,0,3
CON-032551,ENT-20020,YellosolSystems SAS,People Ops Coordinator,utilisateur,sans_adresse,0,0,0
CON-069565,ENT-19749,Yellofinconseil,Recruiter,utilisateur,adresse_perso,0,0,0
CON-028244,ENT-15222,SerenidorEnergie Group,,sans_titre,adresse_perso,1,0,2
CON-006906,ENT-07659,HeliopraLogic,Head of HR Operations,buyer,sans_adresse,1,0,11
CON-037523,ENT-15814,Solipartners,HRBP,champion,adresse_perso,1,0,6
CON-008323,ENT-10381,MavihalData & Co,,sans_titre,sans_adresse,0,0,0
CON-013676,ENT-09688,LorripraConseil SA,,sans_titre,sans_adresse,0,0,0
CON-059059,ENT-13436,PerririnMobility,Executive Assistant,bruit,adresse_perso,0,0,0
CON-044971,ENT-01100,Axiopratech,HR Officer,utilisateur,adresse_perso,0,0,0
CON-046910,ENT-02935,CortibelServices,HR Business Partner,champion,adresse_perso,0,0,0
CON-058020,ENT-19891,YellomarMobility France,Executive Assistant,bruit,sans_adresse,1,0,4
CON-031537,ENT-00227,AltamarSoft SAS,HR Officer,utilisateur,sans_adresse,0,0,0
CON-010938,ENT-13775,PrimonexSystems,People Ops Manager,champion,sans_adresse,0,0,0
CON-061090,ENT-16762,SylvavenLabs,Recruiter,utilisateur,sans_adresse,1,0,2
CON-012524,ENT-06842,GrimopraLab SAS,,sans_titre,sans_adresse,0,0,0
CON-059114,ENT-09303,KelviquiMedia SAS,Executive Assistant,bruit,sans_adresse,1,0,2
CON-041282,ENT-10188,LumitasDigital SAS,Recruiter,utilisateur,sans_adresse,0,0,0
CON-012392,ENT-11124,NeocalSystems & Co,HRBP,champion,sans_adresse,0,0,0
CON-059528,ENT-02297,Caurimarsystems,,sans_titre,sans_adresse,1,0,2
CON-023363,ENT-16440,Sylvacallogistics & Co,People Ops Coordinator,utilisateur,sans_adresse,1,0,6
CON-035797,ENT-19187,Vespisolconsulting,Recruiter,utilisateur,sans_adresse,0,0,0
CON-047043,ENT-00924,Axiofindynamics,,sans_titre,sans_adresse,1,0,9
CON-026937,ENT-09787,Lorritasfood SA,HR Business Partner,champion,sans_adresse,0,0,0
CON-046397,ENT-13567,PrimocalFlow,Directrice RH,buyer,adresse_perso,1,0,6
CON-014191,ENT-07108,Haldegorsoft Group,Responsable Recrutement,champion,sans_adresse,0,0,0
CON-034966,ENT-02872,CendravenData & Co,Responsable Recrutement,champion,sans_adresse,0,0,0
CON-070929,ENT-02135,Cauridorflow & Co,COO,buyer,sans_adresse,1,0,3
CON-010055,ENT-05256,FabriquiSolutions SARL,Talent Acquisition Manager,champion,sans_adresse,0,0,0
CON-046862,ENT-05639,Fernopraservices Group,Charge de recrutement,utilisateur,sans_adresse,0,0,0
CON-026005,ENT-09117,Kelvifinlogic SAS,Office Manager,bruit,adresse_perso,1,0,2
CON-052133,ENT-03128,CortimarMobility,Recruiter,utilisateur,adresse_perso,0,0,0
CON-038572,ENT-18988,VespigorMobility France,Office Manager,bruit,adresse_perso,0,0,0
CON-043311,ENT-01725,Briodorfood France,Office Manager,bruit,adresse_perso,0,0,0
CON-029240,ENT-01566,Belforinsystems SARL,Talent Acquisition Specialist,utilisateur,adresse_perso,0,0,0
CON-002862,ENT-12584,OptiquiImmo,HRBP,champion,sans_adresse,0,0,0
CON-023172,ENT-13022,Ovalirindynamics,People Ops Manager,champion,sans_adresse,0,0,0
CON-031771,ENT-02552,CendradorConseil SAS,Executive Assistant,bruit,sans_adresse,0,0,0
CON-010851,ENT-00582,ArdenImmo,People Ops Coordinator,utilisateur,sans_adresse,1,0,1
CON-049888,ENT-09349,KelvisolLab SA,,sans_titre,sans_adresse,0,0,0
CON-013192,ENT-10161,Lumisolconseil Group,HR Business Partner,champion,sans_adresse,0,0,0
CON-056091,ENT-05344,Fabrivenlab SARL,Directeur RH,buyer,adresse_perso,0,0,0
CON-009354,ENT-19302,WallicalIndustries,HR Business Partner,champion,adresse_perso,1,0,4
CON-011438,ENT-06778,GrimolumPartners Group,Responsable Recrutement,champion,sans_adresse,1,0,2
CON-035275,ENT-00750,Ardensoft,Executive Assistant,bruit,sans_adresse,0,0,0
CON-071578,ENT-01234,AxioviaLab Group,Charge de recrutement,utilisateur,adresse_perso,1,0,7
CON-052755,ENT-07049,HaldedorHub,People Ops Coordinator,utilisateur,adresse_perso,1,0,2
CON-057433,ENT-07394,HaldeviaSoft SARL,HR Assistant,utilisateur,sans_adresse,0,0,0
CON-073106,ENT-08791,Juntolexpharma,Compensation & Benefits Manager,champion,adresse_perso,0,0,0
CON-073629,ENT-14534,RapilumLab SA,HRBP,champion,adresse_perso,0,0,0
CON-049395,ENT-07610,Heliomarhub & Co,Executive Assistant,bruit,sans_adresse,0,0,0
CON-070210,ENT-08704,JuntofinDigital SAS,Office Manager,bruit,sans_adresse,0,0,0
CON-040872,ENT-08446,Ivoronexflow SA,Chargee de recrutement,utilisateur,sans_adresse,0,0,0
CON-062347,ENT-19268,VespiviaLogistics France,Recruiter,utilisateur,sans_adresse,1,0,2
CON-037301,ENT-05121,Fabrilexhub Group,Executive Assistant,bruit,adresse_perso,0,0,0
CON-000733,ENT-03641,Delfisollab,HR Business Partner,champion,adresse_perso,1,0,5
CON-050582,ENT-17466,TerrapraEnergie & Co,Executive Assistant,bruit,sans_adresse,0,0,0
CON-010790,ENT-20256,Zephilexdata & Co,HRBP,champion,sans_adresse,0,0,0
CON-038775,ENT-11579,Nordifinpharma SARL,Executive Assistant,bruit,sans_adresse,0,0,0
CON-056104,ENT-01262,BelfobelPartners France,Office Manager,bruit,sans_adresse,0,0,0
CON-044212,ENT-10155,Lumirinsolutions SAS,HR Officer,utilisateur,adresse_perso,0,0,0
CON-032764,ENT-04590,EstevacalForge France,,sans_titre,sans_adresse,0,0,0
CON-056081,ENT-13503,PerrivenHub Group,People Ops Manager,champion,sans_adresse,0,0,0
CON-028978,ENT-16305,Stellarinservices & Co,,sans_titre,adresse_perso,0,0,0
CON-028094,ENT-04430,EderiquiIndustries Group,Head of Talent Acquisition,buyer,sans_adresse,0,0,0
CON-075523,ENT-00502,Ardendorservices SARL,Executive Assistant,bruit,sans_adresse,1,0,3
CON-072126,ENT-17754,UlmihalFood SA,Recruiter,utilisateur,sans_adresse,0,0,0
CON-076046,ENT-13413,PerriquiPharma SARL,Responsable Recrutement,champion,sans_adresse,0,0,0
CON-015826,ENT-03555,DelfinexTech SAS,Office Manager,bruit,adresse_perso,0,0,0
CON-073531,ENT-03934,Doriolumtech,Executive Assistant,bruit,sans_adresse,0,0,0
CON-073039,ENT-13134,Ovaliviatech,HR Officer,utilisateur,adresse_perso,0,0,0
CON-075801,ENT-17886,UlmipraLab SARL,HR Business Partner,champion,adresse_perso,0,0,0
CON-035349,ENT-11243,Neolexpharma SA,HR Intern,bruit,sans_adresse,0,0,0
CON-074538,ENT-08905,Juntoquimedia SAS,Responsable Recrutement,champion,adresse_perso,0,0,0
CON-064046,ENT-17922,UlmirinDigital SA,,sans_titre,sans_adresse,0,0,0
CON-003776,ENT-05480,FernogorDynamics SARL,Charge de recrutement,utilisateur,sans_adresse,1,0,2
CON-007039,ENT-17622,UlmibelDigital France,VP Human Resources,buyer,sans_adresse,0,0,0
CON-045806,ENT-16083,StellagorDigital,Chargee de recrutement,utilisateur,sans_adresse,1,0,2
CON-026741,ENT-13860,Primosolflow France,Talent Acquisition Specialist,utilisateur,sans_adresse,1,0,6
CON-000398,ENT-16871,Talofinance SA,HR Business Partner,champion,adresse_perso,0,0,0
CON-026778,ENT-17524,Terrasoft,Office Manager,bruit,sans_adresse,0,0,0
CON-062904,ENT-17265,Terradorhub,People Ops Manager,champion,adresse_perso,0,0,0
CON-001989,ENT-12579,OptiquiFlow & Co,Chargee de recrutement,utilisateur,sans_adresse,0,0,0
CON-047585,ENT-16504,Sylvagorconseil,Talent Acquisition Specialist,utilisateur,sans_adresse,1,0,6
CON-031184,ENT-09376,KelvitasSystems,HR Manager,champion,sans_adresse,0,0,0
CON-052332,ENT-13437,Perririnpartners SAS,Charge de recrutement,utilisateur,sans_adresse,1,0,3
CON-030205,ENT-03419,DelfigorLab,Compensation & Benefits Manager,champion,sans_adresse,0,0,0
CON-000138,ENT-19846,Yellolexservices SA,HR Officer,utilisateur,adresse_perso,0,0,0
CON-031758,ENT-14913,RoccalexConseil SAS,Office Manager,bruit,adresse_perso,0,0,0
CON-067376,ENT-09888,Lumicalretail,Talent Acquisition Specialist,utilisateur,sans_adresse,0,0,0
CON-058468,ENT-18021,Ulmiviaforge,Talent Acquisition Specialist,utilisateur,adresse_perso,0,0,0
CON-033308,ENT-00412,AltaviaFinance,HR Assistant,utilisateur,sans_adresse,0,0,0
CON-038160,ENT-06031,FlexipraServices SARL,HR Director,buyer,sans_adresse,0,0,0
CON-009295,ENT-13461,PerrisolRetail & Co,Talent Acquisition Manager,champion,sans_adresse,1,0,7
CON-066229,ENT-11477,Neoviaforge,CEO,buyer,adresse_perso,0,0,0
CON-007427,ENT-08898,Juntoquiflow & Co,People Ops Coordinator,utilisateur,sans_adresse,1,0,1
CON-018752,ENT-07612,Heliomarindustries,CEO,buyer,sans_adresse,1,0,2
CON-073355,ENT-17686,Ulmidorpharma,Executive Assistant,bruit,adresse_perso,0,0,0
CON-066716,ENT-07895,IberifinForge & Co,HR Assistant,utilisateur,sans_adresse,0,0,0
CON-005775,ENT-06981,GrimoviaGroup,CEO,buyer,adresse_perso,0,0,0
CON-051436,ENT-04393,Ederinexsolutions,HR Business Partner,champion,sans_adresse,0,0,0
CON-002906,ENT-19203,VespisolMobility,HR Officer,utilisateur,sans_adresse,0,0,0
CON-011475,ENT-12603,OptirinEnergie,Chargee de recrutement,utilisateur,adresse_perso,1,0,4
CON-014043,ENT-03245,Cortitasdigital,HR Assistant,utilisateur,sans_adresse,1,0,5
CON-062320,ENT-07010,HaldebelLogistics SARL,Compensation & Benefits Manager,champion,sans_adresse,0,0,0
CON-016301,ENT-03608,Delfiringroup Group,Chargee de recrutement,utilisateur,adresse_perso,0,0,0
CON-049962,ENT-07889,IberifinData SARL,Chargee de recrutement,utilisateur,sans_adresse,0,0,0
CON-032152,ENT-14055,Quantifood,,sans_titre,sans_adresse,0,0,0
CON-056288,ENT-14934,RoccalexSolutions France,VP People,buyer,sans_adresse,1,0,2
CON-068999,ENT-11649,NordilexLogistics,Directrice RH,buyer,sans_adresse,0,0,0
CON-065356,ENT-19725,Yellodorenergie SAS,Executive Assistant,bruit,sans_adresse,0,0,0
CON-011410,ENT-05471,FernofinTech France,HR Intern,bruit,adresse_perso,1,0,2
CON-008112,ENT-11386,NeorinLogic SA,HRBP,champion,sans_adresse,0,0,0
CON-031068,ENT-14867,RoccagorHub,COO,buyer,adresse_perso,0,0,0
CON-025466,ENT-19023,VespilexFlow,Head of HR Operations,buyer,adresse_perso,1,0,2
CON-054168,ENT-10161,Lumisolconseil Group,Executive Assistant,bruit,sans_adresse,0,0,0
CON-010326,ENT-11648,Nordilexlogic & Co,,sans_titre,sans_adresse,1,0,1
CON-059904,ENT-16717,SylvasolHub Group,Recruiter,utilisateur,adresse_perso,0,0,0
CON-047060,ENT-20064,Yellovenlogic Group,Compensation & Benefits Manager,champion,sans_adresse,1,0,2
CON-036959,ENT-14301,Quantitasmobility,People Ops Manager,champion,sans_adresse,1,0,2
CON-015921,ENT-03508,Delfilumsolutions Group,People Ops Coordinator,utilisateur,sans_adresse,1,0,2
CON-013007,ENT-03653,DelfisolWorks,,sans_titre,adresse_perso,1,0,4
CON-051822,ENT-02159,Caurifindata SAS,Responsable Recrutement,champion,adresse_perso,0,0,0
CON-047086,ENT-13639,PrimoFood France,Compensation & Benefits Manager,champion,sans_adresse,0,0,0
CON-024587,ENT-05399,Fernobelworks Group,HRBP,champion,sans_adresse,0,0,0
CON-075206,ENT-09628,Lorrilumretail,Executive Assistant,bruit,sans_adresse,0,0,0
CON-002978,ENT-14775,RoccabelSolutions France,HR Assistant,utilisateur,sans_adresse,1,0,3
CON-015890,ENT-17946,Ulmisolflow France,HR Intern,bruit,sans_adresse,0,0,0
CON-061948,ENT-15643,SolidorMedia,,sans_titre,adresse_perso,0,0,0
CON-024644,ENT-19982,YellorinForge & Co,HR Intern,bruit,sans_adresse,0,0,0
CON-060131,ENT-02686,CendralumFood,Office Manager,bruit,sans_adresse,0,0,0
CON-067383,ENT-15529,Serenitaslabs,Office Manager,bruit,sans_adresse,0,0,0
CON-009741,ENT-13810,Primoquiflow SAS,,sans_titre,adresse_perso,0,0,0
CON-048750,ENT-11350,Neoquidata SARL,Chief People Officer,buyer,adresse_perso,0,0,0
CON-021036,ENT-08128,Iberirinmedia France,Responsable Recrutement,champion,adresse_perso,0,0,0
CON-025718,ENT-11335,NeopraIndustries SARL,Office Manager,bruit,sans_adresse,0,0,0
CON-076243,ENT-04459,Ederirinlabs,,sans_titre,sans_adresse,1,0,4
CON-048717,ENT-12070,NovalexWorks,Talent Acquisition Specialist,utilisateur,adresse_perso,0,0,0
CON-037844,ENT-14108,QuantilexEnergie Group,Chargee de recrutement,utilisateur,sans_adresse,0,0,0
CON-019624,ENT-12213,Novasoft,Charge de recrutement,utilisateur,sans_adresse,1,0,7
CON-041472,ENT-15177,SerenibelConseil & Co,,sans_titre,adresse_perso,0,0,0
CON-027423,ENT-00088,AltafinFood Group,Talent Acquisition Specialist,utilisateur,adresse_perso,0,0,0
CON-014451,ENT-08526,IvororinRetail,HR Officer,utilisateur,sans_adresse,0,0,0
CON-059957,ENT-13118,OvaliviaEnergie Group,Recruiter,utilisateur,adresse_perso,0,0,0
CON-009549,ENT-04714,EstevalexMobility,Chargee de recrutement,utilisateur,sans_adresse,0,0,0
CON-017115,ENT-03383,DelfiFinance,HR Assistant,utilisateur,adresse_perso,0,0,0
CON-022733,ENT-02179,Caurifintech SA,HR Assistant,utilisateur,adresse_perso,0,0,0
CON-022798,ENT-07990,Iberilexsolutions,Chargee de recrutement,utilisateur,adresse_perso,0,0,0
CON-050169,ENT-06789,GrimomarDynamics SAS,VP Human Resources,buyer,adresse_perso,0,0,0
CON-057347,ENT-06534,GallitasSoft,Talent Acquisition Manager,champion,sans_adresse,0,0,0
CON-041786,ENT-12116,NovaMedia Group,Talent Acquisition Specialist,utilisateur,sans_adresse,1,0,2
CON-013366,ENT-10736,MeridorSolutions & Co,Talent Acquisition Specialist,utilisateur,adresse_perso,0,0,0
CON-059846,ENT-19696,Yellobelmobility Group,Office Manager,bruit,sans_adresse,1,0,2
CON-049609,ENT-19049,VespilumHub,Talent Acquisition Specialist,utilisateur,sans_adresse,0,0,0
CON-064964,ENT-11838,Norditaspartners SA,Chief People Officer,buyer,sans_adresse,0,0,0
CON-014366,ENT-03777,DoriodorDynamics SAS,Head of HR Operations,buyer,sans_adresse,1,0,2
CON-002302,ENT-01184,Axiotasimmo & Co,HR Assistant,utilisateur,adresse_perso,0,0,0
CON-051888,ENT-08568,IvorotasHub,HR Assistant,utilisateur,sans_adresse,1,0,9
CON-037129,ENT-12173,NovaquiFood SAS,HR Intern,bruit,sans_adresse,0,0,0
CON-030802,ENT-04114,Doriovenfood SARL,Responsable Recrutement,champion,adresse_perso,0,0,0
CON-066315,ENT-08673,Juntoconsulting & Co,Chief People Officer,buyer,sans_adresse,0,0,0
CON-025198,ENT-16244,Stellaprahub SA,Charge de recrutement,utilisateur,sans_adresse,0,0,0
CON-052936,ENT-12756,OvalicalLabs SA,,sans_titre,sans_adresse,0,0,0
CON-000845,ENT-03325,DelfibelRetail SARL,Executive Assistant,bruit,sans_adresse,0,0,0
CON-052207,ENT-16590,SylvalumTech SA,People Ops Coordinator,utilisateur,sans_adresse,0,0,0
CON-049275,ENT-14156,QuantimarFood SARL,Recruiter,utilisateur,sans_adresse,1,0,2
CON-061878,ENT-09728,LorriquiServices,HR Intern,bruit,sans_adresse,0,0,0
CON-038107,ENT-09852,LumibelFinance Group,Directeur RH,buyer,adresse_perso,1,0,1
CON-051949,ENT-11301,NeonexData SAS,HR Business Partner,champion,adresse_perso,0,0,0
CON-020092,ENT-02225,CaurihalRetail & Co,HR Officer,utilisateur,adresse_perso,1,0,6
CON-027174,ENT-13520,PerriviaEnergie SA,Compensation & Benefits Manager,champion,sans_adresse,1,1,5
CON-044840,ENT-06174,GallibelDigital & Co,HR Assistant,utilisateur,adresse_perso,0,0,0
CON-075947,ENT-13424,Perririnenergie,People Ops Coordinator,utilisateur,adresse_perso,1,0,2
CON-060193,ENT-15632,Solidordigital,VP People,buyer,adresse_perso,0,0,0
CON-064114,ENT-19331,WallidorMobility,People Ops Coordinator,utilisateur,sans_adresse,0,0,0
CON-044640,ENT-19889,YellomarLogic SAS,HR Assistant,utilisateur,sans_adresse,0,0,0
CON-020168,ENT-16127,StellahalSoft France,HR Intern,bruit,sans_adresse,0,0,0
CON-039059,ENT-16741,SylvatasIndustries,Recruiter,utilisateur,adresse_perso,0,0,0
CON-003325,ENT-03103,Cortilumlabs SA,Executive Assistant,bruit,adresse_perso,1,0,2
CON-074037,ENT-09696,LorripraFood SA,Talent Acquisition Specialist,utilisateur,sans_adresse,1,0,5
CON-052782,ENT-03676,Delfitassoft,Charge de recrutement,utilisateur,adresse_perso,1,0,6
CON-047095,ENT-01709,BriocalRetail SAS,Head of Talent Acquisition,buyer,sans_adresse,0,0,0
CON-034859,ENT-13058,Ovalisollogistics,Charge de recrutement,utilisateur,adresse_perso,1,0,4
CON-034843,ENT-16848,TalodorData France,People Ops Manager,champion,adresse_perso,1,0,5
CON-048650,ENT-17972,UlmitasForge,,sans_titre,sans_adresse,0,0,0
CON-006361,ENT-15193,SerenibelTech Group,Talent Acquisition Specialist,utilisateur,sans_adresse,0,0,0
CON-053796,ENT-08649,Juntobelservices & Co,Head of People,buyer,adresse_perso,1,1,4
CON-050004,ENT-08807,JuntolumHub France,HR Officer,utilisateur,sans_adresse,0,0,0
CON-062051,ENT-20481,ZephivenFlow,Talent Acquisition Specialist,utilisateur,adresse_perso,0,0,0
CON-034203,ENT-12678,Optivengroup SA,People Ops Manager,champion,sans_adresse,0,0,0
CON-071052,ENT-19065,Vespimarconsulting SAS,Talent Acquisition Manager,champion,adresse_perso,0,0,0
CON-023911,ENT-20129,ZephicalHub,People Ops Manager,champion,sans_adresse,0,0,0
CON-005270,ENT-14291,Quantitasdynamics & Co,Office Manager,bruit,adresse_perso,1,0,7
CON-008018,ENT-04386,Ederinexlogic & Co,Recruiter,utilisateur,sans_adresse,0,0,0
CON-062973,ENT-16997,Talolumsystems SAS,People Ops Coordinator,utilisateur,adresse_perso,1,0,3
CON-062502,ENT-13621,Primofinenergie,People Ops Manager,champion,adresse_perso,0,0,0
CON-016625,ENT-00871,AxiocalEnergie SA,People Ops Manager,champion,adresse_perso,0,0,0
CON-059948,ENT-11490,NordibelConseil France,VP Human Resources,buyer,sans_adresse,0,0,0
CON-031186,ENT-00456,Ardenbeltech Group,Head of Talent Acquisition,buyer,adresse_perso,0,0,0
CON-046318,ENT-15786,SolimarServices France,Executive Assistant,bruit,sans_adresse,1,0,2
CON-024119,ENT-06614,Grimocaldigital France,HR Officer,utilisateur,adresse_perso,0,0,0
CON-012125,ENT-12802,OvalifinEnergie,Chargee de recrutement,utilisateur,sans_adresse,0,0,0
CON-028752,ENT-19136,VespipraWorks & Co,Recruiter,utilisateur,adresse_perso,0,0,0
CON-053909,ENT-06263,GallifinPartners,Chargee de recrutement,utilisateur,adresse_perso,0,0,0
CON-070068,ENT-16837,Talocalsoft,Chargee de recrutement,utilisateur,sans_adresse,0,0,0
CON-019778,ENT-07453,Heliodorconsulting SARL,HR Manager,champion,adresse_perso,0,0,0
CON-062966,ENT-13964,QuantibelLab,HR Assistant,utilisateur,adresse_perso,0,0,0
CON-059559,ENT-03376,DelfidorServices,HR Assistant,utilisateur,sans_adresse,0,0,0
CON-031469,ENT-13839,PrimorinLab SARL,People Ops Manager,champion,adresse_perso,0,0,0
CON-016417,ENT-15548,Serenivenimmo,Chargee de recrutement,utilisateur,adresse_perso,0,0,0
CON-030385,ENT-19635,WallivenData & Co,Office Manager,bruit,adresse_perso,0,0,0
CON-021687,ENT-07693,Heliorindigital Group,Executive Assistant,bruit,adresse_perso,0,0,0
CON-043669,ENT-16153,StellalexSystems France,Recruiter,utilisateur,adresse_perso,0,0,0
CON-044584,ENT-11528,Nordicallab,Head of People,buyer,sans_adresse,0,0,0
CON-041118,ENT-09857,Lumibelhub SA,,sans_titre,sans_adresse,0,0,0
CON-060816,ENT-07618,Heliomarpharma SAS,Talent Acquisition Manager,champion,sans_adresse,1,0,1
CON-043117,ENT-01232,Axioviaimmo,HR Director,buyer,adresse_perso,0,0,0
CON-047213,ENT-08387,Ivorolexlab,HR Assistant,utilisateur,sans_adresse,0,0,0
CON-051670,ENT-08451,Ivoronexindustries,Office Manager,bruit,sans_adresse,1,0,1
CON-038208,ENT-15242,Serenifinance,,sans_titre,sans_adresse,1,0,9
CON-051681,ENT-16676,Sylvaquilabs France,Compensation & Benefits Manager,champion,sans_adresse,0,0,0
CON-018609,ENT-03088,CortiLogic Group,HR Assistant,utilisateur,adresse_perso,0,0,0
CON-032749,ENT-13329,PerrimarEnergie France,HR Manager,champion,sans_adresse,0,0,0
CON-051132,ENT-07511,Heliogordynamics & Co,Chargee de recrutement,utilisateur,sans_adresse,0,0,0
CON-009587,ENT-19012,VESPIHALSOFT,Office Manager,bruit,adresse_perso,0,0,0
CON-024802,ENT-13508,PerrivenMobility & Co,Directeur RH,buyer,sans_adresse,0,0,0
CON-003380,ENT-17180,Talovenpharma,Talent Acquisition Manager,champion,sans_adresse,0,0,0
CON-039031,ENT-04585,EstevacalDigital,Recruiter,utilisateur,sans_adresse,1,0,4
CON-065314,ENT-11231,Neolexforge SAS,HR Business Partner,champion,adresse_perso,0,0,0
CON-072870,ENT-14416,RapidorPartners,HRBP,champion,sans_adresse,0,0,0
CON-043618,ENT-04481,EderisolLogic SAS,HR Business Partner,champion,adresse_perso,1,0,2
CON-073735,ENT-01436,Belfolumlabs,HR Intern,bruit,sans_adresse,0,0,0
CON-016680,ENT-20060,Yellovenimmo France,HR Business Partner,champion,adresse_perso,0,0,0
CON-024168,ENT-17364,Terralexdynamics & Co,VP People,buyer,sans_adresse,0,0,0
CON-038815,ENT-09998,LumihalTech SAS,HR Intern,bruit,sans_adresse,1,0,3
CON-022530,ENT-04711,Estevalexlab,VP Human Resources,buyer,sans_adresse,0,0,0
CON-041217,ENT-06651,GrimodorMobility France,Talent Acquisition Manager,champion,sans_adresse,1,0,5
CON-000667,ENT-20490,ZephivenMobility,HR Officer,utilisateur,sans_adresse,1,0,5
CON-059066,ENT-03670,DelfitasMedia SA,HRBP,champion,sans_adresse,1,0,3
CON-025706,ENT-00005,Altabeldynamics & Co,Talent Acquisition Specialist,utilisateur,sans_adresse,1,0,5
CON-036523,ENT-14968,RoccamarLabs SAS,HR Manager,champion,sans_adresse,0,0,0
CON-055702,ENT-15198,SerenicalFlow France,Compensation & Benefits Manager,champion,sans_adresse,0,0,0
CON-047592,ENT-14943,RoccalumForge SARL,Recruiter,utilisateur,adresse_perso,0,0,0
CON-061538,ENT-20439,ZephisolLogic,HR Assistant,utilisateur,sans_adresse,1,0,6
CON-040711,ENT-04734,EstevalumImmo,Office Manager,bruit,adresse_perso,1,0,2
CON-016554,ENT-07494,Heliofinlogic,Charge de recrutement,utilisateur,sans_adresse,0,0,0
CON-070553,ENT-10611,MavitasIndustries,HR Business Partner,champion,sans_adresse,1,0,5
CON-039089,ENT-20026,YellotasConsulting,People Ops Coordinator,utilisateur,adresse_perso,0,0,0
CON-007932,ENT-17193,Taloviafinance,Talent Acquisition Manager,champion,adresse_perso,0,0,0
CON-029672,ENT-02792,Cendraquimobility,Head of Talent Acquisition,buyer,sans_adresse,1,0,8
CON-033058,ENT-10624,MaviTech,Head of People,buyer,sans_adresse,1,0,2
CON-009231,ENT-14742,RapiviaImmo SA,Recruiter,utilisateur,adresse_perso,0,0,0
CON-053074,ENT-05737,FernotasSystems SA,HRBP,champion,adresse_perso,0,0,0
CON-039467,ENT-14422,Rapidorsystems SAS,HR Officer,utilisateur,sans_adresse,0,0,0
CON-069455,ENT-06871,Grimoquipartners SA,Directrice RH,buyer,sans_adresse,0,0,0
CON-028937,ENT-04284,EderihalGroup & Co,Office Manager,bruit,adresse_perso,0,0,0
CON-075597,ENT-08736,Juntogorgroup & Co,Executive Assistant,bruit,sans_adresse,0,0,0
CON-067017,ENT-05250,FabriquiMedia SAS,Head of People,buyer,sans_adresse,1,0,2
CON-024645,ENT-19982,YellorinForge & Co,HR Assistant,utilisateur,sans_adresse,0,0,0
CON-006741,ENT-16860,TalodorMobility,Directrice RH,buyer,adresse_perso,0,0,0
CON-037540,ENT-13566,PrimocalFinance,HR Director,buyer,adresse_perso,0,0,0
CON-059870,ENT-19963,Yelloquilabs SA,Talent Acquisition Specialist,utilisateur,adresse_perso,0,0,0
CON-054982,ENT-10787,MerigorRetail SARL,People Ops Coordinator,utilisateur,sans_adresse,1,0,3
CON-064509,ENT-12523,OptimarSystems SAS,Responsable Recrutement,champion,sans_adresse,0,0,0
CON-016352,ENT-18128,VectofinGroup & Co,HR Officer,utilisateur,adresse_perso,0,0,0
CON-018098,ENT-00464,ArdencalFlow France,Charge de recrutement,utilisateur,sans_adresse,0,0,0
CON-028475,ENT-20137,Zephicalpharma,HR Assistant,utilisateur,sans_adresse,0,0,0
CON-013581,ENT-01654,Belfovialogistics,Chargee de recrutement,utilisateur,sans_adresse,0,0,0
CON-054165,ENT-02757,Cendrapraenergie Group,HR Officer,utilisateur,sans_adresse,1,0,5
CON-066456,ENT-17130,Talosolpartners & Co,HR Manager,champion,adresse_perso,1,0,6
CON-022316,ENT-08363,Ivorohalpharma,Executive Assistant,bruit,sans_adresse,1,0,4
CON-028702,ENT-15461,Sereniquiservices SARL,Charge de recrutement,utilisateur,sans_adresse,1,1,4
CON-005640,ENT-04367,Ederimarretail Group,HR Assistant,utilisateur,sans_adresse,0,0,0
CON-042895,ENT-04910,EstevatasTech & Co,Office Manager,bruit,adresse_perso,1,0,3
CON-058670,ENT-16138,StellalexEnergie SARL,People Ops Coordinator,utilisateur,adresse_perso,0,0,0
CON-064660,ENT-12139,Novanexsystems & Co,,sans_titre,sans_adresse,1,0,3
CON-031417,ENT-14767,Roccabellabs SAS,HR Business Partner,champion,sans_adresse,0,0,0
CON-038250,ENT-06889,GrimorinLabs France,Head of HR Operations,buyer,sans_adresse,0,0,0
CON-075981,ENT-07721,Heliosolforge SA,Chargee de recrutement,utilisateur,adresse_perso,0,0,0
CON-036748,ENT-16639,SylvaPartners SAS,People Ops Coordinator,utilisateur,adresse_perso,1,0,1
CON-063775,ENT-10569,Mavirinworks & Co,HR Director,buyer,adresse_perso,0,0,0
CON-068577,ENT-00097,Altafinmobility SA,Head of HR Operations,buyer,adresse_perso,0,0,0
CON-024026,ENT-07785,Helioviadynamics France,Talent Acquisition Specialist,utilisateur,sans_adresse,1,0,1
CON-061450,ENT-05707,FernosolRetail SA,Chargee de recrutement,utilisateur,sans_adresse,0,0,0
CON-045758,ENT-09508,Lorrifinconseil SAS,Charge de recrutement,utilisateur,adresse_perso,1,0,8
CON-061634,ENT-01245,AxioviaSystems France,HR Manager,champion,sans_adresse,0,0,0
CON-005918,ENT-03850,DoriogorTech,HRBP,champion,sans_adresse,0,0,0
CON-022626,ENT-09673,Lorrinexindustries & Co,Head of People,buyer,sans_adresse,0,0,0
CON-039739,ENT-17033,Talonexindustries,Chargee de recrutement,utilisateur,sans_adresse,1,0,5
CON-050461,ENT-14193,Quantipartners SAS,Chargee de recrutement,utilisateur,adresse_perso,0,0,0
CON-075437,ENT-06639,GRIMODORCONSULTING,Executive Assistant,bruit,sans_adresse,1,0,4
CON-070787,ENT-17340,Terrahalfood SA,CHRO,buyer,sans_adresse,0,0,0
CON-071416,ENT-00530,Ardenfinsolutions & Co,Talent Acquisition Specialist,utilisateur,adresse_perso,0,0,0
CON-041009,ENT-14574,RapinexEnergie SAS,HR Officer,utilisateur,adresse_perso,1,1,6
CON-036488,ENT-08317,IvorofinMobility SA,HR Manager,champion,sans_adresse,0,0,0
CON-004895,ENT-01722,BriodorDynamics & Co,Responsable Recrutement,champion,adresse_perso,0,0,0
CON-057737,ENT-01967,BrioquiSoft SARL,,sans_titre,adresse_perso,1,0,4
CON-001541,ENT-03791,Doriodormedia & Co,Executive Assistant,bruit,sans_adresse,0,0,0
CON-020639,ENT-17794,Ulmilexsoft & Co,HR Manager,champion,sans_adresse,0,0,0
CON-021778,ENT-05948,Flexilumdigital SARL,HR Officer,utilisateur,sans_adresse,1,0,5
CON-069652,ENT-04019,DorioquiImmo,Compensation & Benefits Manager,champion,sans_adresse,0,0,0
CON-003019,ENT-10437,MavilumDynamics France,VP People,buyer,adresse_perso,0,0,0
CON-051510,ENT-04231,Ederifinconseil & Co,Charge de recrutement,utilisateur,sans_adresse,0,0,0
CON-041882,ENT-03244,Cortitasconsulting France,Recruiter,utilisateur,adresse_perso,1,0,8
CON-069802,ENT-04111,DoriovenDynamics & Co,CEO,buyer,adresse_perso,0,0,0
CON-022239,ENT-05213,Fabripraconsulting Group,People Ops Coordinator,utilisateur,adresse_perso,1,0,4
CON-048084,ENT-18869,Vertiviaretail,Office Manager,bruit,adresse_perso,0,0,0
CON-060567,ENT-16606,SylvamarPartners & Co,HR Business Partner,champion,sans_adresse,0,0,0
CON-037600,ENT-10959,Meriquimobility France,Talent Acquisition Manager,champion,adresse_perso,1,0,5
CON-056677,ENT-12789,OvalidorRetail Group,Office Manager,bruit,adresse_perso,0,0,0
CON-019326,ENT-14341,QuantiviaImmo,HR Officer,utilisateur,adresse_perso,1,0,4
CON-049279,ENT-04468,EderiServices SARL,Chargee de recrutement,utilisateur,sans_adresse,0,0,0
CON-006029,ENT-08261,Ivorocallogic SA,HR Assistant,utilisateur,adresse_perso,0,0,0
CON-064948,ENT-18781,Vertisolenergie SA,Charge de recrutement,utilisateur,sans_adresse,0,0,0
CON-046916,ENT-02501,Cendrabelconseil SAS,Responsable Recrutement,champion,adresse_perso,0,0,0
CON-073678,ENT-17081,Taloquiimmo SARL,Head of People,buyer,sans_adresse,0,0,0
CON-065047,ENT-15399,Sereninexforge SAS,HR Business Partner,champion,adresse_perso,0,0,0
CON-032853,ENT-15947,SolivenSoft,Charge de recrutement,utilisateur,sans_adresse,1,0,3
CON-033865,ENT-01321,Belfoenergie,HRBP,champion,adresse_perso,0,0,0
CON-044158,ENT-19545,WalliquiIndustries & Co,Responsable Recrutement,champion,sans_adresse,0,0,0
CON-000191,ENT-15694,SoligorServices & Co,,sans_titre,sans_adresse,0,0,0
CON-009577,ENT-10731,MeridorMedia,Responsable Recrutement,champion,adresse_perso,1,0,9
CON-014759,ENT-11789,NordirinServices SA,HRBP,champion,sans_adresse,0,0,0
CON-072995,ENT-08144,Iberisolfood,Head of HR Operations,buyer,adresse_perso,0,0,0
CON-010936,ENT-14557,Rapimarindustries SARL,HR Director,buyer,sans_adresse,1,0,1
CON-018901,ENT-13466,Perrisolutions SARL,HRBP,champion,sans_adresse,1,0,1
CON-037815,ENT-11308,Neonexgroup & Co,HR Director,buyer,adresse_perso,0,0,0
CON-033601,ENT-12059,Novalexgroup,People Ops Coordinator,utilisateur,sans_adresse,1,0,3
CON-070589,ENT-02934,CortibelRetail SAS,Talent Acquisition Specialist,utilisateur,adresse_perso,0,0,0
CON-016692,ENT-11002,Merisollabs,Charge de recrutement,utilisateur,adresse_perso,0,0,0
CON-004003,ENT-14308,QuantiTech SARL,Directrice RH,buyer,sans_adresse,0,0,0
CON-061231,ENT-09528,Lorrifinsoft SARL,People Ops Coordinator,utilisateur,sans_adresse,0,0,0
CON-012520,ENT-03776,DoriodorDigital,Charge de recrutement,utilisateur,adresse_perso,0,0,0
CON-026728,ENT-00944,Axioforge,Talent Acquisition Specialist,utilisateur,adresse_perso,0,0,0
CON-014509,ENT-01916,Brionexpartners SA,VP People,buyer,adresse_perso,0,0,0
CON-028162,ENT-08860,Juntonexmedia & Co,Talent Acquisition Specialist,utilisateur,sans_adresse,1,0,5
CON-031725,ENT-19003,Vespihalforge,People Ops Manager,champion,adresse_perso,0,0,0
CON-007876,ENT-15524,SerenitasFlow,Talent Acquisition Specialist,utilisateur,sans_adresse,1,0,3
CON-066256,ENT-14522,RapilumConseil SARL,Directeur RH,buyer,sans_adresse,1,0,3
CON-050681,ENT-11197,Neogortech,Compensation & Benefits Manager,champion,sans_adresse,0,0,0
CON-014395,ENT-06791,Grimomarfinance SAS,People Ops Coordinator,utilisateur,sans_adresse,0,0,0
CON-037944,ENT-10041,Lumilumlogistics SARL,Head of People,buyer,adresse_perso,1,0,2
CON-053048,ENT-11727,NordiPharma Group,HR Assistant,utilisateur,adresse_perso,1,0,6
CON-059173,ENT-06316,Gallihalsolutions France,People Ops Coordinator,utilisateur,sans_adresse,0,0,0
CON-015573,ENT-15104,RoccaSolutions,HR Intern,bruit,sans_adresse,1,0,3
CON-041914,ENT-09451,Lorribelworks,Chargee de recrutement,utilisateur,adresse_perso,1,0,8
CON-018673,ENT-00264,AltapraFinance,CHRO,buyer,adresse_perso,1,0,5
CON-008962,ENT-17132,Talosolretail Group,HR Assistant,utilisateur,adresse_perso,0,0,0
CON-036947,ENT-15130,Roccatastech France,Talent Acquisition Manager,champion,adresse_perso,0,0,0
CON-013602,ENT-20506,ZephiviaImmo France,Recruiter,utilisateur,sans_adresse,0,0,0
CON-045576,ENT-08690,Juntodormobility,HR Manager,champion,adresse_perso,0,0,0
CON-063855,ENT-15285,Serenigormedia SAS,,sans_titre,sans_adresse,1,0,2
CON-022944,ENT-06028,FlexipraLabs,Executive Assistant,bruit,sans_adresse,0,0,0
CON-020706,ENT-00235,AltanexData Group,Directeur RH,buyer,sans_adresse,0,0,0
CON-065496,ENT-08126,Iberirinlabs,Head of HR Operations,buyer,sans_adresse,1,0,5
CON-052671,ENT-05099,Fabrihalmedia,,sans_titre,sans_adresse,0,0,0
CON-070300,ENT-15284,SerenigorLogistics,Chargee de recrutement,utilisateur,adresse_perso,0,0,0
CON-059917,ENT-09319,Kelvirinforge,HR Manager,champion,sans_adresse,1,0,7
CON-014810,ENT-10385,Mavihalfinance France,HRBP,champion,adresse_perso,1,0,4
CON-026205,ENT-17712,Ulmifinlogic,HR Business Partner,champion,sans_adresse,0,0,0
CON-033352,ENT-02728,Cendramartech Group,Charge de recrutement,utilisateur,sans_adresse,0,0,0
CON-064238,ENT-17026,TalonexDigital SA,Talent Acquisition Manager,champion,sans_adresse,0,0,0
CON-058329,ENT-09052,KelvibelServices SARL,,sans_titre,adresse_perso,0,0,0
CON-067627,ENT-01419,BelfolexSolutions & Co,Office Manager,bruit,adresse_perso,0,0,0
CON-060089,ENT-02826,Cendrasolfood,HR Intern,bruit,adresse_perso,1,0,3
CON-053471,ENT-10754,Merifinlabs SAS,Talent Acquisition Specialist,utilisateur,sans_adresse,1,0,7
CON-032614,ENT-01698,Briocalgroup,,sans_titre,sans_adresse,1,0,3
CON-062573,ENT-10625,MAVIVENCONSULTING,CEO,buyer,sans_adresse,1,0,1
CON-071914,ENT-09378,Kelvitasworks France,HR Manager,champion,sans_adresse,0,0,0
CON-048365,ENT-16209,Stellanexdigital SARL,HR Intern,bruit,sans_adresse,0,0,0
CON-064574,ENT-16651,SylvapraLab Group,Head of Talent Acquisition,buyer,adresse_perso,0,0,0
CON-002887,ENT-05251,Fabriquimobility SARL,Responsable Recrutement,champion,sans_adresse,0,0,0
CON-072776,ENT-15426,Sereniprafood SARL,Talent Acquisition Manager,champion,adresse_perso,0,0,0
CON-015081,ENT-07315,HaldesolForge France,HR Assistant,utilisateur,adresse_perso,1,0,5
CON-056571,ENT-01652,Belfovialabs,Office Manager,bruit,adresse_perso,1,0,5
CON-075134,ENT-16831,Talocalmedia,HR Intern,bruit,adresse_perso,0,0,0
CON-034362,ENT-04273,Ederigorretail SARL,HR Intern,bruit,sans_adresse,1,0,2
CON-074669,ENT-07943,IberihalEnergie,HR Intern,bruit,adresse_perso,0,0,0
CON-050769,ENT-10116,Lumiprasystems SAS,HR Business Partner,champion,sans_adresse,1,0,4
CON-023655,ENT-14166,Quantimarservices,Head of Talent Acquisition,buyer,sans_adresse,1,0,1
CON-025316,ENT-07231,Haldenexsystems France,HR Assistant,utilisateur,sans_adresse,1,0,7
CON-034101,ENT-09080,Kelviconseil,Talent Acquisition Manager,champion,adresse_perso,0,0,0
CON-062074,ENT-07566,Heliolexlab SA,People Ops Manager,champion,sans_adresse,0,0,0
CON-050479,ENT-01541,Belfoquiservices SAS,Talent Acquisition Specialist,utilisateur,adresse_perso,0,0,0
CON-036581,ENT-07412,Heliobelindustries SAS,Responsable Recrutement,champion,adresse_perso,0,0,0
CON-074172,ENT-13331,Perrimarflow SAS,HR Director,buyer,sans_adresse,0,0,0
CON-024852,ENT-17465,TerrapraDynamics Group,People Ops Coordinator,utilisateur,sans_adresse,0,0,0
CON-059834,ENT-06890,Grimorinlogic,Head of HR Operations,buyer,adresse_perso,0,0,0
CON-047516,ENT-04003,DoriopraRetail,Chief People Officer,buyer,sans_adresse,1,0,2
CON-032972,ENT-01251,Belfobeldynamics SA,Recruiter,utilisateur,adresse_perso,0,0,0
CON-021420,ENT-08610,Ivorovensolutions SARL,HR Assistant,utilisateur,adresse_perso,1,1,6
CON-028492,ENT-06120,FlexitasLogistics SAS,People Ops Coordinator,utilisateur,sans_adresse,0,0,0
CON-055984,ENT-07892,IberifinFinance,Chargee de recrutement,utilisateur,adresse_perso,0,0,0
CON-016091,ENT-06026,FlexipraIndustries Group,Office Manager,bruit,sans_adresse,0,0,0
CON-062334,ENT-02878,CendravenForge,Chargee de recrutement,utilisateur,adresse_perso,0,0,0
CON-066898,ENT-13679,Primohalpartners Group,Charge de recrutement,utilisateur,sans_adresse,0,0,0
CON-019697,ENT-14102,QuantiLab SARL,Executive Assistant,bruit,sans_adresse,1,0,2
CON-062101,ENT-11193,Neogorservices SARL,Talent Acquisition Manager,champion,adresse_perso,0,0,0
CON-005209,ENT-00043,AltacalMobility SA,HR Assistant,utilisateur,sans_adresse,1,0,4
CON-015150,ENT-13321,PerrilumMobility,HR Intern,bruit,adresse_perso,0,0,0
CON-057175,ENT-11226,Neolexconsulting,People Ops Coordinator,utilisateur,sans_adresse,0,0,0
CON-053493,ENT-13229,PerriFlow,Executive Assistant,bruit,adresse_perso,0,0,0
CON-047833,ENT-12504,OptimarData & Co,Executive Assistant,bruit,sans_adresse,0,0,0
CON-006365,ENT-06857,Grimoquifinance,,sans_titre,sans_adresse,0,0,0
CON-069461,ENT-04642,EstevafinPharma,Talent Acquisition Specialist,utilisateur,sans_adresse,1,0,5
CON-029395,ENT-17168,Talovenfinance Group,HR Business Partner,champion,sans_adresse,0,0,0
CON-016531,ENT-14973,Roccamarpartners SARL,Charge de recrutement,utilisateur,sans_adresse,1,0,3
CON-055824,ENT-10357,MavigorDigital,Talent Acquisition Specialist,utilisateur,adresse_perso,1,0,2
CON-066490,ENT-10833,Merilexlogistics,Talent Acquisition Specialist,utilisateur,adresse_perso,1,0,2
CON-044493,ENT-07969,Iberilexdata,HR Officer,utilisateur,adresse_perso,0,0,0
CON-012300,ENT-17420,TerramarImmo,Directrice RH,buyer,sans_adresse,0,0,0
CON-065489,ENT-08697,Juntodorworks France,Chief People Officer,buyer,sans_adresse,1,0,6
CON-038077,ENT-05317,FabritasLabs SARL,Executive Assistant,bruit,adresse_perso,0,0,0
CON-006633,ENT-15253,Serenifinimmo & Co,Talent Acquisition Manager,champion,sans_adresse,0,0,0
CON-066499,ENT-04534,Ederivensoft SARL,HRBP,champion,adresse_perso,0,0,0
CON-002624,ENT-09979,LumiGroup,HR Assistant,utilisateur,adresse_perso,1,0,7
CON-070624,ENT-14462,Rapigorlab,Charge de recrutement,utilisateur,sans_adresse,0,0,0
CON-027359,ENT-15103,Roccasoltech,Chargee de recrutement,utilisateur,adresse_perso,0,0,0
CON-011988,ENT-06968,Grimovenpartners & Co,HR Business Partner,champion,adresse_perso,0,0,0
CON-052994,ENT-12705,Optivialogistics,Office Manager,bruit,sans_adresse,0,0,0
CON-052116,ENT-04335,Ederilumforge Group,Head of People,buyer,sans_adresse,0,0,0
CON-020369,ENT-04258,EderiForge & Co,Recruiter,utilisateur,sans_adresse,0,0,0
CON-066508,ENT-01788,BriogorSoft,HR Director,buyer,adresse_perso,1,0,1
CON-052585,ENT-05288,FabrisolEnergie,Talent Acquisition Specialist,utilisateur,sans_adresse,0,0,0
CON-031008,ENT-03175,Cortipraretail,Executive Assistant,bruit,adresse_perso,0,0,0
CON-014613,ENT-15611,SolicalForge,People Ops Coordinator,utilisateur,sans_adresse,0,0,0
CON-060610,ENT-13832,PrimorinEnergie & Co,,sans_titre,adresse_perso,0,0,0
CON-064894,ENT-04123,DoriovenMobility,People Ops Coordinator,utilisateur,sans_adresse,0,0,0
CON-043240,ENT-10457,Mavimardynamics SA,Chargee de recrutement,utilisateur,sans_adresse,0,0,0
CON-033980,ENT-13284,PerrilexConsulting,Talent Acquisition Specialist,utilisateur,sans_adresse,0,0,0
CON-011952,ENT-05032,Fabridorworks,HR Business Partner,champion,adresse_perso,0,0,0
CON-054944,ENT-17535,TerrasolHub,Talent Acquisition Specialist,utilisateur,sans_adresse,0,0,0
CON-050253,ENT-08213,Iberivialabs,People Ops Manager,champion,sans_adresse,0,0,0
CON-044582,ENT-11528,Nordicallab,Chargee de recrutement,utilisateur,sans_adresse,0,0,0
CON-058971,ENT-04934,EstevavenWorks Group,Responsable Recrutement,champion,sans_adresse,0,0,0
CON-054688,ENT-08801,JuntolumConsulting SA,People Ops Coordinator,utilisateur,adresse_perso,0,0,0
CON-058960,ENT-19140,Vespiquifinance,Directrice RH,buyer,sans_adresse,1,1,5
CON-073941,ENT-18664,VertimarFlow,Head of Talent Acquisition,buyer,adresse_perso,1,0,5
CON-017634,ENT-00740,Ardenrinpartners SARL,,sans_titre,sans_adresse,0,0,0
CON-047736,ENT-15330,SerenilexFinance France,Chargee de recrutement,utilisateur,sans_adresse,0,0,0
CON-044692,ENT-04001,DoriopraLogistics,Talent Acquisition Specialist,utilisateur,sans_adresse,0,0,0
CON-072919,ENT-13205,Perrifinance,HR Officer,utilisateur,sans_adresse,0,0,0
CON-043607,ENT-01140,AxiorinLab SAS,Responsable Recrutement,champion,adresse_perso,0,0,0
CON-006676,ENT-07670,HelioquiData,HR Manager,champion,sans_adresse,0,0,0
CON-024029,ENT-15471,Serenirinenergie,Executive Assistant,bruit,sans_adresse,0,0,0
CON-029228,ENT-00065,Altadorlab France,HR Intern,bruit,sans_adresse,1,0,4
CON-032087,ENT-01938,BriopraMobility SA,HR Business Partner,champion,adresse_perso,0,0,0
CON-042783,ENT-06656,GrimodorSolutions,Recruiter,utilisateur,sans_adresse,0,0,0
CON-033465,ENT-14469,RapigorSolutions France,HR Intern,bruit,sans_adresse,0,0,0
CON-004685,ENT-11940,Novacalsolutions,Talent Acquisition Specialist,utilisateur,sans_adresse,0,0,0
CON-001973,ENT-01205,AxiovenFlow & Co,Recruiter,utilisateur,sans_adresse,1,0,2
CON-029879,ENT-05206,Fabrinexsolutions SA,Chargee de recrutement,utilisateur,adresse_perso,0,0,0
CON-012504,ENT-11388,NeorinMedia,HRBP,champion,sans_adresse,0,0,0
CON-075355,ENT-10889,MeriMedia,COO,buyer,sans_adresse,0,0,0
CON-042669,ENT-16009,Stellacalhub,Office Manager,bruit,adresse_perso,0,0,0
CON-054705,ENT-03837,Doriogorindustries,People Ops Coordinator,utilisateur,sans_adresse,0,0,0
CON-050901,ENT-16443,SylvacalPartners,HR Business Partner,champion,adresse_perso,1,1,5
CON-070028,ENT-20156,Zephidorlab France,HR Officer,utilisateur,sans_adresse,1,0,2
CON-031676,ENT-13703,PrimolexLab,Charge de recrutement,utilisateur,adresse_perso,0,0,0
CON-000253,ENT-18803,Vertitasconsulting,Head of HR Operations,buyer,adresse_perso,1,1,2
CON-024751,ENT-18721,VertipraLogistics & Co,HR Intern,bruit,sans_adresse,1,0,3
CON-054413,ENT-00281,Altaprasolutions SA,,sans_titre,sans_adresse,0,0,0
CON-071141,ENT-08903,JuntoquiLab SARL,Charge de recrutement,utilisateur,adresse_perso,0,0,0
CON-031557,ENT-05650,FernoquiForge SA,Directrice RH,buyer,sans_adresse,1,0,2
CON-026215,ENT-02674,CendralexSoft SARL,HR Business Partner,champion,adresse_perso,0,0,0
CON-019284,ENT-15215,SereniData France,Chargee de recrutement,utilisateur,sans_adresse,1,0,1
CON-012043,ENT-19982,YellorinForge & Co,Chargee de recrutement,utilisateur,sans_adresse,0,0,0
CON-034111,ENT-14955,Roccalumsystems,,sans_titre,sans_adresse,0,0,0
CON-037324,ENT-19431,Wallilexindustries,People Ops Coordinator,utilisateur,sans_adresse,0,0,0
CON-018049,ENT-02652,CendraIndustries,HR Assistant,utilisateur,sans_adresse,0,0,0
CON-065494,ENT-13159,PerricalData SA,HR Assistant,utilisateur,adresse_perso,1,0,4
CON-046845,ENT-14594,Rapipraconseil,Compensation & Benefits Manager,champion,sans_adresse,1,0,2
CON-024528,ENT-04438,EderiquiPharma SA,Talent Acquisition Manager,champion,sans_adresse,0,0,0
CON-031073,ENT-13167,Perricallab,Chargee de recrutement,utilisateur,adresse_perso,0,0,0
CON-029506,ENT-02593,Cendrafinservices & Co,Chargee de recrutement,utilisateur,adresse_perso,1,0,3
CON-045993,ENT-05722,FernotasFood Group,Office Manager,bruit,sans_adresse,1,0,4
CON-043539,ENT-00054,Altadigital SA,HR Director,buyer,sans_adresse,0,0,0
CON-017337,ENT-18018,UlmiviaFinance,Responsable Recrutement,champion,sans_adresse,0,0,0
CON-029642,ENT-19792,YellogorMobility,Compensation & Benefits Manager,champion,sans_adresse,0,0,0
CON-071745,ENT-14590,RapinexSolutions France,Directeur RH,buyer,sans_adresse,0,0,0
CON-021627,ENT-09720,LorriquiImmo,People Ops Coordinator,utilisateur,sans_adresse,0,0,0
CON-063461,ENT-08766,Juntohallogistics,HRBP,champion,sans_adresse,1,0,6
CON-062412,ENT-06686,Grimogordata France,CHRO,buyer,sans_adresse,0,0,0
CON-032904,ENT-14294,QuantitasFood SARL,Head of HR Operations,buyer,adresse_perso,1,1,3
CON-069953,ENT-06620,Grimocalimmo Group,HR Intern,bruit,sans_adresse,1,0,5
CON-049004,ENT-19763,Yellofinpartners & Co,Charge de recrutement,utilisateur,adresse_perso,0,0,0
CON-033517,ENT-20473,Zephitasworks,CHRO,buyer,adresse_perso,1,0,2
CON-059025,ENT-04580,EstevabelTech,Talent Acquisition Specialist,utilisateur,sans_adresse,0,0,0
CON-004733,ENT-10415,MavilexImmo SA,HR Assistant,utilisateur,adresse_perso,0,0,0
CON-069871,ENT-02088,CauribelFlow SAS,HR Assistant,utilisateur,adresse_perso,0,0,0
CON-025241,ENT-06200,GallicalDynamics,,sans_titre,adresse_perso,0,0,0
CON-028074,ENT-15884,SolisolFood & Co,People Ops Manager,champion,sans_adresse,0,0,0
CON-062232,ENT-05753,Fernovenlogic France,,sans_titre,sans_adresse,0,0,0
CON-025354,ENT-19243,Vespivenlogic France,Responsable Recrutement,champion,sans_adresse,1,0,2
CON-047442,ENT-04417,EderipraRetail Group,People Ops Manager,champion,adresse_perso,1,0,1
CON-053888,ENT-13527,PerriviaIndustries Group,,sans_titre,sans_adresse,0,0,0
CON-070110,ENT-04660,Estevagorgroup,Executive Assistant,bruit,sans_adresse,0,0,0
CON-012254,ENT-17476,Terrapramedia SARL,People Ops Manager,champion,adresse_perso,1,0,1
CON-015902,ENT-15388,SerenimarSolutions SARL,HRBP,champion,adresse_perso,0,0,0
CON-074574,ENT-09518,Lorrifinimmo,Directeur RH,buyer,sans_adresse,0,0,0
CON-018255,ENT-00910,AxiodorPharma SARL,Head of Talent Acquisition,buyer,sans_adresse,0,0,0
CON-025939,ENT-08803,Juntolumdynamics Group,VP Human Resources,buyer,adresse_perso,0,0,0
CON-031618,ENT-05781,Fernoworks France,Executive Assistant,bruit,sans_adresse,0,0,0
CON-021117,ENT-03304,Cortiviapharma,Talent Acquisition Specialist,utilisateur,sans_adresse,0,0,0
CON-043630,ENT-09796,Lorritaspartners SARL,Recruiter,utilisateur,sans_adresse,0,0,0
CON-031207,ENT-20152,ZephidorFood SA,People Ops Coordinator,utilisateur,sans_adresse,0,0,0
CON-070985,ENT-08755,JuntohalConsulting Group,Office Manager,bruit,sans_adresse,0,0,0
CON-070595,ENT-12964,Ovalinexpharma Group,People Ops Coordinator,utilisateur,adresse_perso,1,1,3
CON-068351,ENT-14243,Quantirindigital SAS,HR Manager,champion,adresse_perso,0,0,0
CON-060110,ENT-13195,PerridorMobility France,People Ops Coordinator,utilisateur,adresse_perso,0,0,0
CON-033067,ENT-13145,Perribelindustries,HR Business Partner,champion,adresse_perso,0,0,0
CON-007186,ENT-19857,Yellolumenergie France,Charge de recrutement,utilisateur,adresse_perso,0,0,0
CON-064483,ENT-12838,OvaligorMobility France,Recruiter,utilisateur,sans_adresse,0,0,0
CON-042331,ENT-02909,Cendraviamedia SAS,Compensation & Benefits Manager,champion,adresse_perso,0,0,0
CON-030249,ENT-06019,FlexipraEnergie,Recruiter,utilisateur,adresse_perso,0,0,0
CON-033322,ENT-13634,PrimofinPharma,HR Assistant,utilisateur,adresse_perso,1,0,2
CON-006784,ENT-17947,UlmisolFood SA,People Ops Manager,champion,sans_adresse,0,0,0
CON-026187,ENT-19234,VespivenDynamics France,VP People,buyer,sans_adresse,0,0,0
CON-045918,ENT-10197,LumitasLabs France,Head of HR Operations,buyer,sans_adresse,0,0,0
CON-071455,ENT-04569,EstevabelImmo,People Ops Coordinator,utilisateur,sans_adresse,1,0,3
CON-043490,ENT-00862,Axiobelsoft,Head of HR Operations,buyer,adresse_perso,0,0,0
CON-035231,ENT-05385,Fernobelfood France,Executive Assistant,bruit,adresse_perso,1,0,5
CON-024944,ENT-14998,Roccanexmobility Group,Executive Assistant,bruit,adresse_perso,0,0,0
CON-076333,ENT-16103,StellagorTech & Co,Executive Assistant,bruit,sans_adresse,0,0,0
CON-040164,ENT-01053,Axiomarservices SAS,HR Manager,champion,sans_adresse,0,0,0
CON-001829,ENT-07467,Heliodorlogic,HR Assistant,utilisateur,sans_adresse,1,0,3
CON-071751,ENT-15860,SolirinData,Head of HR Operations,buyer,sans_adresse,1,0,4
CON-016484,ENT-19500,WallinexIndustries SAS,People Ops Coordinator,utilisateur,sans_adresse,0,0,0
CON-036291,ENT-17349,TerrahalPharma,,sans_titre,sans_adresse,1,0,2
CON-002219,ENT-17810,UlmilumImmo Group,HR Director,buyer,sans_adresse,1,0,3
CON-067753,ENT-04050,Doriorinmedia SAS,HR Business Partner,champion,adresse_perso,0,0,0
CON-038323,ENT-01788,BriogorSoft,Talent Acquisition Specialist,utilisateur,adresse_perso,1,1,5
CON-042075,ENT-05394,FernobelPartners & Co,HR Business Partner,champion,adresse_perso,1,0,3
CON-063164,ENT-13057,Ovalisollabs,HR Manager,champion,sans_adresse,0,0,0
CON-037067,ENT-04510,EderitasServices,Head of HR Operations,buyer,sans_adresse,1,0,10
CON-007768,ENT-06176,GallibelEnergie,VP People,buyer,sans_adresse,0,0,0
CON-076348,ENT-00601,Ardenlexmobility SARL,Head of Talent Acquisition,buyer,sans_adresse,0,0,0
CON-055424,ENT-17426,TerramarPartners,HR Business Partner,champion,sans_adresse,0,0,0
CON-072475,ENT-17682,Ulmidorlogic SARL,Office Manager,bruit,adresse_perso,0,0,0
CON-045718,ENT-12577,Optiquidigital France,Head of People,buyer,adresse_perso,0,0,0
CON-016928,ENT-11701,NordimarSystems,HR Officer,utilisateur,sans_adresse,0,0,0
CON-020439,ENT-20326,ZephimarWorks,HRBP,champion,sans_adresse,0,0,0
CON-047296,ENT-12398,OptifinServices Group,Chargee de recrutement,utilisateur,sans_adresse,1,0,4
CON-023350,ENT-03281,CortivenPharma Group,HR Officer,utilisateur,sans_adresse,0,0,0
CON-015871,ENT-19777,Yellogordigital SARL,Directrice RH,buyer,adresse_perso,0,0,0
CON-012317,ENT-04446,Ederiretail Group,Chargee de recrutement,utilisateur,sans_adresse,0,0,0
CON-051905,ENT-02691,Cendralumlabs & Co,HR Business Partner,champion,adresse_perso,1,0,1
CON-065945,ENT-07683,Helioquiretail,Executive Assistant,bruit,sans_adresse,1,0,2
CON-024183,ENT-14584,RapinexMobility,,sans_titre,adresse_perso,0,0,0
CON-038088,ENT-08349,Ivorogroup SARL,Head of HR Operations,buyer,sans_adresse,1,0,3
CON-014846,ENT-02457,CaurivenConsulting,Compensation & Benefits Manager,champion,sans_adresse,1,0,8
CON-030879,ENT-00846,AxiobelEnergie France,Head of HR Operations,buyer,sans_adresse,0,0,0
CON-050520,ENT-06383,Gallimarretail,People Ops Coordinator,utilisateur,adresse_perso,1,0,7
CON-028585,ENT-16079,StellaForge SAS,Recruiter,utilisateur,adresse_perso,0,0,0
CON-035038,ENT-10131,LumiquiMobility SARL,,sans_titre,adresse_perso,0,0,0
CON-062438,ENT-12355,Optidordigital SA,HR Officer,utilisateur,sans_adresse,0,0,0
CON-036949,ENT-15130,Roccatastech France,Compensation & Benefits Manager,champion,sans_adresse,1,0,6
CON-025639,ENT-13976,Quanticaldata,Talent Acquisition Manager,champion,sans_adresse,1,0,1
CON-043841,ENT-16586,Sylvalumretail SA,Chargee de recrutement,utilisateur,sans_adresse,0,0,0
CON-074858,ENT-08279,Ivorodorfinance SA,,sans_titre,adresse_perso,0,0,0
CON-016285,ENT-20042,Yellotaspartners,HR Assistant,utilisateur,adresse_perso,0,0,0
CON-074944,ENT-11732,NordipraDynamics,HR Intern,bruit,adresse_perso,0,0,0
CON-054154,ENT-02995,CortifinFinance Group,HR Intern,bruit,adresse_perso,0,0,0
CON-014949,ENT-14664,Rapirinworks Group,Recruiter,utilisateur,sans_adresse,0,0,0
CON-038763,ENT-11421,Neosolutions,Head of HR Operations,buyer,sans_adresse,1,0,3
CON-066478,ENT-03250,Cortitasforge Group,HR Officer,utilisateur,adresse_perso,1,0,4
CON-075023,ENT-18671,VertimarLabs,Talent Acquisition Specialist,utilisateur,sans_adresse,0,0,0
CON-028665,ENT-06587,GalliviaWorks,HR Manager,champion,sans_adresse,0,0,0
CON-061962,ENT-15720,Solilabs SARL,HR Assistant,utilisateur,sans_adresse,1,0,2
CON-050462,ENT-03045,Cortihalforge SARL,VP People,buyer,sans_adresse,0,0,0
CON-072417,ENT-05731,Fernotasmobility,HRBP,champion,sans_adresse,1,0,8
CON-040636,ENT-11505,Nordibelmedia SA,HR Manager,champion,sans_adresse,0,0,0
CON-005244,ENT-13984,QuanticalImmo SAS,CEO,buyer,sans_adresse,0,0,0
CON-059468,ENT-13734,PrimomarFlow SAS,HRBP,champion,sans_adresse,0,0,0
CON-008872,ENT-10333,Mavifinance,Head of Talent Acquisition,buyer,adresse_perso,0,0,0
CON-029608,ENT-15504,SerenisolIndustries SARL,CHRO,buyer,sans_adresse,0,0,0
CON-009724,ENT-03015,Cortiflow & Co,Recruiter,utilisateur,adresse_perso,1,0,2
CON-060223,ENT-06257,GallifinGroup,Office Manager,bruit,sans_adresse,0,0,0
CON-066851,ENT-04844,EstevarinFood Group,Responsable Recrutement,champion,sans_adresse,0,0,0
CON-025278,ENT-02899,CendraviaFinance,Directrice RH,buyer,adresse_perso,1,0,3
CON-041539,ENT-07954,Iberihalmedia,HRBP,champion,sans_adresse,1,0,3
CON-048359,ENT-00900,Axiodorflow & Co,Compensation & Benefits Manager,champion,sans_adresse,0,0,0
CON-038678,ENT-09100,KelvidorRetail SA,Chargee de recrutement,utilisateur,adresse_perso,1,0,7
CON-030729,ENT-08583,IvorotasTech,Head of Talent Acquisition,buyer,sans_adresse,1,0,7
CON-042499,ENT-07678,HelioquiLogic,HR Manager,champion,sans_adresse,1,0,3
CON-019731,ENT-12620,OptirinWorks,Talent Acquisition Specialist,utilisateur,adresse_perso,1,0,2
CON-031405,ENT-12222,NovasolGroup France,Talent Acquisition Specialist,utilisateur,sans_adresse,0,0,0
CON-007019,ENT-00708,Ardenquilab SA,Chief People Officer,buyer,sans_adresse,0,0,0
CON-000040,ENT-16602,Sylvamarlabs SARL,,sans_titre,adresse_perso,0,0,0
CON-059950,ENT-11490,NordibelConseil France,Chargee de recrutement,utilisateur,adresse_perso,0,0,0
CON-029616,ENT-02396,CauririnSolutions SA,Executive Assistant,bruit,adresse_perso,1,0,2
CON-056588,ENT-04691,Estevahalpartners SARL,HR Business Partner,champion,sans_adresse,1,0,5
CON-066977,ENT-15755,SolilumLab Group,Responsable Recrutement,champion,sans_adresse,1,0,7
CON-045222,ENT-18321,Vectoquifinance,Head of HR Operations,buyer,sans_adresse,0,0,0
CON-034291,ENT-09581,Lorrilab Group,HR Assistant,utilisateur,adresse_perso,1,0,1
CON-012581,ENT-15596,Solibelmobility SARL,HR Assistant,utilisateur,sans_adresse,0,0,0
CON-075995,ENT-02207,CAURIGORWORKS,Chargee de recrutement,utilisateur,adresse_perso,0,0,0
CON-032316,ENT-04894,EstevatasFinance,VP Human Resources,buyer,sans_adresse,0,0,0
CON-010626,ENT-04925,Estevavenmedia,Charge de recrutement,utilisateur,adresse_perso,1,1,4
CON-030273,ENT-20150,ZephidorFinance,HR Director,buyer,sans_adresse,0,0,0
CON-024759,ENT-13681,Primohalretail,HR Assistant,utilisateur,sans_adresse,0,0,0
CON-066578,ENT-11654,NordilexSoft,Office Manager,bruit,adresse_perso,1,0,2
CON-005734,ENT-12196,NovarinFood & Co,HRBP,champion,adresse_perso,0,0,0
CON-008183,ENT-05250,FabriquiMedia SAS,HR Officer,utilisateur,adresse_perso,0,0,0
CON-071697,ENT-02115,Cauricalindustries France,Chief People Officer,buyer,adresse_perso,0,0,0
CON-054812,ENT-02891,Cendravensolutions,Office Manager,bruit,adresse_perso,1,0,11
CON-042249,ENT-09424,KelviviaWorks,Talent Acquisition Specialist,utilisateur,adresse_perso,0,0,0
CON-069390,ENT-20268,ZephilexMedia SAS,Talent Acquisition Specialist,utilisateur,sans_adresse,0,0,0
CON-023058,ENT-19675,WalliviaTech SAS,HR Officer,utilisateur,sans_adresse,0,0,0
CON-009589,ENT-01977,Briorinflow,Charge de recrutement,utilisateur,adresse_perso,0,0,0
CON-022788,ENT-17432,Terramarworks,Office Manager,bruit,adresse_perso,1,0,4
CON-026596,ENT-14843,Roccafinforge,Talent Acquisition Specialist,utilisateur,sans_adresse,1,0,2
CON-069840,ENT-04480,EderisolLabs,HR Business Partner,champion,sans_adresse,0,0,0
CON-011764,ENT-14716,RapivenGroup,COO,buyer,adresse_perso,0,0,0
CON-013269,ENT-01495,Belfopartners SARL,Talent Acquisition Specialist,utilisateur,sans_adresse,0,0,0
CON-045824,ENT-04404,EderipraFlow France,HR Manager,champion,sans_adresse,1,0,9
CON-073557,ENT-17962,Ulmisolsolutions SARL,Talent Acquisition Specialist,utilisateur,adresse_perso,0,0,0
CON-060295,ENT-09134,Kelvigorflow,Talent Acquisition Manager,champion,adresse_perso,0,0,0
CON-062791,ENT-07530,HeliohalConseil,Head of People,buyer,adresse_perso,1,0,8
CON-061163,ENT-11701,NordimarSystems,Executive Assistant,bruit,adresse_perso,1,0,4
CON-038027,ENT-08185,Iberivendigital,People Ops Manager,champion,sans_adresse,1,0,3
CON-048693,ENT-16655,Sylvapramedia France,Office Manager,bruit,sans_adresse,1,0,7
CON-061285,ENT-04526,Ederivenlabs,Recruiter,utilisateur,sans_adresse,0,0,0
CON-070775,ENT-03007,Cortifinmobility France,Recruiter,utilisateur,sans_adresse,0,0,0
CON-030607,ENT-10022,Lumilexpharma,,sans_titre,sans_adresse,0,0,0
CON-034544,ENT-07599,Heliolumtech SARL,Directrice RH,buyer,adresse_perso,0,0,0
CON-043696,ENT-00245,Altanexlab,Head of HR Operations,buyer,sans_adresse,0,0,0
CON-014352,ENT-19800,Yellogroup SARL,,sans_titre,sans_adresse,1,0,7
CON-041441,ENT-20259,ZephilexEnergie,CHRO,buyer,sans_adresse,0,0,0
CON-041996,ENT-05728,Fernotaslogic SAS,COO,buyer,sans_adresse,0,0,0
CON-005371,ENT-19432,Wallilexlogic,Talent Acquisition Specialist,utilisateur,adresse_perso,0,0,0
CON-053109,ENT-01357,Belfogorgroup,Charge de recrutement,utilisateur,sans_adresse,0,0,0
CON-012192,ENT-16150,Stellalexmedia Group,CHRO,buyer,sans_adresse,0,0,0
CON-000809,ENT-09477,LorriConseil & Co,HR Intern,bruit,sans_adresse,1,0,3
CON-076366,ENT-08649,Juntobelservices & Co,HR Manager,champion,adresse_perso,1,0,2
CON-044356,ENT-14475,Rapihaldata,HRBP,champion,adresse_perso,0,0,0
CON-051407,ENT-06531,Gallitaspartners,Talent Acquisition Specialist,utilisateur,adresse_perso,1,0,7
CON-058857,ENT-06479,Gallirinlogic France,Responsable Recrutement,champion,adresse_perso,0,0,0
CON-052509,ENT-05295,Fabrisollabs SA,Responsable Recrutement,champion,adresse_perso,0,0,0
CON-011136,ENT-12969,Ovalinexsystems Group,CEO,buyer,adresse_perso,1,0,2
CON-056133,ENT-07346,Haldetasmedia,HR Manager,champion,adresse_perso,0,0,0
CON-030393,ENT-09073,KelvicalPartners,Head of HR Operations,buyer,adresse_perso,0,0,0
CON-030504,ENT-02264,CaurilumFinance,Head of People,buyer,sans_adresse,0,0,0
CON-041433,ENT-13417,PerriquiSystems & Co,Recruiter,utilisateur,sans_adresse,0,0,0
CON-001407,ENT-10576,MavisolDynamics France,Charge de recrutement,utilisateur,adresse_perso,1,0,2
CON-007361,ENT-17679,Ulmidorindustries SAS,Office Manager,bruit,adresse_perso,1,0,5
CON-003499,ENT-15583,SereniviaTech,HRBP,champion,sans_adresse,0,0,0
CON-058933,ENT-12421,OptigorPartners,Chargee de recrutement,utilisateur,adresse_perso,0,0,0
CON-059455,ENT-02969,CortidorDigital Group,Responsable Recrutement,champion,adresse_perso,0,0,0
CON-006942,ENT-01767,BrioFlow SAS,HR Assistant,utilisateur,sans_adresse,0,0,0
CON-048282,ENT-18136,VectofinMobility,Compensation & Benefits Manager,champion,sans_adresse,0,0,0
CON-016216,ENT-08729,Juntogorconsulting France,People Ops Coordinator,utilisateur,sans_adresse,0,0,0
CON-038476,ENT-08637,Juntobeldigital,CHRO,buyer,adresse_perso,0,0,0
CON-035394,ENT-00859,AxiobelPharma SA,Executive Assistant,bruit,adresse_perso,1,0,3
CON-026782,ENT-06552,Gallivenlogic France,Executive Assistant,bruit,sans_adresse,1,0,1
CON-026874,ENT-08672,Juntoconseil Group,People Ops Manager,champion,adresse_perso,0,0,0
CON-038401,ENT-13880,PrimotasConsulting SAS,Executive Assistant,bruit,adresse_perso,1,0,1
CON-021823,ENT-14413,Rapidorlogistics SARL,Responsable Recrutement,champion,adresse_perso,1,0,1
CON-057658,ENT-17918,UlmiquiSystems SAS,People Ops Manager,champion,adresse_perso,1,0,2
CON-057919,ENT-16366,StellavenFinance,HRBP,champion,adresse_perso,1,0,8
CON-027908,ENT-04025,DorioquiMedia France,Chargee de recrutement,utilisateur,adresse_perso,0,0,0
CON-027602,ENT-18747,Vertiquisolutions France,HR Intern,bruit,sans_adresse,0,0,0
CON-049153,ENT-19546,Walliquilab Group,HR Officer,utilisateur,sans_adresse,0,0,0
CON-057416,ENT-14380,Rapicaldynamics,HR Manager,champion,sans_adresse,1,0,2
CON-051400,ENT-19390,WalligorServices SAS,HR Intern,bruit,adresse_perso,0,0,0
CON-035648,ENT-11875,NordiviaFinance,Head of People,buyer,adresse_perso,0,0,0
CON-029330,ENT-14880,Roccagroup,VP Human Resources,buyer,sans_adresse,1,0,6
CON-010518,ENT-10875,Merimarindustries SA,Charge de recrutement,utilisateur,adresse_perso,0,0,0
CON-064222,ENT-14917,RoccalexDynamics SARL,HR Officer,utilisateur,sans_adresse,0,0,0
CON-000947,ENT-07868,Iberidorforge France,HR Officer,utilisateur,sans_adresse,0,0,0
CON-023353,ENT-09648,Lorrimarlogistics,Head of HR Operations,buyer,sans_adresse,1,0,2
CON-064827,ENT-12308,OptibelEnergie SA,CEO,buyer,adresse_perso,1,0,1
CON-014827,ENT-11433,NeotasImmo SA,Charge de recrutement,utilisateur,adresse_perso,1,0,3
CON-045504,ENT-03053,CortihalMobility & Co,Chargee de recrutement,utilisateur,adresse_perso,0,0,0
CON-067123,ENT-07645,Helionexsystems,Responsable Recrutement,champion,sans_adresse,0,0,0
CON-038126,ENT-02372,CauriquiSolutions Group,Head of People,buyer,adresse_perso,0,0,0
CON-066303,ENT-12293,Novaviapartners & Co,Head of Talent Acquisition,buyer,adresse_perso,1,0,2
CON-054066,ENT-02689,CendralumImmo,HR Manager,champion,adresse_perso,0,0,0
CON-003207,ENT-06101,Flexisolretail,Responsable Recrutement,champion,sans_adresse,1,0,5
CON-075428,ENT-04822,EstevaquiForge France,,sans_titre,sans_adresse,0,0,0
CON-031088,ENT-14390,RapicalLabs SAS,Chargee de recrutement,utilisateur,sans_adresse,0,0,0
CON-051131,ENT-07511,Heliogordynamics & Co,HR Assistant,utilisateur,adresse_perso,1,0,4
CON-017063,ENT-09784,LorritasDynamics SAS,VP People,buyer,adresse_perso,0,0,0
CON-056983,ENT-11310,Neoneximmo & Co,People Ops Coordinator,utilisateur,sans_adresse,0,0,0
CON-024922,ENT-01351,Belfogordigital Group,HR Business Partner,champion,sans_adresse,1,0,2
CON-015015,ENT-02265,Caurilumfood,HRBP,champion,adresse_perso,0,0,0
CON-006273,ENT-03852,Doriohalconseil France,HR Intern,bruit,sans_adresse,0,0,0
CON-057498,ENT-04298,EderihalSystems & Co,Talent Acquisition Specialist,utilisateur,sans_adresse,0,0,0
CON-074614,ENT-08787,JuntolexLabs SAS,HR Intern,bruit,adresse_perso,0,0,0
CON-007173,ENT-09525,Lorrifinpartners SAS,Talent Acquisition Specialist,utilisateur,adresse_perso,0,0,0
CON-045358,ENT-06632,GrimocalTech & Co,HR Manager,champion,sans_adresse,0,0,0
CON-002099,ENT-08874,JuntopraDynamics,Compensation & Benefits Manager,champion,adresse_perso,1,0,1
CON-069928,ENT-04405,EderipraFood SAS,Office Manager,bruit,sans_adresse,0,0,0
CON-001494,ENT-09081,KelviConsulting SA,Executive Assistant,bruit,sans_adresse,0,0,0
CON-045264,ENT-01025,Axiolumimmo,People Ops Manager,champion,sans_adresse,1,0,3
CON-063242,ENT-10519,Mavipramobility,Executive Assistant,bruit,adresse_perso,1,0,2
CON-043124,ENT-13034,OvalirinPartners,Talent Acquisition Specialist,utilisateur,adresse_perso,0,0,0
CON-018486,ENT-16147,StellalexLabs Group,People Ops Coordinator,utilisateur,sans_adresse,1,0,1
CON-073150,ENT-05631,Fernopraimmo,People Ops Coordinator,utilisateur,adresse_perso,1,0,4
CON-017607,ENT-00223,Altamarpartners SA,Executive Assistant,bruit,sans_adresse,1,0,6
CON-002801,ENT-01943,BriopraSoft Group,Talent Acquisition Specialist,utilisateur,sans_adresse,0,0,0
CON-030334,ENT-00859,AxiobelPharma SA,Office Manager,bruit,adresse_perso,0,0,0
CON-040628,ENT-17542,Terrasolpartners,Head of Talent Acquisition,buyer,adresse_perso,1,0,3
CON-058289,ENT-17955,UlmisolLogistics,People Ops Coordinator,utilisateur,sans_adresse,1,0,3
CON-001363,ENT-20418,ZephirinMedia,HRBP,champion,sans_adresse,0,0,0
CON-007812,ENT-06114,Flexitasgroup,HR Manager,champion,sans_adresse,0,0,0
CON-039452,ENT-01338,Belfofinpartners & Co,HRBP,champion,adresse_perso,0,0,0
CON-062060,ENT-01638,Belfoventech SAS,Directrice RH,buyer,adresse_perso,0,0,0
CON-067907,ENT-19155,VespiquiSoft SAS,HR Director,buyer,sans_adresse,0,0,0
CON-039817,ENT-12682,Optivenlabs Group,Directeur RH,buyer,adresse_perso,0,0,0
CON-040562,ENT-06679,Grimofinsolutions & Co,COO,buyer,sans_adresse,0,0,0
CON-053682,ENT-03744,DoriobelWorks Group,Chargee de recrutement,utilisateur,sans_adresse,0,0,0
CON-049963,ENT-07889,IberifinData SARL,,sans_titre,sans_adresse,0,0,0
CON-067135,ENT-03689,DelfivenFlow,,sans_titre,sans_adresse,0,0,0
CON-035010,ENT-19232,VespiTech,Office Manager,bruit,sans_adresse,1,0,3
CON-072604,ENT-08927,JuntorinLogistics,Head of People,buyer,sans_adresse,1,0,2
CON-014453,ENT-07261,Haldequifinance & Co,Charge de recrutement,utilisateur,sans_adresse,0,0,0
CON-071533,ENT-10318,MavidorImmo,CEO,buyer,adresse_perso,1,1,7
CON-045027,ENT-09253,KelvinexHub,Head of HR Operations,buyer,adresse_perso,0,0,0
CON-043054,ENT-10990,Meririnworks SAS,HR Officer,utilisateur,adresse_perso,0,0,0
CON-059871,ENT-20408,ZephirinData,Directrice RH,buyer,adresse_perso,0,0,0
CON-022214,ENT-02479,Cauriviadynamics SAS,HR Intern,bruit,sans_adresse,1,0,4
CON-064396,ENT-18361,Vectosolconsulting SAS,Charge de recrutement,utilisateur,adresse_perso,1,0,2
CON-071130,ENT-10085,LuminexServices & Co,HR Officer,utilisateur,adresse_perso,0,0,0
CON-041280,ENT-07773,Heliovenmedia SARL,Office Manager,bruit,sans_adresse,0,0,0
CON-010205,ENT-07787,HelioviaFinance & Co,Talent Acquisition Specialist,utilisateur,sans_adresse,1,0,2
CON-037370,ENT-20494,ZephivenServices,HR Intern,bruit,adresse_perso,0,0,0
CON-047415,ENT-15620,Solicalretail SARL,HR Manager,champion,sans_adresse,0,0,0
CON-073400,ENT-13433,PerririnLabs,People Ops Coordinator,utilisateur,adresse_perso,0,0,0
CON-021970,ENT-20085,Yellovialogic,HR Officer,utilisateur,adresse_perso,1,0,6
CON-006634,ENT-15253,Serenifinimmo & Co,HR Officer,utilisateur,sans_adresse,0,0,0
CON-070149,ENT-17816,UlmilumMobility SA,Head of Talent Acquisition,buyer,adresse_perso,0,0,0
CON-069088,ENT-10909,MerinexPartners France,Chief People Officer,buyer,adresse_perso,1,0,6
CON-009222,ENT-06471,Gallirinfood,Directeur RH,buyer,adresse_perso,1,1,7
CON-021761,ENT-11018,Meritasconsulting SARL,Head of Talent Acquisition,buyer,adresse_perso,0,0,0
CON-066530,ENT-00729,Ardenrinflow,Talent Acquisition Specialist,utilisateur,sans_adresse,0,0,0
CON-056297,ENT-20041,YellotasMedia,Head of Talent Acquisition,buyer,sans_adresse,1,1,3
CON-014404,ENT-05037,Fabrifindata SAS,Recruiter,utilisateur,sans_adresse,1,0,3
CON-028889,ENT-02735,Cendranexforge SAS,Charge de recrutement,utilisateur,sans_adresse,0,0,0
CON-032740,ENT-09012,JuntoviaData,Office Manager,bruit,adresse_perso,1,0,2
CON-023593,ENT-01277,BelfocalFood,Talent Acquisition Specialist,utilisateur,sans_adresse,0,0,0
CON-004886,ENT-17012,Talomarlogic,HR Director,buyer,adresse_perso,0,0,0
CON-037587,ENT-15863,Solirinenergie SA,Talent Acquisition Manager,champion,sans_adresse,0,0,0
CON-075491,ENT-08750,Juntogorsystems SARL,Charge de recrutement,utilisateur,sans_adresse,1,0,3
CON-040403,ENT-10401,Mavihalsystems,Office Manager,bruit,sans_adresse,1,0,4
CON-004530,ENT-08137,IberirinWorks SAS,People Ops Coordinator,utilisateur,sans_adresse,0,0,0
CON-043035,ENT-14866,Roccagorgroup,People Ops Manager,champion,sans_adresse,1,0,2
CON-023856,ENT-10444,Mavilumhub SAS,HR Intern,bruit,adresse_perso,0,0,0
CON-074641,ENT-11388,NeorinMedia,VP People,buyer,sans_adresse,0,0,0
CON-057431,ENT-09575,LorrihalSystems France,HRBP,champion,sans_adresse,0,0,0
CON-017642,ENT-10823,MerilexEnergie,Office Manager,bruit,adresse_perso,1,0,4
CON-010536,ENT-00342,Altasolgroup & Co,Talent Acquisition Specialist,utilisateur,sans_adresse,1,0,6
CON-054283,ENT-17893,Ulmiprasoft Group,Directeur RH,buyer,sans_adresse,0,0,0
CON-014306,ENT-16191,StellamarLabs France,Executive Assistant,bruit,adresse_perso,1,0,5
CON-010967,ENT-05722,FernotasFood Group,HR Business Partner,champion,adresse_perso,1,0,2
CON-038142,ENT-10791,Merigorworks SAS,HR Assistant,utilisateur,sans_adresse,0,0,0
CON-007225,ENT-07959,IberihalServices,COO,buyer,sans_adresse,1,0,5
CON-057145,ENT-19970,Yelloquiretail,HRBP,champion,sans_adresse,0,0,0
CON-001981,ENT-10097,Lumiprafinance,Compensation & Benefits Manager,champion,sans_adresse,0,0,0
CON-062548,ENT-15126,Roccatasservices SARL,People Ops Coordinator,utilisateur,sans_adresse,1,0,4
CON-031673,ENT-09415,KelviviaLab,Head of Talent Acquisition,buyer,adresse_perso,1,1,4
CON-059806,ENT-17972,UlmitasForge,People Ops Coordinator,utilisateur,adresse_perso,0,0,0
CON-062148,ENT-08206,IberiviaFlow SA,HR Business Partner,champion,adresse_perso,0,0,0
CON-019634,ENT-16157,StellalumConseil & Co,Directrice RH,buyer,sans_adresse,0,0,0
CON-027685,ENT-09049,KelvibelMobility,Recruiter,utilisateur,sans_adresse,1,1,9
CON-065008,ENT-19112,VespinexSystems & Co,Recruiter,utilisateur,sans_adresse,0,0,0
CON-071357,ENT-11180,NeogorData,Head of Talent Acquisition,buyer,adresse_perso,0,0,0
CON-009460,ENT-15118,Roccataslab & Co,HR Officer,utilisateur,adresse_perso,0,0,0
CON-021764,ENT-16526,SylvahalData,HR Manager,champion,sans_adresse,0,0,0
CON-062580,ENT-08057,IberinexLogistics,HR Business Partner,champion,sans_adresse,0,0,0
CON-064118,ENT-07194,Haldemarlab France,Compensation & Benefits Manager,champion,adresse_perso,0,0,0
CON-030350,ENT-02140,CauridorImmo,People Ops Manager,champion,sans_adresse,0,0,0
CON-004987,ENT-13544,PrimobelHub & Co,HR Assistant,utilisateur,adresse_perso,0,0,0
CON-018069,ENT-10343,MavifinIndustries,CEO,buyer,adresse_perso,0,0,0
CON-007220,ENT-04283,Ederihalfood SARL,Executive Assistant,bruit,adresse_perso,0,0,0
CON-066838,ENT-06435,GallipraServices France,People Ops Coordinator,utilisateur,adresse_perso,0,0,0
CON-016566,ENT-12841,OvaligorServices Group,HR Manager,champion,adresse_perso,0,0,0
CON-024277,ENT-15671,SolifinServices SA,HR Intern,bruit,adresse_perso,1,0,3
CON-033705,ENT-07965,IberiImmo,Responsable Recrutement,champion,sans_adresse,0,0,0
CON-025304,ENT-08048,IberinexFlow,People Ops Coordinator,utilisateur,adresse_perso,0,0,0
CON-073435,ENT-11618,Nordihalfinance SA,Compensation & Benefits Manager,champion,sans_adresse,0,0,0
CON-063576,ENT-00510,ArdenfinConseil & Co,HR Intern,bruit,adresse_perso,0,0,0
CON-059905,ENT-15464,SereniquiTech,Head of Talent Acquisition,buyer,adresse_perso,0,0,0
CON-026715,ENT-04507,EderitasMedia SAS,HR Assistant,utilisateur,adresse_perso,0,0,0
CON-068359,ENT-10747,MerifinFinance SAS,People Ops Manager,champion,sans_adresse,0,0,0
CON-063124,ENT-03885,DoriolexDynamics & Co,HR Officer,utilisateur,adresse_perso,0,0,0
CON-067192,ENT-19540,Walliquifood,Charge de recrutement,utilisateur,sans_adresse,0,0,0
CON-053725,ENT-03949,Doriomarlab,,sans_titre,sans_adresse,0,0,0
CON-017342,ENT-10113,Lumipraservices Group,Talent Acquisition Specialist,utilisateur,adresse_perso,1,0,2
CON-009837,ENT-00132,AltagorSystems SARL,Chargee de recrutement,utilisateur,adresse_perso,1,1,3
CON-074106,ENT-10056,LumimarImmo,,sans_titre,adresse_perso,1,1,4
CON-041174,ENT-03679,Delfitastech,,sans_titre,adresse_perso,0,0,0
CON-034745,ENT-07089,Haldeflow SARL,Responsable Recrutement,champion,adresse_perso,1,0,2
CON-018600,ENT-15456,SereniquiLogistics France,Directrice RH,buyer,sans_adresse,0,0,0
CON-027303,ENT-12701,Optiviaimmo,People Ops Manager,champion,adresse_perso,0,0,0
CON-061357,ENT-06033,Flexiprasolutions SA,Head of Talent Acquisition,buyer,sans_adresse,1,0,4
CON-059718,ENT-01084,AxiopraDynamics SA,Executive Assistant,bruit,sans_adresse,0,0,0
CON-044157,ENT-19545,WalliquiIndustries & Co,HR Assistant,utilisateur,sans_adresse,0,0,0
CON-051334,ENT-09688,LorripraConseil SA,Responsable Recrutement,champion,sans_adresse,1,0,1
CON-051483,ENT-19598,WallisolMedia,HR Officer,utilisateur,adresse_perso,1,0,4
CON-066120,ENT-01721,Briodordigital France,Chargee de recrutement,utilisateur,sans_adresse,0,0,0
CON-054942,ENT-04485,Ederisolretail SARL,Compensation & Benefits Manager,champion,adresse_perso,0,0,0
CON-000669,ENT-20490,ZephivenMobility,HR Officer,utilisateur,sans_adresse,0,0,0
CON-061581,ENT-01355,Belfogorfood,HRBP,champion,sans_adresse,1,0,8
CON-037638,ENT-00056,AltadorConsulting SA,HR Officer,utilisateur,sans_adresse,0,0,0
CON-059839,ENT-15303,SerenihalFood,Recruiter,utilisateur,adresse_perso,1,0,5
CON-057714,ENT-04668,EstevagorPartners,Responsable Recrutement,champion,adresse_perso,0,0,0
CON-001292,ENT-15312,SerenihalPharma,HR Officer,utilisateur,sans_adresse,0,0,0
CON-017336,ENT-08279,Ivorodorfinance SA,People Ops Coordinator,utilisateur,adresse_perso,0,0,0
CON-001584,ENT-02156,Caurifinance,People Ops Manager,champion,adresse_perso,1,0,1
CON-039186,ENT-02561,CendradorLabs,Directeur RH,buyer,adresse_perso,0,0,0
CON-008650,ENT-00680,Ardenpradigital Group,Executive Assistant,bruit,sans_adresse,1,0,8
CON-065978,ENT-15824,Soliprahub France,CEO,buyer,sans_adresse,0,0,0
CON-052006,ENT-01667,BriobelData,HR Manager,champion,sans_adresse,0,0,0
CON-075980,ENT-13903,PrimovenData,Head of HR Operations,buyer,sans_adresse,0,0,0
CON-025321,ENT-18227,Vectolumfinance,People Ops Manager,champion,sans_adresse,1,0,2
CON-033902,ENT-05220,Fabripragroup SAS,People Ops Manager,champion,sans_adresse,0,0,0
CON-024706,ENT-14858,RoccagorConsulting SAS,Executive Assistant,bruit,adresse_perso,0,0,0
CON-043189,ENT-18505,VertiDigital,People Ops Coordinator,utilisateur,sans_adresse,1,0,3
CON-045744,ENT-18060,Vectocaldata,Executive Assistant,bruit,sans_adresse,1,0,3
CON-031164,ENT-16953,Talolexdynamics,COO,buyer,sans_adresse,0,0,0
CON-010431,ENT-12256,Novatech,Chargee de recrutement,utilisateur,adresse_perso,0,0,0
CON-046162,ENT-15516,SereniSolutions France,Talent Acquisition Manager,champion,adresse_perso,1,0,1
CON-003925,ENT-18293,Vectopartners,HR Intern,bruit,adresse_perso,1,0,2
CON-020737,ENT-12551,Optinexworks Group,HRBP,champion,adresse_perso,0,0,0
CON-011131,ENT-09012,JuntoviaData,Head of HR Operations,buyer,adresse_perso,1,0,3
CON-043923,ENT-17599,Terraviadigital,Office Manager,bruit,sans_adresse,1,0,3
CON-023966,ENT-07113,HaldehalDynamics SAS,Office Manager,bruit,adresse_perso,0,0,0
CON-054292,ENT-10495,Mavinexmobility,Chargee de recrutement,utilisateur,sans_adresse,1,0,1
CON-031842,ENT-15344,Serenilextech,,sans_titre,sans_adresse,0,0,0
CON-004263,ENT-19205,VespisolRetail,Head of HR Operations,buyer,adresse_perso,1,0,2
CON-020667,ENT-03855,DoriohalDynamics SAS,Recruiter,utilisateur,adresse_perso,0,0,0
CON-008469,ENT-14338,Quantiviafood,Recruiter,utilisateur,sans_adresse,0,0,0
CON-059678,ENT-11224,Neolab France,HRBP,champion,adresse_perso,1,0,8
CON-007887,ENT-14405,Rapidorconsulting,Talent Acquisition Specialist,utilisateur,sans_adresse,0,0,0
CON-023634,ENT-12731,OvalibelMedia SAS,HRBP,champion,sans_adresse,0,0,0
CON-056623,ENT-09926,LumiDynamics SA,COO,buyer,sans_adresse,0,0,0
CON-062461,ENT-14404,RapidorConseil,Head of Talent Acquisition,buyer,sans_adresse,0,0,0
CON-023131,ENT-12388,Optifinindustries SAS,Charge de recrutement,utilisateur,sans_adresse,1,0,2
CON-012568,ENT-16287,StellarinData,HR Intern,bruit,adresse_perso,1,0,4
CON-011574,ENT-10792,MeriGroup,HR Assistant,utilisateur,sans_adresse,0,0,0
CON-033248,ENT-16031,StelladorFinance & Co,Recruiter,utilisateur,sans_adresse,0,0,0
CON-010467,ENT-19313,Wallicalworks,Chargee de recrutement,utilisateur,sans_adresse,1,0,2
CON-072401,ENT-03083,CortilexServices,Responsable Recrutement,champion,sans_adresse,1,0,3
CON-027651,ENT-05411,Fernocallab,HR Officer,utilisateur,sans_adresse,1,0,3
CON-061448,ENT-01939,Brioprapartners SAS,Compensation & Benefits Manager,champion,sans_adresse,1,0,3
CON-019724,ENT-18840,VertivenLogic,Directrice RH,buyer,adresse_perso,0,0,0
CON-051587,ENT-17056,TalopraGroup,Compensation & Benefits Manager,champion,adresse_perso,0,0,0
CON-031775,ENT-19418,WalliIndustries,Recruiter,utilisateur,adresse_perso,1,0,5
CON-012599,ENT-17948,Ulmisolgroup France,Talent Acquisition Specialist,utilisateur,sans_adresse,1,1,4
CON-056318,ENT-02312,Caurinexindustries Group,Recruiter,utilisateur,sans_adresse,0,0,0
CON-012605,ENT-01371,BelfogorTech SA,Head of HR Operations,buyer,sans_adresse,0,0,0
CON-029676,ENT-02791,CendraquiMedia SAS,Talent Acquisition Manager,champion,sans_adresse,0,0,0
CON-067399,ENT-05908,FlexihalFood & Co,HR Officer,utilisateur,sans_adresse,1,0,2
CON-028714,ENT-08461,Ivoronexservices,HRBP,champion,sans_adresse,1,1,3
CON-063183,ENT-10581,MavisolForge,HR Officer,utilisateur,sans_adresse,0,0,0
CON-069518,ENT-01269,Belfocalconseil & Co,HR Director,buyer,adresse_perso,1,0,5
CON-035194,ENT-08545,IvorosolMedia SAS,VP Human Resources,buyer,sans_adresse,0,0,0
CON-040787,ENT-09338,Kelvisoft,People Ops Coordinator,utilisateur,adresse_perso,0,0,0
CON-062116,ENT-17134,TalosolSolutions,HR Assistant,utilisateur,sans_adresse,1,0,2
CON-015529,ENT-15365,SerenilumRetail SARL,Chargee de recrutement,utilisateur,sans_adresse,1,0,4
CON-028893,ENT-09210,KelvilumGroup SARL,HRBP,champion,sans_adresse,0,0,0
CON-015949,ENT-00825,ArdenviaFlow France,Directrice RH,buyer,adresse_perso,0,0,0
CON-064745,ENT-07086,HaldefinSoft France,VP Human Resources,buyer,adresse_perso,0,0,0
CON-029908,ENT-19175,VespirinLogic SAS,Directrice RH,buyer,adresse_perso,0,0,0
CON-035760,ENT-13487,PerritasServices Group,,sans_titre,sans_adresse,0,0,0
CON-025737,ENT-03502,DelfilumMedia & Co,Talent Acquisition Specialist,utilisateur,adresse_perso,0,0,0
CON-057717,ENT-16702,SylvarinServices,VP People,buyer,adresse_perso,0,0,0
CON-021549,ENT-04252,Ederifinsoft,Directeur RH,buyer,sans_adresse,0,0,0
CON-019706,ENT-09834,LorriviaGroup & Co,Recruiter,utilisateur,sans_adresse,0,0,0
CON-031890,ENT-08501,IvoroquiImmo,Directrice RH,buyer,sans_adresse,0,0,0
CON-027484,ENT-01677,BriobelLab,,sans_titre,sans_adresse,1,0,8
CON-031599,ENT-19154,VespiquiServices Group,People Ops Coordinator,utilisateur,sans_adresse,0,0,0
CON-022094,ENT-13083,OvalitasMedia,People Ops Manager,champion,adresse_perso,0,0,0
CON-030485,ENT-10922,Meripradynamics SARL,Head of HR Operations,buyer,adresse_perso,1,0,3
CON-032731,ENT-13137,Perribelconsulting SAS,VP Human Resources,buyer,sans_adresse,0,0,0
CON-018853,ENT-12161,NovapraServices,People Ops Manager,champion,sans_adresse,0,0,0
CON-008327,ENT-10483,Mavinexflow & Co,HR Business Partner,champion,sans_adresse,0,0,0
CON-055507,ENT-09597,Lorrilexmedia,Charge de recrutement,utilisateur,adresse_perso,0,0,0
CON-060236,ENT-06185,Gallibellab,HR Officer,utilisateur,sans_adresse,0,0,0
CON-026336,ENT-03545,Delfinexlabs SARL,Talent Acquisition Manager,champion,adresse_perso,0,0,0
CON-034171,ENT-02740,CendranexLabs Group,People Ops Coordinator,utilisateur,adresse_perso,1,0,3
CON-059869,ENT-19963,Yelloquilabs SA,Compensation & Benefits Manager,champion,sans_adresse,0,0,0
CON-060114,ENT-15451,Sereniquihub Group,,sans_titre,sans_adresse,0,0,0
CON-005477,ENT-18670,VertimarLab,HR Business Partner,champion,adresse_perso,0,0,0
CON-046909,ENT-02935,CortibelServices,HRBP,champion,adresse_perso,0,0,0
CON-076214,ENT-14955,Roccalumsystems,HR Officer,utilisateur,sans_adresse,0,0,0
CON-056316,ENT-17639,Ulmicalconseil SARL,Head of Talent Acquisition,buyer,sans_adresse,0,0,0
CON-007488,ENT-05685,FernorinServices SARL,Head of Talent Acquisition,buyer,adresse_perso,0,0,0
CON-055674,ENT-13217,Perrifinlabs,Head of Talent Acquisition,buyer,sans_adresse,0,0,0
CON-044816,ENT-09621,LorrilumLabs Group,HR Officer,utilisateur,adresse_perso,0,0,0
CON-014396,ENT-08828,JuntomarForge,Office Manager,bruit,adresse_perso,0,0,0
CON-028345,ENT-06895,GrimorinPharma,Talent Acquisition Specialist,utilisateur,adresse_perso,1,0,4
CON-014704,ENT-02141,Cauridorlab Group,Talent Acquisition Specialist,utilisateur,adresse_perso,1,0,6
CON-000331,ENT-14056,Quantiforge,Head of HR Operations,buyer,sans_adresse,1,0,6
CON-051052,ENT-14307,Quantitasworks,HR Assistant,utilisateur,sans_adresse,1,0,3
CON-040984,ENT-07435,HeliocalIndustries France,Responsable Recrutement,champion,adresse_perso,0,0,0
CON-018541,ENT-00353,Altasolsolutions SAS,HR Assistant,utilisateur,adresse_perso,1,0,7
CON-050578,ENT-17616,TerraviaSystems France,Executive Assistant,bruit,adresse_perso,0,0,0
CON-068718,ENT-15038,Roccaquihub France,People Ops Manager,champion,adresse_perso,1,0,4
CON-045352,ENT-07847,Ibericalmedia,Talent Acquisition Specialist,utilisateur,sans_adresse,0,0,0
CON-022946,ENT-14593,RapiPharma SAS,HR Assistant,utilisateur,adresse_perso,1,1,3
CON-054529,ENT-05369,Fabriviamedia Group,,sans_titre,sans_adresse,1,0,3
CON-023078,ENT-07579,HeliolumDigital SA,Head of Talent Acquisition,buyer,adresse_perso,0,0,0
CON-026890,ENT-18642,VertilumForge SA,Talent Acquisition Specialist,utilisateur,sans_adresse,0,0,0
CON-017725,ENT-09249,Kelvinexenergie France,Responsable Recrutement,champion,adresse_perso,0,0,0
CON-033199,ENT-16836,Talocalservices,HR Business Partner,champion,sans_adresse,0,0,0
CON-054394,ENT-13988,QuanticalLogistics,HR Manager,champion,sans_adresse,1,0,2
CON-002275,ENT-19747,YelloEnergie,,sans_titre,adresse_perso,0,0,0
CON-035100,ENT-19595,Wallisolindustries SA,HR Assistant,utilisateur,sans_adresse,0,0,0
CON-004326,ENT-15476,Serenirinimmo,HR Manager,champion,adresse_perso,0,0,0
CON-049118,ENT-10755,MerifinLogic SAS,Directrice RH,buyer,sans_adresse,0,0,0
CON-070169,ENT-13569,PrimocalForge SAS,Head of HR Operations,buyer,adresse_perso,0,0,0
CON-014312,ENT-08404,IvorolumHub SAS,,sans_titre,adresse_perso,0,0,0
CON-037464,ENT-17085,TaloquiLogic,CEO,buyer,adresse_perso,1,0,3
CON-027593,ENT-05177,FabrimarPharma,Head of HR Operations,buyer,adresse_perso,0,0,0
CON-058675,ENT-08183,IberivenConsulting,,sans_titre,sans_adresse,0,0,0
CON-064453,ENT-02208,CauriGroup & Co,Compensation & Benefits Manager,champion,adresse_perso,0,0,0
CON-059715,ENT-08783,Juntolexflow & Co,Talent Acquisition Manager,champion,sans_adresse,0,0,0
CON-011013,ENT-09888,Lumicalretail,People Ops Coordinator,utilisateur,sans_adresse,0,0,0
CON-070583,ENT-14534,RapilumLab SA,HRBP,champion,sans_adresse,0,0,0
CON-067207,ENT-12998,Ovaliquidata,Executive Assistant,bruit,adresse_perso,1,0,4
CON-000395,ENT-13589,Primodigital,Head of HR Operations,buyer,adresse_perso,0,0,0
CON-000125,ENT-05863,Flexifinlogic SARL,HR Assistant,utilisateur,sans_adresse,0,0,0
CON-036982,ENT-19486,WallimarTech,HRBP,champion,adresse_perso,0,0,0
CON-012169,ENT-14728,RapivenRetail,CEO,buyer,sans_adresse,0,0,0
CON-071127,ENT-05314,FabritasHub,HR Officer,utilisateur,adresse_perso,0,0,0
CON-059924,ENT-05156,Fabrilumsoft,,sans_titre,adresse_perso,0,0,0
CON-038836,ENT-06720,Grimohalforge SA,HR Assistant,utilisateur,adresse_perso,0,0,0
CON-017347,ENT-06836,Grimopraenergie,People Ops Coordinator,utilisateur,sans_adresse,0,0,0
CON-026704,ENT-18713,VertipraFlow,HR Manager,champion,sans_adresse,0,0,0
CON-036114,ENT-08392,IvorolexServices Group,Responsable Recrutement,champion,sans_adresse,1,0,8
CON-072686,ENT-17049,TalopraData SA,Head of People,buyer,sans_adresse,0,0,0
CON-034103,ENT-00280,Altaprasoft,Head of HR Operations,buyer,adresse_perso,0,0,0
CON-050258,ENT-04946,Estevaviaindustries,Talent Acquisition Specialist,utilisateur,sans_adresse,0,0,0
CON-045802,ENT-05964,FlexilumSoft SARL,,sans_titre,sans_adresse,0,0,0
CON-042691,ENT-02905,Cendraviaindustries France,Head of Talent Acquisition,buyer,adresse_perso,0,0,0
CON-010664,ENT-19046,VespilumFlow France,Head of HR Operations,buyer,sans_adresse,1,0,2
CON-034807,ENT-10397,Mavihalretail France,Office Manager,bruit,sans_adresse,1,0,3
CON-009386,ENT-14962,Roccamardynamics,Recruiter,utilisateur,sans_adresse,0,0,0
CON-060130,ENT-02686,CendralumFood,,sans_titre,sans_adresse,0,0,0
CON-034183,ENT-05454,Fernofinfinance,Responsable Recrutement,champion,sans_adresse,0,0,0
CON-010292,ENT-02645,CendrahalSoft,Talent Acquisition Specialist,utilisateur,adresse_perso,0,0,0
CON-053563,ENT-12175,Novaquiindustries SA,Office Manager,bruit,sans_adresse,1,0,5
CON-039345,ENT-17607,TerraviaImmo France,HR Director,buyer,sans_adresse,0,0,0
CON-007384,ENT-07096,Haldegorfinance,,sans_titre,adresse_perso,1,0,4
CON-016891,ENT-00463,Ardencalfinance,HR Manager,champion,adresse_perso,0,0,0
CON-040290,ENT-04845,EstevarinForge SAS,Chargee de recrutement,utilisateur,sans_adresse,0,0,0
CON-061745,ENT-01737,BriodorSoft France,COO,buyer,sans_adresse,0,0,0
CON-030499,ENT-08346,Ivorogorsystems & Co,HRBP,champion,sans_adresse,0,0,0
CON-057551,ENT-16998,Talolumtech,HR Assistant,utilisateur,adresse_perso,0,0,0
CON-055676,ENT-03871,DoriohalPharma SARL,HR Officer,utilisateur,sans_adresse,0,0,0
CON-003481,ENT-08537,Ivorosolflow,HR Assistant,utilisateur,sans_adresse,0,0,0
CON-059804,ENT-13039,OvalirinSolutions,HR Assistant,utilisateur,sans_adresse,0,0,0
CON-075283,ENT-07309,Haldesoldata SARL,HRBP,champion,adresse_perso,0,0,0
CON-065845,ENT-10930,Meripralabs SARL,Head of People,buyer,adresse_perso,1,1,8
CON-037195,ENT-05217,Fabriprafinance SARL,Head of Talent Acquisition,buyer,sans_adresse,0,0,0
CON-068678,ENT-01154,AxiosolDigital SAS,Recruiter,utilisateur,sans_adresse,0,0,0
CON-045339,ENT-07510,HeliogorDigital,Compensation & Benefits Manager,champion,adresse_perso,1,0,4
CON-001840,ENT-11536,Nordicalsystems SAS,HRBP,champion,adresse_perso,0,0,0
CON-058134,ENT-04014,DorioquiFlow SA,Compensation & Benefits Manager,champion,sans_adresse,0,0,0
CON-003591,ENT-09695,Lorripraflow,Compensation & Benefits Manager,champion,sans_adresse,1,0,10
CON-061620,ENT-03934,Doriolumtech,CHRO,buyer,adresse_perso,0,0,0
CON-053822,ENT-03826,Doriogorconseil,HRBP,champion,sans_adresse,0,0,0
CON-023980,ENT-02747,CendranexSoft SA,Compensation & Benefits Manager,champion,adresse_perso,0,0,0
CON-036561,ENT-18854,VertiviaEnergie & Co,HR Intern,bruit,adresse_perso,0,0,0
CON-027790,ENT-00999,Axiolexfood & Co,HR Director,buyer,sans_adresse,0,0,0
CON-004433,ENT-17184,Talovensolutions,,sans_titre,adresse_perso,0,0,0
CON-023934,ENT-17590,Terravenretail,People Ops Coordinator,utilisateur,sans_adresse,0,0,0
CON-061606,ENT-01186,AxiotasLab,Head of HR Operations,buyer,sans_adresse,1,0,1
CON-071081,ENT-20459,ZephitasForge Group,HR Intern,bruit,adresse_perso,1,1,3
CON-005113,ENT-01292,BelfocalSystems,Responsable Recrutement,champion,sans_adresse,0,0,0
CON-024663,ENT-13017,OvaliquiSolutions France,Head of Talent Acquisition,buyer,adresse_perso,1,0,3
CON-041311,ENT-08634,IvoroviaWorks,,sans_titre,adresse_perso,0,0,0
CON-029659,ENT-18778,VertisolConsulting France,Responsable Recrutement,champion,adresse_perso,0,0,0
CON-062831,ENT-10707,MericalLogic,HR Officer,utilisateur,adresse_perso,0,0,0
CON-038423,ENT-05853,Flexifindigital SAS,Compensation & Benefits Manager,champion,sans_adresse,0,0,0
CON-061587,ENT-13402,PerriquiForge SA,Directrice RH,buyer,sans_adresse,0,0,0
CON-067980,ENT-11771,NordiquiWorks,HR Manager,champion,adresse_perso,0,0,0
CON-038054,ENT-01174,Axiosystems Group,HR Intern,bruit,adresse_perso,0,0,0
CON-003058,ENT-07170,Haldelumfood SA,HR Intern,bruit,sans_adresse,0,0,0
CON-069291,ENT-09986,Lumihalfinance SAS,Office Manager,bruit,adresse_perso,0,0,0
CON-051870,ENT-02843,CendraSolutions Group,People Ops Coordinator,utilisateur,sans_adresse,1,1,4
CON-019256,ENT-17480,TerrapraSolutions & Co,CEO,buyer,sans_adresse,1,0,3
CON-054774,ENT-16518,Sylvagorservices SA,VP People,buyer,sans_adresse,0,0,0
CON-055878,ENT-15994,StellabelMobility,Chargee de recrutement,utilisateur,adresse_perso,0,0,0
CON-029331,ENT-03161,CortipraConseil,Executive Assistant,bruit,adresse_perso,1,0,2
CON-057275,ENT-16618,SylvanexEnergie,Head of HR Operations,buyer,sans_adresse,0,0,0
CON-000254,ENT-10953,Meriquiindustries,Office Manager,bruit,sans_adresse,0,0,0
CON-064846,ENT-07898,Iberifinimmo & Co,HR Officer,utilisateur,adresse_perso,0,0,0
CON-057681,ENT-14275,Quantisollogic SAS,HR Manager,champion,adresse_perso,1,0,4
CON-040174,ENT-10032,LumilumDigital,Office Manager,bruit,adresse_perso,1,0,2
CON-016501,ENT-14656,Rapirinmobility SARL,Talent Acquisition Specialist,utilisateur,sans_adresse,0,0,0
CON-065088,ENT-12301,NovaviaWorks SA,Executive Assistant,bruit,sans_adresse,0,0,0
CON-057817,ENT-04726,EstevalumConsulting SARL,HR Officer,utilisateur,adresse_perso,1,0,1
CON-049111,ENT-16915,Talogorservices SAS,HR Officer,utilisateur,sans_adresse,0,0,0
CON-065714,ENT-12627,Optisolenergie,Office Manager,bruit,adresse_perso,0,0,0
CON-017097,ENT-00799,Ardentech Group,Charge de recrutement,utilisateur,sans_adresse,0,0,0
CON-042023,ENT-14306,QuantitasSoft SA,HR Assistant,utilisateur,sans_adresse,1,0,5
CON-009670,ENT-08105,Iberiquimobility Group,Head of People,buyer,sans_adresse,1,0,4
CON-044629,ENT-17957,UlmisolPartners Group,HR Assistant,utilisateur,adresse_perso,0,0,0
CON-013974,ENT-01503,BelfopraFinance SAS,,sans_titre,adresse_perso,1,0,4
CON-001089,ENT-19681,YellobelDigital & Co,VP Human Resources,buyer,adresse_perso,0,0,0
CON-020213,ENT-07125,Haldehallogistics SAS,HR Officer,utilisateur,sans_adresse,0,0,0
CON-049560,ENT-02587,CendrafinLogic SARL,Compensation & Benefits Manager,champion,adresse_perso,1,0,5
CON-040027,ENT-11673,NordilumMedia SARL,Head of HR Operations,buyer,sans_adresse,1,0,3
CON-005953,ENT-02694,Cendralumpharma France,Head of People,buyer,adresse_perso,1,0,7
CON-075162,ENT-08432,Ivoromarmobility SA,People Ops Coordinator,utilisateur,adresse_perso,0,0,0
CON-053044,ENT-16851,TalodorEnergie,HRBP,champion,sans_adresse,0,0,0
CON-031614,ENT-04877,EstevasolLabs & Co,,sans_titre,sans_adresse,0,0,0
CON-007925,ENT-06792,Grimomarflow,HR Manager,champion,adresse_perso,1,1,5
CON-002994,ENT-01038,AxiomarDynamics Group,Talent Acquisition Manager,champion,adresse_perso,0,0,0
CON-047390,ENT-10035,LumilumFood,Office Manager,bruit,sans_adresse,1,0,2
CON-007557,ENT-02322,Caurinexsolutions SARL,People Ops Coordinator,utilisateur,sans_adresse,1,0,5
CON-011694,ENT-08707,JuntofinFlow,HRBP,champion,sans_adresse,0,0,0
CON-070968,ENT-10708,Mericalmedia SA,HR Director,buyer,adresse_perso,1,0,2
CON-007597,ENT-02960,Corticalsolutions Group,Head of HR Operations,buyer,sans_adresse,1,0,7
CON-003731,ENT-01580,BelfosolGroup SARL,HR Intern,bruit,adresse_perso,0,0,0
CON-048674,ENT-14179,Quantinexfood France,People Ops Manager,champion,adresse_perso,1,0,1
CON-033371,ENT-06455,GalliquiLabs,Charge de recrutement,utilisateur,sans_adresse,0,0,0
CON-042381,ENT-00496,Ardendorindustries SAS,Chargee de recrutement,utilisateur,adresse_perso,0,0,0
CON-033172,ENT-07913,IberiFood & Co,HR Officer,utilisateur,sans_adresse,1,0,4
CON-027219,ENT-07684,Helioquiservices SAS,Recruiter,utilisateur,sans_adresse,0,0,0
CON-001218,ENT-09015,Juntoviafinance SA,HR Director,buyer,sans_adresse,0,0,0
CON-071487,ENT-03626,Delfiservices SARL,Office Manager,bruit,adresse_perso,0,0,0
CON-069288,ENT-09986,Lumihalfinance SAS,HRBP,champion,adresse_perso,0,0,0
CON-042229,ENT-02930,CortibelLogic,HR Assistant,utilisateur,sans_adresse,0,0,0
CON-065458,ENT-18911,VespicalLogistics SARL,Chief People Officer,buyer,adresse_perso,0,0,0
CON-064297,ENT-19975,Yellorinconseil SA,Recruiter,utilisateur,sans_adresse,0,0,0
CON-011560,ENT-00364,AltatasFlow SAS,HR Business Partner,champion,adresse_perso,1,0,7
CON-061475,ENT-12681,OptivenLab,Compensation & Benefits Manager,champion,sans_adresse,0,0,0
CON-075841,ENT-19222,Vespitasmedia France,Chief People Officer,buyer,adresse_perso,0,0,0
CON-048930,ENT-01696,BriocalFood,HR Officer,utilisateur,sans_adresse,1,0,2
CON-029509,ENT-11090,Neobelfood & Co,HR Director,buyer,sans_adresse,0,0,0
CON-009062,ENT-15568,SereniviaGroup & Co,CEO,buyer,sans_adresse,0,0,0
CON-021486,ENT-10503,Mavipharma SA,Recruiter,utilisateur,sans_adresse,0,0,0
CON-007398,ENT-18975,VespigorConseil SA,People Ops Coordinator,utilisateur,sans_adresse,1,0,4
CON-037352,ENT-03992,DoriopraDynamics,Executive Assistant,bruit,adresse_perso,0,0,0
CON-048117,ENT-11570,Nordifinflow,HR Assistant,utilisateur,sans_adresse,0,0,0
CON-016704,ENT-16063,StellafinLab,People Ops Manager,champion,sans_adresse,0,0,0
CON-008929,ENT-17103,TalorinMedia,Head of People,buyer,sans_adresse,0,0,0
CON-033120,ENT-07354,HaldeTech SA,Talent Acquisition Manager,champion,adresse_perso,0,0,0
CON-055196,ENT-11102,Neobelsoft SA,Chargee de recrutement,utilisateur,adresse_perso,0,0,0
CON-044936,ENT-08909,Juntoquisoft SAS,Head of HR Operations,buyer,sans_adresse,0,0,0
CON-064458,ENT-13462,PerrisolServices,HR Director,buyer,sans_adresse,0,0,0
CON-014106,ENT-07520,Heliogorlogic Group,Chargee de recrutement,utilisateur,adresse_perso,0,0,0
CON-049521,ENT-03007,Cortifinmobility France,Responsable Recrutement,champion,sans_adresse,1,0,1
CON-044084,ENT-05334,FabrivenDigital Group,Compensation & Benefits Manager,champion,adresse_perso,0,0,0
CON-008984,ENT-19232,VespiTech,Head of Talent Acquisition,buyer,adresse_perso,0,0,0
CON-065849,ENT-10930,Meripralabs SARL,HR Business Partner,champion,adresse_perso,0,0,0
CON-041408,ENT-10414,MavilexHub,Recruiter,utilisateur,adresse_perso,0,0,0
CON-024682,ENT-19394,WalligorWorks,Talent Acquisition Specialist,utilisateur,sans_adresse,0,0,0
CON-005298,ENT-06271,Galliflow & Co,HR Business Partner,champion,adresse_perso,0,0,0
CON-070961,ENT-17390,TerralumDigital SARL,HR Assistant,utilisateur,sans_adresse,0,0,0
CON-055250,ENT-04667,Estevagormobility,HR Assistant,utilisateur,sans_adresse,0,0,0
CON-039546,ENT-02369,CauriquiRetail,Talent Acquisition Specialist,utilisateur,sans_adresse,1,0,4
CON-075839,ENT-19222,Vespitasmedia France,HR Intern,bruit,sans_adresse,1,0,3
CON-026525,ENT-09742,Lorriringroup SA,CHRO,buyer,adresse_perso,1,0,6
CON-061383,ENT-11962,Novadorpartners SA,People Ops Coordinator,utilisateur,sans_adresse,0,0,0
CON-050729,ENT-00765,Ardensolpartners SARL,Recruiter,utilisateur,adresse_perso,1,0,2
CON-069015,ENT-01615,Belfotassystems,HR Officer,utilisateur,adresse_perso,0,0,0
CON-021323,ENT-10874,MerimarImmo & Co,HR Assistant,utilisateur,adresse_perso,0,0,0
CON-016942,ENT-12025,Novahaldigital SAS,Directeur RH,buyer,adresse_perso,0,0,0
CON-069523,ENT-01948,BrioquiConsulting,HR Business Partner,champion,sans_adresse,1,0,2
CON-062908,ENT-14839,Roccafinenergie France,Recruiter,utilisateur,sans_adresse,0,0,0
CON-006885,ENT-03170,Cortipralab,Chargee de recrutement,utilisateur,adresse_perso,0,0,0
CON-069813,ENT-00493,ArdendorGroup SARL,HR Business Partner,champion,sans_adresse,0,0,0
CON-061465,ENT-10504,Mavipraconseil SAS,Head of People,buyer,adresse_perso,0,0,0
CON-022671,ENT-02001,Briosolfinance France,Chief People Officer,buyer,adresse_perso,0,0,0
CON-017064,ENT-09784,LorritasDynamics SAS,HR Assistant,utilisateur,adresse_perso,0,0,0
CON-059688,ENT-05490,Fernogorlabs,VP Human Resources,buyer,sans_adresse,1,0,4
CON-068083,ENT-19543,WalliquiHub,HR Officer,utilisateur,adresse_perso,0,0,0
CON-060954,ENT-02117,CauricalLogistics & Co,Head of Talent Acquisition,buyer,sans_adresse,0,0,0
CON-000561,ENT-01635,BelfovenServices France,Head of People,buyer,sans_adresse,0,0,0
CON-009597,ENT-12165,Novapraworks,Responsable Recrutement,champion,adresse_perso,0,0,0
CON-060899,ENT-01005,AxiolexLogistics SAS,HR Officer,utilisateur,sans_adresse,0,0,0
CON-008598,ENT-09180,KelvilexEnergie,Talent Acquisition Manager,champion,adresse_perso,0,0,0
CON-015621,ENT-10913,Merinexsolutions SAS,COO,buyer,sans_adresse,0,0,0
CON-051458,ENT-12095,NovamarConsulting,HR Assistant,utilisateur,adresse_perso,0,0,0
CON-068310,ENT-07782,HelioviaConseil,Head of Talent Acquisition,buyer,sans_adresse,0,0,0
CON-059637,ENT-15877,SolirinTech SARL,Talent Acquisition Specialist,utilisateur,sans_adresse,0,0,0
CON-017809,ENT-13455,Perrisolhub France,Executive Assistant,bruit,sans_adresse,1,0,3
CON-023520,ENT-01491,Belfonexsolutions & Co,Chargee de recrutement,utilisateur,sans_adresse,0,0,0
CON-050413,ENT-18359,Vectoservices SA,People Ops Coordinator,utilisateur,sans_adresse,0,0,0
CON-069046,ENT-12555,Optipraconsulting,Talent Acquisition Manager,champion,sans_adresse,0,0,0
CON-041626,ENT-09300,Kelviquiindustries & Co,Talent Acquisition Manager,champion,adresse_perso,1,0,4
CON-029552,ENT-13585,PrimocalWorks,CEO,buyer,sans_adresse,0,0,0
CON-016884,ENT-14538,Rapilummedia SARL,Head of Talent Acquisition,buyer,sans_adresse,0,0,0
CON-031304,ENT-00158,Altaimmo,Talent Acquisition Specialist,utilisateur,adresse_perso,1,0,7
CON-034866,ENT-02614,Cendragorlabs SAS,Executive Assistant,bruit,adresse_perso,0,0,0
CON-004131,ENT-03585,DelfiquiForge,People Ops Manager,champion,sans_adresse,0,0,0
CON-043406,ENT-03848,Doriogorsolutions,Talent Acquisition Manager,champion,sans_adresse,0,0,0
CON-034545,ENT-07599,Heliolumtech SARL,Head of HR Operations,buyer,sans_adresse,0,0,0
CON-034048,ENT-17825,UlmimarData Group,Executive Assistant,bruit,adresse_perso,0,0,0
CON-056505,ENT-13027,OvalirinGroup & Co,Talent Acquisition Specialist,utilisateur,sans_adresse,0,0,0
CON-059464,ENT-15058,RoccarinFlow,Charge de recrutement,utilisateur,adresse_perso,0,0,0
CON-052809,ENT-06224,GallidorConsulting France,Office Manager,bruit,sans_adresse,0,0,0
CON-071186,ENT-05163,FabrimarEnergie Group,HR Intern,bruit,adresse_perso,0,0,0
CON-034791,ENT-01897,Briomartech SARL,Head of Talent Acquisition,buyer,adresse_perso,1,0,4
CON-048166,ENT-07973,Iberilexfinance,HR Assistant,utilisateur,adresse_perso,1,0,4
CON-060063,ENT-09781,Lorritasconsulting,Executive Assistant,bruit,sans_adresse,0,0,0
CON-065749,ENT-15921,Solitaspartners France,Chief People Officer,buyer,sans_adresse,0,0,0
CON-055983,ENT-05759,Fernovensolutions SAS,Chargee de recrutement,utilisateur,sans_adresse,0,0,0
CON-075365,ENT-14363,Rapibelhub,HR Assistant,utilisateur,sans_adresse,0,0,0
CON-014129,ENT-14515,RapilexServices & Co,COO,buyer,adresse_perso,1,1,2
CON-016353,ENT-18128,VectofinGroup & Co,Recruiter,utilisateur,adresse_perso,0,0,0
CON-011305,ENT-17939,Ulmirintech SAS,Executive Assistant,bruit,adresse_perso,0,0,0
CON-036212,ENT-17405,TerralumSoft Group,Recruiter,utilisateur,sans_adresse,0,0,0
CON-074279,ENT-03405,Delfifinworks & Co,People Ops Manager,champion,sans_adresse,0,0,0
CON-040458,ENT-04529,EderivenMobility,Talent Acquisition Specialist,utilisateur,sans_adresse,1,0,2
CON-010663,ENT-15318,SerenihalTech,Directeur RH,buyer,adresse_perso,0,0,0
CON-009188,ENT-09461,Lorricalgroup SA,Recruiter,utilisateur,adresse_perso,0,0,0
CON-057631,ENT-09504,Lorridortech,HR Assistant,utilisateur,adresse_perso,1,0,2
CON-032999,ENT-09025,JuntoviaMedia & Co,HR Manager,champion,sans_adresse,0,0,0
CON-067902,ENT-05358,Fabriviadata & Co,Recruiter,utilisateur,sans_adresse,0,0,0
CON-074812,ENT-06500,Gallisolgroup,Compensation & Benefits Manager,champion,sans_adresse,1,0,7
CON-074613,ENT-08196,Iberivenservices & Co,Office Manager,bruit,sans_adresse,1,0,1
CON-003077,ENT-13619,Primofindigital SA,Responsable Recrutement,champion,adresse_perso,0,0,0
CON-068646,ENT-09186,Kelvilexindustries Group,HR Intern,bruit,sans_adresse,1,0,3
CON-049637,ENT-01028,AxiolumMedia SAS,Chargee de recrutement,utilisateur,adresse_perso,0,0,0
CON-034425,ENT-17904,UlmiquiGroup,People Ops Coordinator,utilisateur,sans_adresse,0,0,0
CON-046879,ENT-10681,MeribelForge Group,HR Assistant,utilisateur,sans_adresse,1,0,3
CON-045308,ENT-06527,Gallitaslogic SAS,Charge de recrutement,utilisateur,adresse_perso,0,0,0
CON-042098,ENT-06233,Gallidorhub,Talent Acquisition Manager,champion,sans_adresse,0,0,0
CON-051770,ENT-01593,Belfosolsystems SARL,Responsable Recrutement,champion,adresse_perso,0,0,0
CON-055713,ENT-11902,Novabelfinance & Co,Chargee de recrutement,utilisateur,sans_adresse,1,0,3
CON-072297,ENT-08392,IvorolexServices Group,People Ops Manager,champion,sans_adresse,0,0,0
CON-047255,ENT-08868,Juntonexworks,Executive Assistant,bruit,adresse_perso,1,0,1
CON-022270,ENT-15932,SolivenEnergie,Office Manager,bruit,adresse_perso,0,0,0
CON-004782,ENT-06477,GallirinLab,Head of People,buyer,sans_adresse,0,0,0
CON-001149,ENT-02292,CaurimarLabs,Responsable Recrutement,champion,sans_adresse,1,0,6
CON-060298,ENT-17183,TalovenSoft SAS,People Ops Coordinator,utilisateur,adresse_perso,0,0,0
CON-025131,ENT-12171,NovaquiFinance SAS,Directrice RH,buyer,adresse_perso,1,0,6
CON-013177,ENT-12874,Ovaliimmo Group,,sans_titre,sans_adresse,0,0,0
CON-046593,ENT-08453,Ivoronexlabs SARL,Compensation & Benefits Manager,champion,adresse_perso,1,0,2
CON-069835,ENT-10275,Mavibelsoft,,sans_titre,sans_adresse,0,0,0
CON-052872,ENT-18282,VectonexLab,Charge de recrutement,utilisateur,sans_adresse,0,0,0
CON-030673,ENT-07158,HaldelexSoft,CHRO,buyer,adresse_perso,0,0,0
CON-000326,ENT-13430,PerririnHub,Head of Talent Acquisition,buyer,sans_adresse,0,0,0
CON-002660,ENT-09566,LorrihalImmo SARL,Executive Assistant,bruit,sans_adresse,1,0,4
CON-006494,ENT-17885,Ulmipraindustries Group,Compensation & Benefits Manager,champion,sans_adresse,0,0,0
CON-054261,ENT-07639,HelionexLogistics SAS,Responsable Recrutement,champion,sans_adresse,0,0,0
CON-006844,ENT-03805,Doriofindigital SARL,HR Assistant,utilisateur,adresse_perso,0,0,0
CON-052929,ENT-02989,Cortifinance & Co,Charge de recrutement,utilisateur,sans_adresse,0,0,0
CON-076163,ENT-00711,ArdenquiMedia,People Ops Coordinator,utilisateur,adresse_perso,0,0,0
CON-040666,ENT-16103,StellagorTech & Co,Talent Acquisition Manager,champion,adresse_perso,1,0,5
CON-001145,ENT-09002,Juntovenpartners SARL,Recruiter,utilisateur,sans_adresse,0,0,0
CON-033179,ENT-03130,Cortimarretail SAS,Chief People Officer,buyer,sans_adresse,1,0,2
CON-064652,ENT-05414,FernocalMedia,Compensation & Benefits Manager,champion,adresse_perso,0,0,0
CON-044565,ENT-03037,CortihalConseil,People Ops Manager,champion,adresse_perso,0,0,0
CON-045974,ENT-08959,Juntosolsoft,Head of Talent Acquisition,buyer,adresse_perso,0,0,0
CON-046366,ENT-16068,StellafinMobility,Talent Acquisition Specialist,utilisateur,adresse_perso,1,1,7
CON-007402,ENT-05150,Fabrilumlogistics France,Office Manager,bruit,sans_adresse,1,0,2
CON-076061,ENT-13237,PerrigorFlow,Talent Acquisition Specialist,utilisateur,adresse_perso,0,0,0
CON-074089,ENT-03583,DelfiquiFinance,People Ops Manager,champion,sans_adresse,0,0,0
CON-073478,ENT-05459,Fernofinhub,Charge de recrutement,utilisateur,adresse_perso,0,0,0
CON-056300,ENT-06035,FlexipraTech France,Talent Acquisition Manager,champion,sans_adresse,1,0,2
CON-020943,ENT-15473,Serenirinflow SARL,Responsable Recrutement,champion,sans_adresse,0,0,0
CON-015044,ENT-12893,OvalilexPharma SARL,HRBP,champion,sans_adresse,0,0,0
CON-000271,ENT-18205,VectolexHub SARL,Recruiter,utilisateur,adresse_perso,0,0,0
CON-022740,ENT-15535,Serenitasretail,Talent Acquisition Specialist,utilisateur,adresse_perso,1,0,6
CON-031218,ENT-05374,FabriviaSolutions,People Ops Coordinator,utilisateur,adresse_perso,0,0,0
CON-065212,ENT-01961,BrioquiLab France,Responsable Recrutement,champion,sans_adresse,0,0,0
CON-035665,ENT-02300,Caurimedia Group,Chargee de recrutement,utilisateur,sans_adresse,1,0,2
CON-063894,ENT-03569,DelfipraLogistics,People Ops Coordinator,utilisateur,sans_adresse,0,0,0
CON-042294,ENT-00450,Ardenbelpartners,HR Officer,utilisateur,adresse_perso,0,0,0
CON-058605,ENT-13185,PerridorFinance SAS,Responsable Recrutement,champion,adresse_perso,0,0,0
CON-060909,ENT-18810,VertitasFood SA,Charge de recrutement,utilisateur,adresse_perso,0,0,0
CON-062583,ENT-00767,ArdensolRetail SARL,Talent Acquisition Manager,champion,adresse_perso,0,0,0
CON-016437,ENT-03771,Doriodata Group,,sans_titre,adresse_perso,0,0,0
CON-066864,ENT-00217,Altamarimmo SAS,Head of HR Operations,buyer,sans_adresse,0,0,0
CON-055143,ENT-02545,Cendracalsystems,Charge de recrutement,utilisateur,adresse_perso,1,0,10
CON-019146,ENT-10331,Mavidynamics SARL,HR Manager,champion,adresse_perso,1,0,3
CON-031009,ENT-10981,MeririnLabs SARL,HR Manager,champion,adresse_perso,0,0,0
CON-047603,ENT-12840,Ovaligorretail & Co,HR Business Partner,champion,adresse_perso,0,0,0
CON-073646,ENT-05822,Flexiconsulting SA,,sans_titre,sans_adresse,1,0,3
CON-041089,ENT-15445,Sereniquienergie SA,Office Manager,bruit,sans_adresse,1,0,11
CON-075549,ENT-07699,Heliorinindustries,Talent Acquisition Specialist,utilisateur,sans_adresse,1,0,7
CON-068204,ENT-00902,Axiodorforge Group,People Ops Coordinator,utilisateur,adresse_perso,1,0,11
CON-031543,ENT-16636,Sylvanexsystems SARL,Directeur RH,buyer,sans_adresse,0,0,0
CON-040817,ENT-06015,Flexipraconsulting SAS,Charge de recrutement,utilisateur,sans_adresse,0,0,0
CON-053463,ENT-18723,Vertiprapartners SARL,Head of HR Operations,buyer,adresse_perso,0,0,0
CON-028821,ENT-09789,LorritasGroup SAS,Chargee de recrutement,utilisateur,sans_adresse,0,0,0
CON-014533,ENT-18181,VectohalLogistics,HR Manager,champion,sans_adresse,1,0,4
CON-071849,ENT-17001,Talomarconsulting France,,sans_titre,adresse_perso,1,0,1
CON-067108,ENT-18718,VertipraIndustries SAS,HRBP,champion,adresse_perso,0,0,0
CON-024444,ENT-12226,Novasollab & Co,People Ops Coordinator,utilisateur,sans_adresse,0,0,0
CON-051576,ENT-01784,Briogormobility & Co,Executive Assistant,bruit,sans_adresse,0,0,0
CON-073212,ENT-06479,Gallirinlogic France,Head of Talent Acquisition,buyer,sans_adresse,0,0,0
CON-025489,ENT-07601,HeliomarConsulting,Responsable Recrutement,champion,sans_adresse,0,0,0
CON-048211,ENT-01358,BelfogorHub,HRBP,champion,sans_adresse,0,0,0
CON-046321,ENT-14663,Rapirintech SA,HR Assistant,utilisateur,sans_adresse,1,0,2
CON-007532,ENT-10953,Meriquiindustries,Chargee de recrutement,utilisateur,sans_adresse,0,0,0
CON-075154,ENT-14506,Rapileximmo SAS,Talent Acquisition Specialist,utilisateur,sans_adresse,0,0,0
CON-029999,ENT-17769,UlmiHub,HR Intern,bruit,adresse_perso,1,0,7
CON-015696,ENT-06851,Grimoprasystems,HR Assistant,utilisateur,adresse_perso,0,0,0
CON-008632,ENT-13764,Primonexhub SAS,HR Intern,bruit,adresse_perso,1,0,3
CON-012324,ENT-19556,WalliquiTech & Co,HR Manager,champion,sans_adresse,0,0,0
CON-012554,ENT-09342,KelvisolFinance SAS,People Ops Manager,champion,adresse_perso,0,0,0
CON-035557,ENT-03201,CortirinConsulting Group,Recruiter,utilisateur,adresse_perso,1,0,4
CON-000002,ENT-20349,ZephinexSolutions,Charge de recrutement,utilisateur,sans_adresse,1,0,5
CON-076093,ENT-10424,MavilexPharma,HR Officer,utilisateur,adresse_perso,1,0,3
CON-014661,ENT-13792,PrimopraLab Group,HR Manager,champion,sans_adresse,0,0,0
CON-038599,ENT-03581,DelfiquiDynamics,,sans_titre,adresse_perso,0,0,0
CON-002305,ENT-06119,Flexitaslabs SARL,Chargee de recrutement,utilisateur,sans_adresse,0,0,0
CON-000853,ENT-14602,Rapiprafood,VP People,buyer,sans_adresse,0,0,0
CON-040612,ENT-09212,Kelvilumindustries & Co,HR Assistant,utilisateur,adresse_perso,0,0,0
CON-050431,ENT-13080,Ovalitaslabs SARL,People Ops Coordinator,utilisateur,adresse_perso,1,0,3
CON-031836,ENT-16155,StellaLogic SA,Recruiter,utilisateur,adresse_perso,0,0,0
CON-004256,ENT-11900,Novabeldynamics SA,,sans_titre,sans_adresse,0,0,0
CON-062855,ENT-01125,AxioquiSolutions SARL,People Ops Coordinator,utilisateur,sans_adresse,0,0,0
CON-038761,ENT-11421,Neosolutions,,sans_titre,adresse_perso,1,0,6
CON-013199,ENT-11679,Nordilumworks,Executive Assistant,bruit,adresse_perso,0,0,0
CON-027205,ENT-00891,Axioconseil France,HR Intern,bruit,sans_adresse,0,0,0
CON-000434,ENT-05180,Fabrimarsolutions SAS,Responsable Recrutement,champion,sans_adresse,0,0,0
CON-021706,ENT-14643,Rapirinconsulting,HR Business Partner,champion,adresse_perso,0,0,0
CON-030163,ENT-04605,EstevaData SA,HR Manager,champion,adresse_perso,1,0,3
CON-002627,ENT-06762,Grimologistics SA,People Ops Coordinator,utilisateur,adresse_perso,0,0,0
CON-020381,ENT-09265,Kelvinexworks,People Ops Coordinator,utilisateur,adresse_perso,0,0,0
CON-071160,ENT-15184,SerenibelIndustries SA,,sans_titre,sans_adresse,0,0,0
CON-070629,ENT-14413,Rapidorlogistics SARL,People Ops Manager,champion,sans_adresse,0,0,0
CON-006058,ENT-01687,BriobelWorks,HR Officer,utilisateur,sans_adresse,1,0,3
CON-017897,ENT-13746,Primomarpharma,Head of Talent Acquisition,buyer,sans_adresse,0,0,0
CON-029047,ENT-01536,BelfoquiLogistics SAS,HR Assistant,utilisateur,sans_adresse,0,0,0
CON-068393,ENT-10893,Merinexdata France,HR Officer,utilisateur,sans_adresse,0,0,0
CON-075250,ENT-04300,EderihalWorks & Co,HRBP,champion,adresse_perso,1,0,4
CON-019515,ENT-00935,Axiofinmedia,HR Assistant,utilisateur,sans_adresse,0,0,0
CON-047022,ENT-00286,Altaquidata,Executive Assistant,bruit,sans_adresse,1,0,1
CON-056458,ENT-15377,Serenimarimmo & Co,Responsable Recrutement,champion,sans_adresse,0,0,0
CON-062765,ENT-09769,LorrisolLogic SA,People Ops Manager,champion,sans_adresse,0,0,0
CON-027583,ENT-08740,JuntogorLab,HR Officer,utilisateur,sans_adresse,1,0,2
CON-066291,ENT-14692,RapitasGroup,Talent Acquisition Specialist,utilisateur,sans_adresse,0,0,0
CON-046091,ENT-17124,Talosollab Group,,sans_titre,adresse_perso,0,0,0
CON-063936,ENT-03289,Cortiviaenergie & Co,HR Manager,champion,adresse_perso,0,0,0
CON-060518,ENT-07234,Haldepartners,HR Assistant,utilisateur,adresse_perso,0,0,0
CON-004150,ENT-20090,Yelloviaservices,Talent Acquisition Manager,champion,sans_adresse,1,0,2
CON-043817,ENT-18580,Vertihaldata Group,Head of HR Operations,buyer,adresse_perso,0,0,0
CON-017862,ENT-07829,IberibelSystems & Co,HR Manager,champion,adresse_perso,0,0,0
CON-008800,ENT-11781,NordirinIndustries France,Responsable Recrutement,champion,sans_adresse,0,0,0
CON-061521,ENT-02061,BriovenPharma & Co,HR Intern,bruit,adresse_perso,1,0,4
CON-062193,ENT-18852,VertiviaDigital & Co,HR Officer,utilisateur,sans_adresse,0,0,0
CON-074749,ENT-00616,Ardenlumenergie France,HR Assistant,utilisateur,sans_adresse,0,0,0
CON-050983,ENT-15361,SerenilumLogistics,Office Manager,bruit,sans_adresse,1,0,2
CON-018041,ENT-00618,ArdenlumFlow,Chargee de recrutement,utilisateur,sans_adresse,1,0,9
CON-014866,ENT-16939,Talohalretail,HR Officer,utilisateur,adresse_perso,0,0,0
CON-073427,ENT-19369,Walligorconseil Group,Responsable Recrutement,champion,sans_adresse,0,0,0
CON-054834,ENT-18923,Vespidigital & Co,Recruiter,utilisateur,sans_adresse,0,0,0
CON-076259,ENT-03522,Delfimarlab SAS,,sans_titre,sans_adresse,1,0,1
CON-040705,ENT-16515,SylvagorPartners SAS,HR Manager,champion,sans_adresse,0,0,0
CON-041256,ENT-11315,Neonexpartners,Talent Acquisition Manager,champion,sans_adresse,0,0,0
CON-019123,ENT-19340,WalliEnergie France,Office Manager,bruit,adresse_perso,0,0,0
CON-016286,ENT-20042,Yellotaspartners,Head of HR Operations,buyer,sans_adresse,0,0,0
CON-034386,ENT-09158,KelvihalIndustries,HR Officer,utilisateur,adresse_perso,0,0,0
CON-040091,ENT-10464,Mavimarindustries SA,Charge de recrutement,utilisateur,adresse_perso,0,0,0
CON-030554,ENT-14100,Quantiimmo,,sans_titre,adresse_perso,1,0,1
CON-018393,ENT-10217,LumivenFlow France,Office Manager,bruit,adresse_perso,0,0,0
CON-005736,ENT-11154,NeoEnergie,Head of HR Operations,buyer,adresse_perso,1,0,3
CON-007491,ENT-05685,FernorinServices SARL,HRBP,champion,adresse_perso,1,0,3
CON-004538,ENT-19994,Yellorinsystems & Co,HR Business Partner,champion,adresse_perso,1,0,5
CON-049570,ENT-05576,FernomarDynamics SA,People Ops Manager,champion,sans_adresse,0,0,0
CON-038872,ENT-03678,DelfitasSystems,People Ops Coordinator,utilisateur,sans_adresse,0,0,0
CON-026385,ENT-10252,LumiviaPartners SARL,,sans_titre,adresse_perso,0,0,0
CON-048831,ENT-11069,Meriviahub SAS,Charge de recrutement,utilisateur,adresse_perso,0,0,0
CON-072027,ENT-12679,Optivenimmo SA,Head of HR Operations,buyer,sans_adresse,0,0,0
CON-046489,ENT-00436,ArdenbelDigital,CHRO,buyer,adresse_perso,0,0,0
CON-008160,ENT-08120,IberirinFinance,Responsable Recrutement,champion,sans_adresse,0,0,0
CON-050434,ENT-15799,SolinexHub SA,Executive Assistant,bruit,sans_adresse,0,0,0
CON-035949,ENT-04021,DorioquiLab & Co,Head of HR Operations,buyer,adresse_perso,0,0,0
CON-069938,ENT-15221,Serenidordynamics Group,Recruiter,utilisateur,sans_adresse,0,0,0
CON-031400,ENT-19133,VespipraSoft,People Ops Coordinator,utilisateur,sans_adresse,1,0,1
CON-002481,ENT-19952,Yelloquiconsulting SARL,HR Assistant,utilisateur,adresse_perso,0,0,0
CON-060178,ENT-00703,Ardenquiforge,Talent Acquisition Specialist,utilisateur,adresse_perso,1,0,6
CON-031532,ENT-16004,Stellacaldata SARL,HR Business Partner,champion,adresse_perso,0,0,0
CON-055721,ENT-18612,VertilexEnergie Group,HR Assistant,utilisateur,sans_adresse,0,0,0
CON-032566,ENT-01388,Belfohalmobility SA,Talent Acquisition Specialist,utilisateur,sans_adresse,0,0,0
CON-032715,ENT-07922,Iberigorforge SARL,Head of Talent Acquisition,buyer,adresse_perso,0,0,0
CON-000677,ENT-05578,FernomarFlow SARL,People Ops Coordinator,utilisateur,sans_adresse,1,0,3
CON-065462,ENT-06231,Gallidorforge,HR Assistant,utilisateur,sans_adresse,1,0,2
CON-017760,ENT-13850,PrimorinWorks SAS,HR Director,buyer,sans_adresse,0,0,0
CON-007155,ENT-14787,Roccacalgroup Group,Office Manager,bruit,adresse_perso,1,0,4
CON-002807,ENT-06689,GrimogorEnergie,Office Manager,bruit,sans_adresse,0,0,0
CON-004780,ENT-18825,Vertitech SARL,Directrice RH,buyer,adresse_perso,1,0,2
CON-019560,ENT-17007,Talomarforge,Chargee de recrutement,utilisateur,sans_adresse,0,0,0
CON-048236,ENT-03504,Delfilumpharma,HR Manager,champion,sans_adresse,0,0,0
CON-015996,ENT-12827,Ovaligordynamics Group,Talent Acquisition Specialist,utilisateur,adresse_perso,1,0,5
CON-032682,ENT-04873,EstevasolGroup SARL,Head of HR Operations,buyer,sans_adresse,0,0,0
CON-011198,ENT-06577,GalliviaMedia,Chargee de recrutement,utilisateur,adresse_perso,0,0,0
CON-062416,ENT-00045,AltacalPharma,,sans_titre,adresse_perso,1,0,3
CON-064008,ENT-02387,Cauririnindustries France,Head of Talent Acquisition,buyer,adresse_perso,0,0,0
CON-061005,ENT-19308,WallicalRetail,People Ops Coordinator,utilisateur,adresse_perso,0,0,0
CON-062404,ENT-15012,RoccapraDynamics & Co,People Ops Manager,champion,adresse_perso,1,0,3
CON-068047,ENT-00091,ALTAFINIMMO,VP People,buyer,adresse_perso,0,0,0
CON-031841,ENT-15344,Serenilextech,HR Business Partner,champion,sans_adresse,0,0,0
CON-001224,ENT-17964,Ulmisystems Group,Responsable Recrutement,champion,sans_adresse,0,0,0
CON-023680,ENT-17734,Ulmigorhub Group,Head of HR Operations,buyer,sans_adresse,0,0,0
CON-018950,ENT-03692,DelfivenHub France,Directrice RH,buyer,sans_adresse,0,0,0
CON-017694,ENT-11595,Nordigorgroup SARL,Executive Assistant,bruit,adresse_perso,1,1,4
CON-033838,ENT-07716,HeliosolDynamics Group,Recruiter,utilisateur,adresse_perso,0,0,0
CON-066662,ENT-20461,ZephitasHub France,Head of People,buyer,adresse_perso,1,0,5
CON-059531,ENT-03792,Doriodorpartners SARL,COO,buyer,sans_adresse,1,0,3
CON-012152,ENT-08513,Ivororindata France,Head of Talent Acquisition,buyer,adresse_perso,0,0,0
CON-025503,ENT-06047,FlexiquiImmo SARL,Head of People,buyer,adresse_perso,1,0,3
CON-039695,ENT-08176,Iberitaspharma,HR Officer,utilisateur,sans_adresse,1,0,2
CON-035606,ENT-12074,NovalumConsulting,People Ops Manager,champion,sans_adresse,0,0,0
CON-038125,ENT-02372,CauriquiSolutions Group,Directeur RH,buyer,sans_adresse,0,0,0
CON-014601,ENT-16878,Talofinfood SA,Talent Acquisition Specialist,utilisateur,sans_adresse,0,0,0
CON-003445,ENT-11117,NeocalLogic,Compensation & Benefits Manager,champion,adresse_perso,0,0,0
CON-042011,ENT-18012,Ulmivenworks,Head of Talent Acquisition,buyer,adresse_perso,0,0,0
CON-038169,ENT-12342,Opticalpartners,Head of Talent Acquisition,buyer,sans_adresse,0,0,0
CON-037244,ENT-02305,Caurinexdynamics SARL,Head of People,buyer,sans_adresse,1,0,5
CON-047976,ENT-02601,Cendraforge,HR Manager,champion,sans_adresse,0,0,0
CON-051470,ENT-13121,OvaliviaForge SAS,Office Manager,bruit,sans_adresse,1,0,3
CON-052343,ENT-16864,Talodorsoft France,,sans_titre,sans_adresse,0,0,0
CON-026272,ENT-09467,Lorricalmedia,Chargee de recrutement,utilisateur,sans_adresse,1,0,4
CON-063302,ENT-06367,GallimarConseil SARL,Chargee de recrutement,utilisateur,sans_adresse,0,0,0
CON-050935,ENT-00369,AltatasIndustries France,Talent Acquisition Manager,champion,adresse_perso,1,0,2
CON-065007,ENT-19112,VespinexSystems & Co,Recruiter,utilisateur,sans_adresse,1,0,6
CON-011956,ENT-16824,TalocalForge,Head of Talent Acquisition,buyer,sans_adresse,0,0,0
CON-029962,ENT-03798,Doriodorsystems,Directrice RH,buyer,sans_adresse,0,0,0
CON-006389,ENT-18549,VertifinServices,HR Officer,utilisateur,adresse_perso,0,0,0
CON-022614,ENT-18888,VespibelLogic SA,COO,buyer,sans_adresse,0,0,0
CON-063163,ENT-07682,HelioquiPharma France,People Ops Coordinator,utilisateur,sans_adresse,0,0,0
CON-034968,ENT-16193,StellamarLogistics,HR Assistant,utilisateur,adresse_perso,0,0,0
CON-057112,ENT-20262,ZephilexImmo,Compensation & Benefits Manager,champion,adresse_perso,0,0,0
CON-004856,ENT-03023,Cortigorgroup,HR Officer,utilisateur,sans_adresse,0,0,0
CON-069396,ENT-12291,NovaviaMedia SAS,Charge de recrutement,utilisateur,sans_adresse,0,0,0
CON-044844,ENT-06174,GallibelDigital & Co,Directrice RH,buyer,adresse_perso,0,0,0
CON-048386,ENT-16780,SylvaviaFood SA,Responsable Recrutement,champion,adresse_perso,1,0,8
CON-000342,ENT-10763,MerifinSystems,Head of Talent Acquisition,buyer,adresse_perso,0,0,0
CON-036191,ENT-11149,Neodorsolutions Group,HR Assistant,utilisateur,adresse_perso,0,0,0
CON-019358,ENT-01298,BelfoDigital SA,Recruiter,utilisateur,sans_adresse,0,0,0
CON-063457,ENT-01022,AxiolumFood SARL,CEO,buyer,adresse_perso,0,0,0
CON-068804,ENT-12568,Optipramobility,HRBP,champion,adresse_perso,1,0,6
CON-066088,ENT-06404,GallinexLabs SARL,Chargee de recrutement,utilisateur,sans_adresse,1,0,10
CON-058596,ENT-04320,EderilexPharma & Co,Executive Assistant,bruit,adresse_perso,0,0,0
CON-019924,ENT-13228,PerrifinWorks,Executive Assistant,bruit,adresse_perso,0,0,0
CON-062793,ENT-04388,EderinexMobility & Co,HR Manager,champion,sans_adresse,0,0,0
CON-058835,ENT-18588,Vertihalhub,HR Assistant,utilisateur,adresse_perso,0,0,0
CON-004372,ENT-03524,DelfimarMedia & Co,CHRO,buyer,adresse_perso,0,0,0
CON-022811,ENT-03047,CortihalHub,Executive Assistant,bruit,sans_adresse,1,0,1
CON-032543,ENT-20393,ZephiquiLabs Group,,sans_titre,sans_adresse,0,0,0
CON-074520,ENT-12096,Novamardata,HRBP,champion,adresse_perso,0,0,0
CON-062240,ENT-12191,Novarinconsulting Group,HR Business Partner,champion,adresse_perso,0,0,0
CON-039156,ENT-12992,OvalipraSolutions Group,People Ops Manager,champion,sans_adresse,1,0,1
CON-061556,ENT-13392,Perriprasoft,HR Assistant,utilisateur,sans_adresse,0,0,0
CON-065288,ENT-11385,Neorinlabs SA,Talent Acquisition Manager,champion,adresse_perso,1,0,3
CON-055694,ENT-18794,VertisolPharma SAS,HR Intern,bruit,sans_adresse,0,0,0
CON-042541,ENT-15640,Solidorlab,Head of Talent Acquisition,buyer,adresse_perso,0,0,0
CON-072347,ENT-14687,Rapitasenergie,Head of People,buyer,sans_adresse,0,0,0
CON-056280,ENT-16148,StellalexLogic,Head of Talent Acquisition,buyer,adresse_perso,0,0,0
CON-072646,ENT-09795,Lorritasmobility France,Chargee de recrutement,utilisateur,sans_adresse,1,0,6
CON-002370,ENT-14014,QuantidorLabs France,People Ops Coordinator,utilisateur,adresse_perso,0,0,0
CON-019885,ENT-10247,LumiviaLab,HR Intern,bruit,adresse_perso,0,0,0
CON-074754,ENT-01024,AxiolumHub SARL,HR Assistant,utilisateur,sans_adresse,1,0,7
CON-045003,ENT-08990,Juntovenconsulting SA,HR Assistant,utilisateur,sans_adresse,1,0,4
CON-008512,ENT-20220,Zephigorpharma,Recruiter,utilisateur,sans_adresse,1,0,2
CON-041908,ENT-09567,LorrihalIndustries,,sans_titre,sans_adresse,1,0,8
CON-041630,ENT-04117,DoriovenHub,Responsable Recrutement,champion,adresse_perso,0,0,0
CON-067879,ENT-09253,KelvinexHub,Executive Assistant,bruit,sans_adresse,0,0,0
CON-005614,ENT-03086,Cortilextech & Co,HR Officer,utilisateur,sans_adresse,0,0,0
CON-032341,ENT-09620,LorrilumLab France,Head of Talent Acquisition,buyer,adresse_perso,1,0,4
CON-034399,ENT-17021,Talomedia & Co,Office Manager,bruit,sans_adresse,0,0,0
CON-026605,ENT-14932,RoccalexRetail Group,Responsable Recrutement,champion,adresse_perso,0,0,0
CON-041874,ENT-16219,Stellanexlab SAS,CEO,buyer,adresse_perso,0,0,0
CON-019950,ENT-01760,BriofinRetail,Recruiter,utilisateur,adresse_perso,0,0,0
CON-000703,ENT-16996,TalolumSolutions SARL,Recruiter,utilisateur,adresse_perso,0,0,0
CON-010259,ENT-00280,Altaprasoft,People Ops Coordinator,utilisateur,sans_adresse,0,0,0
CON-008315,ENT-02100,CauribelSolutions France,People Ops Coordinator,utilisateur,sans_adresse,0,0,0
CON-060753,ENT-15732,Solilexlabs,Executive Assistant,bruit,sans_adresse,1,0,3
CON-067268,ENT-18272,Vectonexconseil Group,,sans_titre,adresse_perso,0,0,0
CON-041681,ENT-05095,FabrihalHub SA,HR Director,buyer,adresse_perso,0,0,0
CON-057850,ENT-08883,Juntopralogistics SA,Office Manager,bruit,sans_adresse,0,0,0
CON-027949,ENT-07981,Iberilexlabs,CEO,buyer,adresse_perso,1,0,2
CON-004578,ENT-16147,StellalexLabs Group,Directeur RH,buyer,adresse_perso,1,0,5
CON-054484,ENT-15026,Roccaprapartners,Responsable Recrutement,champion,adresse_perso,1,0,2
CON-061120,ENT-07085,Haldefinpharma SA,Head of Talent Acquisition,buyer,sans_adresse,0,0,0
CON-047905,ENT-07615,Heliomarlogistics,,sans_titre,adresse_perso,0,0,0
CON-064157,ENT-08108,IberiquiRetail,HRBP,champion,adresse_perso,0,0,0
CON-002822,ENT-18341,VectorinConseil France,HRBP,champion,sans_adresse,0,0,0
CON-058259,ENT-08159,IberitasConseil,HR Manager,champion,sans_adresse,1,0,3
CON-059150,ENT-01959,BrioquiImmo,Talent Acquisition Specialist,utilisateur,sans_adresse,0,0,0
CON-038311,ENT-13985,Quanticalindustries Group,People Ops Manager,champion,sans_adresse,0,0,0
CON-026647,ENT-06369,Gallimardynamics,Responsable Recrutement,champion,sans_adresse,1,0,4
CON-002097,ENT-14465,RapigorMobility,Responsable Recrutement,champion,sans_adresse,0,0,0
CON-053658,ENT-11884,NordiviaLogistics,HR Intern,bruit,sans_adresse,1,0,2
CON-056919,ENT-00961,Axiogortech SARL,,sans_titre,sans_adresse,1,0,6
CON-031059,ENT-19973,YelloquiWorks,Talent Acquisition Manager,champion,sans_adresse,0,0,0
CON-014124,ENT-12563,Optipraimmo SAS,People Ops Coordinator,utilisateur,adresse_perso,0,0,0
CON-003323,ENT-05914,Flexihalmobility SA,Office Manager,bruit,sans_adresse,0,0,0
CON-059623,ENT-15962,SoliviaHub SAS,Talent Acquisition Manager,champion,sans_adresse,0,0,0
CON-001574,ENT-17951,UlmisolIndustries,Responsable Recrutement,champion,sans_adresse,0,0,0
CON-047870,ENT-15743,SoliLogistics SARL,Compensation & Benefits Manager,champion,adresse_perso,0,0,0
CON-003507,ENT-01241,AxioviaRetail Group,Head of People,buyer,sans_adresse,1,0,7
CON-069102,ENT-06725,GrimohalMedia SARL,HR Assistant,utilisateur,adresse_perso,0,0,0
CON-030038,ENT-05858,Flexifinforge,Directeur RH,buyer,adresse_perso,0,0,0
CON-051242,ENT-16050,Stelladorsystems Group,Charge de recrutement,utilisateur,sans_adresse,1,0,6
CON-043350,ENT-00392,AltavenFood,Directeur RH,buyer,sans_adresse,1,0,5
CON-010921,ENT-12942,OvalimarRetail,HRBP,champion,adresse_perso,0,0,0
CON-049097,ENT-09636,Lorrimarconsulting,Head of HR Operations,buyer,sans_adresse,0,0,0
CON-067955,ENT-05299,FabrisolPharma SAS,People Ops Manager,champion,adresse_perso,0,0,0
CON-062865,ENT-12982,Ovalipraimmo,HR Officer,utilisateur,sans_adresse,0,0,0
CON-072180,ENT-07687,HelioquiSystems Group,Executive Assistant,bruit,sans_adresse,0,0,0
CON-069543,ENT-19241,Vespivenlab & Co,HR Intern,bruit,sans_adresse,1,0,2
CON-067060,ENT-10353,Maviflow,,sans_titre,sans_adresse,0,0,0
CON-075070,ENT-08758,Juntohalenergie,Head of HR Operations,buyer,adresse_perso,0,0,0
CON-028442,ENT-17767,Ulmihalsystems Group,HR Assistant,utilisateur,adresse_perso,0,0,0
CON-073154,ENT-05828,Flexidordigital France,HR Assistant,utilisateur,adresse_perso,0,0,0
CON-072407,ENT-03841,DoriogorMedia SA,Recruiter,utilisateur,adresse_perso,0,0,0
CON-029878,ENT-05206,Fabrinexsolutions SA,Chargee de recrutement,utilisateur,sans_adresse,0,0,0
CON-044520,ENT-03095,CortilumFinance,CEO,buyer,sans_adresse,0,0,0
CON-040995,ENT-04260,EderigorConsulting SARL,Compensation & Benefits Manager,champion,adresse_perso,0,0,0
CON-044104,ENT-17595,Terravenworks France,Talent Acquisition Specialist,utilisateur,sans_adresse,1,0,8
CON-036384,ENT-06995,Grimoviatech,Chief People Officer,buyer,adresse_perso,1,0,3
CON-001878,ENT-14886,RoccahalFinance SA,,sans_titre,sans_adresse,0,0,0
CON-042614,ENT-01364,BelfogorPartners,HR Intern,bruit,adresse_perso,0,0,0
CON-003679,ENT-00452,Ardenbelretail,People Ops Manager,champion,adresse_perso,0,0,0
CON-042470,ENT-17501,TerrarinConseil,,sans_titre,sans_adresse,1,0,4
CON-018523,ENT-18360,Vectosoft,HR Business Partner,champion,sans_adresse,0,0,0
CON-072222,ENT-16943,TalohalTech & Co,VP Human Resources,buyer,adresse_perso,0,0,0
CON-028296,ENT-09959,LumigorEnergie Group,People Ops Manager,champion,adresse_perso,1,0,3
CON-018000,ENT-08151,Iberisolmobility,HR Officer,utilisateur,sans_adresse,1,0,1
CON-006525,ENT-12533,OptinexFood SAS,People Ops Coordinator,utilisateur,adresse_perso,0,0,0
CON-059932,ENT-03842,DoriogorMobility SA,People Ops Coordinator,utilisateur,adresse_perso,1,0,5
CON-039316,ENT-01807,Briohallabs & Co,Responsable Recrutement,champion,sans_adresse,0,0,0
CON-035020,ENT-10191,LumitasFlow,,sans_titre,sans_adresse,0,0,0
CON-010575,ENT-12481,OptiLogic Group,HR Manager,champion,sans_adresse,1,0,3
CON-037949,ENT-08203,IberiviaDigital SAS,Recruiter,utilisateur,adresse_perso,0,0,0
CON-031640,ENT-18422,VectovenLogic,Compensation & Benefits Manager,champion,sans_adresse,0,0,0
CON-048965,ENT-10175,LumisolMobility SARL,HR Intern,bruit,sans_adresse,1,1,3
CON-017400,ENT-15675,Soliflow SARL,HRBP,champion,sans_adresse,0,0,0
CON-050699,ENT-04878,Estevasollogistics SARL,Head of HR Operations,buyer,adresse_perso,0,0,0
CON-019417,ENT-05377,FabriWorks SARL,HR Business Partner,champion,sans_adresse,0,0,0
CON-014790,ENT-03406,DelfiFlow Group,HR Intern,bruit,adresse_perso,1,0,9
CON-046122,ENT-17808,Ulmilumforge,HRBP,champion,sans_adresse,0,0,0
CON-055470,ENT-05519,FernohalTech,Office Manager,bruit,sans_adresse,0,0,0
CON-013097,ENT-11504,NordibelLogistics SAS,Talent Acquisition Specialist,utilisateur,sans_adresse,0,0,0
CON-005770,ENT-19866,Yellolumlogic SAS,CHRO,buyer,sans_adresse,0,0,0
CON-064249,ENT-02884,CendravenLogistics SA,HR Manager,champion,adresse_perso,0,0,0
CON-064197,ENT-14297,Quantitasindustries,Recruiter,utilisateur,sans_adresse,1,0,4
CON-045357,ENT-06080,FlexirinSolutions France,Head of Talent Acquisition,buyer,sans_adresse,0,0,0
CON-004905,ENT-07107,HaldegorRetail & Co,HR Intern,bruit,sans_adresse,0,0,0
CON-030396,ENT-01417,Belfolexretail SARL,HR Assistant,utilisateur,adresse_perso,1,0,2
CON-028020,ENT-02617,Cendragorpartners Group,HR Assistant,utilisateur,adresse_perso,0,0,0
CON-073883,ENT-15059,Roccarinfood,Head of Talent Acquisition,buyer,sans_adresse,0,0,0
CON-052350,ENT-19739,YellodorPartners SA,Compensation & Benefits Manager,champion,sans_adresse,1,1,4
CON-052113,ENT-17872,Ulmipartners SAS,HR Assistant,utilisateur,sans_adresse,0,0,0
CON-069071,ENT-00849,Axiobelfood SA,HR Intern,bruit,sans_adresse,0,0,0
CON-052394,ENT-04524,EderivenIndustries,Head of HR Operations,buyer,sans_adresse,0,0,0
CON-055357,ENT-09227,Kelvimardigital Group,Charge de recrutement,utilisateur,adresse_perso,1,0,6
CON-000006,ENT-08794,JuntolexSolutions,HR Manager,champion,adresse_perso,0,0,0
CON-026063,ENT-03965,DorionexData,Office Manager,bruit,sans_adresse,1,0,4
CON-012566,ENT-17618,Terraworks,HR Business Partner,champion,sans_adresse,0,0,0
CON-042606,ENT-07826,Iberibelretail SARL,Directeur RH,buyer,adresse_perso,0,0,0
CON-061293,ENT-09120,Kelvifinpharma SA,HRBP,champion,sans_adresse,0,0,0
CON-063478,ENT-11719,Nordinexpartners SARL,Head of HR Operations,buyer,sans_adresse,0,0,0
CON-007334,ENT-05215,Fabripradigital,Executive Assistant,bruit,sans_adresse,0,0,0
CON-068422,ENT-14540,RapilumPartners,Directeur RH,buyer,adresse_perso,1,0,3
CON-030535,ENT-01590,BelfosolRetail,HR Officer,utilisateur,sans_adresse,0,0,0
CON-022303,ENT-09326,KelvirinLogistics SA,Executive Assistant,bruit,sans_adresse,0,0,0
CON-068837,ENT-13227,PerrifinSystems SA,Recruiter,utilisateur,sans_adresse,0,0,0
CON-001503,ENT-02815,CendrarinSoft SA,Talent Acquisition Specialist,utilisateur,sans_adresse,0,0,0
CON-029480,ENT-03394,Delfifinhub,HR Intern,bruit,sans_adresse,0,0,0
CON-041095,ENT-10782,MerigorLogic & Co,Chargee de recrutement,utilisateur,adresse_perso,0,0,0
CON-037425,ENT-13412,Perriquipartners,Head of People,buyer,sans_adresse,0,0,0
CON-068282,ENT-13221,Perrifinmobility & Co,,sans_titre,adresse_perso,0,0,0
CON-062871,ENT-16335,StellaSolutions SAS,People Ops Coordinator,utilisateur,adresse_perso,0,0,0
CON-045198,ENT-02011,BriosolMedia,HR Officer,utilisateur,adresse_perso,0,0,0
CON-073836,ENT-11215,Neohalpharma,HR Intern,bruit,sans_adresse,1,1,5
CON-052194,ENT-00631,Ardenlumsolutions SARL,VP People,buyer,adresse_perso,0,0,0
CON-052841,ENT-03268,Cortivenenergie France,Charge de recrutement,utilisateur,adresse_perso,0,0,0
CON-075161,ENT-07216,Haldenexfood France,Office Manager,bruit,sans_adresse,1,0,2
CON-021212,ENT-09995,Lumihalpharma,HRBP,champion,sans_adresse,0,0,0
CON-068454,ENT-09214,KelvilumMedia,Directrice RH,buyer,adresse_perso,0,0,0
CON-025671,ENT-10680,Meribelfood,Chargee de recrutement,utilisateur,adresse_perso,0,0,0
CON-020609,ENT-07049,HaldedorHub,Talent Acquisition Specialist,utilisateur,sans_adresse,0,0,0
CON-055086,ENT-15705,Solihalimmo & Co,Recruiter,utilisateur,adresse_perso,1,0,2
CON-048040,ENT-05107,FabriHub,People Ops Coordinator,utilisateur,sans_adresse,1,0,4
CON-015259,ENT-08371,IvoroImmo,Compensation & Benefits Manager,champion,sans_adresse,1,0,6
CON-039428,ENT-09147,Kelvigortech SARL,HRBP,champion,adresse_perso,0,0,0
CON-018972,ENT-06274,GalligorConseil SARL,HR Intern,bruit,adresse_perso,0,0,0
CON-022817,ENT-13471,Perritasdigital SAS,,sans_titre,adresse_perso,0,0,0
CON-074825,ENT-17318,TerragorIndustries France,HRBP,champion,sans_adresse,1,0,2
CON-071405,ENT-12443,Optihallogic & Co,Directrice RH,buyer,sans_adresse,0,0,0
CON-034855,ENT-13058,Ovalisollogistics,VP People,buyer,adresse_perso,1,0,4
CON-017088,ENT-03361,Delfidordynamics,Office Manager,bruit,adresse_perso,1,0,2
CON-058784,ENT-17573,TerratasTech France,COO,buyer,adresse_perso,0,0,0
CON-036107,ENT-00167,AltalexFinance,Chargee de recrutement,utilisateur,sans_adresse,0,0,0
CON-035076,ENT-20023,Yellosolworks SARL,CHRO,buyer,adresse_perso,0,0,0
CON-070814,ENT-12995,OvalipraWorks,HR Business Partner,champion,sans_adresse,1,0,3
CON-072731,ENT-11495,NordibelFlow France,,sans_titre,adresse_perso,0,0,0
CON-006504,ENT-00285,AltaquiConseil & Co,CEO,buyer,sans_adresse,0,0,0
CON-057852,ENT-17748,Ulmihalconsulting SA,,sans_titre,sans_adresse,1,1,5
CON-023393,ENT-08814,JuntolumPharma France,VP Human Resources,buyer,sans_adresse,1,0,3
CON-037173,ENT-05714,FernosolWorks France,,sans_titre,sans_adresse,0,0,0
CON-027397,ENT-09209,KelvilumForge,People Ops Coordinator,utilisateur,sans_adresse,0,0,0
CON-046457,ENT-03303,Cortiviapartners,Chargee de recrutement,utilisateur,adresse_perso,0,0,0
CON-012005,ENT-06307,Gallihallabs SARL,Executive Assistant,bruit,sans_adresse,0,0,0
CON-062792,ENT-07530,HeliohalConseil,,sans_titre,sans_adresse,1,0,7
CON-049914,ENT-04093,DoriotasGroup,HRBP,champion,sans_adresse,0,0,0
CON-044941,ENT-08331,Ivorogorfinance Group,People Ops Coordinator,utilisateur,adresse_perso,0,0,0
CON-075311,ENT-08310,IvorofinImmo SARL,Head of HR Operations,buyer,sans_adresse,0,0,0
CON-026350,ENT-19387,Walligorpartners,Executive Assistant,bruit,sans_adresse,0,0,0
CON-018512,ENT-12801,OvalifinDynamics Group,Charge de recrutement,utilisateur,sans_adresse,0,0,0
CON-026160,ENT-18528,VertiEnergie SAS,Chargee de recrutement,utilisateur,sans_adresse,0,0,0
CON-023051,ENT-03846,Doriogorservices & Co,Head of Talent Acquisition,buyer,sans_adresse,0,0,0
CON-015885,ENT-01744,BriofinConseil,HR Manager,champion,adresse_perso,1,0,4
CON-065758,ENT-04387,EderinexMedia SA,CHRO,buyer,adresse_perso,0,0,0
CON-024103,ENT-17548,Terrasolutions & Co,Head of Talent Acquisition,buyer,sans_adresse,0,0,0
CON-020205,ENT-18350,VectorinImmo France,People Ops Coordinator,utilisateur,sans_adresse,0,0,0
CON-007775,ENT-16126,Stellahalservices,Charge de recrutement,utilisateur,adresse_perso,1,0,10
CON-046523,ENT-09341,KelvisolEnergie SAS,Chargee de recrutement,utilisateur,sans_adresse,1,0,2
CON-017251,ENT-12290,NovaviaLogic,Head of HR Operations,buyer,adresse_perso,0,0,0
CON-039157,ENT-12992,OvalipraSolutions Group,HR Manager,champion,adresse_perso,0,0,0
CON-036335,ENT-07179,HaldelumSolutions & Co,VP Human Resources,buyer,adresse_perso,0,0,0
CON-055061,ENT-11817,NordisolTech & Co,Office Manager,bruit,adresse_perso,0,0,0
CON-061218,ENT-03318,DELFIBELFORGE,HRBP,champion,sans_adresse,0,0,0
CON-047079,ENT-01935,BriopraLogic,Charge de recrutement,utilisateur,sans_adresse,0,0,0
CON-042498,ENT-07678,HelioquiLogic,Office Manager,bruit,sans_adresse,0,0,0
CON-065839,ENT-17944,Ulmisolenergie,Head of People,buyer,sans_adresse,0,0,0
CON-035253,ENT-05566,FernolumPartners SARL,HR Manager,champion,adresse_perso,0,0,0
CON-006295,ENT-00544,ArdengorGroup SAS,Charge de recrutement,utilisateur,sans_adresse,1,0,3
CON-028439,ENT-12048,NovaHub SARL,HR Business Partner,champion,adresse_perso,0,0,0
CON-076529,ENT-15880,Solisoft,Head of Talent Acquisition,buyer,adresse_perso,0,0,0
CON-027729,ENT-08430,IvoromarLogic,Compensation & Benefits Manager,champion,adresse_perso,1,0,5
CON-067183,ENT-16143,Stellalexhub,HR Intern,bruit,sans_adresse,0,0,0
CON-024938,ENT-16038,Stelladorlab Group,Responsable Recrutement,champion,sans_adresse,0,0,0
CON-034145,ENT-03704,Delfivenworks,Office Manager,bruit,sans_adresse,0,0,0
CON-028375,ENT-12178,Novaquilogic,HR Officer,utilisateur,sans_adresse,0,0,0
CON-050096,ENT-10097,Lumiprafinance,People Ops Coordinator,utilisateur,adresse_perso,0,0,0
CON-044070,ENT-10748,Merifinfood,,sans_titre,sans_adresse,0,0,0
CON-046770,ENT-04822,EstevaquiForge France,Chargee de recrutement,utilisateur,sans_adresse,0,0,0
CON-022860,ENT-03021,CortigorFlow,HR Assistant,utilisateur,sans_adresse,0,0,0
CON-042829,ENT-19492,Wallinexdigital France,HR Business Partner,champion,adresse_perso,0,0,0
CON-009896,ENT-08640,Juntobelforge,Recruiter,utilisateur,sans_adresse,0,0,0
CON-006134,ENT-14134,Quantilumhub,Talent Acquisition Specialist,utilisateur,sans_adresse,1,0,2
CON-057242,ENT-13537,PrimobelConsulting SARL,Charge de recrutement,utilisateur,adresse_perso,1,0,6
CON-067812,ENT-05885,Flexigorhub France,Directrice RH,buyer,adresse_perso,0,0,0
CON-035752,ENT-13713,PrimolexSolutions,Charge de recrutement,utilisateur,sans_adresse,0,0,0
CON-059991,ENT-17486,TerraquiDigital,Recruiter,utilisateur,adresse_perso,0,0,0
CON-072823,ENT-19349,Wallifinfood Group,,sans_titre,sans_adresse,0,0,0
CON-056116,ENT-13287,Perrilexdynamics SA,Responsable Recrutement,champion,adresse_perso,1,0,3
CON-040987,ENT-15489,Serenirinworks,,sans_titre,sans_adresse,1,0,4
CON-059163,ENT-00687,ArdenpraImmo SAS,Office Manager,bruit,sans_adresse,1,0,3
CON-021819,ENT-02731,Cendranexdata,Charge de recrutement,utilisateur,sans_adresse,1,0,3
CON-032421,ENT-08668,Juntocalpharma,Talent Acquisition Manager,champion,sans_adresse,0,0,0
CON-067491,ENT-15097,RoccasolPharma SA,Charge de recrutement,utilisateur,sans_adresse,1,0,7
CON-050670,ENT-13931,PrimoviaDynamics SARL,Chargee de recrutement,utilisateur,sans_adresse,0,0,0
CON-069700,ENT-11037,Meritech SAS,Talent Acquisition Manager,champion,adresse_perso,0,0,0
CON-010576,ENT-07035,HaldecalPharma Group,Compensation & Benefits Manager,champion,sans_adresse,1,1,8
CON-061705,ENT-09387,Kelvivengroup,Talent Acquisition Manager,champion,adresse_perso,1,0,3
CON-032888,ENT-19372,WalligorDigital France,HR Manager,champion,sans_adresse,0,0,0
CON-047464,ENT-17358,TerraIndustries France,Office Manager,bruit,adresse_perso,0,0,0
CON-015219,ENT-09980,Lumihalconseil SA,People Ops Manager,champion,adresse_perso,0,0,0
CON-004303,ENT-10883,MerimarPharma,Responsable Recrutement,champion,sans_adresse,0,0,0
CON-043948,ENT-09621,LorrilumLabs Group,Talent Acquisition Manager,champion,sans_adresse,0,0,0
CON-027326,ENT-09033,Juntoworks,CEO,buyer,sans_adresse,1,0,3
CON-028833,ENT-14466,Rapigorpharma SARL,HR Manager,champion,sans_adresse,1,0,4
CON-039208,ENT-00749,ArdenServices,HR Business Partner,champion,sans_adresse,0,0,0
CON-034300,ENT-00822,ArdenviaConsulting,People Ops Coordinator,utilisateur,sans_adresse,0,0,0
CON-029641,ENT-19792,YellogorMobility,Executive Assistant,bruit,sans_adresse,0,0,0
CON-017962,ENT-10214,LumivenDynamics,Responsable Recrutement,champion,sans_adresse,0,0,0
CON-054498,ENT-17863,Ulminexlabs SA,COO,buyer,adresse_perso,1,0,3
CON-037534,ENT-10969,MeririnDigital Group,People Ops Coordinator,utilisateur,sans_adresse,0,0,0
CON-020770,ENT-15138,RoccavenEnergie,VP People,buyer,sans_adresse,0,0,0
CON-006121,ENT-16571,SylvaLogistics,Directeur RH,buyer,adresse_perso,1,0,3
CON-013541,ENT-06648,Grimodorindustries SARL,HR Director,buyer,sans_adresse,0,0,0
CON-073983,ENT-14840,Roccafinfinance France,Head of Talent Acquisition,buyer,sans_adresse,0,0,0
CON-048905,ENT-12240,NovatasConsulting SAS,Head of HR Operations,buyer,adresse_perso,1,0,2
CON-003712,ENT-13115,Ovaliviaconsulting Group,Compensation & Benefits Manager,champion,sans_adresse,0,0,0
CON-022020,ENT-18992,Vespigorsolutions Group,Compensation & Benefits Manager,champion,sans_adresse,0,0,0
CON-032516,ENT-10824,MerilexFlow France,VP Human Resources,buyer,adresse_perso,1,0,1
CON-018878,ENT-05882,FlexigorFinance,HR Manager,champion,adresse_perso,0,0,0
CON-050763,ENT-05098,Fabrihallogistics,Head of Talent Acquisition,buyer,sans_adresse,0,0,0
CON-067186,ENT-04879,Estevasolmedia,,sans_titre,sans_adresse,0,0,0
CON-039028,ENT-04585,EstevacalDigital,Compensation & Benefits Manager,champion,sans_adresse,0,0,0
CON-031538,ENT-12005,NovagorFood France,Charge de recrutement,utilisateur,sans_adresse,0,0,0
CON-015383,ENT-13634,PrimofinPharma,HR Officer,utilisateur,adresse_perso,0,0,0
CON-004624,ENT-17109,TalorinSoft,VP People,buyer,sans_adresse,0,0,0
CON-048331,ENT-00947,Axiogordigital SA,Office Manager,bruit,sans_adresse,0,0,0
CON-034410,ENT-03384,DelfifinConseil France,Executive Assistant,bruit,sans_adresse,0,0,0
CON-037904,ENT-08247,IvorobelWorks SARL,HR Business Partner,champion,sans_adresse,0,0,0
CON-006254,ENT-01044,Axiomarimmo SA,HR Intern,bruit,adresse_perso,0,0,0
CON-064254,ENT-05733,FernotasPharma SARL,Head of Talent Acquisition,buyer,sans_adresse,1,0,2
CON-019790,ENT-05511,Fernohallogic SAS,Directeur RH,buyer,sans_adresse,1,0,2
CON-044175,ENT-12314,Optibelimmo SAS,Head of People,buyer,adresse_perso,0,0,0
CON-048293,ENT-06870,Grimoquimobility Group,Head of Talent Acquisition,buyer,adresse_perso,1,0,1
CON-056262,ENT-13688,PrimoHub,Chargee de recrutement,utilisateur,adresse_perso,1,0,5
CON-026653,ENT-18439,Vectoviaenergie France,HR Manager,champion,adresse_perso,0,0,0
CON-017433,ENT-04884,EstevasolServices SAS,Recruiter,utilisateur,adresse_perso,0,0,0
CON-006101,ENT-10695,MeribelSystems,HR Officer,utilisateur,sans_adresse,0,0,0
CON-074688,ENT-08967,JuntotasData Group,COO,buyer,sans_adresse,1,0,4
CON-056005,ENT-00767,ArdensolRetail SARL,People Ops Coordinator,utilisateur,adresse_perso,0,0,0
CON-070820,ENT-12570,Optiprapharma Group,Responsable Recrutement,champion,adresse_perso,0,0,0
CON-027932,ENT-13352,Perrinexconseil SA,Chargee de recrutement,utilisateur,adresse_perso,0,0,0
CON-072127,ENT-06525,GallitasIndustries,Compensation & Benefits Manager,champion,sans_adresse,0,0,0
CON-000999,ENT-00209,AltamarConseil,CHRO,buyer,adresse_perso,0,0,0
CON-011184,ENT-00074,Altadorsoft,Chief People Officer,buyer,sans_adresse,1,1,4
CON-007952,ENT-08880,JuntopraImmo,Responsable Recrutement,champion,adresse_perso,0,0,0
CON-007568,ENT-10962,MeriquiSoft,HR Intern,bruit,sans_adresse,0,0,0
CON-037463,ENT-17085,TaloquiLogic,,sans_titre,adresse_perso,1,0,3
CON-023187,ENT-06949,GrimotasWorks Group,CEO,buyer,adresse_perso,0,0,0
CON-012107,ENT-10280,Mavicalconsulting,HR Intern,bruit,sans_adresse,0,0,0
CON-055529,ENT-05041,FabrifinFlow & Co,HR Manager,champion,adresse_perso,1,1,11
CON-017316,ENT-13153,PerribelPharma,Chief People Officer,buyer,sans_adresse,0,0,0
CON-052920,ENT-01449,Belfomarconseil,HR Intern,bruit,adresse_perso,0,0,0
CON-012167,ENT-08161,IberitasDigital France,Head of People,buyer,sans_adresse,0,0,0
CON-014097,ENT-09374,KelvitasRetail,HR Manager,champion,sans_adresse,1,0,4
CON-068887,ENT-15241,Serenienergie SAS,Office Manager,bruit,sans_adresse,1,0,1
CON-040116,ENT-19850,Yellolexworks Group,Directeur RH,buyer,sans_adresse,1,0,2
CON-036875,ENT-07544,Heliohalpartners & Co,HR Manager,champion,sans_adresse,1,0,4
CON-054763,ENT-11411,Neosollogic France,VP People,buyer,adresse_perso,0,0,0
CON-027185,ENT-06399,Gallinexforge,Talent Acquisition Specialist,utilisateur,adresse_perso,0,0,0
CON-010308,ENT-08398,IvorolumData Group,Executive Assistant,bruit,sans_adresse,0,0,0
CON-040473,ENT-10104,Lumipraindustries Group,VP Human Resources,buyer,sans_adresse,0,0,0
CON-016750,ENT-10046,LumilumSystems,Responsable Recrutement,champion,sans_adresse,1,0,2
CON-030108,ENT-20427,ZephiSoft France,Head of People,buyer,sans_adresse,0,0,0
CON-029646,ENT-13887,PrimotasImmo & Co,HR Manager,champion,sans_adresse,1,0,4
CON-047943,ENT-12370,Optidorpharma,HR Assistant,utilisateur,adresse_perso,0,0,0
CON-042317,ENT-01447,Belfolumtech,Directrice RH,buyer,sans_adresse,0,0,0
CON-043230,ENT-07302,HalderinServices,HR Director,buyer,sans_adresse,0,0,0
CON-028326,ENT-01051,Axiomarmobility Group,HR Officer,utilisateur,adresse_perso,0,0,0
CON-006799,ENT-05101,Fabrihalpartners SA,Responsable Recrutement,champion,adresse_perso,1,0,2
CON-067679,ENT-10387,Mavihalfood,HR Director,buyer,sans_adresse,1,0,5
CON-020331,ENT-15718,Soliindustries SAS,Directrice RH,buyer,sans_adresse,0,0,0
CON-035526,ENT-18861,VertiviaIndustries SA,HR Intern,bruit,sans_adresse,1,0,5
CON-066452,ENT-17130,Talosolpartners & Co,Talent Acquisition Specialist,utilisateur,sans_adresse,0,0,0
CON-067674,ENT-16344,Stellatasimmo,Chargee de recrutement,utilisateur,adresse_perso,0,0,0
CON-043976,ENT-16654,Sylvapralogistics SARL,HRBP,champion,sans_adresse,0,0,0
CON-011772,ENT-14439,Rapifinlogic,People Ops Coordinator,utilisateur,adresse_perso,0,0,0
CON-009836,ENT-00132,AltagorSystems SARL,Chargee de recrutement,utilisateur,adresse_perso,1,0,6
CON-055134,ENT-14837,Roccafindata France,HR Business Partner,champion,adresse_perso,1,0,6
CON-067712,ENT-01577,Belfosolfinance SARL,Office Manager,bruit,sans_adresse,0,0,0
CON-023526,ENT-04432,EderiquiLabs SARL,HR Manager,champion,adresse_perso,0,0,0
CON-059073,ENT-16102,StellagorSystems SA,Recruiter,utilisateur,sans_adresse,1,0,5
CON-054602,ENT-11833,NorditasLabs Group,Charge de recrutement,utilisateur,sans_adresse,1,0,3
CON-016476,ENT-14711,RapivenData SA,VP Human Resources,buyer,sans_adresse,0,0,0
CON-053283,ENT-17135,Talosolsystems France,CHRO,buyer,adresse_perso,1,0,1
CON-066334,ENT-19551,Walliquipharma SARL,Head of Talent Acquisition,buyer,sans_adresse,0,0,0
CON-067034,ENT-11282,NeomarImmo,HR Officer,utilisateur,adresse_perso,0,0,0
CON-009672,ENT-17780,UlmilexFood SA,People Ops Coordinator,utilisateur,sans_adresse,1,0,3
CON-068605,ENT-01104,Axioquidigital SARL,HR Manager,champion,sans_adresse,0,0,0
CON-037105,ENT-09520,Lorrifinlabs SA,Talent Acquisition Manager,champion,adresse_perso,0,0,0
CON-075012,ENT-03142,CortinexEnergie & Co,People Ops Manager,champion,adresse_perso,0,0,0
CON-075133,ENT-16831,Talocalmedia,HR Business Partner,champion,sans_adresse,0,0,0
CON-064132,ENT-13756,Primonexdata,Charge de recrutement,utilisateur,sans_adresse,0,0,0
CON-065551,ENT-11387,Neorinlogistics,HR Business Partner,champion,sans_adresse,0,0,0
CON-030427,ENT-11349,NeoquiConsulting,Chief People Officer,buyer,sans_adresse,0,0,0
CON-024059,ENT-06342,Gallilexsystems SARL,HR Manager,champion,adresse_perso,0,0,0
CON-074383,ENT-07053,Haldedorlabs,HR Officer,utilisateur,sans_adresse,1,0,4
CON-044069,ENT-04271,EderigorMedia France,Compensation & Benefits Manager,champion,sans_adresse,0,0,0
CON-000412,ENT-10645,Mavivensystems SARL,Head of People,buyer,sans_adresse,0,0,0
CON-068201,ENT-07707,HeliorinServices France,Chargee de recrutement,utilisateur,sans_adresse,0,0,0
CON-011363,ENT-12504,OptimarData & Co,Responsable Recrutement,champion,sans_adresse,1,0,3
CON-029329,ENT-14880,Roccagroup,,sans_titre,sans_adresse,0,0,0
CON-049710,ENT-10847,MerilumFinance SARL,People Ops Coordinator,utilisateur,adresse_perso,0,0,0
CON-056956,ENT-13205,Perrifinance,HR Officer,utilisateur,sans_adresse,1,0,7
CON-048369,ENT-00338,AltasolEnergie,HR Assistant,utilisateur,adresse_perso,0,0,0
CON-013685,ENT-11167,Neofinlab SARL,Head of People,buyer,sans_adresse,0,0,0
CON-040898,ENT-17026,TalonexDigital SA,Talent Acquisition Specialist,utilisateur,sans_adresse,1,0,3
CON-074784,ENT-12682,Optivenlabs Group,Talent Acquisition Specialist,utilisateur,sans_adresse,1,0,5
CON-064166,ENT-13763,Primonexgroup SARL,People Ops Coordinator,utilisateur,sans_adresse,0,0,0
CON-034934,ENT-11467,Neovensystems SARL,Chargee de recrutement,utilisateur,adresse_perso,1,0,5
CON-025634,ENT-07505,Heliofood SARL,Talent Acquisition Specialist,utilisateur,adresse_perso,0,0,0
CON-018555,ENT-04826,EstevaquiLogic SA,HR Manager,champion,sans_adresse,1,0,7
CON-043695,ENT-13743,PrimomarLogistics,Talent Acquisition Manager,champion,sans_adresse,1,0,8
CON-021938,ENT-10890,MeriMobility France,HR Officer,utilisateur,adresse_perso,1,0,6
CON-007251,ENT-04245,Ederifinlab,Head of Talent Acquisition,buyer,adresse_perso,1,0,5
CON-036194,ENT-11149,Neodorsolutions Group,Office Manager,bruit,sans_adresse,1,0,9
CON-033337,ENT-10187,Lumitasdata,People Ops Manager,champion,adresse_perso,1,0,5
CON-047528,ENT-11758,Nordiquifood,HR Officer,utilisateur,sans_adresse,0,0,0
CON-018450,ENT-17061,Talopralogistics SA,VP People,buyer,sans_adresse,1,0,2
CON-012168,ENT-20239,Zephihalhub SARL,HR Officer,utilisateur,adresse_perso,0,0,0
CON-070487,ENT-16835,TalocalRetail Group,Office Manager,bruit,sans_adresse,0,0,0
CON-011556,ENT-02855,Cendratasindustries Group,CEO,buyer,sans_adresse,1,0,6
CON-030494,ENT-15340,SerenilexMobility SA,HR Director,buyer,sans_adresse,1,0,5
CON-011631,ENT-06377,GallimarLabs,People Ops Coordinator,utilisateur,sans_adresse,1,0,3
CON-018872,ENT-06744,Grimolexdynamics SAS,Head of HR Operations,buyer,adresse_perso,1,0,3
CON-036888,ENT-12258,Novavendigital Group,Talent Acquisition Specialist,utilisateur,adresse_perso,0,0,0
CON-024546,ENT-18470,Vertibellogic,People Ops Manager,champion,sans_adresse,0,0,0
CON-065524,ENT-14865,Roccagorforge,HR Director,buyer,sans_adresse,0,0,0
CON-074207,ENT-08422,Ivoromarenergie SARL,Responsable Recrutement,champion,sans_adresse,0,0,0
CON-023209,ENT-04769,Estevanexdata,HR Officer,utilisateur,adresse_perso,0,0,0
CON-072058,ENT-05623,Fernopradata SARL,HR Officer,utilisateur,sans_adresse,0,0,0
CON-033927,ENT-16564,Sylvalexmedia SAS,Office Manager,bruit,adresse_perso,1,0,5
CON-072161,ENT-04080,Doriosolpharma France,Directeur RH,buyer,sans_adresse,0,0,0
CON-002524,ENT-12315,Optibelindustries,HR Manager,champion,sans_adresse,1,0,4
CON-070839,ENT-05582,Fernomarimmo,CEO,buyer,sans_adresse,0,0,0
CON-027487,ENT-16423,Sylvabelretail SA,Recruiter,utilisateur,adresse_perso,1,0,2
CON-017231,ENT-05978,Fleximarlogistics Group,HR Business Partner,champion,sans_adresse,0,0,0
CON-043144,ENT-17762,Ulmihalmobility,,sans_titre,sans_adresse,1,0,7
CON-030562,ENT-06237,GallidorLabs & Co,Head of HR Operations,buyer,sans_adresse,0,0,0
CON-029809,ENT-17569,TerratasServices SAS,HR Officer,utilisateur,sans_adresse,1,0,3
CON-042764,ENT-18015,Ulmiviadata,Talent Acquisition Manager,champion,sans_adresse,1,0,1
CON-034253,ENT-18608,VertiLabs & Co,Talent Acquisition Manager,champion,adresse_perso,0,0,0
CON-000299,ENT-02193,CaurigorHub,Charge de recrutement,utilisateur,sans_adresse,0,0,0
CON-062301,ENT-10267,Mavibelimmo Group,Chief People Officer,buyer,sans_adresse,0,0,0
CON-048303,ENT-13224,Perrifinretail,Chargee de recrutement,utilisateur,adresse_perso,0,0,0
CON-071916,ENT-19883,Yellomargroup SARL,,sans_titre,adresse_perso,1,0,3
CON-009064,ENT-15733,SolilexLogic SAS,HR Assistant,utilisateur,adresse_perso,0,0,0
CON-053504,ENT-16691,Sylvarinfinance,People Ops Coordinator,utilisateur,sans_adresse,0,0,0
CON-024363,ENT-14856,Roccafood SA,CEO,buyer,sans_adresse,0,0,0
CON-073092,ENT-04049,DoriorinLogic,Executive Assistant,bruit,sans_adresse,1,0,4
CON-028532,ENT-05884,FlexigorFood SAS,Directeur RH,buyer,sans_adresse,0,0,0
CON-021341,ENT-07184,HaldemarDigital SAS,Charge de recrutement,utilisateur,sans_adresse,1,0,5
CON-066480,ENT-10430,MAVILEXWORKS,HR Director,buyer,sans_adresse,0,0,0
CON-020681,ENT-03956,Doriomarservices,CHRO,buyer,sans_adresse,0,0,0
CON-072581,ENT-03677,DelfitasSolutions France,Responsable Recrutement,champion,sans_adresse,0,0,0
CON-023274,ENT-13047,OvalisolDigital SA,,sans_titre,adresse_perso,0,0,0
CON-045294,ENT-04789,EstevanexWorks,Responsable Recrutement,champion,sans_adresse,1,0,5
CON-048830,ENT-11069,Meriviahub SAS,HR Business Partner,champion,adresse_perso,0,0,0
CON-062452,ENT-13678,PrimohalMobility France,Head of Talent Acquisition,buyer,sans_adresse,1,0,8
CON-005162,ENT-01879,BriomarEnergie SARL,Recruiter,utilisateur,adresse_perso,1,0,8
CON-009649,ENT-12170,NovaquiEnergie France,People Ops Manager,champion,sans_adresse,0,0,0
CON-050903,ENT-02506,CendrabelEnergie & Co,Talent Acquisition Manager,champion,sans_adresse,0,0,0
CON-042204,ENT-03200,Cortiretail,Chargee de recrutement,utilisateur,adresse_perso,1,1,2
CON-035429,ENT-05153,Fabrilumpartners & Co,Recruiter,utilisateur,adresse_perso,0,0,0
CON-031702,ENT-05312,Fabritasforge,Charge de recrutement,utilisateur,adresse_perso,1,0,3
CON-039575,ENT-12476,OptilexSoft France,Compensation & Benefits Manager,champion,sans_adresse,1,1,2
CON-064754,ENT-02299,Caurimarworks Group,Talent Acquisition Manager,champion,sans_adresse,0,0,0
CON-070305,ENT-02127,CauriConseil SAS,Head of HR Operations,buyer,sans_adresse,0,0,0
CON-016512,ENT-05211,Fabripharma,Recruiter,utilisateur,sans_adresse,0,0,0
CON-050548,ENT-20360,ZephipraFinance SAS,HR Manager,champion,sans_adresse,0,0,0
CON-027996,ENT-12979,OvalipraFinance France,HR Business Partner,champion,adresse_perso,0,0,0
CON-060692,ENT-09780,LorritasConseil,Responsable Recrutement,champion,adresse_perso,0,0,0
CON-071312,ENT-02551,CendraDigital,Responsable Recrutement,champion,adresse_perso,0,0,0
CON-040812,ENT-03906,Doriolextech SA,,sans_titre,sans_adresse,1,0,2
CON-071858,ENT-14458,Rapigorflow,Compensation & Benefits Manager,champion,adresse_perso,0,0,0
CON-004281,ENT-12098,Novamarenergie Group,Responsable Recrutement,champion,adresse_perso,0,0,0
CON-032325,ENT-15487,Serenirinsolutions,People Ops Coordinator,utilisateur,adresse_perso,1,1,3
CON-038585,ENT-05462,FernofinLogic,VP Human Resources,buyer,adresse_perso,1,0,11
CON-067240,ENT-06706,GrimogorSoft Group,HR Officer,utilisateur,adresse_perso,0,0,0
CON-001722,ENT-17173,TalovenHub,Recruiter,utilisateur,sans_adresse,0,0,0
CON-007881,ENT-02562,CendradorMobility France,People Ops Manager,champion,sans_adresse,0,0,0
CON-064452,ENT-02208,CauriGroup & Co,Recruiter,utilisateur,adresse_perso,1,0,4
CON-065004,ENT-12430,OptihalConseil,HR Assistant,utilisateur,adresse_perso,1,0,4
CON-062884,ENT-18154,VectogorGroup & Co,Recruiter,utilisateur,sans_adresse,1,0,2
CON-034271,ENT-09943,Lumifinmobility,Chargee de recrutement,utilisateur,sans_adresse,0,0,0
CON-026384,ENT-10252,LumiviaPartners SARL,People Ops Coordinator,utilisateur,sans_adresse,0,0,0
CON-055726,ENT-18660,VertimarDigital,Charge de recrutement,utilisateur,sans_adresse,1,0,5
CON-008003,ENT-08320,IvorofinRetail Group,HR Manager,champion,adresse_perso,0,0,0
CON-060486,ENT-03658,Delfitasdynamics & Co,,sans_titre,adresse_perso,0,0,0
CON-042851,ENT-10142,LumirinFinance Group,Responsable Recrutement,champion,sans_adresse,1,1,4
CON-048212,ENT-07930,Iberigorpartners France,HR Manager,champion,adresse_perso,0,0,0
CON-021233,ENT-10423,MavilexPartners,Office Manager,bruit,adresse_perso,1,0,3
CON-069347,ENT-18124,VectofinFinance & Co,People Ops Manager,champion,adresse_perso,0,0,0
CON-047934,ENT-10071,Luminexconseil,HR Assistant,utilisateur,sans_adresse,0,0,0
CON-002162,ENT-15010,RoccapraConsulting SAS,Head of Talent Acquisition,buyer,adresse_perso,0,0,0
CON-018337,ENT-16616,SylvanexDigital,HR Intern,bruit,sans_adresse,0,0,0
CON-068521,ENT-15305,Serenihalhub,Talent Acquisition Manager,champion,adresse_perso,0,0,0
CON-054907,ENT-13212,PerrifinGroup,,sans_titre,adresse_perso,0,0,0
CON-068195,ENT-02116,CauricalLogic SAS,CHRO,buyer,sans_adresse,1,0,6
CON-011849,ENT-03588,Delfiquilabs & Co,People Ops Manager,champion,adresse_perso,0,0,0
CON-065624,ENT-10885,MerimarServices Group,HR Business Partner,champion,sans_adresse,0,0,0
CON-049778,ENT-16303,Stellarinpharma,Executive Assistant,bruit,sans_adresse,0,0,0
CON-050503,ENT-03756,DoriocalLab France,HR Officer,utilisateur,adresse_perso,0,0,0
CON-059726,ENT-11785,NordirinMedia,,sans_titre,adresse_perso,0,0,0
CON-047263,ENT-17011,TalomarLabs & Co,Talent Acquisition Manager,champion,adresse_perso,0,0,0
CON-003654,ENT-02097,Cauribelpartners France,Talent Acquisition Specialist,utilisateur,sans_adresse,0,0,0
CON-076013,ENT-00165,Altalexdynamics,HR Manager,champion,adresse_perso,1,0,4
CON-006014,ENT-10015,Lumilexindustries SAS,Talent Acquisition Specialist,utilisateur,sans_adresse,0,0,0
CON-072653,ENT-01219,AxiovenSolutions,Office Manager,bruit,sans_adresse,1,0,2
CON-075615,ENT-11319,NEONEXSYSTEMS,HR Business Partner,champion,adresse_perso,0,0,0
CON-031493,ENT-19361,Wallifinretail,Executive Assistant,bruit,sans_adresse,0,0,0
CON-039511,ENT-05461,Fernofinlabs Group,Talent Acquisition Specialist,utilisateur,adresse_perso,1,0,8
CON-006231,ENT-19489,Wallimobility & Co,Talent Acquisition Manager,champion,adresse_perso,0,0,0
CON-061947,ENT-15643,SolidorMedia,Office Manager,bruit,adresse_perso,1,0,5
CON-034320,ENT-02575,CendrafinConsulting SAS,CEO,buyer,sans_adresse,1,0,2
CON-016730,ENT-02044,BrioTech SARL,Chargee de recrutement,utilisateur,adresse_perso,0,0,0
CON-072410,ENT-17157,Talotassoft,Charge de recrutement,utilisateur,adresse_perso,1,0,3
CON-016400,ENT-13448,PerrisolData SARL,Office Manager,bruit,adresse_perso,0,0,0
CON-069893,ENT-10494,MavinexMedia SARL,HR Intern,bruit,adresse_perso,0,0,0
CON-044139,ENT-04270,Ederigorlogistics,CHRO,buyer,adresse_perso,0,0,0
CON-050542,ENT-08899,Juntoquifood,HR Intern,bruit,sans_adresse,1,0,2
CON-027524,ENT-01693,Briocalenergie SA,Chargee de recrutement,utilisateur,sans_adresse,0,0,0
CON-040943,ENT-19346,Wallifindynamics SA,Chief People Officer,buyer,sans_adresse,0,0,0
CON-059889,ENT-09286,Kelviprasolutions & Co,Head of Talent Acquisition,buyer,adresse_perso,0,0,0
CON-057830,ENT-06315,GallihalServices SA,Head of HR Operations,buyer,adresse_perso,0,0,0
CON-044862,ENT-11422,NeosolWorks SAS,HR Intern,bruit,adresse_perso,0,0,0
CON-043454,ENT-05760,FernovenSystems SA,Responsable Recrutement,champion,sans_adresse,0,0,0
CON-028408,ENT-02198,Caurigorlogic,HR Officer,utilisateur,adresse_perso,0,0,0
CON-049815,ENT-02302,Caurinexconseil,Head of Talent Acquisition,buyer,sans_adresse,0,0,0
CON-006081,ENT-16640,SylvaPharma,Talent Acquisition Specialist,utilisateur,adresse_perso,1,0,3
CON-032739,ENT-00229,Altamarsystems,Chief People Officer,buyer,sans_adresse,1,0,1
CON-068939,ENT-19063,Vespilumsystems Group,Responsable Recrutement,champion,sans_adresse,0,0,0
CON-064666,ENT-14831,Roccadorworks SAS,People Ops Coordinator,utilisateur,adresse_perso,0,0,0
CON-034507,ENT-03513,Delfimardata & Co,Talent Acquisition Specialist,utilisateur,sans_adresse,0,0,0
CON-023088,ENT-06288,GalligorMobility,Responsable Recrutement,champion,adresse_perso,0,0,0
CON-018598,ENT-15854,SoliquiSystems,HR Officer,utilisateur,sans_adresse,1,0,3
CON-041534,ENT-14797,Roccacalsolutions & Co,CEO,buyer,adresse_perso,0,0,0
CON-000108,ENT-13864,Primosolhub Group,HRBP,champion,adresse_perso,1,0,1
CON-070510,ENT-19708,YellocalImmo SA,HR Officer,utilisateur,adresse_perso,0,0,0
CON-022881,ENT-05690,Fernoservices Group,Chargee de recrutement,utilisateur,adresse_perso,0,0,0
CON-028136,ENT-01451,BelfomarData,HR Intern,bruit,sans_adresse,1,0,2
CON-044746,ENT-10347,MavifinMobility,HR Officer,utilisateur,sans_adresse,0,0,0
CON-025393,ENT-10651,Maviviaenergie,HR Manager,champion,sans_adresse,1,0,4
CON-005303,ENT-17050,TalopraDigital,People Ops Coordinator,utilisateur,adresse_perso,0,0,0
CON-013983,ENT-02129,Cauridigital,Compensation & Benefits Manager,champion,adresse_perso,0,0,0
CON-017805,ENT-01115,Axioquilabs,HR Intern,bruit,sans_adresse,1,0,2
CON-067496,ENT-18969,Vespifinsystems SA,Responsable Recrutement,champion,adresse_perso,0,0,0
CON-046715,ENT-05488,FernogorIndustries,People Ops Manager,champion,sans_adresse,0,0,0
CON-041592,ENT-06814,GrimonexEnergie Group,,sans_titre,sans_adresse,1,0,5
CON-044559,ENT-00304,Altaquitech,Chargee de recrutement,utilisateur,sans_adresse,1,1,4
CON-065470,ENT-10248,LumiviaLogic France,Recruiter,utilisateur,adresse_perso,0,0,0
CON-042170,ENT-04774,Estevanexforge,HR Intern,bruit,sans_adresse,0,0,0
CON-008490,ENT-12050,NovaIndustries,Chargee de recrutement,utilisateur,adresse_perso,0,0,0
CON-072209,ENT-02001,Briosolfinance France,CHRO,buyer,adresse_perso,0,0,0
CON-055349,ENT-14389,RapicalLab & Co,Recruiter,utilisateur,sans_adresse,0,0,0
CON-054092,ENT-05868,FlexifinRetail & Co,People Ops Manager,champion,sans_adresse,1,1,2
CON-003529,ENT-07008,HaldebelLab,People Ops Coordinator,utilisateur,sans_adresse,1,0,3
CON-027159,ENT-12909,OvalilumHub,Chief People Officer,buyer,sans_adresse,0,0,0
CON-056040,ENT-04984,FabribelWorks,People Ops Coordinator,utilisateur,adresse_perso,1,0,2
CON-058462,ENT-18829,Vertivendigital,Compensation & Benefits Manager,champion,sans_adresse,0,0,0
CON-066978,ENT-15755,SolilumLab Group,Compensation & Benefits Manager,champion,adresse_perso,0,0,0
CON-073451,ENT-16176,Stellalumsolutions Group,Office Manager,bruit,sans_adresse,0,0,0
CON-007029,ENT-04973,Fabribellogistics,Responsable Recrutement,champion,adresse_perso,0,0,0
CON-000850,ENT-07695,HeliorinEnergie,Executive Assistant,bruit,sans_adresse,0,0,0
CON-049231,ENT-09101,Kelvidorservices Group,Talent Acquisition Specialist,utilisateur,adresse_perso,0,0,0
CON-000713,ENT-02003,BriosolForge France,,sans_titre,sans_adresse,0,0,0
CON-068042,ENT-07609,Heliomargroup,CHRO,buyer,sans_adresse,1,0,1
CON-021359,ENT-05822,Flexiconsulting SA,,sans_titre,sans_adresse,0,0,0
CON-072303,ENT-16338,StellatasDigital SARL,HR Officer,utilisateur,sans_adresse,0,0,0
CON-058601,ENT-06342,Gallilexsystems SARL,HR Assistant,utilisateur,adresse_perso,0,0,0
CON-052571,ENT-08402,IvorolumFlow,HR Officer,utilisateur,sans_adresse,0,0,0
CON-017016,ENT-03989,Doriopharma Group,Recruiter,utilisateur,sans_adresse,0,0,0
CON-062165,ENT-05480,FernogorDynamics SARL,Responsable Recrutement,champion,sans_adresse,1,1,5
CON-031252,ENT-08564,Ivorotasflow,Chargee de recrutement,utilisateur,sans_adresse,1,0,3
CON-012379,ENT-14701,Rapitaspartners SARL,,sans_titre,sans_adresse,0,0,0
CON-025665,ENT-11903,Novabelflow SAS,Executive Assistant,bruit,sans_adresse,1,0,4
CON-016962,ENT-11073,MeriviaLogic SAS,HR Manager,champion,adresse_perso,1,0,4
CON-005193,ENT-11851,Nordivendigital SA,HRBP,champion,adresse_perso,0,0,0
CON-008921,ENT-15338,Serenilexlogistics & Co,HR Manager,champion,sans_adresse,0,0,0
CON-055834,ENT-17328,Terragorsolutions & Co,Executive Assistant,bruit,adresse_perso,0,0,0
CON-005424,ENT-06888,GrimorinLab,Talent Acquisition Manager,champion,sans_adresse,1,1,5
CON-046008,ENT-01377,Belfohaldynamics SAS,Office Manager,bruit,adresse_perso,0,0,0
CON-048566,ENT-00026,AltacalConseil SAS,Executive Assistant,bruit,sans_adresse,0,0,0
CON-056257,ENT-15813,SolinexWorks SARL,HR Intern,bruit,sans_adresse,0,0,0
CON-068483,ENT-15744,SolilumConseil,People Ops Coordinator,utilisateur,sans_adresse,0,0,0
CON-056808,ENT-16744,SylvatasLogistics,HR Manager,champion,adresse_perso,0,0,0
CON-069370,ENT-17263,TerradorForge,People Ops Coordinator,utilisateur,adresse_perso,0,0,0
CON-037501,ENT-01079,Axiopharma & Co,Talent Acquisition Manager,champion,sans_adresse,0,0,0
CON-010857,ENT-08138,IberiServices SA,Head of People,buyer,sans_adresse,0,0,0
CON-017324,ENT-10553,MavirinDigital Group,HR Business Partner,champion,sans_adresse,0,0,0
CON-030208,ENT-03419,DelfigorLab,HR Officer,utilisateur,sans_adresse,0,0,0
CON-047629,ENT-09227,Kelvimardigital Group,Office Manager,bruit,adresse_perso,0,0,0
CON-005068,ENT-19621,WallitasLabs,Head of HR Operations,buyer,adresse_perso,0,0,0
CON-071433,ENT-05363,Fabriviaforge,Executive Assistant,bruit,sans_adresse,0,0,0
CON-014257,ENT-09573,Lorrihalretail & Co,Charge de recrutement,utilisateur,sans_adresse,1,0,5
CON-038405,ENT-13880,PrimotasConsulting SAS,Recruiter,utilisateur,sans_adresse,0,0,0
CON-015464,ENT-04202,EderiConseil France,Office Manager,bruit,sans_adresse,0,0,0
CON-064201,ENT-02697,CendralumSoft SAS,HR Officer,utilisateur,sans_adresse,1,0,3
CON-006240,ENT-05268,Fabririnhub France,COO,buyer,sans_adresse,1,0,4
CON-037424,ENT-13412,Perriquipartners,Responsable Recrutement,champion,sans_adresse,0,0,0
CON-037989,ENT-15981,StellabelDigital & Co,CEO,buyer,sans_adresse,1,0,5
CON-068070,ENT-18917,VespicalSolutions,,sans_titre,adresse_perso,0,0,0
CON-012447,ENT-07239,Haldeprafinance Group,People Ops Coordinator,utilisateur,adresse_perso,0,0,0
CON-007521,ENT-12849,Ovalihaldata SARL,Talent Acquisition Specialist,utilisateur,adresse_perso,0,0,0
CON-055127,ENT-05935,Flexilexlabs,Head of Talent Acquisition,buyer,sans_adresse,0,0,0
CON-060578,ENT-03924,DoriolumLabs,Office Manager,bruit,adresse_perso,0,0,0
CON-057974,ENT-19640,Wallivenhub,Recruiter,utilisateur,sans_adresse,0,0,0
CON-030231,ENT-15803,Solinexlogistics SA,HR Manager,champion,adresse_perso,0,0,0
CON-045869,ENT-17706,Ulmifingroup,People Ops Coordinator,utilisateur,sans_adresse,0,0,0
CON-028221,ENT-19212,VespitasConsulting Group,Head of Talent Acquisition,buyer,sans_adresse,0,0,0
CON-023194,ENT-01250,Belfobeldata & Co,Responsable Recrutement,champion,adresse_perso,0,0,0
CON-059374,ENT-11922,NovacalData SARL,Chargee de recrutement,utilisateur,adresse_perso,1,0,3
CON-046195,ENT-03256,CortitasPartners & Co,COO,buyer,adresse_perso,1,0,7
CON-028029,ENT-07598,HeliolumSystems France,HRBP,champion,sans_adresse,0,0,0
CON-025845,ENT-16850,TalodorDynamics SA,HR Assistant,utilisateur,sans_adresse,0,0,0
CON-029019,ENT-08351,Ivorohaldata France,Executive Assistant,bruit,adresse_perso,0,0,0
CON-050545,ENT-08899,Juntoquifood,HR Officer,utilisateur,sans_adresse,0,0,0
CON-065748,ENT-15921,Solitaspartners France,Charge de recrutement,utilisateur,sans_adresse,0,0,0
CON-053795,ENT-08649,Juntobelservices & Co,HRBP,champion,adresse_perso,0,0,0
CON-044742,ENT-11277,Neomarflow,HR Officer,utilisateur,sans_adresse,1,0,3
CON-038172,ENT-15557,Serenivenretail SAS,HR Intern,bruit,adresse_perso,0,0,0
CON-016873,ENT-16910,TalogorMedia,Office Manager,bruit,sans_adresse,1,0,2
CON-070043,ENT-17702,UlmifinFinance,People Ops Manager,champion,sans_adresse,0,0,0
CON-037841,ENT-16235,Stellapraconsulting Group,,sans_titre,adresse_perso,1,0,2
CON-050556,ENT-15483,SerenirinPartners & Co,People Ops Coordinator,utilisateur,adresse_perso,1,0,5
CON-027782,ENT-07475,HeliodorSolutions,Office Manager,bruit,adresse_perso,1,0,3
CON-022898,ENT-19851,YelloLogistics Group,Head of HR Operations,buyer,sans_adresse,1,0,4
CON-004078,ENT-17249,TerracalSoft,Chief People Officer,buyer,sans_adresse,1,0,4
CON-058843,ENT-16371,StellavenIndustries,VP Human Resources,buyer,sans_adresse,0,0,0
CON-009518,ENT-00094,AltafinLogic,VP People,buyer,sans_adresse,0,0,0
CON-065178,ENT-04796,Estevaprafinance & Co,CEO,buyer,sans_adresse,0,0,0
CON-077193,ENT-01485,BelfonexMedia SA,HR Officer,utilisateur,adresse_perso,0,0,0
CON-056340,ENT-19761,YellofinLogic,HR Business Partner,champion,sans_adresse,1,0,3
CON-006713,ENT-13787,PrimopraForge France,HR Business Partner,champion,adresse_perso,0,0,0
CON-027108,ENT-17342,Terrahalgroup,People Ops Coordinator,utilisateur,sans_adresse,0,0,0
CON-044201,ENT-09570,Lorrihalmedia Group,Directeur RH,buyer,adresse_perso,0,0,0
CON-048743,ENT-16491,Sylvafinlogistics SA,Chargee de recrutement,utilisateur,adresse_perso,0,0,0
CON-054388,ENT-16655,Sylvapramedia France,Charge de recrutement,utilisateur,sans_adresse,1,0,6
CON-016662,ENT-09043,Kelvibelgroup,HR Officer,utilisateur,adresse_perso,1,0,11
CON-031432,ENT-02919,CortibelConseil,HR Assistant,utilisateur,sans_adresse,0,0,0
CON-046572,ENT-15478,Serenirinlab SARL,HRBP,champion,adresse_perso,0,0,0
CON-054172,ENT-00564,ArdenhalFlow,Chargee de recrutement,utilisateur,sans_adresse,1,0,2
CON-054648,ENT-18522,Vertidorretail,Chargee de recrutement,utilisateur,adresse_perso,1,0,4
CON-025097,ENT-12490,Optilumimmo & Co,People Ops Manager,champion,sans_adresse,1,0,2
CON-019804,ENT-12197,Novarinforge,Recruiter,utilisateur,sans_adresse,1,1,5
CON-004479,ENT-15660,SolifinFlow France,Chief People Officer,buyer,adresse_perso,0,0,0
CON-074608,ENT-19322,WallidorDynamics,,sans_titre,sans_adresse,0,0,0
CON-068503,ENT-07313,Haldesolflow,Talent Acquisition Manager,champion,sans_adresse,0,0,0
CON-017776,ENT-08700,JuntoFinance,HRBP,champion,sans_adresse,0,0,0
CON-045872,ENT-06849,GrimopraSoft SAS,Responsable Recrutement,champion,sans_adresse,1,0,2
CON-034500,ENT-10279,MavicalConseil SA,Compensation & Benefits Manager,champion,sans_adresse,0,0,0
CON-016996,ENT-07263,HaldequiForge SAS,Head of People,buyer,adresse_perso,0,0,0
CON-065877,ENT-11423,NeoSystems,People Ops Coordinator,utilisateur,adresse_perso,0,0,0
CON-051620,ENT-15291,SerenigorSoft,HR Assistant,utilisateur,adresse_perso,0,0,0
CON-066330,ENT-06969,Grimovenpharma,Responsable Recrutement,champion,sans_adresse,0,0,0
CON-020719,ENT-10128,LumiquiImmo SAS,HRBP,champion,sans_adresse,1,0,2
CON-058408,ENT-11770,Nordiquisystems SAS,Chargee de recrutement,utilisateur,sans_adresse,0,0,0
CON-027772,ENT-05543,Fernolexservices SAS,HR Officer,utilisateur,adresse_perso,1,0,8
CON-051508,ENT-04231,Ederifinconseil & Co,Executive Assistant,bruit,sans_adresse,1,0,4
CON-028946,ENT-14515,RapilexServices & Co,Talent Acquisition Specialist,utilisateur,adresse_perso,1,0,2
CON-039986,ENT-18335,Vectoquiretail SARL,Charge de recrutement,utilisateur,sans_adresse,0,0,0
CON-039491,ENT-18002,UlmivenLogistics SARL,HR Director,buyer,sans_adresse,0,0,0
CON-058425,ENT-18039,Vectobeldigital Group,Head of Talent Acquisition,buyer,sans_adresse,0,0,0
CON-032137,ENT-02657,Cendralexdata SARL,HR Officer,utilisateur,adresse_perso,1,0,8
CON-059914,ENT-18882,VespibelForge,Recruiter,utilisateur,sans_adresse,0,0,0
CON-053894,ENT-18616,Vertilexforge,CEO,buyer,sans_adresse,0,0,0
CON-007785,ENT-16930,TalohalImmo,,sans_titre,sans_adresse,0,0,0
CON-038576,ENT-03261,CortitasTech Group,Head of Talent Acquisition,buyer,sans_adresse,0,0,0
CON-074840,ENT-16190,Stellamarhub SAS,HR Officer,utilisateur,sans_adresse,0,0,0
CON-034251,ENT-18608,VertiLabs & Co,HRBP,champion,sans_adresse,0,0,0
CON-061034,ENT-19112,VespinexSystems & Co,Executive Assistant,bruit,adresse_perso,1,1,3
CON-019370,ENT-06348,Gallilumconsulting,Charge de recrutement,utilisateur,sans_adresse,1,0,2
CON-005803,ENT-10791,Merigorworks SAS,HR Manager,champion,sans_adresse,0,0,0
CON-048424,ENT-08085,Iberipraretail,Charge de recrutement,utilisateur,adresse_perso,0,0,0
CON-012413,ENT-13048,OvalisolEnergie,Office Manager,bruit,sans_adresse,0,0,0
CON-045709,ENT-15034,Roccaquiconseil SARL,Responsable Recrutement,champion,adresse_perso,0,0,0
CON-060384,ENT-13426,Perririnflow,Recruiter,utilisateur,sans_adresse,0,0,0
CON-065539,ENT-03703,DelfivenSystems & Co,Head of Talent Acquisition,buyer,sans_adresse,0,0,0
CON-025548,ENT-05525,FernoLabs SAS,HR Officer,utilisateur,sans_adresse,0,0,0
CON-000725,ENT-06808,Grimomarworks,Head of HR Operations,buyer,sans_adresse,0,0,0
CON-067043,ENT-15265,Serenifinsolutions,,sans_titre,sans_adresse,0,0,0
CON-059236,ENT-09600,LorrilexPharma,Executive Assistant,bruit,adresse_perso,0,0,0
CON-055224,ENT-19427,WallilexFlow,Head of HR Operations,buyer,adresse_perso,0,0,0
CON-028602,ENT-03982,DorionexRetail France,Talent Acquisition Manager,champion,sans_adresse,0,0,0
CON-038212,ENT-02059,Briovenmobility SA,HR Assistant,utilisateur,sans_adresse,1,0,4
CON-036102,ENT-04693,EstevahalServices SA,Office Manager,bruit,sans_adresse,1,0,5
CON-059501,ENT-12798,Ovalifinconsulting SARL,Chargee de recrutement,utilisateur,sans_adresse,0,0,0
CON-020018,ENT-07534,HeliohalEnergie,Chief People Officer,buyer,sans_adresse,0,0,0
CON-050850,ENT-10485,Mavinexforge,CHRO,buyer,sans_adresse,0,0,0
CON-045205,ENT-04737,EstevalumLogic France,,sans_titre,sans_adresse,1,0,6
CON-006055,ENT-01687,BriobelWorks,Charge de recrutement,utilisateur,adresse_perso,0,0,0
CON-027824,ENT-07493,HeliofinLab,Charge de recrutement,utilisateur,adresse_perso,0,0,0
CON-066958,ENT-15146,RoccavenLabs SAS,Chief People Officer,buyer,adresse_perso,0,0,0
CON-033857,ENT-18536,Vertifinforge France,HR Manager,champion,sans_adresse,0,0,0
CON-004394,ENT-09170,KelvihalWorks,Chargee de recrutement,utilisateur,sans_adresse,1,1,4
CON-049988,ENT-07444,Heliocalsoft & Co,People Ops Coordinator,utilisateur,sans_adresse,0,0,0
CON-051023,ENT-19381,WalligorLab,Executive Assistant,bruit,adresse_perso,0,0,0
CON-071640,ENT-00360,Altatasconsulting,People Ops Manager,champion,adresse_perso,0,0,0
CON-027722,ENT-02047,Briovendynamics SAS,HRBP,champion,sans_adresse,0,0,0
CON-007282,ENT-00243,AltanexImmo & Co,Head of People,buyer,sans_adresse,0,0,0
CON-041428,ENT-15376,SerenimarFood & Co,Directeur RH,buyer,adresse_perso,0,0,0
CON-051579,ENT-03273,Cortivengroup France,HR Business Partner,champion,sans_adresse,0,0,0
CON-005452,ENT-13056,Ovalisollab SAS,HR Officer,utilisateur,adresse_perso,1,0,3
CON-060972,ENT-08778,JuntolexData SARL,People Ops Coordinator,utilisateur,adresse_perso,0,0,0
CON-036211,ENT-13948,Primoviasolutions,HR Officer,utilisateur,sans_adresse,0,0,0
CON-046333,ENT-05022,Fabridorlogistics Group,Talent Acquisition Specialist,utilisateur,sans_adresse,0,0,0
CON-067129,ENT-05553,Fernolumdata SARL,VP Human Resources,buyer,adresse_perso,0,0,0
CON-007452,ENT-02783,CendraquiForge,Executive Assistant,bruit,adresse_perso,1,0,2
CON-053841,ENT-10461,MavimarForge Group,,sans_titre,sans_adresse,0,0,0
CON-012913,ENT-08172,Iberitaslogistics,Compensation & Benefits Manager,champion,adresse_perso,0,0,0
CON-044388,ENT-13065,OvalisolSolutions SAS,Charge de recrutement,utilisateur,adresse_perso,1,0,5
CON-073825,ENT-00032,Altacalflow & Co,HR Assistant,utilisateur,adresse_perso,0,0,0
CON-012131,ENT-09510,LorrifinDigital SARL,Executive Assistant,bruit,adresse_perso,0,0,0
CON-042091,ENT-20451,Zephisystems,Office Manager,bruit,sans_adresse,0,0,0
CON-002279,ENT-11568,Nordifinenergie France,,sans_titre,sans_adresse,0,0,0
CON-015730,ENT-09705,Lorripramobility SA,HRBP,champion,adresse_perso,1,0,3
CON-063699,ENT-10007,LumilexData Group,Office Manager,bruit,adresse_perso,1,0,2
CON-052175,ENT-00626,Ardenlumlogistics & Co,HR Business Partner,champion,sans_adresse,0,0,0
CON-041643,ENT-07824,Iberibelmobility SARL,Head of Talent Acquisition,buyer,sans_adresse,0,0,0
CON-041065,ENT-12891,OvalilexMedia & Co,Executive Assistant,bruit,adresse_perso,0,0,0
CON-051840,ENT-14665,RapiServices Group,Executive Assistant,bruit,sans_adresse,0,0,0
CON-046723,ENT-15825,SolipraImmo,HR Intern,bruit,sans_adresse,0,0,0
CON-015967,ENT-13858,Primosolenergie SA,HR Officer,utilisateur,sans_adresse,0,0,0
CON-000612,ENT-15862,Solirindynamics SAS,Responsable Recrutement,champion,sans_adresse,0,0,0
CON-069167,ENT-02095,Cauribelmedia Group,,sans_titre,adresse_perso,1,0,4
CON-023607,ENT-06873,Grimoquiretail SARL,People Ops Coordinator,utilisateur,adresse_perso,0,0,0
CON-054808,ENT-06047,FlexiquiImmo SARL,Talent Acquisition Specialist,utilisateur,adresse_perso,0,0,0
CON-048637,ENT-07264,HaldequiGroup & Co,HR Assistant,utilisateur,sans_adresse,0,0,0
CON-019786,ENT-04400,EderipraDigital,Talent Acquisition Specialist,utilisateur,sans_adresse,0,0,0
CON-069094,ENT-14927,Roccalexlogic,Responsable Recrutement,champion,adresse_perso,0,0,0
CON-003466,ENT-16154,Stellalextech,Compensation & Benefits Manager,champion,adresse_perso,0,0,0
CON-060291,ENT-08348,IvorogorWorks France,Head of Talent Acquisition,buyer,adresse_perso,1,0,2
CON-059799,ENT-03669,DelfitasLogistics & Co,HR Manager,champion,adresse_perso,1,0,2
CON-066767,ENT-01563,BelforinServices SA,Compensation & Benefits Manager,champion,adresse_perso,0,0,0
CON-069718,ENT-06430,GallipraMedia & Co,HR Business Partner,champion,adresse_perso,1,0,3
CON-032202,ENT-18806,Vertitasdynamics,Charge de recrutement,utilisateur,adresse_perso,1,1,2
CON-040222,ENT-13146,Perribellab,HRBP,champion,adresse_perso,0,0,0
CON-026082,ENT-06377,GallimarLabs,VP People,buyer,adresse_perso,0,0,0
CON-006715,ENT-13787,PrimopraForge France,Head of People,buyer,sans_adresse,0,0,0
CON-006024,ENT-18731,VertiquiDynamics SAS,HR Intern,bruit,sans_adresse,0,0,0
CON-005503,ENT-06037,Flexiquiconseil,Recruiter,utilisateur,adresse_perso,0,0,0
CON-057578,ENT-04489,Ederisolsystems SAS,People Ops Coordinator,utilisateur,sans_adresse,0,0,0
CON-004775,ENT-13878,PrimoSolutions,HR Assistant,utilisateur,sans_adresse,0,0,0
CON-036640,ENT-11625,NordihalLogistics & Co,HR Intern,bruit,sans_adresse,1,0,2
CON-019119,ENT-03440,Delfihalindustries France,HR Officer,utilisateur,adresse_perso,1,0,7
CON-062288,ENT-12150,NovapraGroup Group,HR Officer,utilisateur,adresse_perso,0,0,0
CON-043605,ENT-01619,BelfovenConsulting SA,Directeur RH,buyer,adresse_perso,0,0,0
CON-013375,ENT-07931,IberigorPharma,HR Officer,utilisateur,sans_adresse,0,0,0
CON-006426,ENT-17811,UlmilumIndustries,Office Manager,bruit,adresse_perso,0,0,0
CON-058745,ENT-17118,TalosolDigital & Co,Talent Acquisition Manager,champion,sans_adresse,0,0,0
CON-067631,ENT-10721,MeridorEnergie & Co,Head of People,buyer,adresse_perso,0,0,0
CON-048445,ENT-15526,Serenitasgroup Group,Charge de recrutement,utilisateur,sans_adresse,1,0,3
CON-067298,ENT-12020,Novagortech SAS,,sans_titre,sans_adresse,0,0,0
CON-053821,ENT-03826,Doriogorconseil,,sans_titre,adresse_perso,0,0,0
CON-054126,ENT-17659,UlmicalSoft,Directrice RH,buyer,sans_adresse,0,0,0
CON-053101,ENT-18477,Vertibelservices,HR Assistant,utilisateur,sans_adresse,1,0,4
CON-046100,ENT-15270,SereniForge SARL,Recruiter,utilisateur,sans_adresse,0,0,0
CON-038963,ENT-01170,Axiosolsoft,VP Human Resources,buyer,sans_adresse,1,0,1
CON-010195,ENT-15954,SoliviaDigital SAS,Office Manager,bruit,sans_adresse,1,1,4
CON-018085,ENT-04804,EstevapraLabs France,COO,buyer,sans_adresse,1,0,4
CON-069219,ENT-08160,IberitasData,Head of HR Operations,buyer,adresse_perso,0,0,0
CON-011327,ENT-04798,EstevapraFood,Charge de recrutement,utilisateur,adresse_perso,0,0,0
CON-036262,ENT-13189,PerridorImmo & Co,,sans_titre,sans_adresse,0,0,0
CON-026877,ENT-13655,Primogorlabs,Head of Talent Acquisition,buyer,sans_adresse,0,0,0
CON-049525,ENT-17988,Ulmitastech SA,,sans_titre,adresse_perso,0,0,0
CON-013234,ENT-16624,Sylvaneximmo SARL,,sans_titre,adresse_perso,0,0,0
CON-058883,ENT-08558,IvorotasConsulting France,HR Assistant,utilisateur,adresse_perso,0,0,0
CON-045759,ENT-09508,Lorrifinconseil SAS,Chargee de recrutement,utilisateur,sans_adresse,0,0,0
CON-022042,ENT-14468,Rapigorsoft & Co,Charge de recrutement,utilisateur,sans_adresse,0,0,0
CON-030796,ENT-07832,Ibericalconsulting SARL,HR Manager,champion,adresse_perso,0,0,0
CON-042803,ENT-02647,CendrahalSystems,Compensation & Benefits Manager,champion,sans_adresse,0,0,0
CON-059347,ENT-02066,Brioventech,People Ops Coordinator,utilisateur,sans_adresse,1,0,3
CON-021362,ENT-09860,LumibelLab,HR Assistant,utilisateur,sans_adresse,0,0,0
CON-047162,ENT-05257,FabriquiTech SARL,HR Manager,champion,sans_adresse,0,0,0
CON-035649,ENT-11875,NordiviaFinance,HR Business Partner,champion,sans_adresse,1,0,5
CON-000236,ENT-19668,Wallivialogic SARL,Directeur RH,buyer,sans_adresse,0,0,0
CON-005566,ENT-01277,BelfocalFood,People Ops Coordinator,utilisateur,sans_adresse,1,0,1
CON-049036,ENT-00810,ArdenvenLab SAS,HR Business Partner,champion,adresse_perso,1,0,1
CON-035652,ENT-16229,Stellanexsoft SAS,HR Manager,champion,sans_adresse,0,0,0
CON-050673,ENT-00614,ArdenlumData,,sans_titre,adresse_perso,0,0,0
CON-013529,ENT-16340,Stellatasflow Group,CHRO,buyer,sans_adresse,0,0,0
CON-074992,ENT-12594,Optiquisolutions,Talent Acquisition Specialist,utilisateur,sans_adresse,0,0,0
CON-025116,ENT-02964,Cortidata SA,Talent Acquisition Specialist,utilisateur,adresse_perso,0,0,0
CON-022859,ENT-03021,CortigorFlow,HRBP,champion,adresse_perso,0,0,0
CON-063133,ENT-16759,Sylvavenimmo SA,HR Manager,champion,sans_adresse,0,0,0
CON-070503,ENT-04236,Ederifinenergie,HR Assistant,utilisateur,sans_adresse,0,0,0
CON-067895,ENT-06675,GrimofinMobility,Directeur RH,buyer,sans_adresse,0,0,0
CON-004863,ENT-09039,Kelvibelfinance Group,HR Assistant,utilisateur,sans_adresse,1,0,1
CON-053052,ENT-08146,Iberisolhub & Co,HR Assistant,utilisateur,adresse_perso,0,0,0
CON-006283,ENT-14935,RoccalexSystems,COO,buyer,adresse_perso,0,0,0
CON-067138,ENT-15847,SoliquiLab SARL,HRBP,champion,sans_adresse,0,0,0
CON-070803,ENT-13419,PerriRetail,Charge de recrutement,utilisateur,adresse_perso,0,0,0
CON-044510,ENT-10348,Mavifinpharma SARL,Responsable Recrutement,champion,sans_adresse,0,0,0
CON-002441,ENT-02701,CendralumWorks & Co,Chargee de recrutement,utilisateur,sans_adresse,1,0,2
CON-017216,ENT-12264,NovavenForge Group,HR Officer,utilisateur,sans_adresse,0,0,0
CON-055618,ENT-05634,FernopraMedia,Chargee de recrutement,utilisateur,sans_adresse,0,0,0
CON-011287,ENT-05144,Fabrilumgroup Group,HR Manager,champion,sans_adresse,0,0,0
CON-006678,ENT-07372,HaldevenSoft & Co,HR Assistant,utilisateur,adresse_perso,0,0,0
CON-067757,ENT-16661,Sylvapratech SA,COO,buyer,adresse_perso,0,0,0
CON-013180,ENT-12874,Ovaliimmo Group,HR Manager,champion,adresse_perso,1,0,10
CON-055973,ENT-19072,VespimarFood,Head of Talent Acquisition,buyer,sans_adresse,0,0,0
CON-049307,ENT-12109,NovamarMobility,HR Officer,utilisateur,sans_adresse,0,0,0
CON-002641,ENT-15508,Serenisolmobility Group,Talent Acquisition Manager,champion,adresse_perso,0,0,0
CON-010166,ENT-16492,SylvafinMedia SA,Talent Acquisition Manager,champion,adresse_perso,0,0,0
CON-007235,ENT-12246,NovatasLab,Chargee de recrutement,utilisateur,adresse_perso,0,0,0
CON-015631,ENT-12145,NovapraData France,HR Officer,utilisateur,sans_adresse,0,0,0
CON-020533,ENT-09927,Lumienergie SA,Talent Acquisition Specialist,utilisateur,sans_adresse,1,0,7
CON-026875,ENT-08672,Juntoconseil Group,People Ops Manager,champion,adresse_perso,0,0,0
CON-038277,ENT-16531,Sylvahalfood SAS,HR Assistant,utilisateur,sans_adresse,0,0,0
CON-025188,ENT-16592,SylvamarConseil,Chief People Officer,buyer,adresse_perso,0,0,0
CON-046083,ENT-02030,BriotasIndustries France,Head of HR Operations,buyer,sans_adresse,1,0,5
CON-028621,ENT-09532,LorriFlow SARL,People Ops Coordinator,utilisateur,sans_adresse,1,0,5
CON-062267,ENT-07018,Haldebelworks,,sans_titre,sans_adresse,1,0,7
CON-011047,ENT-18950,Vespienergie,HR Director,buyer,sans_adresse,0,0,0
CON-032618,ENT-15224,SerenidorFood,Executive Assistant,bruit,adresse_perso,0,0,0
CON-011790,ENT-17513,TerrarinLabs SAS,Chief People Officer,buyer,adresse_perso,0,0,0
CON-067664,ENT-17879,Ulmipraflow SAS,Chargee de recrutement,utilisateur,adresse_perso,1,0,5
CON-076244,ENT-04459,Ederirinlabs,Talent Acquisition Specialist,utilisateur,sans_adresse,1,0,4
CON-077183,ENT-19636,Wallivendigital SARL,HR Business Partner,champion,sans_adresse,0,0,0
CON-005197,ENT-11851,Nordivendigital SA,Compensation & Benefits Manager,champion,adresse_perso,0,0,0
CON-034560,ENT-19378,Walligorhub France,Executive Assistant,bruit,sans_adresse,1,0,2
CON-014897,ENT-12462,OptilexConsulting,CEO,buyer,sans_adresse,0,0,0
CON-016824,ENT-10446,MavilumLabs & Co,Responsable Recrutement,champion,sans_adresse,1,0,5
CON-052069,ENT-10829,Merilexindustries SARL,People Ops Manager,champion,sans_adresse,1,0,4
CON-030702,ENT-18280,VectonexImmo & Co,HR Assistant,utilisateur,adresse_perso,1,0,1
CON-063424,ENT-00313,Altarinfinance,Talent Acquisition Specialist,utilisateur,sans_adresse,0,0,0
CON-017408,ENT-01201,AxiovenDigital SAS,HR Director,buyer,sans_adresse,0,0,0
CON-042390,ENT-06146,FlexivenSolutions,Talent Acquisition Manager,champion,sans_adresse,0,0,0
CON-020763,ENT-11690,NordimarImmo SARL,HR Assistant,utilisateur,adresse_perso,1,0,3
CON-035215,ENT-10150,LumirinLogistics,Charge de recrutement,utilisateur,sans_adresse,1,0,5
CON-048706,ENT-00396,Altavenimmo,Chargee de recrutement,utilisateur,adresse_perso,0,0,0
CON-052889,ENT-18530,Vertifinconsulting,HR Assistant,utilisateur,sans_adresse,0,0,0
CON-022943,ENT-16072,Stellafinservices SAS,VP People,buyer,adresse_perso,0,0,0
CON-077168,ENT-08868,Juntonexworks,Head of People,buyer,adresse_perso,1,0,5
CON-041373,ENT-03618,Delfirinpharma France,Chargee de recrutement,utilisateur,adresse_perso,0,0,0
CON-062874,ENT-18937,Vespidorlogic SARL,HR Business Partner,champion,sans_adresse,0,0,0
CON-055337,ENT-18466,Vertibelimmo SA,HR Assistant,utilisateur,sans_adresse,0,0,0
CON-023306,ENT-11660,Nordilogistics France,Charge de recrutement,utilisateur,sans_adresse,0,0,0
CON-041067,ENT-05220,Fabripragroup SAS,HR Business Partner,champion,sans_adresse,0,0,0
CON-065328,ENT-15647,Solidorsoft & Co,HR Business Partner,champion,sans_adresse,0,0,0
CON-012651,ENT-10361,MavigorFlow SARL,Talent Acquisition Specialist,utilisateur,adresse_perso,1,0,3
CON-024681,ENT-09505,Lorridynamics,HRBP,champion,sans_adresse,0,0,0
CON-015812,ENT-18269,VectomarWorks & Co,Directeur RH,buyer,sans_adresse,0,0,0
CON-060702,ENT-01099,AxiopraSystems,,sans_titre,sans_adresse,0,0,0
CON-064111,ENT-15855,Soliquitech Group,Talent Acquisition Specialist,utilisateur,adresse_perso,0,0,0
CON-047617,ENT-19733,YellodorIndustries SA,Directeur RH,buyer,sans_adresse,1,0,3
CON-068549,ENT-02712,Cendramargroup France,Talent Acquisition Manager,champion,sans_adresse,0,0,0
CON-002225,ENT-07137,HaldeLabs,COO,buyer,sans_adresse,0,0,0
CON-043890,ENT-15711,Solihalservices,People Ops Manager,champion,sans_adresse,0,0,0
CON-059538,ENT-06250,Gallifindata,Directrice RH,buyer,adresse_perso,0,0,0
CON-025542,ENT-07584,HeliolumForge France,Head of Talent Acquisition,buyer,adresse_perso,1,0,1
CON-009907,ENT-18342,VectorinData France,Office Manager,bruit,adresse_perso,0,0,0
CON-076211,ENT-13498,PerrivenFinance,HR Officer,utilisateur,adresse_perso,0,0,0
CON-041199,ENT-04546,EderiviaImmo SARL,HR Director,buyer,adresse_perso,0,0,0
CON-065666,ENT-10781,Merigorlabs SARL,Office Manager,bruit,sans_adresse,1,0,1
CON-022945,ENT-06028,FlexipraLabs,HR Officer,utilisateur,adresse_perso,1,0,2
CON-043044,ENT-12199,NovarinImmo,Charge de recrutement,utilisateur,sans_adresse,0,0,0
CON-013798,ENT-15225,Serenidorforge,HRBP,champion,sans_adresse,1,0,3
CON-032277,ENT-17116,Talosolconsulting France,Head of Talent Acquisition,buyer,adresse_perso,0,0,0
CON-037382,ENT-12075,NovalumDigital France,Head of People,buyer,adresse_perso,0,0,0
CON-037779,ENT-18121,Vectofindigital,HR Officer,utilisateur,sans_adresse,0,0,0
CON-033854,ENT-04295,EderihalServices,Recruiter,utilisateur,sans_adresse,0,0,0
CON-041537,ENT-07954,Iberihalmedia,HR Business Partner,champion,adresse_perso,1,0,2
CON-020779,ENT-10245,LumiviaImmo,People Ops Manager,champion,sans_adresse,1,0,1
CON-003873,ENT-10288,Mavicalforge SAS,Chargee de recrutement,utilisateur,sans_adresse,0,0,0
CON-052439,ENT-13481,PerritasLabs Group,Directeur RH,buyer,sans_adresse,0,0,0
CON-058889,ENT-19306,Wallicalmobility,Directrice RH,buyer,sans_adresse,0,0,0
CON-030960,ENT-01796,BriohalData,Office Manager,bruit,adresse_perso,0,0,0
CON-002357,ENT-04975,FabribelMobility France,People Ops Coordinator,utilisateur,sans_adresse,0,0,0
CON-015629,ENT-12145,NovapraData France,Compensation & Benefits Manager,champion,sans_adresse,0,0,0
CON-071087,ENT-01385,Belfohallabs SARL,People Ops Coordinator,utilisateur,sans_adresse,1,0,8
CON-004126,ENT-11809,Nordisolmedia,Recruiter,utilisateur,sans_adresse,0,0,0
CON-044895,ENT-14956,RoccalumTech & Co,Compensation & Benefits Manager,champion,sans_adresse,0,0,0
CON-064768,ENT-04115,Doriovenforge SAS,,sans_titre,sans_adresse,0,0,0
CON-013721,ENT-20195,ZephifinSystems,Compensation & Benefits Manager,champion,sans_adresse,0,0,0
CON-024210,ENT-08411,IvorolumMedia,Directeur RH,buyer,adresse_perso,0,0,0
CON-021811,ENT-03728,DoriobelForge France,HR Assistant,utilisateur,sans_adresse,0,0,0
CON-013675,ENT-09688,LorripraConseil SA,Talent Acquisition Specialist,utilisateur,sans_adresse,0,0,0
CON-041487,ENT-10232,Lumivensystems SARL,HR Intern,bruit,sans_adresse,0,0,0
CON-007101,ENT-03539,Delfinexfood,Compensation & Benefits Manager,champion,adresse_perso,0,0,0
CON-064887,ENT-15479,SerenirinLabs,HR Business Partner,champion,adresse_perso,1,0,3
CON-062045,ENT-08276,Ivorodordata,Recruiter,utilisateur,adresse_perso,0,0,0
CON-023287,ENT-14842,RoccafinFood SA,Directrice RH,buyer,adresse_perso,0,0,0
CON-024793,ENT-15751,SolilumForge SAS,Talent Acquisition Specialist,utilisateur,sans_adresse,0,0,0
CON-050147,ENT-03993,Doriopraenergie SARL,Charge de recrutement,utilisateur,sans_adresse,0,0,0
CON-010905,ENT-13715,PrimoLogic France,Chargee de recrutement,utilisateur,adresse_perso,0,0,0
CON-054903,ENT-17761,Ulmihalmedia SA,Office Manager,bruit,sans_adresse,0,0,0
CON-052067,ENT-07492,HeliofinIndustries,HRBP,champion,adresse_perso,0,0,0
CON-053883,ENT-03904,Doriolexsolutions,Chargee de recrutement,utilisateur,sans_adresse,0,0,0
CON-027640,ENT-14801,RoccaConseil France,HR Intern,bruit,sans_adresse,0,0,0
CON-072373,ENT-13283,PerrilexConseil,Responsable Recrutement,champion,sans_adresse,1,0,5
CON-013899,ENT-01086,Axiopraforge,HR Officer,utilisateur,adresse_perso,1,0,2
CON-013020,ENT-03200,Cortiretail,,sans_titre,sans_adresse,1,0,1
CON-022387,ENT-04809,EstevapraPharma France,HRBP,champion,sans_adresse,0,0,0
CON-008057,ENT-06358,Gallilumlogistics,,sans_titre,sans_adresse,1,0,1
CON-050376,ENT-12596,OptiquiWorks,Charge de recrutement,utilisateur,adresse_perso,0,0,0
CON-074095,ENT-06802,Grimomarpartners SAS,Compensation & Benefits Manager,champion,adresse_perso,1,1,5
CON-055372,ENT-12835,OvaligorLabs & Co,HRBP,champion,adresse_perso,1,0,5
CON-027802,ENT-01620,BelfovenData,Talent Acquisition Specialist,utilisateur,adresse_perso,0,0,0
CON-031594,ENT-10674,MeribelData SAS,Chargee de recrutement,utilisateur,sans_adresse,0,0,0
CON-016191,ENT-00119,AltagorImmo,HR Manager,champion,sans_adresse,0,0,0
CON-033949,ENT-11905,NovabelGroup France,Office Manager,bruit,sans_adresse,1,0,4
CON-007848,ENT-18983,VespigorImmo,Office Manager,bruit,sans_adresse,0,0,0
CON-072589,ENT-09188,KelvilexLabs SAS,People Ops Manager,champion,adresse_perso,0,0,0
CON-051918,ENT-09608,LorrilumConseil,HR Officer,utilisateur,adresse_perso,1,0,7
CON-008953,ENT-16980,Talolumdynamics,VP People,buyer,sans_adresse,0,0,0
CON-072302,ENT-16338,StellatasDigital SARL,Responsable Recrutement,champion,sans_adresse,0,0,0
CON-052050,ENT-09097,Kelvidormedia & Co,VP Human Resources,buyer,sans_adresse,0,0,0
CON-028754,ENT-19136,VespipraWorks & Co,Talent Acquisition Specialist,utilisateur,adresse_perso,0,0,0
CON-044541,ENT-15306,SerenihalImmo SAS,Head of Talent Acquisition,buyer,adresse_perso,1,0,3
CON-039950,ENT-08379,Ivorolexdynamics,HR Manager,champion,sans_adresse,0,0,0
CON-014974,ENT-19055,VespilumMedia,Talent Acquisition Specialist,utilisateur,adresse_perso,0,0,0
CON-057339,ENT-14483,Rapihallab & Co,People Ops Coordinator,utilisateur,sans_adresse,1,0,4
CON-041556,ENT-15659,Solifinfinance France,Charge de recrutement,utilisateur,adresse_perso,0,0,0
CON-055819,ENT-16951,Talolexdata,Office Manager,bruit,adresse_perso,1,1,4
CON-069457,ENT-01970,Brioquitech,Executive Assistant,bruit,sans_adresse,1,0,2
CON-005128,ENT-15322,Sereniindustries SA,Chief People Officer,buyer,adresse_perso,0,0,0
CON-024870,ENT-07422,HeliobelTech,Directrice RH,buyer,adresse_perso,0,0,0
CON-004814,ENT-10195,LumitasHub SA,People Ops Coordinator,utilisateur,adresse_perso,0,0,0
CON-004278,ENT-08987,Juntotastech,HR Officer,utilisateur,sans_adresse,1,0,7
CON-000739,ENT-15902,SoliSystems Group,HR Officer,utilisateur,sans_adresse,1,0,3
CON-041597,ENT-14895,Roccahallabs SAS,Talent Acquisition Manager,champion,adresse_perso,0,0,0
CON-072961,ENT-18096,VectodorFlow,HR Manager,champion,sans_adresse,1,0,1
CON-005859,ENT-10621,MavitasSoft,HR Intern,bruit,sans_adresse,0,0,0
CON-053741,ENT-03250,Cortitasforge Group,HR Intern,bruit,sans_adresse,0,0,0
CON-067911,ENT-05514,FernohalPharma SARL,,sans_titre,sans_adresse,0,0,0
CON-066889,ENT-01509,Belfopraindustries,People Ops Manager,champion,sans_adresse,1,0,4
CON-001521,ENT-20181,ZephifinHub Group,Office Manager,bruit,sans_adresse,0,0,0
CON-028436,ENT-11474,Neoviaenergie SARL,,sans_titre,adresse_perso,0,0,0
CON-062029,ENT-18862,Vertivialab & Co,Head of Talent Acquisition,buyer,sans_adresse,1,0,2
CON-005290,ENT-14928,RoccalexMedia SAS,VP Human Resources,buyer,sans_adresse,1,0,3
CON-047552,ENT-02002,BriosolFlow,HR Intern,bruit,adresse_perso,0,0,0
CON-054645,ENT-15150,RoccavenServices Group,Office Manager,bruit,adresse_perso,0,0,0
CON-014105,ENT-04071,Doriosolforge SAS,HRBP,champion,adresse_perso,1,0,6
CON-063512,ENT-01204,Axiovenfinance SARL,People Ops Manager,champion,adresse_perso,0,0,0
CON-046044,ENT-18506,VertidorConseil,,sans_titre,sans_adresse,0,0,0
CON-042761,ENT-15822,SolipraForge SARL,Charge de recrutement,utilisateur,sans_adresse,0,0,0
CON-040567,ENT-08939,Juntosoft,Executive Assistant,bruit,sans_adresse,1,0,2
CON-060726,ENT-19042,Vespilogistics SARL,People Ops Coordinator,utilisateur,adresse_perso,0,0,0
CON-049868,ENT-12180,Novaquimedia Group,Chargee de recrutement,utilisateur,adresse_perso,0,0,0
CON-015226,ENT-19350,WallifinForge Group,HR Director,buyer,sans_adresse,0,0,0
CON-057693,ENT-03650,Delfisolsystems SAS,HR Business Partner,champion,adresse_perso,0,0,0
CON-068459,ENT-05972,Fleximarfood,Charge de recrutement,utilisateur,sans_adresse,0,0,0
CON-061966,ENT-08581,IvorotasSolutions Group,HR Officer,utilisateur,sans_adresse,1,0,3
CON-048770,ENT-12919,Ovalilumservices SA,HR Officer,utilisateur,adresse_perso,0,0,0
CON-075049,ENT-20311,Zephimarfood,Directeur RH,buyer,adresse_perso,0,0,0
CON-009521,ENT-20144,Zephidata,Compensation & Benefits Manager,champion,sans_adresse,0,0,0
CON-042739,ENT-18798,Vertisolsystems,Recruiter,utilisateur,sans_adresse,1,0,1
CON-059323,ENT-12218,Novasolenergie France,Executive Assistant,bruit,sans_adresse,0,0,0
CON-010549,ENT-14092,QuantihalRetail & Co,VP People,buyer,adresse_perso,0,0,0
CON-036980,ENT-19449,WallilumFinance,HR Officer,utilisateur,sans_adresse,0,0,0
CON-056223,ENT-11875,NordiviaFinance,HRBP,champion,adresse_perso,1,0,2
CON-051793,ENT-05262,Fabririndata,HR Assistant,utilisateur,adresse_perso,0,0,0
CON-017495,ENT-15605,SolicalDigital,HR Intern,bruit,adresse_perso,0,0,0
CON-048484,ENT-10542,MAVIQUILOGISTICS,,sans_titre,adresse_perso,0,0,0
CON-057278,ENT-18924,Vespidorconseil,HR Assistant,utilisateur,adresse_perso,0,0,0
CON-011650,ENT-02542,Cendracalpharma & Co,People Ops Coordinator,utilisateur,adresse_perso,0,0,0
CON-028920,ENT-10796,MerihalDigital SAS,HR Assistant,utilisateur,adresse_perso,0,0,0
CON-001508,ENT-19568,WallirinHub SARL,Directrice RH,buyer,adresse_perso,0,0,0
CON-034539,ENT-07570,Heliolexmedia Group,Chargee de recrutement,utilisateur,adresse_perso,0,0,0
CON-020054,ENT-07669,Helioquiconsulting,Office Manager,bruit,sans_adresse,0,0,0
CON-013508,ENT-04447,EderirinConseil & Co,Executive Assistant,bruit,adresse_perso,0,0,0
CON-056090,ENT-06355,Gallilumhub France,Head of HR Operations,buyer,sans_adresse,0,0,0
CON-069836,ENT-04457,EderirinIndustries,HR Manager,champion,sans_adresse,1,0,5
CON-061346,ENT-12364,OptidorLabs,Responsable Recrutement,champion,sans_adresse,0,0,0
CON-012882,ENT-17562,Terrataslabs,Chargee de recrutement,utilisateur,sans_adresse,1,0,2
CON-015328,ENT-04226,Ederidortech,HR Director,buyer,sans_adresse,1,0,5
CON-041327,ENT-18755,VertirinDynamics SA,Executive Assistant,bruit,sans_adresse,0,0,0
CON-060581,ENT-03924,DoriolumLabs,,sans_titre,adresse_perso,0,0,0
CON-023705,ENT-20260,Zephilexflow,HR Business Partner,champion,sans_adresse,1,0,3
CON-020821,ENT-02165,CaurifinGroup SA,Directeur RH,buyer,sans_adresse,0,0,0
CON-074548,ENT-09128,Kelviforge,Office Manager,bruit,sans_adresse,0,0,0
CON-015683,ENT-03354,Delficonseil,Recruiter,utilisateur,sans_adresse,1,0,2
CON-047198,ENT-09685,Lorrinexworks SA,HR Director,buyer,sans_adresse,1,0,4
CON-060839,ENT-08237,IvorobelLogic,Chargee de recrutement,utilisateur,sans_adresse,1,0,5
CON-066133,ENT-08678,JuntodorData SARL,HR Officer,utilisateur,adresse_perso,0,0,0
CON-004967,ENT-14104,Quantilexconsulting France,Recruiter,utilisateur,adresse_perso,0,0,0
CON-019770,ENT-20172,Zephifinconsulting,HRBP,champion,sans_adresse,0,0,0
CON-020423,ENT-07311,HaldesolEnergie,Head of Talent Acquisition,buyer,adresse_perso,0,0,0
CON-021937,ENT-10890,MeriMobility France,CEO,buyer,adresse_perso,0,0,0
CON-018659,ENT-10345,Mavifinlabs SARL,CEO,buyer,sans_adresse,0,0,0
CON-028630,ENT-05090,FabrihalDynamics SA,Head of Talent Acquisition,buyer,sans_adresse,0,0,0
CON-038458,ENT-10091,Lumipartners SA,People Ops Coordinator,utilisateur,adresse_perso,0,0,0
CON-061858,ENT-00705,Ardenquihub SA,HR Assistant,utilisateur,sans_adresse,0,0,0
CON-041827,ENT-10530,Maviquienergie,Charge de recrutement,utilisateur,sans_adresse,0,0,0
CON-052380,ENT-13124,Ovalivialogic France,Talent Acquisition Specialist,utilisateur,sans_adresse,1,0,1
CON-067594,ENT-01014,Axiologic,HR Director,buyer,sans_adresse,1,0,5
CON-048310,ENT-06431,GallipraMobility,Talent Acquisition Manager,champion,sans_adresse,0,0,0
CON-011085,ENT-14247,QuantirinFood France,Chargee de recrutement,utilisateur,sans_adresse,0,0,0
CON-028152,ENT-09328,KelvirinMobility & Co,Charge de recrutement,utilisateur,sans_adresse,0,0,0
CON-033800,ENT-05429,FernodorFlow Group,,sans_titre,adresse_perso,0,0,0
CON-069709,ENT-18110,Vectodorsoft,Head of Talent Acquisition,buyer,sans_adresse,0,0,0
CON-043491,ENT-00862,Axiobelsoft,People Ops Coordinator,utilisateur,sans_adresse,0,0,0
CON-054214,ENT-16925,TalohalFinance,HR Officer,utilisateur,sans_adresse,1,1,6
CON-011094,ENT-16708,Sylvasoft SA,Charge de recrutement,utilisateur,adresse_perso,0,0,0
CON-064085,ENT-01833,Briolexlab,HRBP,champion,sans_adresse,0,0,0
CON-068031,ENT-00136,Altahaldata SAS,Chief People Officer,buyer,adresse_perso,0,0,0
CON-061399,ENT-06747,Grimolexgroup,Charge de recrutement,utilisateur,sans_adresse,0,0,0
CON-005072,ENT-19621,WallitasLabs,HR Director,buyer,sans_adresse,0,0,0
CON-028798,ENT-17684,UlmidorMobility SA,Office Manager,bruit,adresse_perso,0,0,0
CON-014135,ENT-07673,Helioquifood & Co,VP Human Resources,buyer,sans_adresse,1,0,3
CON-034173,ENT-02740,CendranexLabs Group,Chargee de recrutement,utilisateur,sans_adresse,1,0,4
CON-051145,ENT-10855,Merilumlogic,Compensation & Benefits Manager,champion,adresse_perso,0,0,0
CON-005938,ENT-07201,Haldemarretail,HR Manager,champion,sans_adresse,0,0,0
CON-063834,ENT-02567,CendradorSolutions Group,Recruiter,utilisateur,sans_adresse,1,0,2
CON-068111,ENT-19965,YelloquiLogistics SARL,,sans_titre,adresse_perso,1,0,4
CON-038686,ENT-16521,SylvagorSystems,Recruiter,utilisateur,sans_adresse,0,0,0
CON-066678,ENT-08985,JuntotasSolutions SARL,Recruiter,utilisateur,sans_adresse,0,0,0
CON-011036,ENT-20464,ZephitasLogic SARL,,sans_titre,adresse_perso,1,0,4
CON-051343,ENT-17032,Talonexhub & Co,Charge de recrutement,utilisateur,adresse_perso,0,0,0
CON-003984,ENT-07441,Heliocalpartners & Co,HR Business Partner,champion,adresse_perso,1,0,5
CON-033080,ENT-14864,Roccagorfood SAS,VP People,buyer,adresse_perso,0,0,0
CON-032112,ENT-07958,IberihalRetail Group,Recruiter,utilisateur,sans_adresse,0,0,0
CON-040926,ENT-12557,OptipraDigital Group,Chargee de recrutement,utilisateur,adresse_perso,0,0,0
CON-021915,ENT-13315,Perrilumhub Group,Executive Assistant,bruit,sans_adresse,0,0,0
CON-075198,ENT-05209,Fabrinexworks SA,HRBP,champion,adresse_perso,1,0,6
CON-065351,ENT-16523,SylvaGroup SA,HR Assistant,utilisateur,adresse_perso,0,0,0
CON-015117,ENT-11800,NordisolFinance,Recruiter,utilisateur,adresse_perso,0,0,0
CON-062520,ENT-08620,IvoroviaFinance SARL,Charge de recrutement,utilisateur,sans_adresse,0,0,0
CON-008053,ENT-06358,Gallilumlogistics,Recruiter,utilisateur,sans_adresse,0,0,0
CON-031958,ENT-13425,PerririnFinance SAS,Compensation & Benefits Manager,champion,sans_adresse,1,0,5
CON-031508,ENT-15633,Solidordynamics,VP People,buyer,sans_adresse,0,0,0
CON-032452,ENT-19810,Yellohallab,Responsable Recrutement,champion,adresse_perso,0,0,0
CON-025203,ENT-11029,MeritasLabs France,,sans_titre,adresse_perso,1,0,6
CON-062069,ENT-04733,Estevalumhub SAS,HR Officer,utilisateur,adresse_perso,1,0,2
CON-003692,ENT-06594,GrimobelFood Group,Executive Assistant,bruit,sans_adresse,0,0,0
CON-013610,ENT-04417,EderipraRetail Group,Talent Acquisition Specialist,utilisateur,sans_adresse,0,0,0
CON-045687,ENT-20091,YelloviaSoft SA,Recruiter,utilisateur,adresse_perso,1,0,3
CON-052132,ENT-03128,CortimarMobility,CEO,buyer,sans_adresse,1,0,2
CON-071868,ENT-03542,Delfineximmo & Co,Executive Assistant,bruit,adresse_perso,0,0,0
CON-019386,ENT-15439,SerenipraTech France,HR Intern,bruit,sans_adresse,0,0,0
CON-002733,ENT-19932,Yelloprafinance,Executive Assistant,bruit,adresse_perso,0,0,0
CON-034073,ENT-15926,SolitasTech SA,CHRO,buyer,sans_adresse,0,0,0
CON-044649,ENT-14695,Rapitasindustries SARL,Charge de recrutement,utilisateur,adresse_perso,1,0,2
CON-057071,ENT-03527,Delfimarsoft,Head of HR Operations,buyer,sans_adresse,0,0,0
CON-066640,ENT-07633,Helionexforge,VP People,buyer,sans_adresse,0,0,0
CON-043591,ENT-09805,Lorrivendynamics SAS,HR Manager,champion,sans_adresse,0,0,0
CON-067084,ENT-13658,Primogorpharma,Compensation & Benefits Manager,champion,sans_adresse,0,0,0
CON-064066,ENT-13384,PerripraGroup,Executive Assistant,bruit,sans_adresse,0,0,0
CON-059252,ENT-06701,Grimogormobility Group,Directrice RH,buyer,sans_adresse,1,0,4
CON-076038,ENT-15404,Sereninexlabs,Executive Assistant,bruit,sans_adresse,1,0,5
CON-012451,ENT-10212,Lumivenconsulting,Charge de recrutement,utilisateur,adresse_perso,1,0,2
CON-053511,ENT-09567,LorrihalIndustries,HR Intern,bruit,sans_adresse,0,0,0
CON-039953,ENT-03367,Delfidorimmo SARL,Recruiter,utilisateur,sans_adresse,1,0,3
CON-054825,ENT-15442,Sereniquidata SAS,Executive Assistant,bruit,sans_adresse,0,0,0
CON-010827,ENT-00874,Axiocalfood SAS,HR Assistant,utilisateur,adresse_perso,0,0,0
CON-014918,ENT-09495,LorridorLogistics,Office Manager,bruit,sans_adresse,0,0,0
CON-019989,ENT-18429,Vectovenservices SARL,Directeur RH,buyer,adresse_perso,0,0,0
CON-021467,ENT-07419,HeliobelPharma,Directeur RH,buyer,adresse_perso,0,0,0
CON-074587,ENT-04381,Ederinexhub SARL,People Ops Coordinator,utilisateur,adresse_perso,0,0,0
CON-074956,ENT-09625,LorrilumMobility,Office Manager,bruit,sans_adresse,0,0,0
CON-000005,ENT-08794,JuntolexSolutions,HR Manager,champion,adresse_perso,0,0,0
CON-019466,ENT-15700,Solihaldata,Office Manager,bruit,adresse_perso,1,0,9
CON-047713,ENT-11982,Novafinimmo,HR Manager,champion,adresse_perso,0,0,0
CON-051652,ENT-18120,Vectofindata,HR Officer,utilisateur,adresse_perso,0,0,0
CON-015435,ENT-16580,Sylvalumimmo SA,Talent Acquisition Specialist,utilisateur,sans_adresse,1,0,4
CON-031975,ENT-03963,DorionexConseil & Co,Charge de recrutement,utilisateur,adresse_perso,1,1,4
CON-065154,ENT-06579,Galliviapartners & Co,Responsable Recrutement,champion,sans_adresse,0,0,0
CON-001685,ENT-03009,CortifinPharma,People Ops Coordinator,utilisateur,sans_adresse,0,0,0
CON-016999,ENT-00931,AxiofinHub SA,People Ops Manager,champion,sans_adresse,1,0,3
CON-038117,ENT-04112,Doriovenenergie,Chief People Officer,buyer,adresse_perso,0,0,0
CON-042219,ENT-16933,TalohalLogic SAS,Executive Assistant,bruit,sans_adresse,0,0,0
CON-072236,ENT-20021,YellosolTech Group,Head of Talent Acquisition,buyer,adresse_perso,1,0,2
CON-020445,ENT-07235,HaldePharma & Co,Recruiter,utilisateur,sans_adresse,0,0,0
CON-057576,ENT-03805,Doriofindigital SARL,,sans_titre,adresse_perso,0,0,0
CON-019997,ENT-19786,Yellogorindustries SAS,CEO,buyer,sans_adresse,0,0,0
CON-033430,ENT-01471,Belfonexconseil,Office Manager,bruit,adresse_perso,0,0,0
CON-011552,ENT-06179,GallibelFood,Head of People,buyer,sans_adresse,0,0,0
CON-005828,ENT-19781,Yellogorfood SA,Executive Assistant,bruit,adresse_perso,0,0,0
CON-017631,ENT-11564,Nordifinance SAS,Responsable Recrutement,champion,sans_adresse,0,0,0
CON-068821,ENT-18394,VectotasIndustries SARL,Talent Acquisition Specialist,utilisateur,adresse_perso,1,0,4
CON-040963,ENT-16776,Sylvaviadigital & Co,,sans_titre,adresse_perso,0,0,0
CON-051847,ENT-05971,FleximarFlow SARL,HR Assistant,utilisateur,sans_adresse,1,0,2
CON-072164,ENT-08358,IvorohalLabs Group,HR Assistant,utilisateur,adresse_perso,0,0,0
CON-064775,ENT-06941,GrimotasMedia,CHRO,buyer,adresse_perso,0,0,0
CON-052053,ENT-09672,LorrinexImmo SAS,HR Business Partner,champion,sans_adresse,1,0,2
CON-074362,ENT-01772,Briogordata,HR Intern,bruit,sans_adresse,1,0,1
CON-064335,ENT-04012,Dorioquienergie France,Head of HR Operations,buyer,sans_adresse,0,0,0
CON-001080,ENT-13538,Primobeldata,Responsable Recrutement,champion,sans_adresse,0,0,0
CON-025625,ENT-06963,Grimovenimmo,,sans_titre,sans_adresse,1,0,2
CON-002939,ENT-11921,NovacalConseil,HR Business Partner,champion,sans_adresse,0,0,0
CON-000948,ENT-07868,Iberidorforge France,Head of Talent Acquisition,buyer,adresse_perso,0,0,0
CON-037156,ENT-04699,EstevaIndustries SAS,HR Manager,champion,sans_adresse,0,0,0
CON-022224,ENT-13004,OvaliquiForge SA,People Ops Manager,champion,sans_adresse,0,0,0
CON-040516,ENT-16158,Stellalumconsulting,HR Officer,utilisateur,sans_adresse,0,0,0
CON-026212,ENT-19812,Yellohallogic,Chief People Officer,buyer,adresse_perso,0,0,0
CON-028243,ENT-15222,SerenidorEnergie Group,Executive Assistant,bruit,sans_adresse,0,0,0
CON-012676,ENT-08290,IvorodorMobility,Chargee de recrutement,utilisateur,adresse_perso,0,0,0
CON-043487,ENT-07155,Haldelexpartners France,Responsable Recrutement,champion,sans_adresse,0,0,0
CON-034749,ENT-12460,Optilabs & Co,HR Intern,bruit,sans_adresse,0,0,0
CON-028089,ENT-00532,Ardenfintech Group,People Ops Coordinator,utilisateur,sans_adresse,0,0,0
CON-072003,ENT-16834,TalocalPharma SA,HR Officer,utilisateur,sans_adresse,0,0,0
CON-052397,ENT-01407,BelfolexFood SAS,,sans_titre,sans_adresse,0,0,0
CON-039247,ENT-01313,BelfodorPartners SAS,HR Assistant,utilisateur,adresse_perso,1,0,2
CON-062453,ENT-13678,PrimohalMobility France,People Ops Manager,champion,adresse_perso,1,0,3
CON-005119,ENT-02344,CauripraMobility France,Compensation & Benefits Manager,champion,sans_adresse,0,0,0
CON-036247,ENT-06883,Grimorindigital SARL,,sans_titre,adresse_perso,1,0,4
CON-071432,ENT-10403,MaviHub Group,Directeur RH,buyer,sans_adresse,0,0,0
CON-046286,ENT-13822,PrimoquiServices SARL,Head of Talent Acquisition,buyer,sans_adresse,1,0,7
CON-047951,ENT-04990,FabricalFinance France,HR Officer,utilisateur,sans_adresse,0,0,0
CON-056437,ENT-15434,SerenipraPartners,HR Intern,bruit,sans_adresse,0,0,0
CON-011228,ENT-19399,Wallihalenergie Group,People Ops Coordinator,utilisateur,sans_adresse,0,0,0
CON-044716,ENT-11776,NordirinEnergie & Co,Charge de recrutement,utilisateur,sans_adresse,0,0,0
CON-063088,ENT-12236,NovaSolutions & Co,Recruiter,utilisateur,sans_adresse,0,0,0
CON-053295,ENT-11442,NeotasSoft,HR Assistant,utilisateur,sans_adresse,0,0,0
CON-041335,ENT-18317,VectoquiConsulting,HR Assistant,utilisateur,sans_adresse,0,0,0
CON-020276,ENT-01692,Briocaldynamics,VP People,buyer,sans_adresse,0,0,0
CON-064405,ENT-07577,Heliolumconsulting SAS,People Ops Manager,champion,sans_adresse,0,0,0
CON-004658,ENT-00807,Ardenvenhub & Co,Responsable Recrutement,champion,sans_adresse,1,0,3
CON-054230,ENT-10765,Meriflow SA,HR Director,buyer,sans_adresse,0,0,0
CON-067967,ENT-16033,StelladorFood SA,Talent Acquisition Specialist,utilisateur,sans_adresse,0,0,0
CON-021600,ENT-15953,SoliviaData Group,HR Officer,utilisateur,sans_adresse,0,0,0
CON-064379,ENT-20185,ZephifinLabs SAS,Head of HR Operations,buyer,adresse_perso,0,0,0
CON-069919,ENT-19630,Wallitastech,HR Intern,bruit,sans_adresse,0,0,0
CON-066262,ENT-06110,Flexitasdigital Group,Charge de recrutement,utilisateur,sans_adresse,1,1,6
CON-005976,ENT-01971,BrioquiWorks SAS,HR Officer,utilisateur,adresse_perso,0,0,0
CON-018980,ENT-06402,Gallinexindustries France,Chargee de recrutement,utilisateur,sans_adresse,1,0,6
CON-006893,ENT-18075,Vectocalmobility Group,Talent Acquisition Manager,champion,adresse_perso,1,0,2
CON-068522,ENT-15305,Serenihalhub,HR Officer,utilisateur,adresse_perso,0,0,0
CON-001665,ENT-03239,CortisolSystems & Co,Office Manager,bruit,sans_adresse,0,0,0
CON-039642,ENT-08969,JuntotasDynamics,HR Manager,champion,adresse_perso,0,0,0
CON-064871,ENT-00403,AltavenRetail SA,People Ops Manager,champion,adresse_perso,0,0,0
CON-063476,ENT-05294,FabrisolLab & Co,HR Assistant,utilisateur,adresse_perso,1,0,1
CON-020268,ENT-09137,Kelvigorimmo,People Ops Manager,champion,sans_adresse,0,0,0
CON-037205,ENT-11877,NordiviaFood,CEO,buyer,adresse_perso,0,0,0
CON-075771,ENT-12048,NovaHub SARL,People Ops Manager,champion,adresse_perso,1,0,3
CON-008975,ENT-00419,Altaviaindustries SAS,Executive Assistant,bruit,adresse_perso,1,0,5
CON-035822,ENT-09835,LorriviaHub SARL,Directrice RH,buyer,sans_adresse,0,0,0
CON-064262,ENT-20203,ZephigorData SARL,Chargee de recrutement,utilisateur,adresse_perso,0,0,0
CON-055103,ENT-06805,Grimomarservices SA,Head of HR Operations,buyer,sans_adresse,0,0,0
CON-019047,ENT-07488,HeliofinFood,HR Officer,utilisateur,adresse_perso,0,0,0
CON-005901,ENT-15309,Serenihallogistics,Head of Talent Acquisition,buyer,sans_adresse,1,0,4
CON-072017,ENT-14362,Rapibelgroup,People Ops Manager,champion,adresse_perso,0,0,0
CON-070844,ENT-04657,EstevagorFinance SARL,,sans_titre,sans_adresse,0,0,0
CON-008778,ENT-02345,CauripraPartners SAS,CHRO,buyer,sans_adresse,0,0,0
CON-036586,ENT-01896,Briomarsystems France,Responsable Recrutement,champion,sans_adresse,0,0,0
CON-076314,ENT-17878,UlmipraFinance,VP People,buyer,adresse_perso,0,0,0
CON-043780,ENT-10475,MaviMedia,HR Business Partner,champion,adresse_perso,1,0,4
CON-032710,ENT-01320,Belfodynamics SARL,Charge de recrutement,utilisateur,adresse_perso,1,0,2
CON-036353,ENT-03929,DoriolumPartners & Co,Compensation & Benefits Manager,champion,sans_adresse,1,0,9
CON-062426,ENT-01209,AxiovenImmo & Co,Compensation & Benefits Manager,champion,sans_adresse,0,0,0
CON-062249,ENT-07442,Heliocalpharma SAS,Responsable Recrutement,champion,sans_adresse,0,0,0
CON-015063,ENT-06384,GALLIMARSERVICES,CEO,buyer,sans_adresse,0,0,0
CON-019261,ENT-05927,Flexilexflow,People Ops Coordinator,utilisateur,adresse_perso,0,0,0
CON-036192,ENT-11149,Neodorsolutions Group,Executive Assistant,bruit,sans_adresse,1,1,4
CON-006706,ENT-04654,Estevagordata,Recruiter,utilisateur,sans_adresse,0,0,0
CON-067464,ENT-07154,HaldelexMobility France,Head of Talent Acquisition,buyer,adresse_perso,1,0,2
CON-014184,ENT-02494,Cauriviaretail,Talent Acquisition Specialist,utilisateur,sans_adresse,0,0,0
CON-040776,ENT-10838,MerilexServices,HRBP,champion,sans_adresse,0,0,0
CON-041355,ENT-10585,Mavisollabs,People Ops Coordinator,utilisateur,sans_adresse,0,0,0
CON-038794,ENT-13235,PerrigorDynamics,Chief People Officer,buyer,sans_adresse,0,0,0
CON-055421,ENT-16203,StellamarWorks SA,HR Officer,utilisateur,sans_adresse,0,0,0
CON-023377,ENT-14479,RapihalForge France,Recruiter,utilisateur,adresse_perso,0,0,0
CON-017641,ENT-10823,MerilexEnergie,HR Officer,utilisateur,sans_adresse,1,0,2
CON-002498,ENT-12228,NovasolLogistics,Office Manager,bruit,sans_adresse,0,0,0
CON-053386,ENT-15336,Serenilexlabs SARL,HR Director,buyer,adresse_perso,0,0,0
CON-017938,ENT-01966,BrioquiPartners SARL,,sans_titre,adresse_perso,0,0,0
CON-058724,ENT-13423,PerririnDigital SAS,HR Assistant,utilisateur,sans_adresse,0,0,0
CON-034637,ENT-05421,Fernoconseil Group,HRBP,champion,sans_adresse,0,0,0
CON-039410,ENT-11892,NordiviaSystems,,sans_titre,adresse_perso,1,0,1
CON-002876,ENT-12326,OpticalConsulting SARL,Executive Assistant,bruit,adresse_perso,0,0,0
CON-030480,ENT-17099,Talorinflow & Co,Charge de recrutement,utilisateur,adresse_perso,1,0,5
CON-051472,ENT-01735,BriodorRetail France,Charge de recrutement,utilisateur,sans_adresse,0,0,0
CON-042340,ENT-19716,Yellocalworks SAS,Responsable Recrutement,champion,sans_adresse,1,0,3
CON-064890,ENT-02653,CendraLab France,Chief People Officer,buyer,adresse_perso,1,0,10
CON-064044,ENT-12975,Ovalipradata Group,,sans_titre,sans_adresse,1,0,7
CON-066220,ENT-05740,FernovenData SAS,,sans_titre,adresse_perso,0,0,0
CON-018401,ENT-20351,ZephinexTech SAS,Directeur RH,buyer,sans_adresse,0,0,0
CON-038319,ENT-14653,Rapirinlabs,Recruiter,utilisateur,sans_adresse,0,0,0
CON-044958,ENT-14782,RoccacalDynamics SA,HRBP,champion,sans_adresse,0,0,0
CON-005483,ENT-13229,PerriFlow,HR Manager,champion,sans_adresse,0,0,0
CON-007406,ENT-07316,HaldesolGroup Group,Compensation & Benefits Manager,champion,sans_adresse,1,0,2
CON-049633,ENT-13926,PrimovenSystems SAS,HR Officer,utilisateur,sans_adresse,0,0,0
CON-067924,ENT-20242,Zephihallogic & Co,Responsable Recrutement,champion,adresse_perso,1,0,2
CON-022862,ENT-03021,CortigorFlow,Executive Assistant,bruit,adresse_perso,0,0,0
CON-056642,ENT-05383,FernobelFinance SAS,Talent Acquisition Manager,champion,sans_adresse,0,0,0
CON-071305,ENT-13540,Primobelfinance SA,Office Manager,bruit,sans_adresse,1,0,2
CON-007686,ENT-14854,Roccafinworks SARL,Chargee de recrutement,utilisateur,sans_adresse,0,0,0
CON-048667,ENT-08462,IvoronexSoft,Head of HR Operations,buyer,sans_adresse,0,0,0
CON-029665,ENT-04578,Estevabelsoft,Office Manager,bruit,sans_adresse,0,0,0
CON-045746,ENT-15353,SerenilumFlow,HR Business Partner,champion,sans_adresse,0,0,0
CON-050859,ENT-00198,Altalummedia SAS,Head of HR Operations,buyer,sans_adresse,0,0,0
CON-011829,ENT-02170,Caurifinlogic France,HR Intern,bruit,sans_adresse,0,0,0
CON-005196,ENT-11851,Nordivendigital SA,COO,buyer,adresse_perso,0,0,0
CON-003892,ENT-18333,VectoquiPartners & Co,Chargee de recrutement,utilisateur,sans_adresse,0,0,0
CON-038032,ENT-17131,TalosolPharma Group,VP People,buyer,sans_adresse,0,0,0
CON-014904,ENT-01368,BelfogorSoft,Chargee de recrutement,utilisateur,adresse_perso,0,0,0
CON-013739,ENT-05476,Fernogorconseil Group,Talent Acquisition Specialist,utilisateur,sans_adresse,1,0,4
CON-059271,ENT-16926,TalohalFlow & Co,Directeur RH,buyer,sans_adresse,1,0,3
CON-009309,ENT-17978,UlmitasLabs,Head of People,buyer,sans_adresse,0,0,0
CON-050504,ENT-03756,DoriocalLab France,Executive Assistant,bruit,sans_adresse,0,0,0
CON-036892,ENT-02881,CendravenLab,HRBP,champion,sans_adresse,0,0,0
CON-006434,ENT-09109,KelvifinData SARL,HR Intern,bruit,sans_adresse,1,0,2
CON-075695,ENT-09349,KelvisolLab SA,Recruiter,utilisateur,sans_adresse,1,0,4
CON-065699,ENT-14276,Quantisollogistics,Talent Acquisition Specialist,utilisateur,adresse_perso,0,0,0
CON-059797,ENT-02072,BrioviaFlow SARL,,sans_titre,sans_adresse,0,0,0
CON-022092,ENT-10914,Merinexsystems SARL,HR Assistant,utilisateur,sans_adresse,1,0,6
CON-045372,ENT-07489,Heliofinforge SA,Chargee de recrutement,utilisateur,sans_adresse,0,0,0
CON-055735,ENT-15630,SolidorConsulting Group,HR Intern,bruit,sans_adresse,0,0,0
CON-018885,ENT-18905,Vespicalgroup SA,Recruiter,utilisateur,sans_adresse,0,0,0
CON-016728,ENT-12113,NovamarSystems France,VP Human Resources,buyer,adresse_perso,0,0,0
CON-012759,ENT-07451,Heliodigital France,People Ops Manager,champion,sans_adresse,0,0,0
CON-024556,ENT-12515,OptimarLogic,Executive Assistant,bruit,adresse_perso,0,0,0
CON-048001,ENT-01346,BelfoFlow SA,VP Human Resources,buyer,adresse_perso,0,0,0
CON-063237,ENT-01819,BrioImmo SA,Head of HR Operations,buyer,adresse_perso,1,0,3
CON-072206,ENT-17674,UlmidorFlow SA,Executive Assistant,bruit,adresse_perso,0,0,0
CON-056401,ENT-11671,NordilumLogic,HR Intern,bruit,adresse_perso,0,0,0
CON-051633,ENT-06737,GrimoIndustries France,Chief People Officer,buyer,adresse_perso,0,0,0
CON-007836,ENT-02220,CaurihalLabs & Co,Chargee de recrutement,utilisateur,adresse_perso,0,0,0
CON-030001,ENT-17769,UlmiHub,Charge de recrutement,utilisateur,sans_adresse,1,0,5
CON-002364,ENT-06097,FlexisolLogic,HR Intern,bruit,adresse_perso,1,0,3
CON-018349,ENT-09576,LorrihalTech Group,Talent Acquisition Manager,champion,adresse_perso,1,0,6
CON-022377,ENT-02852,CendratasForge Group,Compensation & Benefits Manager,champion,adresse_perso,0,0,0
CON-044405,ENT-11723,Nordinexsolutions,VP Human Resources,buyer,sans_adresse,0,0,0
CON-003515,ENT-01034,Axiolumworks SA,Chargee de recrutement,utilisateur,sans_adresse,1,0,1
CON-038934,ENT-12578,Optiquidynamics SA,People Ops Manager,champion,sans_adresse,0,0,0
CON-073990,ENT-09514,Lorrifinflow,HR Intern,bruit,sans_adresse,1,1,4
CON-065061,ENT-13026,Ovalirinfood,CEO,buyer,adresse_perso,0,0,0
CON-003433,ENT-10888,Merimarworks France,VP People,buyer,sans_adresse,1,0,2
CON-053110,ENT-01357,Belfogorgroup,Chargee de recrutement,utilisateur,sans_adresse,0,0,0
CON-010423,ENT-04250,EderifinRetail France,HR Manager,champion,sans_adresse,0,0,0
CON-069215,ENT-18683,VertimarTech France,Head of Talent Acquisition,buyer,sans_adresse,0,0,0
CON-008629,ENT-20374,ZephipraPharma,CHRO,buyer,sans_adresse,0,0,0
CON-046842,ENT-02348,Cauriprasolutions,Talent Acquisition Specialist,utilisateur,adresse_perso,0,0,0
CON-018611,ENT-03088,CortiLogic Group,Recruiter,utilisateur,sans_adresse,0,0,0
CON-009684,ENT-05238,FabriquiDynamics SA,HRBP,champion,sans_adresse,1,0,5
CON-004485,ENT-19089,VespiMedia & Co,People Ops Coordinator,utilisateur,sans_adresse,1,0,1
CON-028236,ENT-12225,Novasolindustries France,Directeur RH,buyer,sans_adresse,1,0,4
CON-065324,ENT-00803,Ardenvenenergie,HR Manager,champion,sans_adresse,0,0,0
CON-036292,ENT-17349,TerrahalPharma,Head of Talent Acquisition,buyer,sans_adresse,1,0,7
CON-013138,ENT-00160,Altalab France,Head of HR Operations,buyer,sans_adresse,0,0,0
CON-061908,ENT-10126,LumiquiGroup,Head of HR Operations,buyer,adresse_perso,0,0,0
CON-018496,ENT-04747,Estevamardata SA,Head of Talent Acquisition,buyer,sans_adresse,0,0,0
CON-053911,ENT-06263,GallifinPartners,Compensation & Benefits Manager,champion,sans_adresse,0,0,0
CON-012681,ENT-09634,Lorrilumworks SAS,HR Assistant,utilisateur,adresse_perso,0,0,0
CON-039658,ENT-19832,Yellolexenergie,Compensation & Benefits Manager,champion,sans_adresse,1,0,3
CON-061922,ENT-03204,Cortirinenergie SARL,Responsable Recrutement,champion,adresse_perso,0,0,0
CON-027189,ENT-17779,UlmilexFlow SA,Recruiter,utilisateur,adresse_perso,0,0,0
CON-034423,ENT-17904,UlmiquiGroup,HR Assistant,utilisateur,adresse_perso,0,0,0
CON-033239,ENT-15159,Roccaviaflow SA,,sans_titre,adresse_perso,1,0,2
CON-037027,ENT-01303,Belfodorforge SAS,Talent Acquisition Specialist,utilisateur,sans_adresse,1,0,7
CON-006945,ENT-05192,FabrinexFood,VP Human Resources,buyer,sans_adresse,0,0,0
CON-008482,ENT-01020,AxiolumEnergie & Co,HR Manager,champion,adresse_perso,0,0,0
CON-014802,ENT-10933,MeripraMedia,Talent Acquisition Manager,champion,sans_adresse,0,0,0
CON-068623,ENT-14707,RapitasWorks SA,Chief People Officer,buyer,sans_adresse,0,0,0
CON-073950,ENT-03310,Delfibelconsulting Group,HR Manager,champion,sans_adresse,0,0,0
CON-011457,ENT-20477,ZephivenData France,Responsable Recrutement,champion,adresse_perso,0,0,0
CON-020022,ENT-09545,LorrigorLab France,Responsable Recrutement,champion,sans_adresse,1,0,1
CON-051378,ENT-08223,IvorobelConseil SAS,Responsable Recrutement,champion,adresse_perso,1,0,2
CON-075199,ENT-05209,Fabrinexworks SA,Executive Assistant,bruit,sans_adresse,1,0,1
CON-011294,ENT-10260,MavibelDynamics France,Head of HR Operations,buyer,sans_adresse,0,0,0
CON-065443,ENT-10720,Meridordata SARL,Recruiter,utilisateur,sans_adresse,0,0,0
CON-056415,ENT-02006,BriosolIndustries,Charge de recrutement,utilisateur,sans_adresse,1,0,4
CON-057256,ENT-04700,Estevalab,Talent Acquisition Manager,champion,adresse_perso,0,0,0
CON-052646,ENT-15454,SereniquiLabs,HR Intern,bruit,adresse_perso,0,0,0
CON-038730,ENT-04122,Doriovenmedia,HR Officer,utilisateur,adresse_perso,0,0,0
CON-043002,ENT-02025,BriotasFinance,Chief People Officer,buyer,sans_adresse,1,0,2
CON-065013,ENT-02810,CendrarinMedia & Co,People Ops Coordinator,utilisateur,adresse_perso,1,0,4
CON-039267,ENT-07538,Heliohalimmo SAS,Directrice RH,buyer,adresse_perso,0,0,0
CON-034301,ENT-05798,FlexibelRetail SA,Recruiter,utilisateur,sans_adresse,0,0,0
CON-063332,ENT-10291,MavicalLab France,,sans_titre,adresse_perso,1,0,4
CON-046765,ENT-12698,OptiviaFood,Compensation & Benefits Manager,champion,sans_adresse,0,0,0
CON-031032,ENT-12953,Ovalinexdynamics France,Office Manager,bruit,sans_adresse,1,1,5
CON-055116,ENT-19697,YellobelPartners SARL,Recruiter,utilisateur,sans_adresse,0,0,0
CON-014402,ENT-05037,Fabrifindata SAS,Chargee de recrutement,utilisateur,sans_adresse,1,0,3
CON-045132,ENT-05938,FlexilexMobility SAS,Talent Acquisition Manager,champion,adresse_perso,0,0,0
CON-011358,ENT-07649,HeliopraConseil & Co,Head of HR Operations,buyer,sans_adresse,0,0,0
CON-000761,ENT-18730,Vertiquidata Group,HRBP,champion,sans_adresse,1,0,3
CON-026892,ENT-16182,StellamarDigital SAS,Compensation & Benefits Manager,champion,adresse_perso,0,0,0
CON-050621,ENT-04246,Ederifinlabs,Charge de recrutement,utilisateur,sans_adresse,0,0,0
CON-028659,ENT-19160,VespiRetail,Compensation & Benefits Manager,champion,sans_adresse,1,0,2
CON-046668,ENT-02190,Caurigorfood,,sans_titre,adresse_perso,0,0,0
CON-055002,ENT-02597,CendrafinTech & Co,Head of Talent Acquisition,buyer,sans_adresse,1,0,5
CON-023768,ENT-14181,QuantinexHub,Responsable Recrutement,champion,sans_adresse,0,0,0
CON-008856,ENT-08416,IvorolumWorks SARL,Talent Acquisition Specialist,utilisateur,sans_adresse,0,0,0
CON-047265,ENT-16725,SylvasolRetail,People Ops Manager,champion,sans_adresse,0,0,0
CON-012338,ENT-10651,Maviviaenergie,Talent Acquisition Manager,champion,adresse_perso,0,0,0
CON-072583,ENT-02918,Cendraworks France,Office Manager,bruit,sans_adresse,1,0,2
CON-019048,ENT-18842,VertivenPartners & Co,,sans_titre,adresse_perso,1,0,4
CON-048533,ENT-06012,FlexinexWorks,COO,buyer,adresse_perso,1,0,2
CON-057241,ENT-11741,Nordipralogic,Head of Talent Acquisition,buyer,sans_adresse,1,0,4
CON-010219,ENT-10234,LumivenWorks France,Talent Acquisition Specialist,utilisateur,adresse_perso,0,0,0
CON-070295,ENT-16408,StellaWorks SA,HR Business Partner,champion,sans_adresse,0,0,0
CON-046674,ENT-19847,Yellolexsoft,HR Manager,champion,sans_adresse,1,0,1
CON-042210,ENT-14628,RapiquiIndustries,,sans_titre,sans_adresse,1,0,3
CON-029902,ENT-17802,Ulmilumdigital,HR Manager,champion,sans_adresse,0,0,0
CON-049643,ENT-15538,Serenitech France,HR Business Partner,champion,adresse_perso,0,0,0
CON-024905,ENT-07875,IberidorMedia,HR Intern,bruit,sans_adresse,1,0,1
CON-051326,ENT-04950,Estevaviamobility,HR Officer,utilisateur,sans_adresse,0,0,0
CON-024521,ENT-02946,CorticalForge France,People Ops Manager,champion,sans_adresse,0,0,0
CON-065612,ENT-02932,Cortibelmedia,Executive Assistant,bruit,sans_adresse,1,0,2
CON-019344,ENT-05865,Flexifinmobility & Co,HR Business Partner,champion,adresse_perso,0,0,0
CON-048946,ENT-14344,Quantivialogic,Office Manager,bruit,adresse_perso,1,0,6
CON-021314,ENT-14314,Quantivengroup,People Ops Manager,champion,sans_adresse,1,0,1
CON-038905,ENT-16988,TalolumLab,Office Manager,bruit,sans_adresse,1,0,2
CON-053126,ENT-04472,Ederisoldynamics SAS,Head of People,buyer,sans_adresse,1,0,4
CON-035844,ENT-04770,EstevanexDynamics France,HRBP,champion,sans_adresse,0,0,0
CON-046271,ENT-06416,GallipraConseil,VP People,buyer,adresse_perso,1,0,7
CON-004887,ENT-12423,OptigorRetail SAS,Talent Acquisition Specialist,utilisateur,sans_adresse,0,0,0
CON-064141,ENT-11658,NordilexWorks & Co,HRBP,champion,sans_adresse,0,0,0
CON-033651,ENT-18294,Vectopharma,,sans_titre,sans_adresse,1,1,8
CON-024020,ENT-11603,Nordigormedia,Talent Acquisition Specialist,utilisateur,adresse_perso,1,0,5
CON-000893,ENT-06610,Grimobelsystems,Compensation & Benefits Manager,champion,adresse_perso,0,0,0
CON-035362,ENT-19877,YellomarConsulting,VP People,buyer,sans_adresse,1,0,3
CON-067081,ENT-16002,StellacalConseil,Executive Assistant,bruit,adresse_perso,0,0,0
CON-055384,ENT-12895,OvalilexSolutions & Co,Responsable Recrutement,champion,adresse_perso,0,0,0
CON-018352,ENT-09576,LorrihalTech Group,Talent Acquisition Specialist,utilisateur,adresse_perso,0,0,0
CON-071994,ENT-03047,CortihalHub,Talent Acquisition Specialist,utilisateur,sans_adresse,1,0,1
CON-014729,ENT-19948,Yelloprasolutions,Chargee de recrutement,utilisateur,adresse_perso,1,0,6
CON-060642,ENT-13803,Primoprasystems,Directrice RH,buyer,adresse_perso,0,0,0
CON-022507,ENT-13779,PrimoPharma & Co,Talent Acquisition Manager,champion,sans_adresse,0,0,0
CON-032312,ENT-12448,OptihalPharma France,CHRO,buyer,adresse_perso,1,0,6
CON-047017,ENT-11864,NordivenPartners Group,HR Intern,bruit,adresse_perso,1,0,1
CON-006626,ENT-18815,Vertitaslabs & Co,HR Officer,utilisateur,adresse_perso,0,0,0
CON-003063,ENT-01061,AxionexDigital France,Head of Talent Acquisition,buyer,sans_adresse,0,0,0
CON-024753,ENT-18721,VertipraLogistics & Co,HR Assistant,utilisateur,sans_adresse,0,0,0
CON-062161,ENT-17907,UlmiquiIndustries,HR Assistant,utilisateur,adresse_perso,0,0,0
CON-032847,ENT-19307,WallicalPartners SAS,Charge de recrutement,utilisateur,adresse_perso,1,1,4
CON-028216,ENT-09423,Kelviviasystems Group,Recruiter,utilisateur,sans_adresse,0,0,0
CON-011925,ENT-03109,CortilumSolutions Group,Talent Acquisition Specialist,utilisateur,sans_adresse,0,0,0
CON-040487,ENT-03253,Cortitaslab & Co,HR Intern,bruit,sans_adresse,0,0,0
CON-007675,ENT-01571,BelfosolConseil,People Ops Manager,champion,sans_adresse,0,0,0
CON-021427,ENT-01876,BriomarData SARL,HRBP,champion,adresse_perso,0,0,0
CON-015367,ENT-15495,Serenisoldynamics,HR Manager,champion,sans_adresse,0,0,0
CON-053325,ENT-16884,Talofinlab,Head of HR Operations,buyer,adresse_perso,0,0,0
CON-053006,ENT-06045,FlexiquiForge Group,Head of HR Operations,buyer,adresse_perso,0,0,0
CON-007976,ENT-11298,NeoMedia SA,HR Business Partner,champion,sans_adresse,0,0,0
CON-012922,ENT-14822,RoccadorMobility Group,,sans_titre,sans_adresse,0,0,0
CON-032317,ENT-07463,HeliodorImmo,,sans_titre,sans_adresse,0,0,0
CON-007142,ENT-13370,PerrinexRetail,People Ops Coordinator,utilisateur,sans_adresse,0,0,0
CON-031069,ENT-13167,Perricallab,HR Business Partner,champion,adresse_perso,0,0,0
CON-016875,ENT-19388,Walligorpharma,People Ops Manager,champion,sans_adresse,0,0,0
CON-037015,ENT-10091,Lumipartners SA,Talent Acquisition Specialist,utilisateur,sans_adresse,0,0,0
CON-063143,ENT-17505,TerrarinEnergie SA,HRBP,champion,sans_adresse,0,0,0
CON-004927,ENT-01380,BelfohalFood France,Compensation & Benefits Manager,champion,sans_adresse,0,0,0
CON-054373,ENT-03814,Doriofinlabs France,Charge de recrutement,utilisateur,sans_adresse,0,0,0
CON-009575,ENT-04102,Doriotassoft SA,People Ops Manager,champion,sans_adresse,0,0,0
CON-061645,ENT-10303,MavicalTech SA,Compensation & Benefits Manager,champion,sans_adresse,0,0,0
CON-013204,ENT-13013,OvaliquiPartners Group,HR Manager,champion,sans_adresse,0,0,0
CON-013412,ENT-09931,Lumifindynamics SA,,sans_titre,adresse_perso,0,0,0
CON-072422,ENT-05062,Fabrigorconseil,HR Officer,utilisateur,adresse_perso,1,0,6
CON-020490,ENT-19151,Vespiquimobility France,Head of HR Operations,buyer,sans_adresse,0,0,0
CON-065687,ENT-04892,EstevatasDynamics & Co,VP Human Resources,buyer,sans_adresse,0,0,0
CON-061743,ENT-01737,BriodorSoft France,Charge de recrutement,utilisateur,sans_adresse,0,0,0
CON-052111,ENT-17872,Ulmipartners SAS,Compensation & Benefits Manager,champion,adresse_perso,0,0,0
CON-016765,ENT-04421,EderipraTech SARL,HR Intern,bruit,adresse_perso,0,0,0
CON-058964,ENT-02100,CauribelSolutions France,Head of HR Operations,buyer,sans_adresse,1,0,3
CON-044221,ENT-16964,Talolexlabs,Office Manager,bruit,adresse_perso,0,0,0
CON-052505,ENT-06897,Grimorinservices SAS,Directrice RH,buyer,sans_adresse,1,0,2
CON-046775,ENT-03590,Delfiquimobility Group,,sans_titre,sans_adresse,1,0,3
CON-008456,ENT-09595,LorrilexLogic,Charge de recrutement,utilisateur,sans_adresse,0,0,0
CON-066870,ENT-06117,FlexitasIndustries Group,HR Manager,champion,sans_adresse,0,0,0
CON-073944,ENT-18664,VertimarFlow,Directrice RH,buyer,sans_adresse,0,0,0
CON-066586,ENT-17005,TalomarEnergie,Responsable Recrutement,champion,sans_adresse,0,0,0
CON-028567,ENT-17443,TerranexForge France,Head of Talent Acquisition,buyer,sans_adresse,0,0,0
CON-048754,ENT-07309,Haldesoldata SARL,HR Business Partner,champion,adresse_perso,0,0,0
CON-044147,ENT-07178,HaldelumServices France,HR Business Partner,champion,adresse_perso,0,0,0
CON-004767,ENT-06468,GallirinDynamics Group,HR Assistant,utilisateur,adresse_perso,0,0,0
CON-031824,ENT-18004,UlmivenMobility SARL,People Ops Coordinator,utilisateur,adresse_perso,1,0,1
CON-042931,ENT-11698,NordimarRetail France,Head of Talent Acquisition,buyer,adresse_perso,0,0,0
CON-026216,ENT-02674,CendralexSoft SARL,Charge de recrutement,utilisateur,adresse_perso,0,0,0
CON-028834,ENT-13617,PrimofinConsulting Group,Chargee de recrutement,utilisateur,sans_adresse,1,0,4
CON-017220,ENT-16597,SylvamarFood Group,HR Assistant,utilisateur,sans_adresse,0,0,0
CON-064758,ENT-08037,Iberimarsystems SA,HRBP,champion,adresse_perso,0,0,0
CON-019427,ENT-09156,Kelvihalflow & Co,HR Intern,bruit,adresse_perso,0,0,0
CON-027251,ENT-18330,VectoquiLogistics,Chargee de recrutement,utilisateur,adresse_perso,0,0,0
CON-071704,ENT-08238,IvorobelLogistics,Head of Talent Acquisition,buyer,sans_adresse,1,0,9
CON-024132,ENT-01106,Axioquienergie,People Ops Coordinator,utilisateur,sans_adresse,0,0,0
CON-027133,ENT-19406,Wallihalindustries,Charge de recrutement,utilisateur,adresse_perso,0,0,0
CON-054533,ENT-05274,Fabririnmedia SA,Chargee de recrutement,utilisateur,adresse_perso,0,0,0
CON-069616,ENT-16863,Talodorservices,HRBP,champion,sans_adresse,1,0,6
CON-053318,ENT-18907,Vespicalimmo SAS,HR Officer,utilisateur,adresse_perso,1,0,2
CON-003053,ENT-14054,Quantiflow,Chargee de recrutement,utilisateur,sans_adresse,0,0,0
CON-072517,ENT-10668,Maviviasystems,HR Manager,champion,adresse_perso,0,0,0
CON-030259,ENT-02754,Cendrapraconsulting SA,Charge de recrutement,utilisateur,adresse_perso,1,0,5
CON-061920,ENT-16141,StellalexForge,Compensation & Benefits Manager,champion,sans_adresse,1,0,6
CON-000603,ENT-18645,VertilumLab & Co,People Ops Coordinator,utilisateur,adresse_perso,1,0,6
CON-068888,ENT-07006,Haldebelhub Group,HR Assistant,utilisateur,sans_adresse,0,0,0
CON-033963,ENT-09904,Lumidorenergie SARL,HR Assistant,utilisateur,adresse_perso,0,0,0
CON-023321,ENT-15741,Solilexworks Group,Chargee de recrutement,utilisateur,adresse_perso,0,0,0
CON-023693,ENT-06728,Grimohalretail & Co,Chargee de recrutement,utilisateur,sans_adresse,1,0,6
CON-030826,ENT-10070,LumiMobility France,HRBP,champion,sans_adresse,0,0,0
CON-045068,ENT-13131,OvaliviaSoft Group,People Ops Coordinator,utilisateur,sans_adresse,1,0,2
CON-074864,ENT-14965,Roccamarforge,CHRO,buyer,adresse_perso,0,0,0
CON-003177,ENT-07749,HeliotasLab SA,Charge de recrutement,utilisateur,sans_adresse,0,0,0
CON-063683,ENT-00246,Altanexlabs,HR Intern,bruit,sans_adresse,1,0,6
CON-063074,ENT-06647,GrimodorImmo SA,HR Director,buyer,adresse_perso,0,0,0
CON-010314,ENT-09115,KelvifinIndustries France,People Ops Coordinator,utilisateur,sans_adresse,0,0,0
CON-061504,ENT-09126,KelviFlow,CEO,buyer,adresse_perso,0,0,0
CON-067847,ENT-18843,VertivenPharma,HR Officer,utilisateur,adresse_perso,1,0,6
CON-047550,ENT-02002,BriosolFlow,Directrice RH,buyer,sans_adresse,0,0,0
CON-020214,ENT-07125,Haldehallogistics SAS,CEO,buyer,sans_adresse,0,0,0
CON-072458,ENT-02817,CendrarinTech,HR Assistant,utilisateur,sans_adresse,0,0,0
CON-050419,ENT-08503,Ivoroquilabs,Charge de recrutement,utilisateur,sans_adresse,0,0,0
CON-033081,ENT-08448,IvoronexForge SAS,HR Manager,champion,sans_adresse,0,0,0
CON-047794,ENT-19810,Yellohallab,Charge de recrutement,utilisateur,sans_adresse,1,0,1
CON-016581,ENT-02844,CendrasolWorks,HR Officer,utilisateur,adresse_perso,1,0,2
CON-033637,ENT-18449,VectoviaPartners Group,Talent Acquisition Specialist,utilisateur,sans_adresse,1,0,4
CON-022900,ENT-00678,ArdenpraConsulting SA,Talent Acquisition Specialist,utilisateur,adresse_perso,0,0,0
CON-029745,ENT-11456,Neovenforge & Co,HR Intern,bruit,sans_adresse,1,0,3
CON-020785,ENT-13158,Perricalconsulting & Co,People Ops Manager,champion,adresse_perso,1,0,4
CON-060262,ENT-01755,BriofinLogic France,Responsable Recrutement,champion,sans_adresse,0,0,0
CON-063684,ENT-00246,Altanexlabs,Charge de recrutement,utilisateur,adresse_perso,0,0,0
CON-036135,ENT-19648,WallivenPartners SARL,,sans_titre,adresse_perso,1,0,2
CON-046381,ENT-09594,Lorrilexlabs Group,Compensation & Benefits Manager,champion,sans_adresse,0,0,0
CON-002147,ENT-04348,Ederilumsystems,HR Intern,bruit,adresse_perso,0,0,0
CON-070347,ENT-15802,SolinexLab,Compensation & Benefits Manager,champion,sans_adresse,0,0,0
CON-051855,ENT-13239,PerrigorGroup France,Head of Talent Acquisition,buyer,adresse_perso,0,0,0
CON-045030,ENT-06492,Gallisolconsulting Group,People Ops Coordinator,utilisateur,adresse_perso,0,0,0
CON-021014,ENT-19937,Yellopraindustries Group,Chargee de recrutement,utilisateur,sans_adresse,1,0,3
CON-007229,ENT-10380,Mavihalconsulting France,Recruiter,utilisateur,adresse_perso,0,0,0
CON-047996,ENT-18204,Vectolexgroup SA,VP Human Resources,buyer,sans_adresse,0,0,0
CON-007110,ENT-02205,CaurigorSystems Group,Head of People,buyer,sans_adresse,0,0,0
CON-020880,ENT-19819,YellohalSolutions Group,Chargee de recrutement,utilisateur,sans_adresse,0,0,0
CON-050679,ENT-17285,Terrafinfinance SAS,Office Manager,bruit,sans_adresse,0,0,0
CON-051373,ENT-17198,Taloviaimmo SARL,HR Director,buyer,adresse_perso,0,0,0
CON-055688,ENT-08705,Juntofindynamics France,Head of People,buyer,adresse_perso,0,0,0
CON-004245,ENT-00515,Ardenfinfinance,Directeur RH,buyer,sans_adresse,0,0,0
CON-069827,ENT-06395,GallinexDynamics Group,Recruiter,utilisateur,sans_adresse,0,0,0
CON-041737,ENT-18934,VespidorIndustries SARL,Recruiter,utilisateur,sans_adresse,0,0,0
CON-035622,ENT-16680,SylvaquiPharma SARL,Responsable Recrutement,champion,sans_adresse,1,0,5
CON-021308,ENT-12703,Optivialab,Head of Talent Acquisition,buyer,sans_adresse,1,0,4
CON-034839,ENT-10864,Merilumworks France,HR Assistant,utilisateur,sans_adresse,0,0,0
CON-008265,ENT-16896,Taloforge,Charge de recrutement,utilisateur,sans_adresse,1,0,2
CON-066435,ENT-16944,Talohalworks SA,Directeur RH,buyer,sans_adresse,0,0,0
CON-044694,ENT-02959,CorticalSoft,HR Officer,utilisateur,sans_adresse,1,0,2
CON-053608,ENT-00189,AltalumFinance France,HR Manager,champion,sans_adresse,0,0,0
CON-013551,ENT-15007,RoccaPartners,HR Business Partner,champion,sans_adresse,1,0,3
CON-068256,ENT-03002,CortifinLab SAS,Responsable Recrutement,champion,sans_adresse,0,0,0
CON-058050,ENT-01347,Belfofood France,People Ops Coordinator,utilisateur,sans_adresse,0,0,0
CON-011332,ENT-11113,Neocalhub,HR Intern,bruit,sans_adresse,0,0,0
CON-055823,ENT-13720,Primolumhub,Recruiter,utilisateur,adresse_perso,1,1,3
CON-072671,ENT-03450,Delfihalsoft,Office Manager,bruit,sans_adresse,1,0,6
CON-016341,ENT-01714,Brioconseil SAS,Office Manager,bruit,adresse_perso,0,0,0
CON-016895,ENT-12128,Novanexlabs,Executive Assistant,bruit,sans_adresse,0,0,0
CON-054618,ENT-08313,IvorofinLabs SARL,,sans_titre,adresse_perso,1,0,2
CON-044948,ENT-16084,Stellagordynamics SA,,sans_titre,adresse_perso,0,0,0
CON-074518,ENT-01714,Brioconseil SAS,Chargee de recrutement,utilisateur,adresse_perso,0,0,0
CON-024549,ENT-02420,Caurisolpharma,Talent Acquisition Manager,champion,adresse_perso,0,0,0
CON-033826,ENT-10112,LumipraRetail,HR Manager,champion,sans_adresse,0,0,0
CON-071502,ENT-12258,Novavendigital Group,,sans_titre,adresse_perso,0,0,0
CON-019494,ENT-16665,SylvaquiData,HR Business Partner,champion,adresse_perso,0,0,0
CON-004243,ENT-00384,AltaTech,Recruiter,utilisateur,adresse_perso,0,0,0
CON-029701,ENT-19701,Yellocaldynamics SA,Talent Acquisition Specialist,utilisateur,sans_adresse,1,0,6
CON-006824,ENT-20458,ZephitasFood,Charge de recrutement,utilisateur,adresse_perso,0,0,0
CON-033607,ENT-14852,RoccafinSolutions,Executive Assistant,bruit,sans_adresse,0,0,0
CON-047513,ENT-20373,Zephiprapartners,HR Intern,bruit,sans_adresse,0,0,0
CON-054520,ENT-19667,Wallivialabs Group,CHRO,buyer,adresse_perso,0,0,0
CON-046843,ENT-14594,Rapipraconseil,HR Manager,champion,adresse_perso,1,0,2
CON-030355,ENT-02773,Cendraprasolutions,Head of Talent Acquisition,buyer,adresse_perso,0,0,0
CON-022263,ENT-02302,Caurinexconseil,Chargee de recrutement,utilisateur,adresse_perso,0,0,0
CON-015233,ENT-09969,Lumigormedia,Compensation & Benefits Manager,champion,adresse_perso,0,0,0
CON-058458,ENT-11168,NeofinLogistics,CEO,buyer,sans_adresse,0,0,0
CON-074817,ENT-04565,Estevabelfinance,Recruiter,utilisateur,adresse_perso,0,0,0
CON-069300,ENT-00116,AltagorForge,Talent Acquisition Specialist,utilisateur,adresse_perso,0,0,0
CON-054939,ENT-04485,Ederisolretail SARL,Chargee de recrutement,utilisateur,sans_adresse,0,0,0
CON-036961,ENT-13069,OvalitasConsulting,Executive Assistant,bruit,sans_adresse,0,0,0
CON-071758,ENT-15873,SolirinPartners & Co,Head of HR Operations,buyer,sans_adresse,0,0,0
CON-070489,ENT-16835,TalocalRetail Group,Head of HR Operations,buyer,sans_adresse,1,1,9
CON-068511,ENT-10433,Mavilumconseil SAS,HR Officer,utilisateur,adresse_perso,0,0,0
CON-068523,ENT-09828,Lorriviadigital,People Ops Manager,champion,adresse_perso,0,0,0
CON-065486,ENT-13791,PrimopraIndustries & Co,HR Intern,bruit,adresse_perso,0,0,0
CON-001435,ENT-07396,HaldeviaSystems SA,Compensation & Benefits Manager,champion,sans_adresse,1,0,7
CON-052480,ENT-11465,NeovenPartners SARL,Head of Talent Acquisition,buyer,sans_adresse,1,0,4
CON-054044,ENT-16954,Talolexenergie Group,CEO,buyer,sans_adresse,0,0,0
CON-075942,ENT-01502,Belfopraenergie France,Chief People Officer,buyer,sans_adresse,0,0,0
CON-029178,ENT-11765,Nordiquimedia SARL,Head of HR Operations,buyer,sans_adresse,0,0,0
CON-036634,ENT-19672,Walliviaretail France,HR Intern,bruit,sans_adresse,0,0,0
CON-044351,ENT-10346,MavifinMedia,People Ops Coordinator,utilisateur,sans_adresse,0,0,0
CON-058140,ENT-16285,Stellarinconseil SA,Executive Assistant,bruit,sans_adresse,1,0,2
CON-045170,ENT-12029,Novahalflow SAS,Talent Acquisition Specialist,utilisateur,sans_adresse,0,0,0
CON-034912,ENT-05406,Fernocalforge & Co,Talent Acquisition Manager,champion,adresse_perso,0,0,0
CON-043398,ENT-10434,MavilumConsulting SAS,Head of Talent Acquisition,buyer,sans_adresse,0,0,0
CON-033007,ENT-12040,NovahalPartners Group,Executive Assistant,bruit,adresse_perso,0,0,0
CON-002256,ENT-10478,MavinexData,People Ops Manager,champion,sans_adresse,1,0,2
CON-031250,ENT-08564,Ivorotasflow,Chief People Officer,buyer,sans_adresse,1,0,2
CON-069834,ENT-10275,Mavibelsoft,HR Officer,utilisateur,sans_adresse,1,0,2
CON-075644,ENT-13316,Perrilumimmo,,sans_titre,sans_adresse,1,0,2
CON-031739,ENT-00193,AltalumIndustries SARL,HR Manager,champion,adresse_perso,0,0,0
CON-029545,ENT-20450,ZephisolWorks SARL,HR Assistant,utilisateur,adresse_perso,0,0,0
CON-001527,ENT-09162,KelvihalMobility & Co,Executive Assistant,bruit,adresse_perso,0,0,0
CON-024581,ENT-18741,Vertiquimedia SA,Talent Acquisition Manager,champion,sans_adresse,0,0,0
CON-027973,ENT-12885,Ovalilexgroup SARL,Chargee de recrutement,utilisateur,adresse_perso,1,0,3
CON-036366,ENT-00772,Ardensolutions France,Talent Acquisition Manager,champion,sans_adresse,1,0,2
CON-024973,ENT-04958,Estevaviaworks & Co,HR Business Partner,champion,adresse_perso,0,0,0
CON-019653,ENT-19094,VespinexDigital SAS,CHRO,buyer,adresse_perso,1,0,3
CON-041679,ENT-04484,EderisolPartners SARL,,sans_titre,sans_adresse,1,0,1
CON-052568,ENT-14512,RapilexMedia SARL,Head of People,buyer,adresse_perso,0,0,0
CON-020359,ENT-10141,Lumirinenergie & Co,HR Intern,bruit,sans_adresse,0,0,0
CON-050107,ENT-01366,BelfogorRetail Group,Charge de recrutement,utilisateur,sans_adresse,1,0,2
CON-036554,ENT-07400,Heliobelconsulting SAS,Responsable Recrutement,champion,sans_adresse,0,0,0
CON-049893,ENT-13818,Primoquilogistics,HR Assistant,utilisateur,sans_adresse,0,0,0
CON-052159,ENT-03981,DorionexPharma,,sans_titre,sans_adresse,0,0,0
CON-063953,ENT-12221,NovasolForge SA,CHRO,buyer,sans_adresse,0,0,0
CON-000518,ENT-01493,Belfonextech,HR Manager,champion,adresse_perso,0,0,0
CON-032145,ENT-15564,Sereniviafinance & Co,Executive Assistant,bruit,sans_adresse,1,0,5
CON-045348,ENT-16061,StellafinImmo SARL,Talent Acquisition Specialist,utilisateur,sans_adresse,0,0,0
CON-027272,ENT-08470,Ivoropraconsulting SAS,Responsable Recrutement,champion,sans_adresse,1,0,6
CON-061235,ENT-14610,RapipraMobility,People Ops Manager,champion,sans_adresse,0,0,0
CON-035963,ENT-07352,HaldetasTech SAS,Talent Acquisition Manager,champion,adresse_perso,0,0,0
CON-067582,ENT-04908,EstevatasSolutions Group,HR Assistant,utilisateur,adresse_perso,0,0,0
CON-045130,ENT-05938,FlexilexMobility SAS,HR Manager,champion,sans_adresse,0,0,0
CON-026120,ENT-02751,CendraPartners SARL,HR Business Partner,champion,sans_adresse,0,0,0
CON-031551,ENT-08964,Juntosolworks SA,Office Manager,bruit,sans_adresse,0,0,0
CON-017509,ENT-01953,Brioquifinance,HR Assistant,utilisateur,adresse_perso,1,0,5
CON-056645,ENT-10067,Lumimartech France,HR Assistant,utilisateur,sans_adresse,0,0,0
CON-016938,ENT-02913,CendraviaServices SARL,HR Intern,bruit,adresse_perso,1,0,5
CON-029214,ENT-15090,Roccasolindustries Group,People Ops Coordinator,utilisateur,sans_adresse,0,0,0
CON-063195,ENT-00327,Altarinretail France,Talent Acquisition Specialist,utilisateur,adresse_perso,1,0,2
CON-048724,ENT-20402,ZephiquiSoft France,Charge de recrutement,utilisateur,sans_adresse,0,0,0
CON-042230,ENT-02930,CortibelLogic,HR Officer,utilisateur,adresse_perso,1,0,9
CON-065537,ENT-20314,Zephimarhub & Co,People Ops Manager,champion,sans_adresse,1,0,3
CON-057564,ENT-07585,Heliolumgroup Group,VP Human Resources,buyer,adresse_perso,0,0,0
CON-011629,ENT-06377,GallimarLabs,Head of HR Operations,buyer,sans_adresse,1,0,2
CON-057271,ENT-19578,Wallirinsoft,HR Assistant,utilisateur,adresse_perso,1,0,1
CON-004137,ENT-15416,Sereninexworks,HR Director,buyer,sans_adresse,1,0,2
CON-044738,ENT-02693,Cendralummobility,People Ops Coordinator,utilisateur,sans_adresse,0,0,0
CON-011089,ENT-18777,Vertisolconseil & Co,Chargee de recrutement,utilisateur,sans_adresse,0,0,0
CON-047587,ENT-09405,Kelviviadigital,Talent Acquisition Manager,champion,adresse_perso,0,0,0
CON-064972,ENT-12964,Ovalinexpharma Group,Head of Talent Acquisition,buyer,sans_adresse,0,0,0
CON-024084,ENT-17934,UlmirinPharma SA,Head of People,buyer,adresse_perso,0,0,0
CON-019043,ENT-06611,GrimobelTech SARL,HR Business Partner,champion,adresse_perso,1,0,2
CON-003705,ENT-03481,DelfilexSoft SAS,HRBP,champion,sans_adresse,0,0,0
CON-030776,ENT-02444,Cauritaslogistics,Head of Talent Acquisition,buyer,sans_adresse,0,0,0
CON-053721,ENT-01507,Belfopragroup,HR Intern,bruit,sans_adresse,1,0,3
CON-059631,ENT-02707,CendramarEnergie Group,HR Assistant,utilisateur,sans_adresse,1,0,2
CON-014120,ENT-13809,Primoquifinance & Co,HR Intern,bruit,adresse_perso,0,0,0
CON-024239,ENT-18573,Vertigorservices SA,Head of HR Operations,buyer,sans_adresse,0,0,0
CON-033105,ENT-06448,GalliquiFood SARL,People Ops Coordinator,utilisateur,adresse_perso,1,0,2
CON-035479,ENT-01088,AxiopraHub France,Charge de recrutement,utilisateur,adresse_perso,1,0,2
CON-071666,ENT-05860,FlexifinImmo France,HR Intern,bruit,sans_adresse,0,0,0
CON-000332,ENT-14056,Quantiforge,COO,buyer,sans_adresse,1,0,4
CON-050126,ENT-03926,DoriolumLogistics & Co,Head of Talent Acquisition,buyer,sans_adresse,1,0,1
CON-052968,ENT-11481,Neovialogistics,,sans_titre,sans_adresse,0,0,0
CON-066233,ENT-13816,Primoquilabs,HR Director,buyer,sans_adresse,0,0,0
CON-028287,ENT-03586,Delfiquigroup,HR Business Partner,champion,sans_adresse,1,0,5
CON-072805,ENT-03816,DoriofinMedia SAS,Charge de recrutement,utilisateur,sans_adresse,0,0,0
CON-070671,ENT-05162,FabrimarDynamics Group,Chargee de recrutement,utilisateur,adresse_perso,0,0,0
CON-010617,ENT-11899,NovabelDigital & Co,HR Manager,champion,adresse_perso,0,0,0
CON-009540,ENT-17586,Terravenlogic,Charge de recrutement,utilisateur,adresse_perso,0,0,0
CON-064169,ENT-01028,AxiolumMedia SAS,HR Assistant,utilisateur,sans_adresse,0,0,0
CON-026276,ENT-08294,IvorodorSoft France,,sans_titre,sans_adresse,1,0,2
CON-056891,ENT-08638,JuntobelFinance,Recruiter,utilisateur,adresse_perso,0,0,0
CON-042231,ENT-02930,CortibelLogic,Chargee de recrutement,utilisateur,adresse_perso,0,0,0
CON-050732,ENT-05563,FernolumLabs SA,HR Business Partner,champion,adresse_perso,0,0,0
CON-032859,ENT-14606,Rapipralab,Head of HR Operations,buyer,sans_adresse,0,0,0
CON-026183,ENT-10422,MavilexMobility,HR Assistant,utilisateur,adresse_perso,0,0,0
CON-032497,ENT-00679,ArdenpraData SARL,HR Intern,bruit,sans_adresse,0,0,0
CON-039623,ENT-13095,Ovalivenenergie,Chargee de recrutement,utilisateur,adresse_perso,0,0,0
CON-059404,ENT-18338,VectoquiSolutions Group,Executive Assistant,bruit,sans_adresse,0,0,0
CON-054262,ENT-07639,HelionexLogistics SAS,VP Human Resources,buyer,sans_adresse,1,0,2
CON-051224,ENT-05862,FlexifinLabs,Talent Acquisition Specialist,utilisateur,adresse_perso,1,0,2
CON-008525,ENT-00326,Altarinpharma France,,sans_titre,sans_adresse,0,0,0
CON-015182,ENT-09530,Lorrifintech & Co,,sans_titre,adresse_perso,0,0,0
CON-000061,ENT-09519,Lorrifinindustries Group,Chargee de recrutement,utilisateur,sans_adresse,0,0,0
CON-066964,ENT-04361,EderimarLabs SARL,HR Intern,bruit,sans_adresse,1,0,2
CON-037771,ENT-16046,Stelladorretail,HR Manager,champion,sans_adresse,1,0,1
CON-011000,ENT-19788,Yellogorlabs,Office Manager,bruit,sans_adresse,0,0,0
CON-013303,ENT-08009,IberilumPartners,HR Assistant,utilisateur,sans_adresse,1,0,5
CON-055420,ENT-16203,StellamarWorks SA,Chief People Officer,buyer,adresse_perso,0,0,0
CON-019750,ENT-19199,VespisolLabs & Co,VP People,buyer,adresse_perso,0,0,0
CON-005544,ENT-02186,Caurigordata,Chargee de recrutement,utilisateur,sans_adresse,0,0,0
CON-009288,ENT-09986,Lumihalfinance SAS,Head of HR Operations,buyer,sans_adresse,0,0,0
CON-062492,ENT-00854,AxiobelIndustries SARL,Head of HR Operations,buyer,sans_adresse,0,0,0
CON-042454,ENT-12793,Ovalidorworks,HR Manager,champion,adresse_perso,1,0,9
CON-068688,ENT-06273,GalliForge SA,Compensation & Benefits Manager,champion,adresse_perso,0,0,0
CON-003703,ENT-03481,DelfilexSoft SAS,Talent Acquisition Manager,champion,adresse_perso,1,0,3
CON-043247,ENT-09056,KelvibelTech France,HR Manager,champion,adresse_perso,0,0,0
CON-005651,ENT-15008,RoccaPharma SAS,Compensation & Benefits Manager,champion,sans_adresse,1,0,5
CON-009206,ENT-00954,AxiogorLogic,People Ops Manager,champion,adresse_perso,1,0,1
CON-015904,ENT-15388,SerenimarSolutions SARL,Recruiter,utilisateur,sans_adresse,0,0,0
CON-001528,ENT-09162,KelvihalMobility & Co,HR Intern,bruit,sans_adresse,0,0,0
CON-020026,ENT-16022,Stellaconseil SA,Talent Acquisition Specialist,utilisateur,sans_adresse,1,0,4
CON-062447,ENT-05892,Flexigorpartners SA,Charge de recrutement,utilisateur,sans_adresse,0,0,0
CON-030006,ENT-08731,Juntogordigital France,CHRO,buyer,sans_adresse,0,0,0
CON-041975,ENT-14399,RapicalWorks France,Charge de recrutement,utilisateur,sans_adresse,0,0,0
CON-071855,ENT-10753,MerifinLab,Chargee de recrutement,utilisateur,adresse_perso,0,0,0
CON-052641,ENT-07851,Ibericalretail,Chargee de recrutement,utilisateur,adresse_perso,0,0,0
CON-034657,ENT-16040,Stelladorlogic France,CHRO,buyer,adresse_perso,0,0,0
CON-022909,ENT-19754,Yellofinenergie,Talent Acquisition Specialist,utilisateur,sans_adresse,0,0,0
CON-004525,ENT-04926,Estevavenmobility SARL,Charge de recrutement,utilisateur,sans_adresse,0,0,0
CON-017478,ENT-03702,DelfivenSoft SAS,HR Assistant,utilisateur,adresse_perso,0,0,0
CON-074832,ENT-02313,Caurinexlab SA,Talent Acquisition Manager,champion,adresse_perso,1,1,3
CON-002844,ENT-05857,FlexifinFood SA,Responsable Recrutement,champion,adresse_perso,1,0,2
CON-014414,ENT-16392,StellaviaForge SARL,Head of Talent Acquisition,buyer,adresse_perso,0,0,0
CON-075998,ENT-05890,FlexigorLogic,,sans_titre,sans_adresse,0,0,0
CON-027690,ENT-08119,IberirinEnergie,HR Officer,utilisateur,adresse_perso,0,0,0
CON-015580,ENT-00890,Axiocalworks SARL,CHRO,buyer,sans_adresse,0,0,0
CON-011277,ENT-14324,QuantivenPharma,Talent Acquisition Manager,champion,sans_adresse,0,0,0
CON-043170,ENT-05818,FlexicalSoft,Directrice RH,buyer,sans_adresse,1,0,5
CON-058363,ENT-03592,Delfiquiretail SAS,HR Business Partner,champion,sans_adresse,0,0,0
CON-023024,ENT-05721,Fernotasflow,Talent Acquisition Specialist,utilisateur,sans_adresse,0,0,0
CON-028030,ENT-07598,HeliolumSystems France,HRBP,champion,sans_adresse,0,0,0
CON-020488,ENT-19151,Vespiquimobility France,Charge de recrutement,utilisateur,adresse_perso,0,0,0
CON-042062,ENT-17108,TalorinServices Group,People Ops Coordinator,utilisateur,sans_adresse,1,0,1
CON-001922,ENT-19942,Yellopramedia & Co,,sans_titre,adresse_perso,1,0,9
CON-012570,ENT-14017,Quantidormobility France,HR Intern,bruit,adresse_perso,0,0,0
CON-068434,ENT-00053,AltaData,Compensation & Benefits Manager,champion,sans_adresse,0,0,0
CON-010307,ENT-08398,IvorolumData Group,CHRO,buyer,sans_adresse,0,0,0
CON-013295,ENT-03764,Doriocalservices,Chargee de recrutement,utilisateur,sans_adresse,0,0,0
CON-000393,ENT-00755,ArdensolEnergie,Head of HR Operations,buyer,sans_adresse,0,0,0
CON-066507,ENT-01788,BriogorSoft,Compensation & Benefits Manager,champion,sans_adresse,0,0,0
CON-001696,ENT-00912,Axiodorservices SA,HR Business Partner,champion,sans_adresse,1,0,4
CON-025057,ENT-06285,GalligorLogic SAS,,sans_titre,sans_adresse,0,0,0
CON-006646,ENT-13332,Perrimarfood SAS,Responsable Recrutement,champion,adresse_perso,0,0,0
CON-020709,ENT-03983,Dorionexservices & Co,Executive Assistant,bruit,sans_adresse,0,0,0
CON-060879,ENT-13388,Perripramedia SARL,Charge de recrutement,utilisateur,sans_adresse,0,0,0
CON-037797,ENT-05069,Fabrigorflow SAS,HR Intern,bruit,sans_adresse,0,0,0
CON-014955,ENT-12819,OvalifinTech Group,HR Business Partner,champion,sans_adresse,1,0,3
CON-005348,ENT-17154,Talotaspartners,Executive Assistant,bruit,sans_adresse,1,0,3
CON-067379,ENT-07719,Heliosolflow,HR Business Partner,champion,sans_adresse,0,0,0
CON-044672,ENT-14038,QuantifinGroup Group,Head of HR Operations,buyer,sans_adresse,0,0,0
CON-037683,ENT-13645,PrimogorEnergie,VP People,buyer,sans_adresse,1,0,4
CON-015957,ENT-05100,FabrihalMobility SARL,Executive Assistant,bruit,sans_adresse,0,0,0
CON-027265,ENT-00123,Altagorlogic,CHRO,buyer,sans_adresse,0,0,0
CON-046207,ENT-12461,Optilexconseil France,Talent Acquisition Manager,champion,sans_adresse,1,0,5
CON-043121,ENT-01232,Axioviaimmo,HR Intern,bruit,adresse_perso,1,0,4
CON-071550,ENT-09275,KelvipraImmo,Chargee de recrutement,utilisateur,sans_adresse,0,0,0
CON-055232,ENT-07269,Haldequilabs Group,Office Manager,bruit,adresse_perso,1,0,2
CON-021030,ENT-04313,Ederilexgroup Group,Head of Talent Acquisition,buyer,sans_adresse,0,0,0
CON-033530,ENT-02434,Cauritasenergie,Compensation & Benefits Manager,champion,sans_adresse,0,0,0
CON-076027,ENT-17641,UlmicalDigital SA,,sans_titre,adresse_perso,0,0,0
CON-035862,ENT-06760,GrimolexWorks,HR Officer,utilisateur,adresse_perso,0,0,0
CON-001230,ENT-03929,DoriolumPartners & Co,Responsable Recrutement,champion,sans_adresse,1,1,3
CON-045999,ENT-02639,CendrahalLogic SARL,HR Intern,bruit,adresse_perso,0,0,0
CON-071493,ENT-04033,Dorioquitech SA,CEO,buyer,adresse_perso,0,0,0
CON-044939,ENT-13500,Perrivenfood Group,Talent Acquisition Manager,champion,adresse_perso,0,0,0
CON-051382,ENT-06211,Gallicalmobility,Responsable Recrutement,champion,adresse_perso,0,0,0
CON-071819,ENT-15142,RoccavenForge,Responsable Recrutement,champion,adresse_perso,0,0,0
CON-063628,ENT-04517,EderivenData,HR Assistant,utilisateur,sans_adresse,0,0,0
CON-003938,ENT-07899,IberifinIndustries Group,Directeur RH,buyer,adresse_perso,0,0,0
CON-015576,ENT-04544,EderiviaFlow & Co,HR Officer,utilisateur,adresse_perso,0,0,0
CON-010922,ENT-12942,OvalimarRetail,Charge de recrutement,utilisateur,sans_adresse,1,0,5
CON-023976,ENT-11058,Merivensolutions,Chargee de recrutement,utilisateur,sans_adresse,1,1,13
CON-069672,ENT-01802,BriohalGroup France,VP Human Resources,buyer,sans_adresse,0,0,0
CON-044279,ENT-01919,BrionexSolutions,Talent Acquisition Specialist,utilisateur,sans_adresse,0,0,0
CON-041482,ENT-19524,WallipraIndustries SA,Head of HR Operations,buyer,adresse_perso,1,0,8
CON-056969,ENT-19406,Wallihalindustries,People Ops Coordinator,utilisateur,sans_adresse,1,0,5
CON-018283,ENT-16025,StellaDigital SAS,,sans_titre,sans_adresse,0,0,0
CON-043199,ENT-09733,LorriquiWorks Group,VP People,buyer,sans_adresse,1,0,2
CON-062004,ENT-00677,Ardenpraconseil France,Executive Assistant,bruit,adresse_perso,0,0,0
CON-038667,ENT-19248,VespivenRetail SARL,Head of HR Operations,buyer,sans_adresse,0,0,0
CON-058869,ENT-03382,DelfiEnergie France,HR Intern,bruit,adresse_perso,1,0,3
CON-042875,ENT-06830,Grimopartners,HR Intern,bruit,sans_adresse,0,0,0
CON-062250,ENT-07442,Heliocalpharma SAS,Recruiter,utilisateur,adresse_perso,0,0,0
CON-028385,ENT-01684,BriobelSolutions SA,Recruiter,utilisateur,sans_adresse,0,0,0
CON-055969,ENT-05457,FernofinForge,HRBP,champion,adresse_perso,0,0,0
CON-019864,ENT-07646,HelionexTech SAS,HR Officer,utilisateur,adresse_perso,0,0,0
CON-018554,ENT-04826,EstevaquiLogic SA,People Ops Coordinator,utilisateur,adresse_perso,0,0,0
CON-045103,ENT-07569,Heliolexlogistics SA,Chargee de recrutement,utilisateur,sans_adresse,0,0,0
CON-042233,ENT-13648,Primogorfood,HR Assistant,utilisateur,adresse_perso,1,0,3
CON-010605,ENT-19625,Wallitaspharma France,People Ops Manager,champion,sans_adresse,0,0,0
CON-045316,ENT-11461,NeovenLabs,HRBP,champion,adresse_perso,1,0,1
CON-013661,ENT-05358,Fabriviadata & Co,Chargee de recrutement,utilisateur,sans_adresse,0,0,0
CON-034352,ENT-18073,VectocalLogistics Group,VP People,buyer,adresse_perso,0,0,0
CON-031757,ENT-14913,RoccalexConseil SAS,HR Business Partner,champion,adresse_perso,0,0,0
CON-040512,ENT-16336,Stellasystems SARL,Head of Talent Acquisition,buyer,sans_adresse,0,0,0
CON-046942,ENT-17896,Ulmiquiconseil France,HR Business Partner,champion,adresse_perso,0,0,0
CON-022636,ENT-16275,StellaquiPartners,Recruiter,utilisateur,sans_adresse,0,0,0
CON-008803,ENT-04653,Estevagorconsulting,Responsable Recrutement,champion,sans_adresse,0,0,0
CON-031882,ENT-14682,Rapisolworks & Co,Chargee de recrutement,utilisateur,sans_adresse,1,0,4
CON-010625,ENT-04925,Estevavenmedia,Head of HR Operations,buyer,sans_adresse,1,0,7
CON-050048,ENT-17549,TerrasolWorks,Chief People Officer,buyer,adresse_perso,0,0,0
CON-007269,ENT-03643,Delfisollogistics & Co,Recruiter,utilisateur,sans_adresse,1,0,7
CON-004717,ENT-02542,Cendracalpharma & Co,People Ops Manager,champion,sans_adresse,0,0,0
CON-019102,ENT-01186,AxiotasLab,Talent Acquisition Specialist,utilisateur,sans_adresse,0,0,0
CON-042149,ENT-14979,RoccamarSystems,Head of HR Operations,buyer,sans_adresse,1,0,8
CON-058955,ENT-19803,Yellohaldigital,HR Intern,bruit,adresse_perso,0,0,0
CON-018510,ENT-18235,VectolumLogistics,COO,buyer,sans_adresse,0,0,0
CON-071836,ENT-06814,GrimonexEnergie Group,HR Officer,utilisateur,sans_adresse,0,0,0
CON-003824,ENT-13221,Perrifinmobility & Co,Charge de recrutement,utilisateur,adresse_perso,0,0,0
CON-054902,ENT-17761,Ulmihalmedia SA,People Ops Manager,champion,adresse_perso,1,0,4
CON-045619,ENT-12856,Ovalihalgroup SA,HR Manager,champion,sans_adresse,0,0,0
CON-054931,ENT-03549,Delfinexmobility & Co,Head of HR Operations,buyer,adresse_perso,1,0,1
CON-010194,ENT-17447,TerranexLogic,HR Director,buyer,adresse_perso,0,0,0
CON-027344,ENT-06188,GallibelLogistics Group,Head of Talent Acquisition,buyer,adresse_perso,1,0,6
CON-023130,ENT-12388,Optifinindustries SAS,HR Assistant,utilisateur,adresse_perso,0,0,0
CON-027828,ENT-01555,Belforinforge & Co,People Ops Manager,champion,sans_adresse,1,0,3
CON-050309,ENT-05209,Fabrinexworks SA,HR Intern,bruit,sans_adresse,1,0,5
CON-072875,ENT-19878,Yellomardata,,sans_titre,sans_adresse,0,0,0
CON-049839,ENT-18107,VectodorPartners,Office Manager,bruit,adresse_perso,0,0,0
CON-018117,ENT-01207,Axiovenforge,Head of HR Operations,buyer,adresse_perso,0,0,0
CON-055806,ENT-05016,FabridorHub & Co,HRBP,champion,adresse_perso,1,0,6
CON-018995,ENT-19938,YellopraLab,HRBP,champion,adresse_perso,1,0,2
CON-002553,ENT-05992,Flexinexenergie Group,Office Manager,bruit,sans_adresse,1,0,3
CON-023537,ENT-16303,Stellarinpharma,Recruiter,utilisateur,sans_adresse,1,0,2
CON-006146,ENT-04356,EderimarFood,Charge de recrutement,utilisateur,sans_adresse,1,1,3
CON-035409,ENT-03919,DoriolumForge,Executive Assistant,bruit,sans_adresse,0,0,0
CON-050955,ENT-12220,Novasolfood SARL,HR Assistant,utilisateur,sans_adresse,0,0,0
CON-072210,ENT-02001,Briosolfinance France,HR Assistant,utilisateur,sans_adresse,0,0,0
CON-025767,ENT-16223,Stellanexmedia Group,Chief People Officer,buyer,sans_adresse,0,0,0
CON-012508,ENT-18660,VertimarDigital,Chief People Officer,buyer,adresse_perso,1,0,5
CON-061724,ENT-14317,QuantivenIndustries,Office Manager,bruit,sans_adresse,1,0,2
CON-030368,ENT-05114,Fabrilexdynamics SARL,Executive Assistant,bruit,sans_adresse,0,0,0
CON-031651,ENT-09880,LumicalForge,COO,buyer,adresse_perso,0,0,0
CON-051288,ENT-00891,Axioconseil France,HRBP,champion,sans_adresse,1,1,6
CON-027557,ENT-05055,FabrifinSolutions SA,Compensation & Benefits Manager,champion,adresse_perso,0,0,0
CON-001440,ENT-18452,VectoviaSystems,HR Officer,utilisateur,adresse_perso,1,0,4
CON-037541,ENT-13566,PrimocalFinance,CHRO,buyer,sans_adresse,0,0,0
CON-048101,ENT-02070,BrioviaDigital France,Office Manager,bruit,adresse_perso,0,0,0
CON-033772,ENT-02128,CauriData SA,Recruiter,utilisateur,sans_adresse,0,0,0
CON-074788,ENT-18596,Vertihalpartners,Recruiter,utilisateur,sans_adresse,0,0,0
CON-072500,ENT-12417,OptigorIndustries,People Ops Manager,champion,sans_adresse,1,0,4
CON-044479,ENT-10078,LuminexImmo France,HR Manager,champion,sans_adresse,0,0,0
CON-065162,ENT-10367,Mavigorlab & Co,HR Intern,bruit,sans_adresse,0,0,0
CON-044839,ENT-10140,Lumirindata & Co,HR Director,buyer,adresse_perso,0,0,0
CON-039362,ENT-19595,Wallisolindustries SA,Head of HR Operations,buyer,sans_adresse,0,0,0
CON-062208,ENT-00574,Ardenhalpharma,HR Assistant,utilisateur,adresse_perso,0,0,0
CON-071959,ENT-09717,LorriquiFood,HR Officer,utilisateur,adresse_perso,1,0,6
CON-054095,ENT-19041,VespiLogic,People Ops Manager,champion,sans_adresse,0,0,0
CON-075802,ENT-06605,Grimobelpartners SA,HRBP,champion,adresse_perso,0,0,1
CON-017458,ENT-10859,MerilumRetail,HR Intern,bruit,sans_adresse,0,0,0
CON-026776,ENT-02063,BriovenServices,Talent Acquisition Specialist,utilisateur,adresse_perso,0,0,0
CON-015522,ENT-03606,Delfirinfinance Group,HRBP,champion,sans_adresse,0,0,0
CON-001391,ENT-15132,Roccatech France,Office Manager,bruit,adresse_perso,0,0,0
CON-058862,ENT-05003,Fabricaltech SA,Charge de recrutement,utilisateur,adresse_perso,0,0,0
CON-039632,ENT-11512,NordibelSolutions & Co,Talent Acquisition Manager,champion,adresse_perso,0,0,0
CON-022829,ENT-14117,Quantilexlogistics SA,People Ops Coordinator,utilisateur,sans_adresse,0,0,0
CON-074806,ENT-16536,Sylvahallab SARL,Head of HR Operations,buyer,adresse_perso,0,0,0
CON-065174,ENT-11215,Neohalpharma,Executive Assistant,bruit,adresse_perso,0,0,0
CON-065627,ENT-16767,SylvavenPartners,Head of Talent Acquisition,buyer,adresse_perso,0,0,0
CON-062571,ENT-14200,QUANTIPRAENERGIE,HR Intern,bruit,adresse_perso,0,0,0
CON-032971,ENT-01251,Belfobeldynamics SA,Talent Acquisition Specialist,utilisateur,adresse_perso,0,0,0
CON-006993,ENT-14891,RoccahalHub SA,Chief People Officer,buyer,sans_adresse,0,0,0
CON-010735,ENT-00185,Altalogistics & Co,Chargee de recrutement,utilisateur,sans_adresse,0,0,0
CON-013101,ENT-10565,Mavirinpartners SARL,Responsable Recrutement,champion,adresse_perso,1,0,9
CON-008938,ENT-12956,OvalinexFlow & Co,Talent Acquisition Specialist,utilisateur,adresse_perso,0,0,0
CON-027633,ENT-05804,FlexicalDynamics France,Responsable Recrutement,champion,sans_adresse,1,0,7
CON-021197,ENT-08030,IberimarMedia,Compensation & Benefits Manager,champion,sans_adresse,0,0,0
CON-014209,ENT-05230,FabripraServices SA,People Ops Coordinator,utilisateur,sans_adresse,0,0,0
CON-009172,ENT-08870,JuntoPharma & Co,Recruiter,utilisateur,sans_adresse,0,0,0
CON-047329,ENT-16360,StellavenConseil SAS,HR Officer,utilisateur,sans_adresse,0,0,0
CON-061466,ENT-10504,Mavipraconseil SAS,HRBP,champion,sans_adresse,0,0,0
CON-076340,ENT-12323,OPTIBELSYSTEMS,Charge de recrutement,utilisateur,adresse_perso,0,0,0
CON-048527,ENT-18563,Vertigorforge & Co,Head of HR Operations,buyer,adresse_perso,0,0,0
CON-037409,ENT-11651,Nordilexmobility SA,HRBP,champion,sans_adresse,0,0,0
CON-003115,ENT-19865,YellolumLabs Group,Office Manager,bruit,adresse_perso,0,0,0
CON-013253,ENT-09507,Lorrifinance France,,sans_titre,sans_adresse,1,0,3
CON-035295,ENT-02940,Corticalconsulting SARL,Talent Acquisition Manager,champion,sans_adresse,1,1,7
CON-016122,ENT-15997,Stellabelservices & Co,HR Assistant,utilisateur,sans_adresse,0,0,0
CON-015672,ENT-01782,Briogorlogic SAS,Responsable Recrutement,champion,sans_adresse,0,0,0
CON-054150,ENT-15724,SolilexDigital SARL,Charge de recrutement,utilisateur,sans_adresse,0,0,0
CON-026818,ENT-00718,ArdenquiSystems,Executive Assistant,bruit,adresse_perso,1,0,1
CON-044189,ENT-09606,LorriLogic,HR Assistant,utilisateur,sans_adresse,0,0,0
CON-018081,ENT-06246,Gallidynamics,Office Manager,bruit,sans_adresse,0,0,0
CON-074463,ENT-17269,Terradorlogic,Compensation & Benefits Manager,champion,adresse_perso,1,0,2
CON-074247,ENT-17159,TalotasSystems SAS,COO,buyer,adresse_perso,1,0,2
CON-029614,ENT-02396,CauririnSolutions SA,Recruiter,utilisateur,adresse_perso,0,0,0
CON-046322,ENT-13168,PerricalLabs SARL,Chargee de recrutement,utilisateur,adresse_perso,0,0,0
CON-038947,ENT-10404,Maviimmo,Chargee de recrutement,utilisateur,sans_adresse,1,0,3
CON-031178,ENT-11300,Neonexconseil France,Recruiter,utilisateur,adresse_perso,0,0,0
CON-021173,ENT-09630,LorrilumSoft,Executive Assistant,bruit,sans_adresse,1,0,2
CON-067540,ENT-09381,Kelvivenconsulting Group,HR Manager,champion,sans_adresse,1,1,2
CON-000052,ENT-05096,FabrihalImmo France,Talent Acquisition Specialist,utilisateur,adresse_perso,1,0,6
CON-064584,ENT-14617,RapipraTech SA,Directeur RH,buyer,sans_adresse,1,0,2
CON-067443,ENT-08512,IvororinConsulting Group,,sans_titre,adresse_perso,0,0,0
CON-012543,ENT-12349,Opticonsulting SA,CHRO,buyer,adresse_perso,0,0,0
CON-031039,ENT-14175,QuantinexDynamics SA,HRBP,champion,sans_adresse,1,1,3
CON-061935,ENT-05865,Flexifinmobility & Co,Chargee de recrutement,utilisateur,adresse_perso,1,0,9
CON-004569,ENT-00887,Axiocalservices,People Ops Coordinator,utilisateur,sans_adresse,0,0,0
CON-011504,ENT-03089,Cortilogistics,HR Business Partner,champion,adresse_perso,0,0,0
CON-063879,ENT-02454,CauritasWorks,People Ops Manager,champion,sans_adresse,0,0,0
CON-070752,ENT-13644,PrimogorDynamics & Co,Compensation & Benefits Manager,champion,sans_adresse,1,1,6
CON-032720,ENT-11389,Neorinmobility,Office Manager,bruit,adresse_perso,0,0,0
CON-009959,ENT-18015,Ulmiviadata,HR Business Partner,champion,adresse_perso,1,0,8
CON-036693,ENT-13365,PerrinexLogistics SAS,Executive Assistant,bruit,sans_adresse,0,0,0
CON-046663,ENT-06207,Gallicalindustries SA,COO,buyer,adresse_perso,1,0,1
CON-005370,ENT-19432,Wallilexlogic,Charge de recrutement,utilisateur,sans_adresse,0,0,0
CON-065349,ENT-16523,SylvaGroup SA,COO,buyer,sans_adresse,1,0,3
CON-008051,ENT-00075,Altadorsolutions,Chargee de recrutement,utilisateur,adresse_perso,1,0,5
CON-067563,ENT-12750,Ovalicalforge Group,HR Assistant,utilisateur,sans_adresse,0,0,0
CON-059291,ENT-11080,Meriviasoft France,People Ops Coordinator,utilisateur,adresse_perso,0,0,0
CON-064861,ENT-06078,Flexirinservices France,HR Intern,bruit,sans_adresse,0,0,0
CON-067068,ENT-17994,UlmivenDigital,HRBP,champion,adresse_perso,1,0,7
CON-026898,ENT-16072,Stellafinservices SAS,People Ops Manager,champion,sans_adresse,1,0,5
CON-006611,ENT-07406,HeliobelFlow SA,People Ops Coordinator,utilisateur,adresse_perso,0,0,0
CON-068419,ENT-18697,VertinexMedia France,People Ops Manager,champion,sans_adresse,0,0,0
CON-074042,ENT-10813,MerihalSystems,Talent Acquisition Specialist,utilisateur,adresse_perso,0,0,0
CON-015982,ENT-00372,Altataslogic SAS,HR Officer,utilisateur,adresse_perso,0,0,0
CON-054681,ENT-15475,Serenirinforge SAS,Head of People,buyer,sans_adresse,1,0,1
CON-072486,ENT-07928,Iberigormedia,HRBP,champion,adresse_perso,0,0,0
CON-069349,ENT-17913,UlmiquiPharma,HR Business Partner,champion,adresse_perso,0,0,0
CON-033558,ENT-09799,Lorritasservices,Recruiter,utilisateur,sans_adresse,0,0,0
CON-001897,ENT-09658,LorriMedia France,Talent Acquisition Specialist,utilisateur,sans_adresse,1,0,6
CON-046943,ENT-18191,Vectohub,Charge de recrutement,utilisateur,sans_adresse,1,0,5
CON-067531,ENT-08079,Iberipralabs,Directrice RH,buyer,adresse_perso,0,0,0
CON-027068,ENT-13859,PrimosolFinance,HR Business Partner,champion,adresse_perso,0,0,0
CON-023553,ENT-16728,Sylvasolutions France,HR Assistant,utilisateur,sans_adresse,0,0,0
CON-074319,ENT-08227,IvorobelDynamics SA,HR Officer,utilisateur,adresse_perso,0,0,0
CON-062672,ENT-12570,Optiprapharma Group,Head of HR Operations,buyer,sans_adresse,0,0,0
CON-057430,ENT-09193,KelvilexRetail,Compensation & Benefits Manager,champion,sans_adresse,0,0,0
CON-043322,ENT-13863,Primosolgroup,Chargee de recrutement,utilisateur,adresse_perso,0,0,0
CON-009372,ENT-19122,VespipraFood France,Charge de recrutement,utilisateur,adresse_perso,1,0,2
CON-025508,ENT-18310,VectopraPartners Group,Head of HR Operations,buyer,sans_adresse,1,0,9
CON-070089,ENT-16736,SylvatasFinance SAS,Responsable Recrutement,champion,adresse_perso,0,0,0
CON-015666,ENT-02098,Cauribelretail SA,HRBP,champion,adresse_perso,1,0,6
CON-074654,ENT-02514,Cendrabellogic & Co,Responsable Recrutement,champion,sans_adresse,1,0,5
CON-049675,ENT-16016,StellacalMobility SAS,Chief People Officer,buyer,sans_adresse,0,0,0
CON-014964,ENT-08492,IvoropraSystems,Chargee de recrutement,utilisateur,adresse_perso,0,0,0
CON-000151,ENT-19269,Vespiviamedia,Chargee de recrutement,utilisateur,adresse_perso,0,0,0
CON-074337,ENT-07240,Haldepraflow,VP People,buyer,sans_adresse,0,0,0
CON-042430,ENT-06912,GrimosolImmo,Talent Acquisition Specialist,utilisateur,sans_adresse,0,0,0
CON-024818,ENT-16042,StelladorMedia,Head of Talent Acquisition,buyer,adresse_perso,0,0,0
CON-034518,ENT-04683,Estevahalgroup SA,HR Assistant,utilisateur,adresse_perso,0,0,0
CON-053206,ENT-01620,BelfovenData,HR Business Partner,champion,adresse_perso,0,0,0
CON-057932,ENT-07226,HaldenexPharma SAS,,sans_titre,adresse_perso,0,0,0
CON-039477,ENT-07746,HeliotasHub SAS,Office Manager,bruit,sans_adresse,0,0,0
CON-045059,ENT-08311,Ivorofinindustries Group,People Ops Coordinator,utilisateur,sans_adresse,0,0,0
CON-060218,ENT-14816,RoccadorImmo,Recruiter,utilisateur,adresse_perso,0,0,0
CON-024048,ENT-12076,NovalumEnergie France,,sans_titre,adresse_perso,0,0,0
CON-008560,ENT-06361,Gallilumpharma Group,Charge de recrutement,utilisateur,sans_adresse,0,0,0
CON-039242,ENT-18355,VectorinPharma Group,People Ops Manager,champion,adresse_perso,0,0,0
CON-051839,ENT-14665,RapiServices Group,People Ops Coordinator,utilisateur,sans_adresse,0,0,0
CON-055289,ENT-09659,Lorrimobility France,Talent Acquisition Manager,champion,adresse_perso,0,0,0
CON-061815,ENT-00089,Altafinforge,Head of Talent Acquisition,buyer,sans_adresse,0,0,0
CON-028582,ENT-16991,Talolummobility France,VP People,buyer,adresse_perso,1,0,5
CON-001728,ENT-12415,OptigorHub France,Talent Acquisition Specialist,utilisateur,adresse_perso,0,0,0
CON-045516,ENT-01908,Brionexfood France,Head of HR Operations,buyer,adresse_perso,1,0,3
CON-018827,ENT-17309,TerragorConsulting Group,People Ops Coordinator,utilisateur,adresse_perso,0,0,0
CON-073348,ENT-07568,Heliolexlogic SA,Directeur RH,buyer,sans_adresse,1,0,1
CON-056322,ENT-10395,Mavihalpartners,CEO,buyer,sans_adresse,1,0,9
CON-031243,ENT-20309,ZephimarFinance,Office Manager,bruit,sans_adresse,0,0,0
CON-026148,ENT-10974,Meririnfood SARL,HR Assistant,utilisateur,sans_adresse,0,0,0
CON-048695,ENT-09045,KelvibelImmo SARL,HR Officer,utilisateur,adresse_perso,0,0,0
CON-031425,ENT-05400,Fernocalconseil SA,HR Director,buyer,sans_adresse,0,0,0
CON-045095,ENT-18671,VertimarLabs,HR Manager,champion,sans_adresse,1,0,3
CON-013805,ENT-02440,Cauritasimmo,Compensation & Benefits Manager,champion,adresse_perso,0,0,0
CON-012805,ENT-12101,Novamarforge SAS,,sans_titre,adresse_perso,0,0,0
CON-046655,ENT-17864,Ulminexlogic,HRBP,champion,adresse_perso,0,0,0
CON-022783,ENT-07534,HeliohalEnergie,Charge de recrutement,utilisateur,sans_adresse,0,0,0
CON-034799,ENT-12014,NovagorMedia,HR Intern,bruit,adresse_perso,0,0,0
CON-021001,ENT-10798,Merihalflow,Talent Acquisition Manager,champion,sans_adresse,0,0,0
CON-042481,ENT-05066,FabrigorDynamics,Talent Acquisition Manager,champion,adresse_perso,1,0,5
CON-009552,ENT-04434,EderiquiLogistics & Co,HR Officer,utilisateur,adresse_perso,0,0,0
CON-047933,ENT-10071,Luminexconseil,HR Intern,bruit,sans_adresse,0,0,0
CON-036797,ENT-01275,BelfocalFinance SA,Head of Talent Acquisition,buyer,sans_adresse,1,0,6
CON-036854,ENT-00251,Altanexretail SAS,Recruiter,utilisateur,sans_adresse,1,0,2
CON-035185,ENT-04147,Dorioviamedia Group,HR Intern,bruit,adresse_perso,0,0,0
CON-044952,ENT-10689,MeribelMedia Group,Talent Acquisition Specialist,utilisateur,sans_adresse,1,0,2
CON-003904,ENT-06471,Gallirinfood,Talent Acquisition Manager,champion,adresse_perso,0,0,0
CON-061808,ENT-12708,Optiviapharma SA,Charge de recrutement,utilisateur,sans_adresse,1,0,1
CON-058185,ENT-08561,IvorotasDynamics,HR Director,buyer,sans_adresse,0,0,0
CON-030757,ENT-00355,AltasolTech,Compensation & Benefits Manager,champion,sans_adresse,0,0,0
CON-049346,ENT-17905,UlmiquiHub,Recruiter,utilisateur,adresse_perso,1,0,5
CON-009523,ENT-14193,Quantipartners SAS,HR Manager,champion,sans_adresse,1,0,4
CON-066880,ENT-03185,CortiquiEnergie SA,HR Intern,bruit,sans_adresse,0,0,0
CON-016557,ENT-05767,Fernoviaforge & Co,COO,buyer,adresse_perso,1,0,3
CON-065711,ENT-00370,AltatasLab SARL,Recruiter,utilisateur,sans_adresse,1,0,1
CON-003334,ENT-15323,Serenilab,Responsable Recrutement,champion,sans_adresse,0,0,0
CON-056135,ENT-17218,TerrabelDigital Group,Chargee de recrutement,utilisateur,adresse_perso,1,0,8
CON-040574,ENT-05478,FernogorData SA,HR Intern,bruit,sans_adresse,0,0,0
CON-045465,ENT-14210,Quantipralogistics France,Talent Acquisition Manager,champion,sans_adresse,0,0,0
CON-010672,ENT-03975,DorionexIndustries SAS,,sans_titre,sans_adresse,0,0,0
CON-070036,ENT-12528,OptinexData Group,People Ops Manager,champion,adresse_perso,0,0,0
CON-004100,ENT-09499,LorridorPharma,HRBP,champion,adresse_perso,0,0,0
CON-006177,ENT-19858,Yellolumfinance SAS,,sans_titre,adresse_perso,0,0,0
CON-050805,ENT-11234,NeolexImmo,HR Manager,champion,sans_adresse,1,0,2
CON-072721,ENT-19183,Vespirinsystems France,Recruiter,utilisateur,adresse_perso,0,0,0
CON-052908,ENT-17258,TerradorDigital & Co,Head of HR Operations,buyer,sans_adresse,0,0,0
CON-044105,ENT-17595,Terravenworks France,Compensation & Benefits Manager,champion,sans_adresse,0,0,0
CON-042074,ENT-05394,FernobelPartners & Co,,sans_titre,sans_adresse,1,0,4
CON-068653,ENT-17187,TalovenWorks,HR Manager,champion,sans_adresse,0,0,0
CON-009183,ENT-09461,Lorricalgroup SA,HR Intern,bruit,adresse_perso,0,0,0
CON-027611,ENT-12796,Ovalifinance & Co,Chargee de recrutement,utilisateur,sans_adresse,0,0,0
CON-054156,ENT-06533,GallitasRetail,Head of Talent Acquisition,buyer,adresse_perso,0,0,0
CON-022307,ENT-07133,HaldeHub France,Responsable Recrutement,champion,sans_adresse,0,0,0
CON-050406,ENT-14227,Quantiquilabs,Executive Assistant,bruit,adresse_perso,1,0,6
CON-059431,ENT-12516,OptimarLogistics SA,People Ops Coordinator,utilisateur,sans_adresse,1,0,8
CON-005389,ENT-00263,Altapraenergie SARL,Recruiter,utilisateur,sans_adresse,0,0,0
CON-031589,ENT-19457,Wallilummedia SARL,HR Officer,utilisateur,adresse_perso,0,0,0
CON-006953,ENT-04806,EstevapraLogistics,Chargee de recrutement,utilisateur,sans_adresse,0,0,0
CON-030188,ENT-06459,GalliquiPartners,Talent Acquisition Manager,champion,sans_adresse,0,0,0
CON-004860,ENT-01334,BelfofinLabs,Head of HR Operations,buyer,sans_adresse,1,0,2
CON-056997,ENT-10860,MerilumSoft,Talent Acquisition Manager,champion,sans_adresse,0,0,0
CON-072272,ENT-00997,AxiolexFinance SARL,Chargee de recrutement,utilisateur,sans_adresse,0,0,0
CON-047066,ENT-01016,AxiolumConsulting Group,HRBP,champion,adresse_perso,1,0,2
CON-047826,ENT-13602,PrimodorIndustries SARL,HR Intern,bruit,adresse_perso,0,0,0
CON-002429,ENT-09105,KelvidorTech SA,Executive Assistant,bruit,sans_adresse,0,0,0
CON-061337,ENT-18446,VectoviaLabs,Executive Assistant,bruit,adresse_perso,1,0,2
CON-072442,ENT-01112,Axioquihub SARL,,sans_titre,adresse_perso,1,0,1
CON-035048,ENT-00698,Ardenquiconseil SARL,Directeur RH,buyer,adresse_perso,0,0,0
CON-045629,ENT-12771,Ovalidorconseil,HR Business Partner,champion,adresse_perso,1,0,4
CON-065970,ENT-15486,Serenirinsoft Group,Head of HR Operations,buyer,adresse_perso,1,0,6
CON-059812,ENT-05678,FernorinIndustries,HR Business Partner,champion,adresse_perso,1,0,4
CON-018479,ENT-10820,Merilexconseil France,Compensation & Benefits Manager,champion,adresse_perso,1,0,2
CON-074298,ENT-16194,StellamarMedia SAS,CHRO,buyer,adresse_perso,0,0,0
CON-044594,ENT-09894,LumicalWorks,Talent Acquisition Specialist,utilisateur,sans_adresse,0,0,0
CON-030944,ENT-02911,CendraviaPharma,HR Manager,champion,sans_adresse,0,0,0
CON-004643,ENT-10001,LumiImmo,Talent Acquisition Specialist,utilisateur,adresse_perso,1,0,2
CON-015585,ENT-20165,ZephidorSolutions SA,Recruiter,utilisateur,sans_adresse,0,0,0
CON-021412,ENT-06865,Grimoquilab Group,HR Officer,utilisateur,adresse_perso,1,1,5
CON-028238,ENT-12836,Ovaligorlogic,Head of Talent Acquisition,buyer,adresse_perso,0,0,0
CON-029779,ENT-20327,ZephiMedia SA,Head of HR Operations,buyer,adresse_perso,1,0,1
CON-075089,ENT-10312,Mavidordigital Group,Head of Talent Acquisition,buyer,adresse_perso,1,0,4
CON-062096,ENT-08537,Ivorosolflow,People Ops Manager,champion,sans_adresse,0,0,0
CON-005325,ENT-05630,FernopraHub France,Talent Acquisition Manager,champion,adresse_perso,0,0,0
CON-029683,ENT-15167,Roccavialabs Group,HR Business Partner,champion,adresse_perso,0,0,0
CON-000904,ENT-11748,NordipraSolutions Group,Office Manager,bruit,sans_adresse,0,0,0
CON-068925,ENT-11001,Merisollab Group,Chargee de recrutement,utilisateur,sans_adresse,0,0,0
CON-009478,ENT-10926,MeripraHub France,Charge de recrutement,utilisateur,sans_adresse,1,1,4
CON-073245,ENT-14040,Quantifinindustries Group,HR Assistant,utilisateur,adresse_perso,1,0,3
CON-005145,ENT-08038,Iberimartech,People Ops Manager,champion,sans_adresse,0,0,0
CON-009427,ENT-12950,Ovalimobility France,Head of Talent Acquisition,buyer,sans_adresse,0,0,0
CON-053175,ENT-18518,Vertidorlogistics,Responsable Recrutement,champion,adresse_perso,0,0,0
CON-017671,ENT-11621,NordihalForge Group,HR Officer,utilisateur,sans_adresse,1,0,2
CON-036787,ENT-17726,Ulmigorconseil Group,HR Assistant,utilisateur,sans_adresse,0,0,0
CON-049022,ENT-14556,Rapimarimmo SAS,HR Business Partner,champion,adresse_perso,0,0,0
CON-063085,ENT-19774,YellogorConseil SARL,Charge de recrutement,utilisateur,adresse_perso,1,0,2
CON-051134,ENT-07511,Heliogordynamics & Co,Talent Acquisition Manager,champion,adresse_perso,0,0,0
CON-055371,ENT-02563,CendradorPartners SAS,People Ops Manager,champion,sans_adresse,0,0,0
CON-046561,ENT-16357,Stellatastech,Responsable Recrutement,champion,adresse_perso,1,0,3
CON-058905,ENT-04218,Ederidorlogic Group,HR Intern,bruit,sans_adresse,1,0,3
CON-069524,ENT-01948,BrioquiConsulting,Charge de recrutement,utilisateur,adresse_perso,1,0,7
CON-012220,ENT-01695,Briocalflow,People Ops Coordinator,utilisateur,adresse_perso,0,0,0
CON-001056,ENT-14800,RoccacalWorks,People Ops Coordinator,utilisateur,adresse_perso,0,0,0
CON-005941,ENT-13462,PerrisolServices,Executive Assistant,bruit,adresse_perso,1,0,3
CON-028748,ENT-12654,Optitashub SARL,VP People,buyer,adresse_perso,0,0,0
CON-020371,ENT-05905,Flexihalenergie,HR Intern,bruit,adresse_perso,0,0,0
CON-005066,ENT-05271,Fabririnlab SARL,Responsable Recrutement,champion,sans_adresse,0,0,0
CON-051903,ENT-02691,Cendralumlabs & Co,Executive Assistant,bruit,adresse_perso,0,0,0
CON-065073,ENT-18802,Vertitasconseil France,HR Director,buyer,sans_adresse,1,0,3
CON-060095,ENT-13210,Perrifinfinance,Head of HR Operations,buyer,adresse_perso,1,1,6
CON-041046,ENT-11501,Nordibelindustries France,HR Intern,bruit,adresse_perso,0,0,0
CON-019421,ENT-06244,Gallidorsystems & Co,HRBP,champion,adresse_perso,0,0,0
CON-023034,ENT-01384,BelfohalLab SARL,HR Business Partner,champion,adresse_perso,0,0,0
CON-068433,ENT-00053,AltaData,People Ops Coordinator,utilisateur,adresse_perso,1,0,2
CON-028929,ENT-16690,Sylvarinenergie France,Charge de recrutement,utilisateur,sans_adresse,0,0,0
CON-006689,ENT-17539,Terrasollogic SA,Responsable Recrutement,champion,adresse_perso,0,0,0
CON-055603,ENT-01389,BelfohalPartners SA,Charge de recrutement,utilisateur,adresse_perso,1,0,6
CON-019112,ENT-09782,Lorritasdata,Head of Talent Acquisition,buyer,sans_adresse,1,0,5
CON-044766,ENT-18257,Vectomarlab Group,Talent Acquisition Specialist,utilisateur,sans_adresse,0,0,0
CON-030284,ENT-10336,MavifinData Group,HR Officer,utilisateur,sans_adresse,0,0,0
CON-047637,ENT-08017,IberimarData SAS,Executive Assistant,bruit,sans_adresse,1,0,4
CON-044492,ENT-07969,Iberilexdata,HRBP,champion,sans_adresse,0,0,0
CON-031567,ENT-00215,Altamargroup,HRBP,champion,sans_adresse,1,0,8
CON-047361,ENT-07039,HaldecalWorks,Talent Acquisition Specialist,utilisateur,adresse_perso,0,0,0
CON-016290,ENT-05875,FlexiFood,VP People,buyer,adresse_perso,0,0,0
CON-041336,ENT-18317,VectoquiConsulting,Charge de recrutement,utilisateur,sans_adresse,0,0,0
CON-006339,ENT-20469,Zephitasretail,VP Human Resources,buyer,sans_adresse,0,0,0
CON-061967,ENT-08581,IvorotasSolutions Group,Talent Acquisition Manager,champion,sans_adresse,1,0,6
CON-051592,ENT-00780,ArdentasFlow,COO,buyer,sans_adresse,0,0,0
CON-016634,ENT-02971,CortidorFinance,Head of People,buyer,sans_adresse,0,0,0
CON-043472,ENT-01518,Belfopraretail Group,CEO,buyer,adresse_perso,0,0,0
CON-067153,ENT-08988,Juntotech & Co,Recruiter,utilisateur,adresse_perso,1,0,5
CON-023611,ENT-14116,QuantilexLogic SAS,Chargee de recrutement,utilisateur,sans_adresse,1,0,2
CON-037943,ENT-10041,Lumilumlogistics SARL,Office Manager,bruit,sans_adresse,0,0,0
CON-059005,ENT-17575,Terravenconseil,HR Manager,champion,sans_adresse,1,0,1
CON-005592,ENT-12825,Ovaligorconsulting,HR Director,buyer,adresse_perso,0,0,0
CON-041105,ENT-04886,EstevasolSolutions SAS,Directeur RH,buyer,sans_adresse,0,0,0
CON-074874,ENT-17978,UlmitasLabs,HR Officer,utilisateur,adresse_perso,1,0,6
CON-027063,ENT-18590,VertihalIndustries SARL,Recruiter,utilisateur,sans_adresse,0,0,0
CON-029748,ENT-14357,Rapibeldigital Group,HR Director,buyer,sans_adresse,0,0,0
CON-021717,ENT-03137,CortiMobility SA,Compensation & Benefits Manager,champion,adresse_perso,0,0,0
CON-031629,ENT-06167,FlexiviaSoft & Co,HR Officer,utilisateur,sans_adresse,1,0,1
CON-074030,ENT-01067,Axioneximmo,HR Assistant,utilisateur,adresse_perso,0,0,0
CON-056226,ENT-02631,CendrahalFinance Group,Responsable Recrutement,champion,sans_adresse,1,0,3
CON-018658,ENT-09084,Kelvidorconseil & Co,,sans_titre,adresse_perso,0,0,0
CON-038940,ENT-09971,LumigorPharma,Responsable Recrutement,champion,adresse_perso,0,0,0
CON-065035,ENT-18307,VectopraLabs,HR Assistant,utilisateur,adresse_perso,1,0,2
CON-071175,ENT-14176,QuantinexEnergie SA,Talent Acquisition Specialist,utilisateur,adresse_perso,0,0,0
CON-016734,ENT-02044,BrioTech SARL,Executive Assistant,bruit,sans_adresse,1,0,1
CON-026034,ENT-10571,Mavisoft,HRBP,champion,sans_adresse,1,0,3
CON-024926,ENT-09767,Lorrisolimmo,HR Manager,champion,sans_adresse,0,0,0
CON-066340,ENT-11622,Nordihalgroup Group,HR Officer,utilisateur,sans_adresse,0,0,0
CON-022375,ENT-12017,NovagorSoft SARL,Talent Acquisition Specialist,utilisateur,adresse_perso,0,0,0
CON-065901,ENT-12644,OptisolSystems,Directrice RH,buyer,sans_adresse,1,0,2
CON-063678,ENT-15023,Roccapralogistics SARL,Directrice RH,buyer,sans_adresse,0,0,0
CON-007910,ENT-17879,Ulmipraflow SAS,,sans_titre,sans_adresse,1,0,2
CON-055008,ENT-08345,Ivorogorsolutions,HR Assistant,utilisateur,adresse_perso,1,0,4
CON-029163,ENT-16496,Sylvafinsoft,Head of HR Operations,buyer,adresse_perso,1,0,3
CON-009771,ENT-19416,Wallihub,Talent Acquisition Specialist,utilisateur,adresse_perso,0,0,0
CON-022200,ENT-09827,Lorriviadata SAS,Head of HR Operations,buyer,adresse_perso,0,0,0
CON-003080,ENT-17514,TerrarinLogic SARL,,sans_titre,sans_adresse,0,0,0
CON-051959,ENT-07649,HeliopraConseil & Co,Talent Acquisition Manager,champion,adresse_perso,0,0,0
CON-065644,ENT-10045,LumilumSoft,HRBP,champion,adresse_perso,0,0,0
CON-038314,ENT-09338,Kelvisoft,Directeur RH,buyer,adresse_perso,1,0,1
CON-007365,ENT-18800,Vertisolworks SA,Office Manager,bruit,adresse_perso,0,0,0
CON-050777,ENT-05840,Flexidormobility SARL,Talent Acquisition Specialist,utilisateur,adresse_perso,0,0,0
CON-050204,ENT-18541,Vertifinlab SAS,Office Manager,bruit,adresse_perso,0,0,0
CON-024882,ENT-11196,Neogorsystems,Chargee de recrutement,utilisateur,sans_adresse,0,0,0
CON-003155,ENT-12112,NovamarSoft SARL,HR Officer,utilisateur,sans_adresse,0,0,0
CON-001350,ENT-00522,ARDENFINLOGIC,Talent Acquisition Specialist,utilisateur,sans_adresse,1,0,2
CON-063573,ENT-04068,Doriosolfinance France,People Ops Coordinator,utilisateur,sans_adresse,0,0,0
CON-034440,ENT-09682,LorrinexSoft Group,Talent Acquisition Manager,champion,sans_adresse,0,0,0
CON-055952,ENT-02226,CaurihalServices SAS,Chargee de recrutement,utilisateur,adresse_perso,0,0,0
CON-067791,ENT-06689,GrimogorEnergie,Head of HR Operations,buyer,sans_adresse,0,0,0
CON-016245,ENT-06428,GallipraLabs Group,Chief People Officer,buyer,sans_adresse,0,0,0
CON-065586,ENT-09217,Kelvilumpharma,Chargee de recrutement,utilisateur,adresse_perso,0,0,0
CON-051775,ENT-07396,HaldeviaSystems SA,People Ops Manager,champion,adresse_perso,0,0,0
CON-074790,ENT-08893,JUNTOPRATECH,Compensation & Benefits Manager,champion,sans_adresse,0,0,0
CON-027439,ENT-09243,KelvimarTech Group,HR Assistant,utilisateur,sans_adresse,0,0,0
CON-013818,ENT-19315,Walliconsulting SAS,Chargee de recrutement,utilisateur,sans_adresse,0,0,0
CON-027158,ENT-12909,OvalilumHub,HR Business Partner,champion,adresse_perso,1,0,4
CON-023314,ENT-19730,YellodorGroup SAS,,sans_titre,adresse_perso,0,0,0
CON-072856,ENT-19762,Yellofinmobility SARL,People Ops Coordinator,utilisateur,sans_adresse,0,0,0
CON-012322,ENT-11745,Nordiprapartners SARL,People Ops Manager,champion,sans_adresse,0,0,0
CON-052931,ENT-16577,SylvalumFlow SARL,Responsable Recrutement,champion,sans_adresse,0,0,0
CON-039543,ENT-17547,TerrasolTech & Co,Office Manager,bruit,sans_adresse,0,0,0
CON-038810,ENT-14971,Roccamarmedia SA,HR Intern,bruit,sans_adresse,1,0,6
CON-050999,ENT-06194,GallibelServices SA,CEO,buyer,adresse_perso,0,0,0
CON-069252,ENT-19504,Wallinexpharma SARL,People Ops Manager,champion,adresse_perso,1,1,3
CON-063426,ENT-04539,Ederiviaconsulting,Charge de recrutement,utilisateur,sans_adresse,0,0,0
CON-057819,ENT-04726,EstevalumConsulting SARL,Executive Assistant,bruit,adresse_perso,0,0,0
CON-006607,ENT-17987,UlmitasSystems Group,Head of Talent Acquisition,buyer,sans_adresse,0,0,0
CON-058025,ENT-18443,Vectoviagroup SA,Office Manager,bruit,adresse_perso,1,0,1
CON-037021,ENT-02144,CauridorLogistics Group,People Ops Coordinator,utilisateur,adresse_perso,0,0,0
CON-012384,ENT-08059,Iberinexmobility,HR Intern,bruit,sans_adresse,0,0,0
CON-071422,ENT-00928,AxiofinFood & Co,Chief People Officer,buyer,adresse_perso,0,0,0
CON-051668,ENT-05577,FernomarFinance,Head of Talent Acquisition,buyer,adresse_perso,0,0,0
CON-060448,ENT-17992,Ulmivenconsulting,Talent Acquisition Specialist,utilisateur,sans_adresse,0,0,0
CON-044470,ENT-12308,OptibelEnergie SA,Talent Acquisition Manager,champion,adresse_perso,0,0,0
CON-001285,ENT-01779,Briogorgroup SAS,People Ops Manager,champion,sans_adresse,0,0,0
CON-025273,ENT-17176,Talovenlab,Responsable Recrutement,champion,sans_adresse,0,0,0
CON-056664,ENT-00899,AxiodorFinance SAS,HR Assistant,utilisateur,sans_adresse,1,0,1
CON-035251,ENT-05566,FernolumPartners SARL,People Ops Coordinator,utilisateur,adresse_perso,0,0,0
CON-005879,ENT-10607,Mavitasforge SARL,Talent Acquisition Specialist,utilisateur,sans_adresse,0,0,0
CON-011017,ENT-08862,Juntonexpharma SA,People Ops Manager,champion,adresse_perso,0,0,0
CON-015324,ENT-19799,Yellogorworks SARL,Recruiter,utilisateur,sans_adresse,1,0,4
CON-057915,ENT-12597,Optiretail France,Directrice RH,buyer,adresse_perso,0,0,0
CON-015924,ENT-16863,Talodorservices,HRBP,champion,sans_adresse,0,0,0
CON-051310,ENT-01181,Axiotasfood,HR Officer,utilisateur,sans_adresse,0,0,0
CON-022275,ENT-13605,Primodorlogic,Head of People,buyer,sans_adresse,1,0,2
CON-075765,ENT-03023,Cortigorgroup,Head of HR Operations,buyer,sans_adresse,0,0,0
CON-020806,ENT-04040,DoriorinEnergie,Head of HR Operations,buyer,sans_adresse,0,0,0
CON-007698,ENT-16091,StellagorLab,Head of HR Operations,buyer,sans_adresse,0,0,0
CON-003381,ENT-17180,Talovenpharma,Executive Assistant,bruit,sans_adresse,0,0,0
CON-052734,ENT-17376,TerralexMobility,Talent Acquisition Specialist,utilisateur,adresse_perso,1,0,3
CON-010869,ENT-12779,OvalidorHub,Head of Talent Acquisition,buyer,sans_adresse,0,0,0
CON-071012,ENT-00791,Ardentaspartners,Chargee de recrutement,utilisateur,sans_adresse,0,0,0
CON-051403,ENT-18215,VectolexSolutions France,HR Business Partner,champion,sans_adresse,0,0,0
CON-052791,ENT-08219,IberiviaServices & Co,People Ops Coordinator,utilisateur,sans_adresse,0,0,0
CON-016238,ENT-07475,HeliodorSolutions,People Ops Manager,champion,sans_adresse,0,0,0
CON-060878,ENT-13388,Perripramedia SARL,Head of Talent Acquisition,buyer,sans_adresse,1,0,2
CON-057865,ENT-13452,PerrisolFlow SA,Talent Acquisition Specialist,utilisateur,adresse_perso,0,0,0
CON-002882,ENT-15764,Solilumsystems,HR Intern,bruit,sans_adresse,0,0,0
CON-019333,ENT-12023,Novahalconsulting,People Ops Coordinator,utilisateur,sans_adresse,0,0,0
CON-001021,ENT-07117,HaldehalFood,Chargee de recrutement,utilisateur,adresse_perso,0,0,0
CON-043128,ENT-13034,OvalirinPartners,,sans_titre,sans_adresse,0,0,0
CON-025509,ENT-18310,VectopraPartners Group,CEO,buyer,sans_adresse,1,1,3
CON-034600,ENT-15133,Roccavenconseil France,HR Manager,champion,sans_adresse,0,0,0
CON-035462,ENT-02937,Cortibelsystems,Recruiter,utilisateur,sans_adresse,1,0,5
CON-008027,ENT-05562,FernolumLab,Head of HR Operations,buyer,adresse_perso,1,1,7
CON-007364,ENT-18800,Vertisolworks SA,People Ops Coordinator,utilisateur,sans_adresse,0,0,0
CON-032283,ENT-12712,OptiviaSystems,Talent Acquisition Manager,champion,sans_adresse,0,0,0
CON-052726,ENT-08098,IBERIQUIFORGE,Directrice RH,buyer,sans_adresse,0,0,0
CON-019214,ENT-11174,Neofinservices SARL,Recruiter,utilisateur,sans_adresse,0,0,0
CON-057896,ENT-17874,UlmipraConsulting SARL,,sans_titre,sans_adresse,0,0,0
CON-049341,ENT-07572,Heliolexservices SARL,People Ops Coordinator,utilisateur,adresse_perso,1,0,4
CON-056609,ENT-08752,JuntogorWorks,Office Manager,bruit,adresse_perso,0,0,0
CON-062531,ENT-04078,Doriosolmobility,Charge de recrutement,utilisateur,sans_adresse,1,0,3
CON-001144,ENT-09002,Juntovenpartners SARL,HR Intern,bruit,sans_adresse,0,0,0
CON-007523,ENT-12849,Ovalihaldata SARL,Compensation & Benefits Manager,champion,adresse_perso,0,0,0
CON-061543,ENT-17194,Taloviaflow SAS,Recruiter,utilisateur,sans_adresse,0,0,0
CON-051525,ENT-07223,HaldenexLogistics SAS,HR Officer,utilisateur,sans_adresse,0,0,0
CON-024185,ENT-14584,RapinexMobility,COO,buyer,sans_adresse,0,0,0
CON-004566,ENT-14434,Rapifinhub France,VP People,buyer,adresse_perso,0,0,0
CON-070001,ENT-15161,Roccaviaforge France,Talent Acquisition Specialist,utilisateur,sans_adresse,1,0,3
CON-009702,ENT-16504,Sylvagorconseil,Charge de recrutement,utilisateur,adresse_perso,0,0,0
CON-054762,ENT-11411,Neosollogic France,HR Manager,champion,adresse_perso,1,0,2
CON-075367,ENT-16843,Taloconsulting Group,Directeur RH,buyer,sans_adresse,1,0,9
CON-052088,ENT-16481,SylvafinDynamics,HR Officer,utilisateur,sans_adresse,1,0,3
CON-003843,ENT-15073,Roccarintech SA,HR Officer,utilisateur,sans_adresse,0,0,0
CON-029810,ENT-17569,TerratasServices SAS,CEO,buyer,sans_adresse,0,0,0
CON-020330,ENT-15718,Soliindustries SAS,People Ops Coordinator,utilisateur,sans_adresse,0,0,0
CON-035078,ENT-00423,Altaviamedia SAS,,sans_titre,adresse_perso,0,0,0
CON-017496,ENT-02564,Cendradorretail Group,,sans_titre,adresse_perso,1,0,2
CON-022194,ENT-00470,ArdencalLogic SA,Directrice RH,buyer,adresse_perso,0,0,0
CON-073742,ENT-01728,Briodorindustries,HR Director,buyer,adresse_perso,0,0,0
CON-061157,ENT-18532,VertifinDigital & Co,HR Officer,utilisateur,adresse_perso,0,0,0
CON-068226,ENT-19077,VespimarLab Group,CHRO,buyer,adresse_perso,0,0,0
CON-040246,ENT-10733,MeridorPharma,Head of HR Operations,buyer,adresse_perso,0,0,0
CON-034978,ENT-01071,AxionexMobility,Head of HR Operations,buyer,sans_adresse,1,0,4
CON-076497,ENT-18310,VectopraPartners Group,Compensation & Benefits Manager,champion,adresse_perso,0,0,0
CON-058244,ENT-18047,VectobelHub Group,,sans_titre,adresse_perso,0,0,0
CON-041082,ENT-17693,Ulmidorworks & Co,HR Officer,utilisateur,sans_adresse,1,0,5
CON-039136,ENT-05967,Fleximarconsulting,Recruiter,utilisateur,adresse_perso,0,0,0
CON-067661,ENT-08750,Juntogorsystems SARL,Chief People Officer,buyer,adresse_perso,1,0,2
CON-037593,ENT-16096,StellagorMobility SAS,Office Manager,bruit,adresse_perso,0,0,0
CON-053565,ENT-14794,Roccacalmedia SAS,Responsable Recrutement,champion,adresse_perso,1,0,4
CON-041035,ENT-06458,Galliquimobility,Chargee de recrutement,utilisateur,adresse_perso,0,0,0
CON-003628,ENT-20501,ZephiviaData,,sans_titre,sans_adresse,0,0,0
CON-071131,ENT-10085,LuminexServices & Co,HR Officer,utilisateur,adresse_perso,0,0,0
CON-038936,ENT-03564,Delfipraforge SA,HR Business Partner,champion,adresse_perso,0,0,0
CON-049922,ENT-01506,Belfopraforge SARL,COO,buyer,adresse_perso,0,0,0
CON-055554,ENT-16263,Stellaquiconsulting France,Executive Assistant,bruit,adresse_perso,1,0,2
CON-073788,ENT-01601,BelfotasEnergie & Co,Responsable Recrutement,champion,adresse_perso,0,0,0
CON-018812,ENT-12805,Ovalifinforge SA,Recruiter,utilisateur,adresse_perso,0,0,0
CON-024754,ENT-18721,VertipraLogistics & Co,Chief People Officer,buyer,sans_adresse,0,0,0
CON-062777,ENT-02216,Caurihalhub,VP Human Resources,buyer,sans_adresse,0,0,0
CON-056260,ENT-03848,Doriogorsolutions,HR Intern,bruit,sans_adresse,0,0,0
CON-069106,ENT-16688,SylvarinConsulting France,People Ops Manager,champion,adresse_perso,1,1,6
CON-032049,ENT-13987,Quanticallabs SARL,HR Assistant,utilisateur,adresse_perso,0,0,0
CON-070254,ENT-01835,Briolexlogic & Co,Compensation & Benefits Manager,champion,adresse_perso,0,0,0
CON-056748,ENT-19825,YelloIndustries Group,Compensation & Benefits Manager,champion,sans_adresse,0,0,0
CON-002209,ENT-02736,Cendranexgroup SAS,HR Intern,bruit,sans_adresse,0,0,0
CON-036646,ENT-08986,Juntotassystems France,Compensation & Benefits Manager,champion,adresse_perso,1,1,9
CON-059032,ENT-10277,Mavibelsystems,People Ops Manager,champion,adresse_perso,1,0,6
CON-051865,ENT-20266,Zephilexlogic France,HR Assistant,utilisateur,sans_adresse,0,0,0
CON-011091,ENT-00494,ArdendorHub France,HR Officer,utilisateur,adresse_perso,0,0,0
CON-032577,ENT-18632,VertiLogistics,COO,buyer,sans_adresse,0,0,0
CON-036254,ENT-05702,Fernosollab SAS,Head of Talent Acquisition,buyer,sans_adresse,1,0,9
CON-015014,ENT-07329,Haldesolutions,Chargee de recrutement,utilisateur,sans_adresse,1,0,2
CON-005702,ENT-16502,Sylvafood,Chargee de recrutement,utilisateur,sans_adresse,0,0,0
CON-018573,ENT-05182,Fabrimartech,HR Intern,bruit,sans_adresse,0,0,0
CON-014975,ENT-19055,VespilumMedia,Responsable Recrutement,champion,adresse_perso,0,0,0
CON-006503,ENT-00285,AltaquiConseil & Co,Responsable Recrutement,champion,sans_adresse,1,0,2
CON-032345,ENT-02665,CendralexImmo SA,Compensation & Benefits Manager,champion,sans_adresse,0,0,0
CON-051717,ENT-18486,Verticalfinance,CEO,buyer,adresse_perso,0,0,0
CON-013459,ENT-04323,EderilexSoft SA,VP People,buyer,adresse_perso,0,0,0
CON-061513,ENT-02465,Caurivenlab,Recruiter,utilisateur,adresse_perso,1,0,1
CON-039578,ENT-14119,QuantilexMobility,People Ops Coordinator,utilisateur,adresse_perso,0,0,0
CON-043713,ENT-15959,Soliviafood Group,HR Intern,bruit,sans_adresse,0,0,0
CON-056037,ENT-11677,Nordilumsolutions,HR Officer,utilisateur,adresse_perso,0,0,0
CON-049482,ENT-17763,Ulmihalpharma,Talent Acquisition Specialist,utilisateur,adresse_perso,0,0,0
CON-053787,ENT-13964,QuantibelLab,HR Business Partner,champion,adresse_perso,0,0,0
CON-036433,ENT-16929,TalohalHub,HR Assistant,utilisateur,sans_adresse,0,0,0
CON-053944,ENT-18303,Vectoprahub,Chargee de recrutement,utilisateur,adresse_perso,0,0,0
CON-039718,ENT-05214,FabripraData,COO,buyer,adresse_perso,0,0,0
CON-041781,ENT-15779,Solimarlabs France,HR Business Partner,champion,adresse_perso,0,0,0
CON-004605,ENT-14296,Quantitasimmo,Head of Talent Acquisition,buyer,adresse_perso,1,0,2
CON-024785,ENT-08745,Juntogorpartners,HR Director,buyer,sans_adresse,0,0,0
CON-050558,ENT-20135,ZephicalMedia France,HR Business Partner,champion,adresse_perso,0,0,0
CON-063657,ENT-14007,QuantidorFinance Group,VP People,buyer,sans_adresse,0,0,0
CON-006608,ENT-17987,UlmitasSystems Group,VP Human Resources,buyer,adresse_perso,0,0,0
CON-019242,ENT-09480,Lorridigital Group,Talent Acquisition Specialist,utilisateur,sans_adresse,1,0,1
CON-028674,ENT-01858,BriolumHub SAS,,sans_titre,sans_adresse,1,1,3
CON-066569,ENT-08869,JuntoPartners SAS,People Ops Coordinator,utilisateur,sans_adresse,0,0,0
CON-003869,ENT-11882,NordiviaLabs SARL,Chargee de recrutement,utilisateur,sans_adresse,0,0,0
CON-031800,ENT-03872,DoriohalRetail SARL,Recruiter,utilisateur,sans_adresse,0,0,0
CON-024501,ENT-13966,Quantibellogistics Group,Talent Acquisition Specialist,utilisateur,adresse_perso,1,0,4
CON-009331,ENT-10570,MaviServices & Co,Talent Acquisition Specialist,utilisateur,adresse_perso,0,0,0
CON-002729,ENT-01776,BriogorFlow,Head of Talent Acquisition,buyer,adresse_perso,0,0,0
CON-059457,ENT-16859,Talodorlogistics & Co,Responsable Recrutement,champion,adresse_perso,1,0,10
CON-062479,ENT-01723,BRIODORENERGIE,People Ops Coordinator,utilisateur,sans_adresse,0,0,0
CON-045874,ENT-06849,GrimopraSoft SAS,HR Officer,utilisateur,sans_adresse,1,0,2
CON-054920,ENT-01100,Axiopratech,,sans_titre,sans_adresse,0,0,0
CON-066900,ENT-09778,LorriSolutions & Co,Executive Assistant,bruit,sans_adresse,0,0,0
CON-008699,ENT-11334,NeopraImmo,Head of HR Operations,buyer,adresse_perso,0,0,0
CON-021267,ENT-13737,Primomarhub France,CEO,buyer,sans_adresse,0,0,0
CON-067958,ENT-07507,Heliogorconseil,HR Officer,utilisateur,adresse_perso,0,0,0
