entity_id,contact_id,nom,titre,persona,score,detail
ENT-00297,CON-033995,Lea Rossi,COO,buyer,1.3195079107728942,clic email 06-26 (1.3195079107728942)
ENT-00297,CON-011974,Femke Meyer,Responsable Recrutement,champion,0.07535039553864473,commentaire LinkedIn 04-23 (0.009375000000000001) · clic email 05-17 (0.06597539553864473)
ENT-00202,CON-012162,Alexandre Navarro,Directeur RH,buyer,0.04478228098552524,clic email 04-23 (0.015625) · clic email 05-02 (0.02915728098552524)
ENT-14722,CON-029523,Julie Blanc,,sans_titre,1.8660659830736148,clic email 07-11 (1.8660659830736148)
ENT-14722,CON-047872,Sarah Leroy,Talent Acquisition Specialist,utilisateur,0.609375,clic email 04-23 (0.009375) · like LinkedIn 07-12 (0.6)
ENT-09351,CON-022076,Manon Bonnet,,sans_titre,0.5743491774985175,clic email 06-24 (0.5743491774985175)
ENT-09351,CON-057808,Chloe Roux,Directeur RH,buyer,0.015625,clic email 04-23 (0.015625)
ENT-09033,CON-040289,Sarah Rossi,HR Business Partner,champion,0.046651649576840384,clic email 05-12 (0.046651649576840384)
ENT-09033,CON-027325,Pablo Moreau,Talent Acquisition Specialist,utilisateur,0.007031249999999999,commentaire LinkedIn 04-23 (0.007031249999999999)
ENT-17147,CON-031238,Emma Fontaine,Head of Talent Acquisition,buyer,0.8431381682539448,clic email 04-23 (0.015625) · clic email 04-29 (0.023683071351724965) · commentaire LinkedIn 06-23 (0.8038300969022198)
ENT-15629,CON-053105,Nora Lambert,HRBP,champion,0.009375000000000001,commentaire LinkedIn 04-23 (0.009375000000000001)
ENT-17748,CON-057852,Nicolas Mercier,,sans_titre,0.03111040598552524,like LinkedIn 04-23 (0.001953125) · clic email 05-12 (0.02915728098552524)
ENT-12965,CON-073892,Pierre Meyer,People Ops Coordinator,utilisateur,1.0446606759553487,clic email 06-30 (1.0446606759553487)
ENT-12965,CON-027769,Jan Durand,Recruiter,utilisateur,0.7480616480069496,clic email 04-23 (0.009375) · clic email 06-25 (0.7386866480069496)
ENT-16700,CON-007349,Marta Visser,VP Human Resources,buyer,0.00390625,like LinkedIn 04-23 (0.00390625)
ENT-19177,CON-016049,Julie Roux,Chargee de recrutement,utilisateur,0.009375,clic email 04-23 (0.009375)
ENT-12832,CON-073703,Diego Blanc,HR Manager,champion,5.198415336679908,clic email 07-19 (5.198415336679908)
ENT-12832,CON-045018,Ines Petit,Talent Acquisition Specialist,utilisateur,0.00234375,like LinkedIn 04-23 (0.00234375)
ENT-03744,CON-017018,Benjamin Boyer,Head of Talent Acquisition,buyer,0.6597539553864471,clic email 06-16 (0.6597539553864471)
ENT-03744,CON-053681,Lea Bonnet,CHRO,buyer,0.015625,clic email 04-23 (0.015625)
ENT-09308,CON-010146,Guillaume Simon,Charge de recrutement,utilisateur,0.43363906871192853,clic email 04-23 (0.009375) · clic email 06-17 (0.4242640687119285)
ENT-02221,CON-039222,Julien Durand,HR Officer,utilisateur,0.6454078275217758,like LinkedIn 04-23 (0.00234375) · clic email 06-23 (0.6430640775217759)
ENT-16233,CON-008309,Nora Fournier,People Ops Manager,champion,0.009375000000000001,commentaire LinkedIn 04-23 (0.009375000000000001)
ENT-14515,CON-014129,Thomas Moreau,COO,buyer,0.01171875,commentaire LinkedIn 04-23 (0.01171875)
ENT-14395,CON-018260,Ines Ferrari,Chargee de recrutement,utilisateur,0.007031249999999999,commentaire LinkedIn 04-23 (0.007031249999999999)
ENT-14031,CON-009774,Chloe Lambert,Executive Assistant,bruit,0.0,clic email 04-23 (0.0)
ENT-11537,CON-002355,Ines Lambert,Head of Talent Acquisition,buyer,0.015625,clic email 04-23 (0.015625)
ENT-16122,CON-047801,Sanne Dubois,Recruiter,utilisateur,0.06621437124413991,clic email 04-23 (0.009375) · clic email 05-19 (0.056839371244139916)
ENT-16122,CON-047802,Pauline Bonnet,Talent Acquisition Manager,champion,0.021763764082403117,clic email 05-01 (0.021763764082403117)
ENT-13246,CON-071481,Bastien Muller,People Ops Coordinator,utilisateur,0.0923358310008687,clic email 05-26 (0.0923358310008687)
ENT-13246,CON-071482,Greta Rousseau,Executive Assistant,bruit,0.0,clic email 04-23 (0.0)
ENT-17042,CON-030610,Felix Simon,Chargee de recrutement,utilisateur,0.17230475324955527,clic email 06-04 (0.17230475324955527)
ENT-17042,CON-034524,Alexandre Roux,HR Intern,bruit,0.0,like LinkedIn 04-23 (0.0)
ENT-17239,CON-055860,Antoine Meyer,Responsable Recrutement,champion,0.0125,clic email 04-23 (0.0125)
ENT-09832,CON-007750,Florian Weber,,sans_titre,0.01653176549276262,like LinkedIn 04-23 (0.001953125) · clic email 05-02 (0.01457864049276262)
ENT-11586,CON-073040,Camille Simon,HRBP,champion,37.88169824537316,formulaire 07-18 (31.910287099537587) · clic email 07-21 (5.971411145835567)
ENT-11586,CON-077191,Ines Vincent,CHRO,buyer,15.669910139330234,clic email 07-20 (6.964404506368993) · /pricing 07-20 (8.705505632961241)
ENT-11586,CON-073041,Nora Michel,,sans_titre,3.7558150374989547,like LinkedIn 05-29 (0.023683071351724965) · clic email 07-21 (3.7321319661472296)
ENT-11586,CON-021696,Elena Boyer,People Ops Coordinator,utilisateur,0.016553592811034978,like LinkedIn 04-23 (0.00234375) · clic email 04-29 (0.014209842811034979)
ENT-12392,CON-066671,Quentin Laurent,HR Assistant,utilisateur,0.007031249999999999,commentaire LinkedIn 04-23 (0.007031249999999999)
ENT-04055,CON-041906,Sarah Roux,People Ops Coordinator,utilisateur,0.009375,clic email 04-23 (0.009375)
ENT-09459,CON-039717,Benjamin Lambert,Head of HR Operations,buyer,0.015625,clic email 04-23 (0.015625)
ENT-08239,CON-062723,Julien Moreau,Compensation & Benefits Manager,champion,0.3571095064991106,clic email 04-23 (0.0125) · commentaire LinkedIn 06-14 (0.3446095064991106)
ENT-08239,CON-062724,Diego Moreau,Executive Assistant,bruit,0.0,clic email 06-17 (0.0)
ENT-14954,CON-008093,Quentin Garnier,People Ops Coordinator,utilisateur,0.009375,clic email 04-23 (0.009375)
ENT-00074,CON-011184,Lucas Vincent,Chief People Officer,buyer,0.05831566020600775,like LinkedIn 04-23 (0.00390625) · clic email 05-11 (0.05440941020600775)
ENT-02459,CON-071057,Florian Girard,Office Manager,bruit,0.0,clic email 04-23 (0.0)
ENT-19832,CON-039656,Florian Lefebvre,Directrice RH,buyer,0.017948411796828663,clic email 04-25 (0.017948411796828663)
ENT-19832,CON-039658,Julie Weber,Compensation & Benefits Manager,champion,0.0125,clic email 04-23 (0.0125)
ENT-10764,CON-066476,Marion Fontaine,Executive Assistant,bruit,0.0,commentaire LinkedIn 04-23 (0.0)
ENT-13720,CON-055823,Elena Fischer,Recruiter,utilisateur,0.007031249999999999,commentaire LinkedIn 04-23 (0.007031249999999999)
ENT-10318,CON-071533,Margaux Visser,CEO,buyer,0.035983091810643894,clic email 04-24 (0.016746460352129577) · like LinkedIn 05-16 (0.019236631458514314)
ENT-07342,CON-042522,Bastien Moreau,Directeur RH,buyer,0.1088188204120155,clic email 05-21 (0.1088188204120155)
ENT-07342,CON-042119,Antoine Durand,HR Assistant,utilisateur,0.010047876211277746,clic email 04-24 (0.010047876211277746)
ENT-08502,CON-027310,Elise Jansen,HR Assistant,utilisateur,0.010047876211277746,clic email 04-24 (0.010047876211277746)
ENT-19809,CON-034433,Romain Bonnet,HR Business Partner,champion,0.06748279396112951,commentaire LinkedIn 04-24 (0.010047876211277748) · clic email 05-15 (0.05743491774985176)
ENT-18789,CON-022927,Sophie Blanc,Executive Assistant,bruit,0.0,commentaire LinkedIn 04-24 (0.0)
ENT-01794,CON-032569,Alexandre Chevalier,Responsable Recrutement,champion,2.121260533447909,commentaire LinkedIn 04-24 (0.010047876211277748) · clic email 07-06 (2.111212657236631)
ENT-01030,CON-058541,Emma Muller,Recruiter,utilisateur,0.024740773326991775,clic email 05-07 (0.024740773326991775)
ENT-01030,CON-058545,Emma Chevalier,VP Human Resources,buyer,0.004186615088032394,like LinkedIn 04-24 (0.004186615088032394)
ENT-10742,CON-001166,Greta Fournier,Head of People,buyer,0.016746460352129577,clic email 04-24 (0.016746460352129577)
ENT-13532,CON-026168,Antoine Simon,Compensation & Benefits Manager,champion,0.013397168281703661,clic email 04-24 (0.013397168281703661)
ENT-04438,CON-024527,Antoine Muller,Responsable Recrutement,champion,0.37656248868514897,like LinkedIn 04-24 (0.0033492920704259153) · clic email 06-11 (0.3732131966147231)
ENT-12540,CON-012099,Pierre Girard,Compensation & Benefits Manager,champion,0.013397168281703661,clic email 04-24 (0.013397168281703661)
ENT-09069,CON-014624,Pierre Smit,HR Officer,utilisateur,0.02559592680303661,like LinkedIn 04-24 (0.0025119690528194365) · clic email 05-06 (0.023083957750217175)
ENT-08683,CON-059722,Jan Mercier,,sans_titre,1.1761745499271834,like LinkedIn 04-24 (0.002093307544016197) · clic email 05-10 (0.025382887386132362) · clic email 07-04 (1.1486983549970349)
ENT-08683,CON-059725,Benjamin Visser,HR Assistant,utilisateur,0.012370386663495887,clic email 04-27 (0.012370386663495887)
ENT-08683,CON-059721,Lucas Guerin,People Ops Coordinator,utilisateur,0.010769047078097197,clic email 04-25 (0.010769047078097197)
ENT-12168,CON-009192,Julie Lefebvre,Recruiter,utilisateur,0.010047876211277746,clic email 04-24 (0.010047876211277746)
ENT-04923,CON-016784,Emil Rossi,Talent Acquisition Specialist,utilisateur,0.9095005435986713,clic email 04-24 (0.010047876211277746) · clic email 06-03 (0.16076601938044394) · clic email 06-25 (0.7386866480069496)
ENT-04923,CON-006421,Pauline Bernard,HR Officer,utilisateur,0.02153809415619441,clic email 05-05 (0.02153809415619441)
ENT-05254,CON-063582,Ines Dubois,HR Business Partner,champion,0.0033492920704259153,like LinkedIn 04-24 (0.0033492920704259153)
ENT-03548,CON-061055,Benjamin Smit,HR Director,buyer,0.3245325636883586,clic email 04-24 (0.016746460352129577) · like LinkedIn 06-25 (0.307786103336229)
ENT-01228,CON-075475,Hugo Moreau,Talent Acquisition Manager,champion,6.413397168281704,clic email 04-24 (0.013397168281703661) · clic email 07-22 (6.4)
ENT-14593,CON-022946,Elena Lefebvre,HR Assistant,utilisateur,0.007535907158458309,commentaire LinkedIn 04-24 (0.007535907158458309)
ENT-14387,CON-027725,Jan Lambert,Office Manager,bruit,0.0,clic email 04-24 (0.0)
ENT-09431,CON-063211,Romain Leroy,Talent Acquisition Specialist,utilisateur,0.0025119690528194365,like LinkedIn 04-24 (0.0025119690528194365)
ENT-06650,CON-013314,Chloe Petit,HRBP,champion,1.225970421490022,clic email 04-24 (0.013397168281703661) · like LinkedIn 07-18 (1.2125732532083184)
ENT-14500,CON-020047,Emma Boyer,Compensation & Benefits Manager,champion,0.013397168281703661,clic email 04-24 (0.013397168281703661)
ENT-17861,CON-033947,Jan Garcia,Executive Assistant,bruit,0.0,clic email 04-24 (0.0)
ENT-19052,CON-018825,Maxime Garcia,,sans_titre,0.03589682359365735,clic email 05-15 (0.03589682359365735)
ENT-19052,CON-018823,Chloe Fournier,Talent Acquisition Manager,champion,0.013397168281703661,clic email 04-24 (0.013397168281703661)
ENT-19663,CON-030253,Diego Garcia,Directeur RH,buyer,0.004186615088032394,like LinkedIn 04-24 (0.004186615088032394)
ENT-14874,CON-003227,Pablo Moreau,Office Manager,bruit,0.0,clic email 04-24 (0.0) · clic email 06-24 (0.0)
ENT-12568,CON-068802,Sarah Leroy,Executive Assistant,bruit,0.0,clic email 04-24 (0.0) · clic email 04-29 (0.0)
ENT-02868,CON-055394,Guillaume Dupont,,sans_titre,0.006279922632048591,commentaire LinkedIn 04-24 (0.006279922632048591)
ENT-02868,CON-055393,Emil Dubois,Office Manager,bruit,0.0,like LinkedIn 05-15 (0.0)
ENT-20376,CON-017622,Nora Guerin,HR Intern,bruit,0.0,clic email 04-24 (0.0)
ENT-14942,CON-068987,Nora Rousseau,HR Officer,utilisateur,1.8213718488652972,like LinkedIn 04-24 (0.0025119690528194365) · clic email 07-08 (1.8188598798124778)
ENT-03870,CON-073266,Nicolas Fournier,Head of Talent Acquisition,buyer,5.106707045896968,clic email 07-10 (3.4822022531844965) · like LinkedIn 07-19 (1.6245047927124712)
ENT-03870,CON-067813,Jonas Roux,Talent Acquisition Manager,champion,0.013397168281703661,clic email 04-24 (0.013397168281703661)
ENT-10291,CON-063332,Emma Weber,,sans_titre,0.008373230176064788,clic email 04-24 (0.008373230176064788)
ENT-15466,CON-070382,Laura Bonnet,People Ops Manager,champion,0.013397168281703661,clic email 04-24 (0.013397168281703661)
ENT-09387,CON-061705,Chloe Jansen,Talent Acquisition Manager,champion,0.013397168281703661,clic email 04-24 (0.013397168281703661)
ENT-12971,CON-075534,Thomas Girard,Head of Talent Acquisition,buyer,0.30392104910138834,clic email 04-24 (0.016746460352129577) · clic email 06-04 (0.2871745887492588)
ENT-02930,CON-042228,Benjamin Garcia,Charge de recrutement,utilisateur,0.014209842811034979,like LinkedIn 05-19 (0.014209842811034979)
ENT-02930,CON-042230,Diego Fournier,HR Officer,utilisateur,0.010047876211277746,clic email 04-24 (0.010047876211277746)
ENT-20490,CON-000667,Jan Roux,HR Officer,utilisateur,0.010047876211277746,clic email 04-24 (0.010047876211277746)
ENT-16221,CON-012857,Pierre Durand,Charge de recrutement,utilisateur,0.0025119690528194365,like LinkedIn 04-24 (0.0025119690528194365)
ENT-16950,CON-012179,Alexandre Dubois,Recruiter,utilisateur,0.007535907158458309,commentaire LinkedIn 04-24 (0.007535907158458309)
ENT-01636,CON-036933,Elise Bonnet,VP People,buyer,0.016746460352129577,clic email 04-24 (0.016746460352129577)
ENT-13821,CON-025584,Hugo Smit,Directrice RH,buyer,0.012559845264097182,commentaire LinkedIn 04-24 (0.012559845264097182)
ENT-04173,CON-033162,Margaux Mercier,Chargee de recrutement,utilisateur,0.9094299399062389,clic email 06-28 (0.9094299399062389)
ENT-04173,CON-033160,Claire Vincent,People Ops Manager,champion,0.013397168281703661,clic email 04-24 (0.013397168281703661)
ENT-20020,CON-056554,Margaux Petit,Compensation & Benefits Manager,champion,0.05743491774985176,like LinkedIn 06-04 (0.05743491774985176)
ENT-20020,CON-056556,Florian Rousseau,Executive Assistant,bruit,0.0,clic email 04-24 (0.0)
ENT-00507,CON-002779,Felix Laurent,Chief People Officer,buyer,0.5,clic email 06-12 (0.5)
ENT-00507,CON-002777,Thomas Andre,HR Officer,utilisateur,0.0025119690528194365,like LinkedIn 04-24 (0.0025119690528194365)
ENT-06619,CON-031376,Lea Garcia,Directrice RH,buyer,0.37892914162759955,like LinkedIn 06-28 (0.37892914162759955)
ENT-06619,CON-031379,Diego Navarro,Talent Acquisition Specialist,utilisateur,0.015229732431679409,clic email 04-30 (0.015229732431679409)
ENT-06619,CON-041319,Romain Garcia,Charge de recrutement,utilisateur,0.0025119690528194365,like LinkedIn 04-24 (0.0025119690528194365)
ENT-00887,CON-076178,Elise Blanc,CEO,buyer,0.004186615088032394,like LinkedIn 04-24 (0.004186615088032394)
ENT-12234,CON-015217,Ines Blanc,,sans_titre,0.8143457039002517,like LinkedIn 04-24 (0.002093307544016197) · clic email 06-29 (0.8122523963562356)
ENT-09423,CON-070192,Felix Ferrari,Directeur RH,buyer,0.004186615088032394,like LinkedIn 04-24 (0.004186615088032394)
ENT-14804,CON-029432,Benjamin Andre,Directeur RH,buyer,1.2478908736970458,clic email 04-24 (0.016746460352129577) · clic email 06-25 (1.231144413344916)
ENT-14804,CON-020306,Pierre Faure,Executive Assistant,bruit,0.0,clic email 06-21 (0.0)
ENT-18822,CON-075462,Florian Jansen,Charge de recrutement,utilisateur,0.010047876211277746,clic email 04-24 (0.010047876211277746)
ENT-13350,CON-001515,Lucas Moreau,HR Manager,champion,0.22775186078896226,clic email 04-24 (0.013397168281703661) · clic email 06-03 (0.21435469250725858)
ENT-04385,CON-048865,Vincent Roux,Recruiter,utilisateur,0.4242640687119285,clic email 06-17 (0.4242640687119285)
ENT-04385,CON-048863,Anna Lambert,Charge de recrutement,utilisateur,0.03478864953826952,clic email 04-24 (0.010047876211277746) · clic email 05-07 (0.024740773326991775)
ENT-09740,CON-009402,Manon Chevalier,Chargee de recrutement,utilisateur,0.0426935223348824,clic email 04-24 (0.010047876211277746) · clic email 05-11 (0.03264564612360465)
ENT-04404,CON-045824,Thomas Faure,HR Manager,champion,2.6126048366216574,clic email 04-24 (0.013397168281703661) · clic email 07-09 (2.599207668339954)
ENT-08872,CON-055342,Lucas Guerin,VP People,buyer,0.016746460352129577,clic email 04-24 (0.016746460352129577)
ENT-07973,CON-048168,Anna Simon,People Ops Manager,champion,0.1875072809409285,clic email 04-24 (0.013397168281703661) · clic email 05-31 (0.17411011265922482)
ENT-06828,CON-040054,Romain Bernard,Recruiter,utilisateur,0.04307618831238882,clic email 05-15 (0.04307618831238882)
ENT-06828,CON-066275,Sarah Navarro,VP People,buyer,0.03125,clic email 05-03 (0.03125)
ENT-06828,CON-040053,Felix Fischer,Recruiter,utilisateur,0.010047876211277746,clic email 04-24 (0.010047876211277746)
ENT-04834,CON-060647,Ines Simon,Talent Acquisition Manager,champion,0.1875072809409285,clic email 04-24 (0.013397168281703661) · clic email 05-31 (0.17411011265922482)
ENT-12018,CON-075380,Nora Andre,People Ops Coordinator,utilisateur,0.12937376661189365,commentaire LinkedIn 04-24 (0.007535907158458309) · clic email 05-30 (0.12183785945343534)
ENT-11327,CON-020888,Greta Martin,,sans_titre,0.13207709681102367,clic email 04-24 (0.008373230176064788) · commentaire LinkedIn 06-06 (0.12370386663495887)
ENT-07269,CON-055232,Felix Smit,Office Manager,bruit,0.0,clic email 04-24 (0.0)
ENT-12536,CON-060773,Femke Laurent,Talent Acquisition Manager,champion,1.8379173679952558,clic email 07-04 (1.8379173679952558)
ENT-12536,CON-060772,Claire Ferrari,Talent Acquisition Manager,champion,0.03535533905932738,clic email 05-08 (0.03535533905932738)
ENT-12536,CON-060775,Pauline Laurent,,sans_titre,0.008373230176064788,clic email 04-24 (0.008373230176064788)
ENT-03568,CON-075807,Bastien Bernard,HR Intern,bruit,0.0,clic email 04-24 (0.0) · like LinkedIn 04-24 (0.0) · clic email 06-19 (0.0)
ENT-05309,CON-048594,Emil Petit,CEO,buyer,0.02061731110582648,clic email 04-27 (0.02061731110582648)
ENT-05309,CON-004743,Diego Blanc,HR Business Partner,champion,0.010047876211277748,commentaire LinkedIn 04-24 (0.010047876211277748)
ENT-08841,CON-002558,Margaux Simon,Chargee de recrutement,utilisateur,0.010047876211277746,clic email 04-24 (0.010047876211277746)
ENT-16676,CON-051683,Camille Fournier,HRBP,champion,0.0033492920704259153,like LinkedIn 04-24 (0.0033492920704259153)
ENT-15762,CON-070143,Manon Fischer,Talent Acquisition Specialist,utilisateur,0.3948888235361172,clic email 06-07 (0.21213203435596426) · commentaire LinkedIn 06-09 (0.18275678918015298)
ENT-15762,CON-070147,Manon Blanc,HR Business Partner,champion,0.013397168281703661,clic email 04-24 (0.013397168281703661)
ENT-13259,CON-058637,Laura Michel,People Ops Manager,champion,0.24313683928111068,clic email 04-24 (0.013397168281703661) · clic email 06-04 (0.22973967099940704)
ENT-08318,CON-061936,Sanne Meyer,HR Assistant,utilisateur,0.010047876211277746,clic email 04-24 (0.010047876211277746)
ENT-04202,CON-072971,Jonas Fournier,HR Officer,utilisateur,0.8890269148763257,clic email 04-24 (0.010047876211277746) · clic email 06-17 (0.4242640687119285) · clic email 06-18 (0.45471496995311944)
ENT-04202,CON-015465,Maxime Serrano,Charge de recrutement,utilisateur,0.13995494873052114,clic email 06-01 (0.13995494873052114)
ENT-19051,CON-038283,Ines Michel,Talent Acquisition Specialist,utilisateur,0.010047876211277746,clic email 04-24 (0.010047876211277746)
ENT-12177,CON-010016,Julie Martin,Head of People,buyer,0.9330329915368074,clic email 06-21 (0.9330329915368074)
ENT-12177,CON-010013,Julien Jansen,HR Business Partner,champion,0.013397168281703661,clic email 04-24 (0.013397168281703661)
ENT-12177,CON-010015,Lea Garcia,Chargee de recrutement,utilisateur,0.011541978875108596,clic email 04-26 (0.011541978875108596)
ENT-03160,CON-012926,Antoine Ferrari,HR Business Partner,champion,0.0033492920704259153,like LinkedIn 04-24 (0.0033492920704259153)
ENT-04676,CON-067472,Florian Bonnet,VP People,buyer,1.5282764117744954,commentaire LinkedIn 04-24 (0.012559845264097182) · clic email 06-28 (1.5157165665103982)
ENT-03738,CON-070011,Laura Garcia,Executive Assistant,bruit,0.0,commentaire LinkedIn 04-25 (0.0)
ENT-03738,CON-070009,Lea Simon,Executive Assistant,bruit,0.0,clic email 05-07 (0.0)
ENT-05043,CON-016021,Lucas Visser,Recruiter,utilisateur,0.010769047078097197,clic email 04-25 (0.010769047078097197)
ENT-04687,CON-025100,Sophie Vincent,Charge de recrutement,utilisateur,0.6892190129982211,clic email 06-24 (0.6892190129982211)
ENT-04687,CON-025098,Thomas Faure,HR Assistant,utilisateur,0.010769047078097197,clic email 04-25 (0.010769047078097197)
ENT-00357,CON-035947,Pablo Rousseau,HR Business Partner,champion,0.014358729437462931,clic email 04-25 (0.014358729437462931)
ENT-05920,CON-067610,Alexandre Girard,Talent Acquisition Specialist,utilisateur,0.010769047078097197,clic email 04-25 (0.010769047078097197)
ENT-05920,CON-059120,Lucas Rousseau,Office Manager,bruit,0.0,clic email 05-09 (0.0) · commentaire LinkedIn 06-26 (0.0)
ENT-01529,CON-074667,Jonas Roux,HR Intern,bruit,0.0,clic email 04-25 (0.0)
ENT-03894,CON-058353,Diego Girard,,sans_titre,0.008974205898414332,clic email 04-25 (0.008974205898414332)
ENT-03054,CON-027811,Bastien Michel,HR Officer,utilisateur,0.010769047078097197,clic email 04-25 (0.010769047078097197)
ENT-19553,CON-026301,Nora Fournier,HR Officer,utilisateur,0.010769047078097197,clic email 04-25 (0.010769047078097197)
ENT-12734,CON-062332,Chloe Mercier,Talent Acquisition Manager,champion,0.014358729437462931,clic email 04-25 (0.014358729437462931)
ENT-06073,CON-046901,Jonas Faure,Charge de recrutement,utilisateur,0.008076785308572898,commentaire LinkedIn 04-25 (0.008076785308572898)
ENT-14731,CON-036297,Pablo Dupont,Recruiter,utilisateur,0.010769047078097197,clic email 04-25 (0.010769047078097197)
ENT-20037,CON-033377,Quentin Andre,HR Officer,utilisateur,0.010769047078097197,clic email 04-25 (0.010769047078097197)
ENT-17650,CON-076224,Vincent Fontaine,Recruiter,utilisateur,0.0026922617695242994,like LinkedIn 04-25 (0.0026922617695242994)
ENT-13760,CON-039792,Antoine Fontaine,,sans_titre,0.5089742058984144,clic email 04-25 (0.008974205898414332) · clic email 06-22 (0.5)
ENT-13760,CON-039789,Camille Fontaine,VP People,buyer,0.1435872943746294,clic email 05-25 (0.1435872943746294)
ENT-19762,CON-072857,Hugo Bernard,Talent Acquisition Manager,champion,0.7464263932294459,clic email 06-21 (0.7464263932294459)
ENT-19762,CON-072855,Ines Durand,Office Manager,bruit,0.0,clic email 04-25 (0.0)
ENT-13756,CON-064128,Pierre Serrano,Executive Assistant,bruit,0.0,commentaire LinkedIn 04-25 (0.0)
ENT-09750,CON-025688,Laura Serrano,Office Manager,bruit,0.0,clic email 04-25 (0.0)
ENT-08240,CON-039035,Sanne Muller,Executive Assistant,bruit,0.0,commentaire LinkedIn 04-25 (0.0)
ENT-08240,CON-039034,Lea Guerin,HR Intern,bruit,0.0,commentaire LinkedIn 05-31 (0.0)
ENT-12230,CON-070224,Diego Dubois,People Ops Coordinator,utilisateur,0.008076785308572898,commentaire LinkedIn 04-25 (0.008076785308572898)
ENT-11753,CON-029542,Sarah Lefebvre,Recruiter,utilisateur,0.22735748497655967,clic email 06-08 (0.22735748497655967)
ENT-11753,CON-029538,Manon Boyer,Recruiter,utilisateur,0.010769047078097197,clic email 04-25 (0.010769047078097197)
ENT-01560,CON-026621,Ines Fischer,Compensation & Benefits Manager,champion,0.014358729437462931,clic email 04-25 (0.014358729437462931)
ENT-09232,CON-025462,Vincent Garnier,Talent Acquisition Specialist,utilisateur,0.010769047078097197,clic email 04-25 (0.010769047078097197)
ENT-10038,CON-015124,Camille Roux,COO,buyer,0.013461308847621497,commentaire LinkedIn 04-25 (0.013461308847621497)
ENT-09295,CON-039771,Antoine Navarro,People Ops Manager,champion,0.03535533905932738,like LinkedIn 05-28 (0.03535533905932738)
ENT-09295,CON-039766,Thomas Dupont,Chargee de recrutement,utilisateur,0.010769047078097197,clic email 04-25 (0.010769047078097197)
ENT-13312,CON-021771,Margaux Jansen,VP People,buyer,0.017948411796828663,clic email 04-25 (0.017948411796828663)
ENT-11353,CON-015961,Pierre Garnier,Talent Acquisition Manager,champion,0.15157165665103978,clic email 05-29 (0.15157165665103978)
ENT-11353,CON-015962,Nicolas Fournier,Talent Acquisition Manager,champion,0.014358729437462931,clic email 04-25 (0.014358729437462931)
ENT-16475,CON-008390,Pierre Guerin,People Ops Manager,champion,0.32490095854249423,clic email 06-09 (0.32490095854249423)
ENT-16475,CON-030431,Bastien Ferrari,Charge de recrutement,utilisateur,0.08615237662477764,clic email 05-25 (0.08615237662477764)
ENT-16475,CON-030430,Sanne Meyer,HR Assistant,utilisateur,0.010769047078097197,clic email 04-25 (0.010769047078097197)
ENT-07889,CON-049965,Quentin Muller,Head of Talent Acquisition,buyer,0.1538930516681145,clic email 05-26 (0.1538930516681145)
ENT-07889,CON-049964,Thomas Laurent,HR Assistant,utilisateur,0.010769047078097197,clic email 04-25 (0.010769047078097197)
ENT-13609,CON-020316,Jonas Meyer,Talent Acquisition Specialist,utilisateur,0.008076785308572898,commentaire LinkedIn 04-25 (0.008076785308572898)
ENT-13609,CON-020317,Vincent Michel,HR Intern,bruit,0.0,commentaire LinkedIn 05-29 (0.0)
ENT-10963,CON-000205,Pablo Smit,Head of Talent Acquisition,buyer,0.017948411796828663,clic email 04-25 (0.017948411796828663)
ENT-07943,CON-048568,Greta Martin,Talent Acquisition Specialist,utilisateur,0.010769047078097197,clic email 04-25 (0.010769047078097197)
ENT-12710,CON-030466,Camille Simon,HR Officer,utilisateur,3.394112549695428,clic email 07-17 (3.394112549695428)
ENT-12710,CON-015595,Femke Michel,Chargee de recrutement,utilisateur,0.075,clic email 05-23 (0.075)
ENT-12710,CON-015591,Jan Leroy,HR Officer,utilisateur,0.010769047078097197,clic email 04-25 (0.010769047078097197)
ENT-08194,CON-062207,Lars Petit,HRBP,champion,2.996474619995881,commentaire LinkedIn 04-25 (0.0107690470780972) · clic email 07-11 (2.9857055729177837)
ENT-16332,CON-020711,Antoine Guerin,Recruiter,utilisateur,0.32896709861204354,clic email 04-25 (0.010769047078097197) · commentaire LinkedIn 06-17 (0.31819805153394637)
ENT-16332,CON-020710,Felix Visser,Directrice RH,buyer,0.07694652583405726,clic email 05-16 (0.07694652583405726)
ENT-10058,CON-057663,Antoine Ferrari,Directeur RH,buyer,0.004487102949207166,like LinkedIn 04-25 (0.004487102949207166)
ENT-16625,CON-015569,Lea Simon,HR Intern,bruit,0.0,clic email 04-25 (0.0)
ENT-16467,CON-060272,Ines Navarro,HR Assistant,utilisateur,0.010769047078097197,clic email 04-25 (0.010769047078097197)
ENT-16042,CON-060203,Anais Jansen,HR Director,buyer,0.004487102949207166,like LinkedIn 04-25 (0.004487102949207166)
ENT-10271,CON-011861,Lars Rousseau,Recruiter,utilisateur,0.4981204848918384,clic email 04-25 (0.010769047078097197) · like LinkedIn 07-09 (0.48735143781374124)
ENT-10271,CON-011860,Julien Simon,Talent Acquisition Manager,champion,0.015389305166811463,clic email 04-26 (0.015389305166811463)
ENT-16414,CON-019980,Sophie Rossi,People Ops Coordinator,utilisateur,2.4,clic email 07-12 (2.4)
ENT-16414,CON-019978,Sarah Ferrari,Talent Acquisition Specialist,utilisateur,0.12166219702986661,clic email 04-25 (0.010769047078097197) · clic email 05-07 (0.024740773326991775) · clic email 05-25 (0.08615237662477764)
ENT-04806,CON-065818,Sophie Garnier,CEO,buyer,0.7758066950520278,clic email 04-25 (0.017948411796828663) · clic email 06-18 (0.7578582832551991)
ENT-04806,CON-006954,Maxime Vincent,HR Assistant,utilisateur,0.12183785945343534,clic email 05-30 (0.12183785945343534)
ENT-19665,CON-033273,Marion Lefebvre,Office Manager,bruit,0.0,clic email 04-25 (0.0)
ENT-04756,CON-027223,Guillaume Girard,COO,buyer,0.5902961414741543,like LinkedIn 05-31 (0.05440941020600775) · clic email 06-13 (0.5358867312681466)
ENT-04756,CON-061463,Thomas Laurent,People Ops Coordinator,utilisateur,0.010769047078097197,clic email 04-25 (0.010769047078097197)
ENT-05855,CON-038294,Vincent Martin,Chargee de recrutement,utilisateur,0.022311025953205794,clic email 04-25 (0.010769047078097197) · clic email 04-26 (0.011541978875108596)
ENT-05610,CON-019587,Margaux Blanc,VP People,buyer,0.017948411796828663,clic email 04-25 (0.017948411796828663)
ENT-00486,CON-011239,Thomas Garcia,HRBP,champion,0.6498019170849885,clic email 06-19 (0.6498019170849885)
ENT-00486,CON-011240,Bastien Serrano,Head of HR Operations,buyer,0.017948411796828663,clic email 04-25 (0.017948411796828663)
ENT-19039,CON-049197,Maxime Roux,,sans_titre,0.023401679492300067,clic email 04-25 (0.008974205898414332) · commentaire LinkedIn 05-06 (0.014427473593885735)
ENT-06890,CON-059831,Thomas Guerin,People Ops Coordinator,utilisateur,0.7494556950850468,clic email 04-25 (0.010769047078097197) · clic email 06-25 (0.7386866480069496)
ENT-06890,CON-049064,Laura Fischer,Talent Acquisition Specialist,utilisateur,0.6,clic email 06-22 (0.6)
ENT-08467,CON-000275,Sarah Fontaine,Office Manager,bruit,0.0,clic email 04-25 (0.0)
ENT-16295,CON-038601,Guillaume Navarro,Office Manager,bruit,0.0,like LinkedIn 04-25 (0.0) · clic email 05-23 (0.0)
ENT-05724,CON-003377,Julien Boyer,HR Manager,champion,0.014358729437462931,clic email 04-25 (0.014358729437462931)
ENT-14526,CON-046015,Sophie Chevalier,Chargee de recrutement,utilisateur,3.637719759624955,clic email 07-18 (3.637719759624955)
ENT-14526,CON-071103,Benjamin Serrano,HR Assistant,utilisateur,1.583409492927473,clic email 07-06 (1.583409492927473)
ENT-14526,CON-071102,Jan Petit,People Ops Coordinator,utilisateur,0.08074652144335777,clic email 04-25 (0.010769047078097197) · clic email 05-22 (0.06997747436526057)
ENT-14526,CON-071099,Jan Roux,HR Manager,champion,0.046651649576840384,clic email 05-12 (0.046651649576840384)
ENT-14907,CON-038394,Margaux Moreau,People Ops Coordinator,utilisateur,0.0026922617695242994,like LinkedIn 04-25 (0.0026922617695242994)
ENT-15871,CON-072619,Marta Faure,VP Human Resources,buyer,0.017948411796828663,clic email 04-25 (0.017948411796828663)
ENT-19820,CON-040586,Julie Fournier,People Ops Manager,champion,0.014358729437462931,clic email 04-25 (0.014358729437462931)
ENT-08414,CON-069185,Sanne Faure,HR Manager,champion,0.014358729437462931,clic email 04-25 (0.014358729437462931)
ENT-09891,CON-039282,Femke Chevalier,Executive Assistant,bruit,34.822022531844965,RDV pris 07-16 (34.822022531844965) · clic email 07-16 (0.0)
ENT-09891,CON-039278,Felix Bonnet,VP People,buyer,21.365911452867305,/demo 07-16 (6.597539553864471) · clic email 07-18 (6.062866266041592) · /pricing 07-20 (8.705505632961241)
ENT-09891,CON-039281,Vincent Navarro,Compensation & Benefits Manager,champion,11.064353190637592,clic email 07-15 (3.9396621227037323) · clic email 07-17 (4.525483399593905) · /product/ats 07-19 (2.599207668339954)
ENT-09891,CON-039280,Greta Lambert,Executive Assistant,bruit,0.0,commentaire LinkedIn 04-25 (0.0) · commentaire LinkedIn 07-18 (0.0) · clic email 07-20 (0.0)
ENT-06025,CON-012921,Anais Faure,HR Manager,champion,0.0035896823593657328,like LinkedIn 04-25 (0.0035896823593657328)
ENT-10353,CON-067061,Elena Laurent,Chargee de recrutement,utilisateur,2.3858832864693067,clic email 04-25 (0.010769047078097197) · commentaire LinkedIn 07-16 (2.3751142393912095)
ENT-17102,CON-057030,Greta Simon,Head of HR Operations,buyer,0.027204705103003893,clic email 05-01 (0.027204705103003893)
ENT-17102,CON-057032,Sarah Simon,Talent Acquisition Manager,champion,0.014358729437462931,clic email 04-25 (0.014358729437462931)
ENT-19256,CON-074452,Ines Girard,HR Assistant,utilisateur,0.010769047078097197,clic email 04-25 (0.010769047078097197)
ENT-14696,CON-034304,Anna Andre,Chief People Officer,buyer,0.05384523539048601,clic email 04-25 (0.017948411796828663) · clic email 05-05 (0.03589682359365735)
ENT-07405,CON-058432,Sarah Weber,HRBP,champion,0.014358729437462931,clic email 04-25 (0.014358729437462931)
ENT-17093,CON-070024,Manon Martin,Charge de recrutement,utilisateur,0.08038300969022197,clic email 05-24 (0.08038300969022197)
ENT-17093,CON-023963,Ines Lambert,Executive Assistant,bruit,0.0,like LinkedIn 04-25 (0.0)
ENT-06696,CON-011961,Maxime Boyer,Chargee de recrutement,utilisateur,0.010769047078097197,clic email 04-25 (0.010769047078097197)
ENT-10542,CON-048482,Ines Vincent,Directrice RH,buyer,4.924577653379665,clic email 07-15 (4.924577653379665)
ENT-10542,CON-048483,Thomas Petit,People Ops Manager,champion,0.05717835548618038,like LinkedIn 04-25 (0.0035896823593657328) · clic email 05-14 (0.053588673126814645)
ENT-14399,CON-041977,Sanne Muller,HR Intern,bruit,0.0,clic email 04-25 (0.0)
ENT-19183,CON-019904,Pablo Garcia,Recruiter,utilisateur,0.010769047078097197,clic email 04-25 (0.010769047078097197)
ENT-07596,CON-008279,Chloe Guerin,Chargee de recrutement,utilisateur,0.010769047078097197,clic email 04-25 (0.010769047078097197)
ENT-01018,CON-029572,Quentin Jansen,HR Business Partner,champion,1.9494057512549654,commentaire LinkedIn 07-09 (1.9494057512549654)
ENT-01018,CON-029571,Romain Chevalier,People Ops Manager,champion,0.014358729437462931,clic email 04-25 (0.014358729437462931)
ENT-19262,CON-039812,Elise Michel,Office Manager,bruit,0.0,clic email 04-25 (0.0)
ENT-15091,CON-061273,Chloe Girard,Talent Acquisition Manager,champion,0.3067329956614453,like LinkedIn 04-25 (0.0035896823593657328) · clic email 06-08 (0.30314331330207955)
ENT-15091,CON-034735,Lars Fournier,HR Intern,bruit,0.0,clic email 07-01 (0.0)
ENT-15661,CON-002292,Lucas Rossi,HR Assistant,utilisateur,0.0026922617695242994,like LinkedIn 04-25 (0.0026922617695242994)
ENT-16655,CON-048693,Nicolas Ferrari,Office Manager,bruit,0.0,clic email 04-25 (0.0) · clic email 06-02 (0.0)
ENT-07250,CON-001396,Thomas Bonnet,HRBP,champion,0.05024133193620612,like LinkedIn 04-25 (0.0035896823593657328) · clic email 05-12 (0.046651649576840384)
ENT-04826,CON-018555,Diego Blanc,HR Manager,champion,0.016493848884661183,clic email 04-27 (0.016493848884661183)
ENT-04826,CON-073088,Manon Michel,CHRO,buyer,0.013461308847621497,commentaire LinkedIn 04-25 (0.013461308847621497)
ENT-05382,CON-045961,Jan Weber,Compensation & Benefits Manager,champion,0.31750204273954247,clic email 04-25 (0.014358729437462931) · clic email 06-08 (0.30314331330207955)
ENT-05382,CON-039928,Diego Dupont,HRBP,champion,0.24859870249093885,clic email 05-28 (0.14142135623730953) · like LinkedIn 06-13 (0.10717734625362932)
ENT-04032,CON-059395,Nicolas Navarro,Recruiter,utilisateur,0.014209842811034979,clic email 04-29 (0.014209842811034979)
ENT-04032,CON-059396,Elena Navarro,Chargee de recrutement,utilisateur,0.010769047078097197,clic email 04-25 (0.010769047078097197)
ENT-10626,CON-042537,Pablo Chevalier,HR Manager,champion,0.014358729437462931,clic email 04-25 (0.014358729437462931)
ENT-09391,CON-002069,Sarah Girard,Recruiter,utilisateur,0.010769047078097197,clic email 04-25 (0.010769047078097197)
ENT-11231,CON-065313,Sarah Boyer,Directeur RH,buyer,2.8329142276953974,like LinkedIn 04-25 (0.004487102949207166) · clic email 07-07 (2.8284271247461903)
ENT-11231,CON-073297,Anais Serrano,HR Manager,champion,0.33328393899859565,clic email 05-21 (0.08705505632961241) · clic email 06-05 (0.24622888266898324)
ENT-09213,CON-007419,Greta Weber,People Ops Coordinator,utilisateur,0.010769047078097197,clic email 04-25 (0.010769047078097197)
ENT-04899,CON-023604,Manon Boyer,Chargee de recrutement,utilisateur,0.011541978875108596,clic email 04-26 (0.011541978875108596)
ENT-20113,CON-019342,Thomas Martin,HR Assistant,utilisateur,0.011541978875108596,clic email 04-26 (0.011541978875108596)
ENT-00843,CON-048355,Guillaume Moreau,HRBP,champion,0.015389305166811463,clic email 04-26 (0.015389305166811463)
ENT-10537,CON-012440,Femke Meyer,Compensation & Benefits Manager,champion,0.015389305166811463,clic email 04-26 (0.015389305166811463)
ENT-13692,CON-075422,Lea Michel,Head of Talent Acquisition,buyer,0.5551233627266609,clic email 04-26 (0.019236631458514328) · clic email 06-13 (0.5358867312681466)
ENT-13247,CON-033480,Florian Smit,,sans_titre,0.009618315729257164,clic email 04-26 (0.009618315729257164)
ENT-10463,CON-069695,Marion Fischer,,sans_titre,0.4665164957684037,clic email 06-21 (0.4665164957684037)
ENT-10463,CON-036654,Emma Moreau,HR Officer,utilisateur,0.011541978875108596,clic email 04-26 (0.011541978875108596)
ENT-13693,CON-001069,Margaux Michel,Directeur RH,buyer,1.1367874248827987,commentaire LinkedIn 06-28 (1.1367874248827987)
ENT-13693,CON-001070,Jonas Leroy,Talent Acquisition Specialist,utilisateur,0.2827953921798194,like LinkedIn 04-26 (0.002885494718777149) · clic email 06-11 (0.2799098974610423)
ENT-13693,CON-045485,Thomas Muller,HR Manager,champion,0.053588673126814645,clic email 05-14 (0.053588673126814645)
ENT-05871,CON-049385,Sophie Laurent,Directrice RH,buyer,0.019236631458514328,clic email 04-26 (0.019236631458514328)
ENT-02631,CON-030003,Hugo Smit,Chief People Officer,buyer,0.652912922472093,commentaire LinkedIn 06-20 (0.652912922472093)
ENT-02631,CON-056229,Bastien Visser,Talent Acquisition Specialist,utilisateur,0.46625694882822805,clic email 04-26 (0.011541978875108596) · like LinkedIn 07-08 (0.45471496995311944)
ENT-02461,CON-033982,Lars Laurent,HR Assistant,utilisateur,0.9094299399062389,clic email 06-28 (0.9094299399062389)
ENT-02461,CON-033984,Lars Roux,HR Business Partner,champion,0.024740773326991778,commentaire LinkedIn 05-07 (0.024740773326991778)
ENT-02461,CON-033983,Florian Navarro,Directrice RH,buyer,0.019236631458514328,clic email 04-26 (0.019236631458514328)
ENT-15301,CON-059098,Femke Durand,HR Intern,bruit,0.0,commentaire LinkedIn 04-26 (0.0) · clic email 07-17 (0.0)
ENT-10228,CON-025020,Lars Fontaine,Chief People Officer,buyer,0.019236631458514328,clic email 04-26 (0.019236631458514328)
ENT-01901,CON-003339,Anais Garcia,HR Intern,bruit,0.0,clic email 04-26 (0.0)
ENT-00264,CON-012726,Ines Vincent,Head of HR Operations,buyer,0.019236631458514328,clic email 04-26 (0.019236631458514328)
ENT-19918,CON-012431,Romain Meyer,Head of Talent Acquisition,buyer,0.019236631458514328,clic email 04-26 (0.019236631458514328)
ENT-08082,CON-040251,Jan Michel,People Ops Coordinator,utilisateur,0.3824509684876056,clic email 05-20 (0.06091892972671767) · clic email 06-13 (0.32153203876088793)
ENT-08082,CON-040250,Julie Leroy,Chargee de recrutement,utilisateur,0.030459464863358834,like LinkedIn 05-30 (0.030459464863358834)
ENT-08082,CON-040249,Pauline Durand,CEO,buyer,0.019236631458514328,clic email 04-26 (0.019236631458514328)
ENT-17687,CON-019059,Sarah Smit,HRBP,champion,3.6758347359905117,clic email 07-14 (3.6758347359905117)
ENT-17687,CON-019061,Ines Ferrari,People Ops Coordinator,utilisateur,0.4242640687119285,clic email 06-17 (0.4242640687119285)
ENT-17687,CON-061617,Pablo Bernard,Executive Assistant,bruit,0.0,clic email 04-26 (0.0) · clic email 07-10 (0.0)
ENT-17687,CON-019060,Marta Andre,HR Intern,bruit,0.0,clic email 04-27 (0.0)
ENT-07839,CON-000541,Sophie Fournier,Responsable Recrutement,champion,0.015389305166811463,clic email 04-26 (0.015389305166811463)
ENT-05282,CON-073315,Elise Lambert,People Ops Coordinator,utilisateur,0.011541978875108596,clic email 04-26 (0.011541978875108596)
ENT-10246,CON-074501,Maxime Dubois,HR Business Partner,champion,0.015389305166811463,clic email 04-26 (0.015389305166811463)
ENT-12137,CON-029855,Sanne Jansen,Directrice RH,buyer,0.09618315729257158,clic email 04-26 (0.019236631458514328) · clic email 05-16 (0.07694652583405726)
ENT-12215,CON-063244,Anna Lambert,CHRO,buyer,0.019236631458514328,clic email 04-26 (0.019236631458514328)
ENT-17123,CON-067845,Greta Ferrari,Head of HR Operations,buyer,0.019236631458514328,clic email 04-26 (0.019236631458514328)
ENT-17123,CON-067846,Jan Jansen,HR Intern,bruit,0.0,like LinkedIn 07-18 (0.0)
ENT-04960,CON-037793,Laura Moreau,Recruiter,utilisateur,0.002885494718777149,like LinkedIn 04-26 (0.002885494718777149)
ENT-17771,CON-069244,Thomas Guerin,People Ops Manager,champion,0.14142135623730953,clic email 05-28 (0.14142135623730953)
ENT-17771,CON-069242,Femke Visser,Head of HR Operations,buyer,0.019236631458514328,clic email 04-26 (0.019236631458514328)
ENT-17584,CON-035129,Antoine Blanc,Chief People Officer,buyer,0.019236631458514328,clic email 04-26 (0.019236631458514328)
ENT-14983,CON-016508,Lea Durand,People Ops Coordinator,utilisateur,0.011541978875108596,clic email 04-26 (0.011541978875108596)
ENT-05209,CON-015032,Femke Laurent,HR Director,buyer,2.8284271247461903,clic email 07-07 (2.8284271247461903)
ENT-05209,CON-075198,Bastien Serrano,HRBP,champion,0.015389305166811463,clic email 04-26 (0.015389305166811463)
ENT-02243,CON-068590,Ines Chevalier,Talent Acquisition Specialist,utilisateur,0.16076601938044394,clic email 06-03 (0.16076601938044394)
ENT-02243,CON-013906,Sophie Meyer,HR Manager,champion,0.015389305166811463,clic email 04-26 (0.015389305166811463)
ENT-18779,CON-002028,Vincent Visser,HR Manager,champion,0.015389305166811463,clic email 04-26 (0.015389305166811463)
ENT-17238,CON-016496,Julie Guerin,HR Assistant,utilisateur,0.7007609918733296,clic email 04-26 (0.011541978875108596) · clic email 06-24 (0.6892190129982211)
ENT-10777,CON-016446,Antoine Rousseau,Talent Acquisition Specialist,utilisateur,0.011541978875108596,clic email 04-26 (0.011541978875108596)
ENT-06005,CON-040112,Margaux Guerin,CEO,buyer,0.014427473593885746,commentaire LinkedIn 04-26 (0.014427473593885746)
ENT-05682,CON-065413,Thomas Lambert,HR Officer,utilisateur,0.011541978875108596,clic email 04-26 (0.011541978875108596)
ENT-20064,CON-057677,Julien Moreau,HR Business Partner,champion,1.6,clic email 07-01 (1.6)
ENT-20064,CON-057678,Manon Michel,Head of Talent Acquisition,buyer,0.5743491774985175,clic email 06-14 (0.5743491774985175)
ENT-20064,CON-047062,Emma Lambert,Charge de recrutement,utilisateur,0.002885494718777149,like LinkedIn 04-26 (0.002885494718777149)
ENT-01737,CON-061748,Jan Fournier,HR Assistant,utilisateur,0.028419685622069958,clic email 05-09 (0.028419685622069958)
ENT-01737,CON-013169,Elise Muller,HR Intern,bruit,0.0,commentaire LinkedIn 04-26 (0.0)
ENT-13932,CON-003193,Pablo Dupont,Recruiter,utilisateur,0.011541978875108596,clic email 04-26 (0.011541978875108596)
ENT-18578,CON-066850,Laura Weber,Charge de recrutement,utilisateur,0.011541978875108596,clic email 04-26 (0.011541978875108596)
ENT-06752,CON-020504,Lea Fischer,Chief People Officer,buyer,0.8897871947546383,clic email 04-26 (0.019236631458514328) · clic email 06-20 (0.870550563296124)
ENT-06752,CON-020503,Ines Navarro,Talent Acquisition Manager,champion,0.08122523963562356,clic email 05-20 (0.08122523963562356)
ENT-19148,CON-017704,Diego Ferrari,People Ops Manager,champion,0.011541978875108598,commentaire LinkedIn 04-26 (0.011541978875108598)
ENT-07064,CON-006333,Lars Chevalier,Chargee de recrutement,utilisateur,0.3958523732318682,clic email 06-16 (0.3958523732318682)
ENT-07064,CON-006332,Greta Petit,VP People,buyer,0.019236631458514328,clic email 04-26 (0.019236631458514328)
ENT-11092,CON-030276,Pablo Simon,CEO,buyer,0.019236631458514328,clic email 04-26 (0.019236631458514328)
ENT-08648,CON-042917,Ines Jansen,Talent Acquisition Specialist,utilisateur,0.011541978875108596,clic email 04-26 (0.011541978875108596)
ENT-02524,CON-045432,Camille Fischer,Executive Assistant,bruit,0.0,clic email 04-26 (0.0) · like LinkedIn 05-26 (0.0)
ENT-01022,CON-022138,Hugo Roux,Chargee de recrutement,utilisateur,0.10606601717798213,clic email 05-28 (0.10606601717798213)
ENT-01022,CON-022137,Emma Bernard,Office Manager,bruit,0.0,clic email 04-26 (0.0)
ENT-00943,CON-038382,Marta Martin,HR Officer,utilisateur,0.011541978875108596,clic email 04-26 (0.011541978875108596)
ENT-05951,CON-066971,Elena Blanc,Head of People,buyer,0.014427473593885746,commentaire LinkedIn 04-26 (0.014427473593885746)
ENT-20345,CON-035563,Nora Ferrari,HRBP,champion,0.015389305166811463,clic email 04-26 (0.015389305166811463)
ENT-00380,CON-047941,Pierre Lambert,People Ops Coordinator,utilisateur,1.697056274847714,clic email 07-07 (1.697056274847714)
ENT-00380,CON-008162,Benjamin Guerin,HRBP,champion,0.015389305166811463,clic email 04-26 (0.015389305166811463)
ENT-14358,CON-035388,Ines Blanc,People Ops Coordinator,utilisateur,0.04653071605773888,clic email 04-26 (0.011541978875108596) · clic email 05-12 (0.034988737182630285)
ENT-10971,CON-040202,Bastien Moreau,Head of HR Operations,buyer,0.019236631458514328,clic email 04-26 (0.019236631458514328)
ENT-02801,CON-003122,Chloe Garnier,Compensation & Benefits Manager,champion,2.4251465064166373,clic email 07-08 (2.4251465064166373)
ENT-02801,CON-003121,Emil Fournier,COO,buyer,0.014427473593885746,commentaire LinkedIn 04-26 (0.014427473593885746)
ENT-02801,CON-023995,Lars Martin,Office Manager,bruit,0.0,like LinkedIn 06-20 (0.0)
ENT-14770,CON-069197,Pierre Fournier,Head of HR Operations,buyer,0.019236631458514328,clic email 04-26 (0.019236631458514328)
ENT-08013,CON-019638,Sanne Meyer,Office Manager,bruit,0.0,clic email 04-26 (0.0)
ENT-17518,CON-006725,Anais Roux,Talent Acquisition Specialist,utilisateur,0.008656484156331447,commentaire LinkedIn 04-26 (0.008656484156331447)
ENT-17669,CON-012233,Claire Bonnet,Head of HR Operations,buyer,0.019236631458514328,clic email 04-26 (0.019236631458514328)
ENT-01006,CON-057959,Julien Navarro,CEO,buyer,0.050324297187543096,commentaire LinkedIn 04-26 (0.014427473593885746) · clic email 05-05 (0.03589682359365735)
ENT-08992,CON-061661,Sanne Fontaine,Office Manager,bruit,0.0,clic email 04-26 (0.0) · clic email 06-12 (0.0)
ENT-01074,CON-029207,Margaux Fischer,Executive Assistant,bruit,0.0,clic email 04-26 (0.0)
ENT-12125,CON-070483,Pierre Weber,Office Manager,bruit,0.0,clic email 04-26 (0.0)
ENT-13441,CON-025090,Thomas Bernard,VP People,buyer,0.019236631458514328,clic email 04-26 (0.019236631458514328)
ENT-15791,CON-075293,Vincent Smit,Recruiter,utilisateur,3.637719759624955,clic email 07-18 (3.637719759624955)
ENT-15791,CON-075295,Benjamin Mercier,Head of Talent Acquisition,buyer,0.6435872943746294,clic email 05-25 (0.1435872943746294) · clic email 06-12 (0.5)
ENT-15791,CON-075290,Femke Smit,People Ops Coordinator,utilisateur,0.04948154665398355,clic email 05-17 (0.04948154665398355)
ENT-15791,CON-004547,Nicolas Michel,Head of HR Operations,buyer,0.004809157864628582,like LinkedIn 04-26 (0.004809157864628582)
ENT-07442,CON-062247,Camille Petit,Talent Acquisition Specialist,utilisateur,2.5722563100871034,clic email 07-13 (2.5722563100871034)
ENT-07442,CON-062251,Felix Simon,Recruiter,utilisateur,0.011541978875108596,clic email 04-26 (0.011541978875108596)
ENT-09395,CON-048027,Nicolas Rousseau,Compensation & Benefits Manager,champion,0.015389305166811463,clic email 04-26 (0.015389305166811463)
ENT-05348,CON-068853,Chloe Meyer,Charge de recrutement,utilisateur,0.011541978875108596,clic email 04-26 (0.011541978875108596)
ENT-09048,CON-047782,Emil Leroy,HR Intern,bruit,0.0,clic email 04-26 (0.0)
ENT-09436,CON-058089,Femke Ferrari,People Ops Coordinator,utilisateur,1.697056274847714,clic email 07-07 (1.697056274847714)
ENT-09436,CON-058090,Thomas Rousseau,HR Assistant,utilisateur,0.22634187716699924,like LinkedIn 05-19 (0.014209842811034979) · clic email 06-07 (0.21213203435596426)
ENT-09436,CON-058091,Anna Lefebvre,Recruiter,utilisateur,0.011541978875108596,clic email 04-26 (0.011541978875108596)
ENT-12566,CON-076513,Camille Lambert,HRBP,champion,0.015389305166811463,clic email 04-26 (0.015389305166811463)
ENT-08939,CON-040566,Felix Muller,Executive Assistant,bruit,0.0,like LinkedIn 04-26 (0.0)
ENT-18772,CON-066371,Pablo Bonnet,CEO,buyer,0.00515432777645662,like LinkedIn 04-27 (0.00515432777645662)
ENT-07365,CON-020250,Pauline Petit,COO,buyer,0.08838834764831845,clic email 05-18 (0.08838834764831845)
ENT-07365,CON-020251,Ines Jansen,,sans_titre,0.01030865555291324,clic email 04-27 (0.01030865555291324)
ENT-01829,CON-013607,Anna Rousseau,VP People,buyer,0.02061731110582648,clic email 04-27 (0.02061731110582648)
ENT-01829,CON-004668,Romain Simon,People Ops Coordinator,utilisateur,0.017494368591315142,clic email 05-02 (0.017494368591315142)
ENT-05945,CON-034316,Anna Lambert,Responsable Recrutement,champion,0.06597539553864473,clic email 05-17 (0.06597539553864473)
ENT-05945,CON-015088,Emil Serrano,People Ops Coordinator,utilisateur,0.003092596665873972,like LinkedIn 04-27 (0.003092596665873972)
ENT-02277,CON-024734,Lars Fournier,Responsable Recrutement,champion,0.016493848884661183,clic email 04-27 (0.016493848884661183)
ENT-16022,CON-002619,Elise Andre,Office Manager,bruit,0.0,clic email 04-27 (0.0)
ENT-05303,CON-026219,Claire Vincent,Talent Acquisition Specialist,utilisateur,0.012370386663495887,clic email 04-27 (0.012370386663495887)
ENT-07734,CON-072452,Marta Bernard,HR Intern,bruit,0.0,like LinkedIn 04-27 (0.0)
ENT-18430,CON-021040,Diego Meyer,Chargee de recrutement,utilisateur,0.012370386663495887,clic email 04-27 (0.012370386663495887)
ENT-08063,CON-010470,Pierre Garnier,Compensation & Benefits Manager,champion,0.09771908852028474,clic email 04-27 (0.016493848884661183) · clic email 05-20 (0.08122523963562356)
ENT-02367,CON-041452,Diego Lefebvre,COO,buyer,2.3611845658966173,clic email 05-31 (0.217637640824031) · clic email 07-03 (2.1435469250725863)
ENT-02367,CON-025662,Julie Girard,Compensation & Benefits Manager,champion,0.28284271247461906,clic email 06-07 (0.28284271247461906)
ENT-02367,CON-025661,Claire Fischer,HR Officer,utilisateur,0.012370386663495887,clic email 04-27 (0.012370386663495887)
ENT-18269,CON-015815,Julien Lefebvre,,sans_titre,0.01030865555291324,clic email 04-27 (0.01030865555291324)
ENT-10142,CON-042850,Anna Jansen,Recruiter,utilisateur,0.48735143781374124,like LinkedIn 07-09 (0.48735143781374124)
ENT-10142,CON-042851,Pauline Mercier,Responsable Recrutement,champion,0.012370386663495889,commentaire LinkedIn 04-27 (0.012370386663495889)
ENT-04718,CON-041972,Maxime Michel,Compensation & Benefits Manager,champion,0.03172358131634059,clic email 04-27 (0.016493848884661183) · commentaire LinkedIn 04-30 (0.01522973243167941)
ENT-11968,CON-021954,Elena Serrano,HR Intern,bruit,0.0,clic email 04-27 (0.0)
ENT-05045,CON-031150,Quentin Blanc,COO,buyer,0.015462983329369859,commentaire LinkedIn 04-27 (0.015462983329369859)
ENT-17478,CON-067250,Lucas Dubois,Responsable Recrutement,champion,0.004123462221165296,like LinkedIn 04-27 (0.004123462221165296)
ENT-04332,CON-055431,Jan Andre,HRBP,champion,0.004123462221165296,like LinkedIn 04-27 (0.004123462221165296)
ENT-15187,CON-046423,Felix Martin,Head of Talent Acquisition,buyer,0.02061731110582648,clic email 04-27 (0.02061731110582648)
ENT-18416,CON-073500,Lars Fontaine,People Ops Coordinator,utilisateur,0.012370386663495887,clic email 04-27 (0.012370386663495887)
ENT-14979,CON-042149,Nora Dubois,Head of HR Operations,buyer,0.6803712664922735,clic email 04-27 (0.02061731110582648) · clic email 06-16 (0.6597539553864471)
ENT-11743,CON-029185,Lars Girard,Chargee de recrutement,utilisateur,0.012370386663495887,clic email 04-27 (0.012370386663495887)
ENT-18641,CON-029024,Pierre Jansen,Recruiter,utilisateur,1.0708309471831345,clic email 04-27 (0.012370386663495887) · commentaire LinkedIn 06-11 (0.2099324230957817) · clic email 06-27 (0.848528137423857)
ENT-18641,CON-064616,Manon Andre,HR Officer,utilisateur,0.03264564612360465,clic email 05-11 (0.03264564612360465)
ENT-10824,CON-027815,Anna Fischer,HR Assistant,utilisateur,0.6123703866634959,clic email 04-27 (0.012370386663495887) · like LinkedIn 07-12 (0.6)
ENT-20209,CON-005409,Elena Laurent,HR Officer,utilisateur,0.012370386663495887,clic email 04-27 (0.012370386663495887)
ENT-00733,CON-039882,Julie Meyer,Charge de recrutement,utilisateur,1.9291922325653275,commentaire LinkedIn 07-13 (1.9291922325653275)
ENT-00733,CON-039885,Lucas Roux,People Ops Manager,champion,0.016493848884661183,clic email 04-27 (0.016493848884661183)
ENT-01428,CON-030072,Quentin Rousseau,,sans_titre,0.01030865555291324,clic email 04-27 (0.01030865555291324)
ENT-16794,CON-057614,Emil Boyer,HR Business Partner,champion,0.016493848884661183,clic email 04-27 (0.016493848884661183)
ENT-12104,CON-021890,Hugo Navarro,Charge de recrutement,utilisateur,0.003092596665873972,like LinkedIn 04-27 (0.003092596665873972)
ENT-12104,CON-021891,Emil Garnier,Office Manager,bruit,0.0,clic email 07-15 (0.0)
ENT-16153,CON-043668,Sanne Boyer,,sans_titre,0.01030865555291324,clic email 04-27 (0.01030865555291324)
ENT-11855,CON-035877,Emil Petit,Head of HR Operations,buyer,1.7617184376980746,clic email 04-27 (0.02061731110582648) · clic email 06-30 (1.741101126592248)
ENT-11855,CON-035878,Sanne Jansen,,sans_titre,0.10153154954452945,clic email 05-30 (0.10153154954452945)
ENT-17033,CON-039739,Pablo Girard,Chargee de recrutement,utilisateur,0.012370386663495887,clic email 04-27 (0.012370386663495887)
ENT-08747,CON-064356,Diego Andre,HR Director,buyer,0.6803712664922735,clic email 04-27 (0.02061731110582648) · like LinkedIn 07-06 (0.6597539553864471)
ENT-09821,CON-058529,Maxime Simon,Office Manager,bruit,0.0,commentaire LinkedIn 04-27 (0.0)
ENT-08354,CON-039381,Romain Durand,Head of People,buyer,0.10668587732098607,like LinkedIn 04-27 (0.00515432777645662) · clic email 05-20 (0.10153154954452945)
ENT-14062,CON-034898,Sophie Garcia,Responsable Recrutement,champion,0.012370386663495889,commentaire LinkedIn 04-27 (0.012370386663495889)
ENT-19086,CON-054284,Manon Faure,Recruiter,utilisateur,0.0652912922472093,clic email 05-21 (0.0652912922472093)
ENT-19086,CON-054285,Jan Petit,HR Manager,champion,0.016493848884661183,clic email 04-27 (0.016493848884661183)
ENT-13868,CON-066884,Nicolas Boyer,People Ops Manager,champion,2.69339193107053,clic email 04-27 (0.016493848884661183) · clic email 06-17 (0.5656854249492381) · clic email 07-06 (2.111212657236631)
ENT-08052,CON-023012,Manon Chevalier,Directeur RH,buyer,0.02061731110582648,clic email 04-27 (0.02061731110582648)
ENT-16253,CON-021502,Pauline Rossi,Office Manager,bruit,0.0,clic email 04-27 (0.0) · like LinkedIn 07-08 (0.0)
ENT-16253,CON-021501,Julien Navarro,HR Intern,bruit,0.0,like LinkedIn 07-05 (0.0)
ENT-16895,CON-041877,Sanne Laurent,Directeur RH,buyer,0.30779189985508526,clic email 04-27 (0.02061731110582648) · clic email 06-04 (0.2871745887492588)
ENT-19055,CON-014976,Ines Chevalier,Talent Acquisition Specialist,utilisateur,0.012370386663495887,clic email 04-27 (0.012370386663495887)
ENT-05771,CON-049957,Lea Jansen,Chief People Officer,buyer,0.02061731110582648,clic email 04-27 (0.02061731110582648)
ENT-15406,CON-063391,Greta Moreau,People Ops Coordinator,utilisateur,0.701589399661717,clic email 04-27 (0.012370386663495887) · clic email 06-24 (0.6892190129982211)
ENT-00207,CON-025928,Elena Blanc,Office Manager,bruit,0.0,clic email 04-27 (0.0)
ENT-13358,CON-030371,Emma Navarro,HR Assistant,utilisateur,0.012370386663495887,clic email 04-27 (0.012370386663495887)
ENT-11476,CON-036411,Claire Martin,HR Officer,utilisateur,0.012370386663495887,clic email 04-27 (0.012370386663495887)
ENT-08634,CON-031470,Maxime Vincent,VP Human Resources,buyer,0.02061731110582648,clic email 04-27 (0.02061731110582648)
ENT-10125,CON-061937,Femke Blanc,CEO,buyer,0.02061731110582648,clic email 04-27 (0.02061731110582648)
ENT-05248,CON-052353,Anais Serrano,Responsable Recrutement,champion,3.2164938488846615,clic email 04-27 (0.016493848884661183) · clic email 07-12 (3.2)
ENT-01941,CON-024151,Jan Roux,Office Manager,bruit,0.0,clic email 04-27 (0.0)
ENT-16835,CON-070489,Sophie Fontaine,Head of HR Operations,buyer,0.26546298332936985,commentaire LinkedIn 04-27 (0.015462983329369859) · clic email 06-02 (0.25)
ENT-01994,CON-044288,Elise Serrano,Head of HR Operations,buyer,3.4822022531844965,clic email 07-10 (3.4822022531844965)
ENT-01994,CON-010369,Manon Garnier,Recruiter,utilisateur,0.012370386663495887,clic email 04-27 (0.012370386663495887)
ENT-08056,CON-048076,Camille Ferrari,HR Assistant,utilisateur,0.012370386663495887,clic email 04-27 (0.012370386663495887)
ENT-13305,CON-059580,Sophie Fournier,Recruiter,utilisateur,0.11614538986569492,clic email 05-16 (0.04616791550043435) · like LinkedIn 06-11 (0.06997747436526057)
ENT-13305,CON-045471,Pablo Simon,Talent Acquisition Specialist,utilisateur,0.03246613908605138,clic email 04-27 (0.012370386663495887) · clic email 05-04 (0.020095752422555492)
ENT-12496,CON-072389,Ines Roux,Compensation & Benefits Manager,champion,0.3017944963173389,clic email 05-09 (0.037892914162759944) · clic email 06-06 (0.26390158215457893)
ENT-12496,CON-074762,Emma Vincent,Charge de recrutement,utilisateur,0.012370386663495887,clic email 04-27 (0.012370386663495887)
ENT-12496,CON-030282,Jan Simon,HR Officer,utilisateur,0.0046875,like LinkedIn 05-03 (0.0046875)
ENT-12496,CON-072387,Lars Muller,HR Intern,bruit,0.0,clic email 06-09 (0.0)
ENT-11524,CON-041252,Pauline Blanc,,sans_titre,0.4768251513213169,clic email 04-27 (0.01030865555291324) · clic email 06-21 (0.4665164957684037)
ENT-11524,CON-041251,Emma Petit,Chargee de recrutement,utilisateur,0.30774049466678166,clic email 05-24 (0.08038300969022197) · clic email 06-08 (0.22735748497655967)
ENT-06870,CON-039956,Pierre Petit,Chargee de recrutement,utilisateur,0.7917047464637365,clic email 06-26 (0.7917047464637365)
ENT-06870,CON-039955,Laura Simon,HR Manager,champion,0.004123462221165296,like LinkedIn 04-27 (0.004123462221165296)
ENT-19579,CON-001266,Thomas Smit,HR Intern,bruit,0.0,commentaire LinkedIn 04-27 (0.0)
ENT-06964,CON-073076,Marta Faure,HR Business Partner,champion,0.012370386663495889,commentaire LinkedIn 04-27 (0.012370386663495889)
ENT-06134,CON-048169,Lars Laurent,VP People,buyer,0.015462983329369859,commentaire LinkedIn 04-27 (0.015462983329369859)
ENT-04420,CON-004798,Nora Bernard,Recruiter,utilisateur,0.012370386663495887,clic email 04-27 (0.012370386663495887)
ENT-18806,CON-032202,Claire Smit,Charge de recrutement,utilisateur,0.06091892972671767,like LinkedIn 06-09 (0.06091892972671767)
ENT-18806,CON-032205,Sarah Garnier,Chargee de recrutement,utilisateur,0.012370386663495887,clic email 04-27 (0.012370386663495887)
ENT-14491,CON-011723,Romain Simon,Compensation & Benefits Manager,champion,0.016493848884661183,clic email 04-27 (0.016493848884661183)
ENT-17433,CON-022472,Jonas Fournier,Compensation & Benefits Manager,champion,3.2,clic email 07-12 (3.2)
ENT-17433,CON-001886,Julie Weber,CHRO,buyer,0.015462983329369859,commentaire LinkedIn 04-27 (0.015462983329369859)
ENT-11898,CON-042077,Ines Girard,People Ops Manager,champion,0.016493848884661183,clic email 04-27 (0.016493848884661183)
ENT-13921,CON-069281,Pauline Lambert,Charge de recrutement,utilisateur,0.08615237662477764,clic email 05-25 (0.08615237662477764)
ENT-13921,CON-069284,Anna Bonnet,Responsable Recrutement,champion,0.04948154665398355,clic email 04-27 (0.016493848884661183) · clic email 05-07 (0.032987697769322366)
ENT-09050,CON-033124,Lea Weber,Responsable Recrutement,champion,0.004123462221165296,like LinkedIn 04-27 (0.004123462221165296)
ENT-18932,CON-068600,Julien Rossi,HR Assistant,utilisateur,0.003092596665873972,like LinkedIn 04-27 (0.003092596665873972)
ENT-09263,CON-048653,Elise Faure,Recruiter,utilisateur,0.012370386663495887,clic email 04-27 (0.012370386663495887)
ENT-04860,CON-068241,Diego Rossi,HR Assistant,utilisateur,2.239279179688338,clic email 07-11 (2.239279179688338)
ENT-04860,CON-012951,Marion Navarro,HR Assistant,utilisateur,0.03368515088004835,clic email 04-27 (0.012370386663495887) · commentaire LinkedIn 05-09 (0.021314764216552467)
ENT-04860,CON-012948,Camille Chevalier,Office Manager,bruit,0.0,clic email 07-15 (0.0)
ENT-09836,CON-011141,Manon Andre,COO,buyer,8.529734537264458,clic email 07-13 (4.2870938501451725) · commentaire LinkedIn 07-17 (4.242640687119286)
ENT-09836,CON-011143,Anais Meyer,CEO,buyer,0.015462983329369859,commentaire LinkedIn 04-27 (0.015462983329369859)
ENT-10187,CON-033337,Sophie Muller,People Ops Manager,champion,0.9189586839976281,clic email 06-24 (0.9189586839976281)
ENT-10187,CON-056259,Pablo Faure,Chargee de recrutement,utilisateur,0.012370386663495887,clic email 04-27 (0.012370386663495887)
ENT-10187,CON-075202,Emil Durand,Responsable Recrutement,champion,0.010881882041201552,like LinkedIn 05-11 (0.010881882041201552)
ENT-02288,CON-066874,Lea Moreau,HR Officer,utilisateur,0.1979261866159342,clic email 06-06 (0.1979261866159342)
ENT-02288,CON-066876,Claire Faure,HR Intern,bruit,0.0,clic email 04-27 (0.0)
ENT-00761,CON-035543,Alexandre Smit,Talent Acquisition Manager,champion,0.004123462221165296,like LinkedIn 04-27 (0.004123462221165296)
ENT-17269,CON-009236,Lucas Rossi,Head of HR Operations,buyer,6.107166648499144,clic email 04-27 (0.02061731110582648) · clic email 04-29 (0.023683071351724965) · clic email 07-18 (6.062866266041592)
ENT-09194,CON-016332,Thomas Simon,,sans_titre,0.06471806575892099,clic email 04-27 (0.01030865555291324) · clic email 05-21 (0.05440941020600775)
ENT-11564,CON-017629,Jonas Smit,VP Human Resources,buyer,0.00515432777645662,like LinkedIn 04-27 (0.00515432777645662)
ENT-09197,CON-039501,Julie Simon,People Ops Manager,champion,0.28284271247461906,clic email 06-07 (0.28284271247461906)
ENT-09197,CON-039502,Sanne Boyer,HR Officer,utilisateur,0.012370386663495887,clic email 04-27 (0.012370386663495887)
ENT-18315,CON-075402,Emil Navarro,HRBP,champion,2.9857055729177837,clic email 07-11 (2.9857055729177837)
ENT-18315,CON-040661,Romain Laurent,Head of HR Operations,buyer,0.015462983329369859,commentaire LinkedIn 04-27 (0.015462983329369859)
ENT-01190,CON-001428,Jonas Garnier,Office Manager,bruit,0.0,clic email 04-27 (0.0)
ENT-13192,CON-061350,Thomas Rossi,HR Intern,bruit,0.0,clic email 04-27 (0.0) · clic email 05-28 (0.0)
ENT-17441,CON-059829,Anna Lefebvre,CEO,buyer,0.3535533905932738,clic email 06-07 (0.3535533905932738)
ENT-17441,CON-059830,Ines Mercier,HR Assistant,utilisateur,0.012370386663495887,clic email 04-27 (0.012370386663495887)
ENT-03900,CON-063646,Thomas Garnier,Head of HR Operations,buyer,0.02061731110582648,clic email 04-27 (0.02061731110582648)
ENT-09606,CON-001448,Laura Faure,,sans_titre,0.01030865555291324,clic email 04-27 (0.01030865555291324)
ENT-18729,CON-068252,Pablo Smit,HR Business Partner,champion,0.6062866266041593,clic email 06-18 (0.6062866266041593)
ENT-18729,CON-057634,Pauline Visser,Office Manager,bruit,0.0,clic email 04-27 (0.0)
ENT-02075,CON-063676,Guillaume Garcia,Talent Acquisition Manager,champion,0.016493848884661183,clic email 04-27 (0.016493848884661183)
ENT-10278,CON-064014,Ines Fournier,People Ops Coordinator,utilisateur,3.2105561579561672,clic email 04-28 (0.013258252147247766) · clic email 07-04 (1.3784380259964417) · clic email 07-08 (1.8188598798124778)
ENT-10579,CON-068134,Antoine Visser,Executive Assistant,bruit,0.0,clic email 04-28 (0.0)
ENT-03039,CON-044855,Benjamin Guerin,HR Business Partner,champion,0.01767766952966369,clic email 04-28 (0.01767766952966369)
ENT-17029,CON-012258,Manon Leroy,Compensation & Benefits Manager,champion,0.11486983549970352,clic email 05-25 (0.11486983549970352)
ENT-17029,CON-012259,Benjamin Rousseau,Talent Acquisition Specialist,utilisateur,0.020095752422555492,clic email 05-04 (0.020095752422555492)
ENT-17029,CON-021691,Ines Dubois,Chargee de recrutement,utilisateur,0.013258252147247766,clic email 04-28 (0.013258252147247766)
ENT-09303,CON-059115,Lea Fontaine,Talent Acquisition Manager,champion,0.4594793419988141,clic email 06-14 (0.4594793419988141)
ENT-09303,CON-041379,Alexandre Mercier,Head of HR Operations,buyer,0.01657281518405971,commentaire LinkedIn 04-28 (0.01657281518405971)
ENT-05088,CON-026683,Claire Roux,HR Business Partner,champion,0.01767766952966369,clic email 04-28 (0.01767766952966369)
ENT-04925,CON-010625,Marion Garnier,Head of HR Operations,buyer,1.0717734625362931,clic email 06-23 (1.0717734625362931)
ENT-04925,CON-010626,Bastien Faure,Charge de recrutement,utilisateur,0.009943689110435824,commentaire LinkedIn 04-28 (0.009943689110435824)
ENT-04925,CON-010627,Guillaume Muller,Office Manager,bruit,0.0,commentaire LinkedIn 07-21 (0.0)
ENT-03452,CON-040181,Nicolas Serrano,Talent Acquisition Manager,champion,1.0556063286183155,clic email 06-26 (1.0556063286183155)
ENT-03452,CON-040179,Greta Fischer,Directeur RH,buyer,0.02209708691207961,clic email 04-28 (0.02209708691207961)
ENT-15350,CON-001293,Pauline Ferrari,HR Manager,champion,0.01767766952966369,clic email 04-28 (0.01767766952966369)
ENT-00477,CON-049849,Claire Ferrari,CHRO,buyer,0.02209708691207961,clic email 04-28 (0.02209708691207961)
ENT-03098,CON-054419,Diego Vincent,HR Business Partner,champion,0.01767766952966369,clic email 04-28 (0.01767766952966369)
ENT-09238,CON-009720,Sanne Rousseau,People Ops Coordinator,utilisateur,0.9747028756274827,clic email 06-29 (0.9747028756274827)
ENT-09238,CON-026222,Jonas Simon,HR Manager,champion,0.027745242170836116,like LinkedIn 04-28 (0.004419417382415923) · clic email 05-02 (0.023325824788420192)
ENT-13310,CON-038833,Nicolas Weber,Office Manager,bruit,0.0,clic email 04-28 (0.0)
ENT-11527,CON-028054,Elise Laurent,COO,buyer,0.02209708691207961,clic email 04-28 (0.02209708691207961)
ENT-12988,CON-025774,Thomas Lefebvre,People Ops Coordinator,utilisateur,0.013258252147247766,clic email 04-28 (0.013258252147247766)
ENT-01123,CON-062670,Benjamin Lambert,HR Officer,utilisateur,0.0033145630368119415,like LinkedIn 04-28 (0.0033145630368119415)
ENT-01123,CON-056941,Pierre Moreau,Executive Assistant,bruit,0.0,clic email 05-21 (0.0) · like LinkedIn 07-09 (0.0)
ENT-18805,CON-072147,Hugo Ferrari,COO,buyer,0.2679433656340732,clic email 06-03 (0.2679433656340732)
ENT-18805,CON-072146,Sarah Leroy,HR Intern,bruit,0.0,commentaire LinkedIn 04-28 (0.0)
ENT-18805,CON-011585,Vincent Leroy,Executive Assistant,bruit,0.0,clic email 05-28 (0.0) · like LinkedIn 06-28 (0.0)
ENT-17627,CON-007947,Elena Serrano,Head of Talent Acquisition,buyer,1.741101126592248,clic email 06-30 (1.741101126592248)
ENT-17627,CON-057062,Greta Andre,,sans_titre,0.011048543456039806,clic email 04-28 (0.011048543456039806)
ENT-11928,CON-026433,Nora Fischer,Executive Assistant,bruit,0.0,clic email 04-28 (0.0) · clic email 05-15 (0.0)
ENT-19623,CON-059339,Camille Blanc,HR Manager,champion,0.01767766952966369,clic email 04-28 (0.01767766952966369)
ENT-19623,CON-000487,Julie Simon,HR Intern,bruit,0.0,clic email 06-20 (0.0)
ENT-20430,CON-028369,Anais Andre,Directeur RH,buyer,0.02209708691207961,clic email 04-28 (0.02209708691207961)
ENT-07398,CON-076073,Vincent Boyer,HR Business Partner,champion,0.01767766952966369,clic email 04-28 (0.01767766952966369)
ENT-13625,CON-040425,Pauline Martin,Head of Talent Acquisition,buyer,0.005524271728019903,like LinkedIn 04-28 (0.005524271728019903)
ENT-14056,CON-000332,Maxime Durand,COO,buyer,0.02209708691207961,clic email 04-28 (0.02209708691207961)
ENT-16607,CON-049285,Femke Blanc,HRBP,champion,0.09890290916528725,clic email 04-28 (0.01767766952966369) · clic email 05-20 (0.08122523963562356)
ENT-14298,CON-036085,Marta Lambert,Head of HR Operations,buyer,0.05780743739571267,commentaire LinkedIn 04-28 (0.01657281518405971) · clic email 05-07 (0.04123462221165296)
ENT-05916,CON-049401,Chloe Michel,HR Officer,utilisateur,0.013258252147247766,clic email 04-28 (0.013258252147247766)
ENT-12644,CON-065900,Vincent Blanc,Compensation & Benefits Manager,champion,0.11486983549970352,clic email 05-25 (0.11486983549970352)
ENT-12644,CON-048538,Antoine Durand,HR Assistant,utilisateur,0.013258252147247766,clic email 04-28 (0.013258252147247766)
ENT-11278,CON-075543,Margaux Muller,HRBP,champion,0.01767766952966369,clic email 04-28 (0.01767766952966369)
ENT-19413,CON-056234,Romain Visser,,sans_titre,0.011048543456039806,clic email 04-28 (0.011048543456039806)
ENT-15796,CON-027821,Julie Chevalier,Head of People,buyer,0.02209708691207961,clic email 04-28 (0.02209708691207961)
ENT-18155,CON-027052,Laura Laurent,VP People,buyer,1.082757258691901,clic email 04-28 (0.02209708691207961) · commentaire LinkedIn 06-27 (1.0606601717798214)
ENT-05631,CON-073149,Ines Durand,HR Officer,utilisateur,0.0923358310008687,clic email 05-26 (0.0923358310008687)
ENT-05631,CON-070445,Sanne Blanc,HRBP,champion,0.01767766952966369,clic email 04-28 (0.01767766952966369)
ENT-05631,CON-073150,Nora Rousseau,People Ops Coordinator,utilisateur,0.015229732431679409,clic email 04-30 (0.015229732431679409)
ENT-07798,CON-005801,Benjamin Jansen,VP People,buyer,0.02209708691207961,clic email 04-28 (0.02209708691207961)
ENT-18844,CON-046351,Florian Moreau,Directrice RH,buyer,0.02209708691207961,clic email 04-28 (0.02209708691207961)
ENT-06273,CON-068686,Lars Ferrari,HR Intern,bruit,0.0,clic email 04-28 (0.0)
ENT-07359,CON-034870,Anais Fontaine,Responsable Recrutement,champion,0.01767766952966369,clic email 04-28 (0.01767766952966369)
ENT-01424,CON-009452,Elise Rossi,VP People,buyer,0.01657281518405971,commentaire LinkedIn 04-28 (0.01657281518405971)
ENT-04120,CON-030791,Manon Chevalier,Head of Talent Acquisition,buyer,0.02209708691207961,clic email 04-28 (0.02209708691207961)
ENT-18749,CON-015619,Hugo Rousseau,HR Director,buyer,0.3196276390120915,like LinkedIn 05-09 (0.011841535675862483) · clic email 06-05 (0.307786103336229)
ENT-18749,CON-015615,Alexandre Bernard,People Ops Manager,champion,0.01767766952966369,clic email 04-28 (0.01767766952966369)
ENT-07318,CON-053679,Lucas Vincent,HR Manager,champion,0.01767766952966369,clic email 04-28 (0.01767766952966369)
ENT-16839,CON-048060,Laura Garcia,Charge de recrutement,utilisateur,0.013258252147247766,clic email 04-28 (0.013258252147247766)
ENT-00833,CON-024694,Manon Girard,Chief People Officer,buyer,0.005524271728019903,like LinkedIn 04-28 (0.005524271728019903)
ENT-08890,CON-065940,Lea Navarro,Chargee de recrutement,utilisateur,0.19601504132740075,clic email 04-28 (0.013258252147247766) · commentaire LinkedIn 06-09 (0.18275678918015298)
ENT-08745,CON-024788,Quentin Dubois,People Ops Manager,champion,2.599207668339954,clic email 07-09 (2.599207668339954)
ENT-08745,CON-024787,Sophie Meyer,Executive Assistant,bruit,0.0,clic email 04-28 (0.0) · clic email 05-09 (0.0)
ENT-06334,CON-018311,Romain Blanc,Directeur RH,buyer,0.02209708691207961,clic email 04-28 (0.02209708691207961)
ENT-15903,CON-037236,Lucas Rossi,People Ops Coordinator,utilisateur,0.06599965069340791,clic email 04-28 (0.013258252147247766) · clic email 05-04 (0.020095752422555492) · clic email 05-11 (0.03264564612360465)
ENT-07508,CON-065144,Hugo Meyer,Head of HR Operations,buyer,0.02209708691207961,clic email 04-28 (0.02209708691207961)
ENT-19005,CON-038385,Marta Roux,VP Human Resources,buyer,0.005524271728019903,like LinkedIn 04-28 (0.005524271728019903)
ENT-01279,CON-068898,Jan Laurent,Compensation & Benefits Manager,champion,0.01767766952966369,clic email 04-28 (0.01767766952966369)
ENT-15521,CON-048030,Chloe Bernard,Talent Acquisition Manager,champion,0.01767766952966369,clic email 04-28 (0.01767766952966369)
ENT-12432,CON-059418,Julie Chevalier,People Ops Coordinator,utilisateur,0.013258252147247766,clic email 04-28 (0.013258252147247766)
ENT-13495,CON-041706,Felix Ferrari,Head of Talent Acquisition,buyer,0.005524271728019903,like LinkedIn 04-28 (0.005524271728019903)
ENT-12531,CON-014287,Vincent Blanc,Chargee de recrutement,utilisateur,0.013258252147247766,clic email 04-28 (0.013258252147247766)
ENT-07263,CON-016995,Camille Rossi,Head of HR Operations,buyer,1.4142135623730951,like LinkedIn 07-17 (1.4142135623730951)
ENT-07263,CON-016997,Pauline Moreau,People Ops Coordinator,utilisateur,0.013258252147247766,clic email 04-28 (0.013258252147247766)
ENT-06969,CON-066328,Claire Michel,People Ops Manager,champion,0.004419417382415923,like LinkedIn 04-28 (0.004419417382415923)
ENT-08263,CON-016070,Jan Garcia,Charge de recrutement,utilisateur,0.023083957750217175,clic email 05-06 (0.023083957750217175)
ENT-08263,CON-016072,Femke Martin,People Ops Coordinator,utilisateur,0.0033145630368119415,like LinkedIn 04-28 (0.0033145630368119415)
ENT-07922,CON-032713,Pauline Chevalier,Head of HR Operations,buyer,0.02209708691207961,clic email 04-28 (0.02209708691207961)
ENT-14995,CON-013164,Hugo Serrano,People Ops Coordinator,utilisateur,0.1846716620017374,clic email 06-05 (0.1846716620017374)
ENT-14995,CON-013167,Pierre Fontaine,Executive Assistant,bruit,0.0,clic email 04-28 (0.0)
ENT-14922,CON-047597,Elise Roux,Recruiter,utilisateur,0.5223303379776744,clic email 06-20 (0.5223303379776744)
ENT-14922,CON-047598,Nicolas Fischer,,sans_titre,0.008286407592029855,commentaire LinkedIn 04-28 (0.008286407592029855)
ENT-04711,CON-022528,Chloe Girard,HR Officer,utilisateur,0.0033145630368119415,like LinkedIn 04-28 (0.0033145630368119415)
ENT-16243,CON-042407,Chloe Michel,Executive Assistant,bruit,0.0,clic email 04-28 (0.0)
ENT-05296,CON-071683,Nicolas Martin,Charge de recrutement,utilisateur,0.013258252147247766,clic email 04-28 (0.013258252147247766)
ENT-05296,CON-027715,Quentin Chevalier,Office Manager,bruit,0.0,clic email 06-12 (0.0)
ENT-11903,CON-025665,Emma Blanc,Executive Assistant,bruit,0.0,clic email 04-28 (0.0)
ENT-00961,CON-056920,Claire Fontaine,People Ops Coordinator,utilisateur,0.0033145630368119415,like LinkedIn 04-28 (0.0033145630368119415)
ENT-14610,CON-061236,Hugo Bonnet,Recruiter,utilisateur,0.0033145630368119415,like LinkedIn 04-28 (0.0033145630368119415)
ENT-14610,CON-061237,Elena Dupont,HR Intern,bruit,0.0,clic email 06-23 (0.0)
ENT-04451,CON-070297,Romain Lefebvre,Executive Assistant,bruit,0.0,clic email 04-28 (0.0) · clic email 06-04 (0.0) · clic email 06-19 (0.0)
ENT-15216,CON-008079,Emil Rousseau,Charge de recrutement,utilisateur,0.0033145630368119415,like LinkedIn 04-28 (0.0033145630368119415)
ENT-09438,CON-002123,Anais Fontaine,,sans_titre,0.042298543456039804,clic email 04-28 (0.011048543456039806) · clic email 05-13 (0.03125)
ENT-02432,CON-062982,Ines Lambert,Charge de recrutement,utilisateur,3.1472402800132944,clic email 04-28 (0.013258252147247766) · commentaire LinkedIn 07-20 (3.1339820278660464)
ENT-13753,CON-013587,Quentin Boyer,Directeur RH,buyer,0.02209708691207961,clic email 04-28 (0.02209708691207961)
ENT-10870,CON-023220,Chloe Smit,People Ops Coordinator,utilisateur,0.013258252147247766,clic email 04-28 (0.013258252147247766)
ENT-13289,CON-004489,Julie Petit,Directeur RH,buyer,0.2030630990890589,clic email 05-30 (0.2030630990890589)
ENT-13289,CON-004487,Julien Michel,Recruiter,utilisateur,0.013258252147247766,clic email 04-28 (0.013258252147247766)
ENT-09801,CON-004169,Camille Lefebvre,Executive Assistant,bruit,0.0,clic email 04-28 (0.0)
ENT-02250,CON-071241,Camille Moreau,Head of HR Operations,buyer,0.0669858414085183,clic email 05-14 (0.0669858414085183)
ENT-02250,CON-049760,Lea Faure,VP People,buyer,0.02209708691207961,clic email 04-28 (0.02209708691207961)
ENT-06865,CON-021410,Femke Fontaine,Talent Acquisition Manager,champion,0.8,clic email 06-22 (0.8)
ENT-06865,CON-021412,Ines Vincent,HR Officer,utilisateur,0.4906660008505533,like LinkedIn 04-28 (0.0033145630368119415) · clic email 06-19 (0.48735143781374135)
ENT-03731,CON-002955,Lucas Bernard,People Ops Coordinator,utilisateur,0.0033145630368119415,like LinkedIn 04-28 (0.0033145630368119415)
ENT-06435,CON-066837,Julie Michel,Talent Acquisition Specialist,utilisateur,1.6038283124996537,clic email 04-28 (0.013258252147247766) · clic email 06-07 (0.21213203435596426) · clic email 07-04 (1.3784380259964417)
ENT-08911,CON-026462,Sophie Serrano,People Ops Manager,champion,0.01767766952966369,clic email 04-28 (0.01767766952966369)
ENT-11875,CON-035647,Lucas Girard,Chargee de recrutement,utilisateur,0.6430640775217759,clic email 06-23 (0.6430640775217759)
ENT-11875,CON-056223,Marta Garcia,HRBP,champion,0.01767766952966369,clic email 04-28 (0.01767766952966369)
ENT-03504,CON-048234,Maxime Fournier,People Ops Coordinator,utilisateur,0.013258252147247766,clic email 04-28 (0.013258252147247766)
ENT-01250,CON-023197,Felix Meyer,,sans_titre,4.639015821545788,clic email 07-12 (2.0) · clic email 07-16 (2.6390158215457884)
ENT-01250,CON-023195,Quentin Dubois,HR Manager,champion,0.01767766952966369,clic email 04-28 (0.01767766952966369)
ENT-10293,CON-062279,Hugo Vincent,Directrice RH,buyer,0.02209708691207961,clic email 04-28 (0.02209708691207961)
ENT-02738,CON-033757,Maxime Jansen,Compensation & Benefits Manager,champion,0.30314331330207955,clic email 06-08 (0.30314331330207955)
ENT-02738,CON-033758,Antoine Fischer,People Ops Coordinator,utilisateur,0.3,like LinkedIn 07-01 (0.3)
ENT-02738,CON-074224,Felix Fournier,Chief People Officer,buyer,0.023683071351724965,clic email 04-29 (0.023683071351724965)
ENT-16119,CON-016127,Anna Girard,Executive Assistant,bruit,0.0,clic email 04-29 (0.0) · like LinkedIn 05-08 (0.0)
ENT-19288,CON-034024,Hugo Petit,HRBP,champion,0.018946457081379972,clic email 04-29 (0.018946457081379972)
ENT-03550,CON-061327,Romain Lefebvre,Recruiter,utilisateur,0.010657382108276233,commentaire LinkedIn 04-29 (0.010657382108276233)
ENT-00026,CON-032076,Margaux Rossi,HRBP,champion,0.004736614270344993,like LinkedIn 04-29 (0.004736614270344993)
ENT-16183,CON-049019,Benjamin Vincent,HR Officer,utilisateur,0.9236397827172738,clic email 04-29 (0.014209842811034979) · like LinkedIn 07-18 (0.9094299399062388)
ENT-16183,CON-049016,Greta Blanc,Charge de recrutement,utilisateur,0.0989630933079671,clic email 05-27 (0.0989630933079671)
ENT-13800,CON-025681,Jan Bernard,VP Human Resources,buyer,1.2370651811828473,like LinkedIn 04-29 (0.005920767837931241) · clic email 06-25 (1.231144413344916)
ENT-02891,CON-054812,Emil Bonnet,Office Manager,bruit,0.0,clic email 04-29 (0.0)
ENT-11158,CON-066573,Bastien Rousseau,People Ops Coordinator,utilisateur,1.583409492927473,clic email 07-06 (1.583409492927473)
ENT-11158,CON-026121,Ines Boyer,Compensation & Benefits Manager,champion,0.01420984281103498,commentaire LinkedIn 04-29 (0.01420984281103498)
ENT-11210,CON-058115,Lucas Navarro,People Ops Coordinator,utilisateur,0.040191504845110984,clic email 05-14 (0.040191504845110984)
ENT-11210,CON-052513,Anais Jansen,HR Business Partner,champion,0.004736614270344993,like LinkedIn 04-29 (0.004736614270344993)
ENT-07332,CON-007570,Chloe Laurent,HRBP,champion,2.9857055729177837,clic email 07-11 (2.9857055729177837)
ENT-07332,CON-007571,Felix Visser,Responsable Recrutement,champion,0.8106512035451167,clic email 04-29 (0.018946457081379972) · commentaire LinkedIn 06-26 (0.7917047464637367)
ENT-16209,CON-035381,Romain Blanc,Talent Acquisition Manager,champion,0.018946457081379972,clic email 04-29 (0.018946457081379972)
ENT-02197,CON-028542,Emil Fournier,Head of HR Operations,buyer,6.964404506368993,clic email 07-20 (6.964404506368993)
ENT-02197,CON-028540,Hugo Garcia,HR Business Partner,champion,0.018946457081379972,clic email 04-29 (0.018946457081379972)
ENT-01473,CON-042796,Camille Mercier,VP People,buyer,3.1480622569628975,clic email 05-22 (0.11662912394210095) · clic email 07-08 (3.0314331330207964)
ENT-01473,CON-042792,Pauline Garnier,,sans_titre,0.011841535675862483,clic email 04-29 (0.011841535675862483)
ENT-18205,CON-000270,Vincent Andre,HR Business Partner,champion,0.018946457081379972,clic email 04-29 (0.018946457081379972)
ENT-14138,CON-010768,Marion Petit,People Ops Manager,champion,3.429675080116138,clic email 07-13 (3.429675080116138)
ENT-14138,CON-010767,Marta Girard,HR Assistant,utilisateur,0.25788556171790566,clic email 04-29 (0.014209842811034979) · like LinkedIn 06-29 (0.24367571890687068)
ENT-14042,CON-006219,Lucas Dupont,Chargee de recrutement,utilisateur,0.014209842811034979,clic email 04-29 (0.014209842811034979)
ENT-13406,CON-038033,Marta Blanc,HRBP,champion,0.018946457081379972,clic email 04-29 (0.018946457081379972)
ENT-13220,CON-008908,Pierre Michel,Talent Acquisition Manager,champion,0.004736614270344993,like LinkedIn 04-29 (0.004736614270344993)
ENT-11144,CON-062123,Greta Weber,,sans_titre,0.011841535675862483,clic email 04-29 (0.011841535675862483)
ENT-08781,CON-076320,Elena Smit,Head of HR Operations,buyer,0.023683071351724965,clic email 04-29 (0.023683071351724965)
ENT-12596,CON-050375,Jonas Moreau,,sans_titre,0.011841535675862483,clic email 04-29 (0.011841535675862483)
ENT-18933,CON-066406,Jan Faure,Chief People Officer,buyer,0.2030630990890589,clic email 05-30 (0.2030630990890589)
ENT-18933,CON-027850,Julie Michel,People Ops Manager,champion,0.05743491774985176,clic email 05-15 (0.05743491774985176)
ENT-18933,CON-073138,Hugo Smit,HR Intern,bruit,0.0,clic email 04-29 (0.0)
ENT-02968,CON-045585,Elena Muller,CHRO,buyer,0.017762303513793723,commentaire LinkedIn 04-29 (0.017762303513793723)
ENT-11017,CON-070992,Anna Muller,Chargee de recrutement,utilisateur,0.014209842811034979,clic email 04-29 (0.014209842811034979)
ENT-01784,CON-029634,Sarah Navarro,HR Business Partner,champion,3.2,clic email 07-12 (3.2)
ENT-01784,CON-051578,Greta Faure,HR Intern,bruit,0.0,like LinkedIn 04-29 (0.0) · clic email 06-30 (0.0)
ENT-01784,CON-051574,Florian Rossi,Office Manager,bruit,0.0,clic email 05-29 (0.0)
ENT-03680,CON-060423,Benjamin Muller,,sans_titre,0.4307618831238882,commentaire LinkedIn 06-24 (0.4307618831238882)
ENT-03680,CON-060422,Felix Smit,Office Manager,bruit,0.0,clic email 04-29 (0.0)
ENT-14230,CON-067374,Pablo Garcia,HR Assistant,utilisateur,0.014209842811034979,clic email 04-29 (0.014209842811034979)
ENT-14230,CON-066882,Vincent Boyer,Office Manager,bruit,0.0,clic email 07-10 (0.0)
ENT-05020,CON-068713,Julien Girard,Directrice RH,buyer,5.656854249492381,clic email 07-17 (5.656854249492381)
ENT-05020,CON-037246,Alexandre Moreau,Recruiter,utilisateur,0.014209842811034979,clic email 04-29 (0.014209842811034979)
ENT-13020,CON-030762,Maxime Andre,Chargee de recrutement,utilisateur,0.014209842811034979,clic email 04-29 (0.014209842811034979)
ENT-19697,CON-032164,Chloe Mercier,Compensation & Benefits Manager,champion,4.855029627103619,like LinkedIn 04-29 (0.004736614270344993) · clic email 07-18 (4.850293012833274)
ENT-19697,CON-055115,Thomas Bonnet,Head of Talent Acquisition,buyer,2.2973967099940698,clic email 07-04 (2.2973967099940698)
ENT-19697,CON-032163,Anais Chevalier,Recruiter,utilisateur,0.1305825844944186,clic email 05-31 (0.1305825844944186)
ENT-02099,CON-015906,Claire Petit,,sans_titre,0.008881151756896861,commentaire LinkedIn 04-29 (0.008881151756896861)
ENT-15483,CON-050556,Anna Navarro,People Ops Coordinator,utilisateur,0.12788858529931482,clic email 04-29 (0.014209842811034979) · clic email 05-29 (0.11367874248827983)
ENT-16099,CON-044800,Jonas Petit,Charge de recrutement,utilisateur,0.04466930767439381,clic email 04-29 (0.014209842811034979) · clic email 05-10 (0.030459464863358834)
ENT-20139,CON-049139,Manon Dupont,People Ops Manager,champion,0.34822022531844965,clic email 06-10 (0.34822022531844965)
ENT-20139,CON-072275,Ines Smit,HR Officer,utilisateur,0.22735748497655967,clic email 06-08 (0.22735748497655967)
ENT-20139,CON-072274,Chloe Jansen,,sans_titre,0.011841535675862483,clic email 04-29 (0.011841535675862483)
ENT-18646,CON-071632,Thomas Petit,VP People,buyer,0.09547671853903966,clic email 04-29 (0.023683071351724965) · clic email 05-15 (0.0717936471873147)
ENT-11947,CON-024708,Nora Dubois,VP People,buyer,4.5947934199881395,clic email 07-14 (4.5947934199881395)
ENT-11947,CON-024711,Romain Navarro,Head of Talent Acquisition,buyer,0.19538533865173097,like LinkedIn 04-29 (0.005920767837931241) · clic email 05-29 (0.18946457081379972)
ENT-11576,CON-059320,Nora Dupont,HR Director,buyer,0.3535533905932738,clic email 06-07 (0.3535533905932738)
ENT-11576,CON-059318,Sarah Serrano,,sans_titre,0.059207678379312415,clic email 04-29 (0.011841535675862483) · clic email 05-19 (0.04736614270344993)
ENT-18715,CON-066207,Vincent Rossi,HR Assistant,utilisateur,0.010657382108276233,commentaire LinkedIn 04-29 (0.010657382108276233)
ENT-10173,CON-021437,Camille Moreau,HR Officer,utilisateur,0.45471496995311944,clic email 06-18 (0.45471496995311944)
ENT-10173,CON-021436,Benjamin Serrano,Directrice RH,buyer,0.023683071351724965,clic email 04-29 (0.023683071351724965)
ENT-14210,CON-044894,Elena Simon,Charge de recrutement,utilisateur,0.014209842811034979,clic email 04-29 (0.014209842811034979)
ENT-17870,CON-054899,Antoine Petit,People Ops Coordinator,utilisateur,0.8999999999999999,commentaire LinkedIn 07-01 (0.8999999999999999)
ENT-17870,CON-054900,Pablo Roux,Office Manager,bruit,0.0,clic email 04-29 (0.0) · clic email 05-12 (0.0)
ENT-07664,CON-065571,Julie Fournier,HR Business Partner,champion,0.018946457081379972,clic email 04-29 (0.018946457081379972)
ENT-19566,CON-039484,Margaux Smit,Office Manager,bruit,0.0,clic email 04-29 (0.0)
ENT-10306,CON-068402,Emma Rousseau,Charge de recrutement,utilisateur,0.03869407740373847,clic email 04-29 (0.014209842811034979) · commentaire LinkedIn 05-11 (0.024484234592703484)
ENT-16989,CON-057520,Quentin Dupont,,sans_titre,0.011841535675862483,clic email 04-29 (0.011841535675862483)
ENT-02857,CON-051329,Benjamin Rousseau,Directrice RH,buyer,0.023683071351724965,clic email 04-29 (0.023683071351724965)
ENT-08058,CON-022299,Anna Lambert,People Ops Manager,champion,0.90288173140491,clic email 04-29 (0.018946457081379972) · commentaire LinkedIn 05-08 (0.02651650429449554) · clic email 06-23 (0.8574187700290345)
ENT-07750,CON-037174,Marion Fontaine,COO,buyer,0.023683071351724965,clic email 04-29 (0.023683071351724965)
ENT-17796,CON-044621,Antoine Meyer,Head of HR Operations,buyer,0.08161411530901162,commentaire LinkedIn 05-21 (0.08161411530901162)
ENT-17796,CON-044622,Emil Bernard,HR Assistant,utilisateur,0.014209842811034979,clic email 04-29 (0.014209842811034979)
ENT-05036,CON-054207,Manon Petit,Head of Talent Acquisition,buyer,0.017762303513793723,commentaire LinkedIn 04-29 (0.017762303513793723)
ENT-01098,CON-023114,Lars Laurent,HR Manager,champion,0.05955907689919175,clic email 04-29 (0.018946457081379972) · clic email 05-10 (0.04061261981781178)
ENT-16792,CON-057793,Margaux Laurent,CHRO,buyer,0.005920767837931241,like LinkedIn 04-29 (0.005920767837931241)
ENT-11726,CON-012471,Pierre Muller,People Ops Manager,champion,0.14142135623730953,clic email 05-28 (0.14142135623730953)
ENT-11726,CON-012469,Lucas Michel,People Ops Manager,champion,0.018946457081379972,clic email 04-29 (0.018946457081379972)
ENT-16244,CON-062690,Anna Boyer,HRBP,champion,0.01420984281103498,commentaire LinkedIn 04-29 (0.01420984281103498)
ENT-06100,CON-027792,Emma Fontaine,Responsable Recrutement,champion,1.1212044352765358,clic email 04-29 (0.018946457081379972) · like LinkedIn 06-01 (0.046651649576840384) · clic email 06-26 (1.0556063286183155)
ENT-15717,CON-062354,Sophie Martin,Directrice RH,buyer,0.11841535675862483,clic email 04-29 (0.023683071351724965) · like LinkedIn 06-08 (0.09473228540689986)
ENT-07065,CON-007710,Margaux Navarro,People Ops Manager,champion,0.04061261981781178,clic email 05-10 (0.04061261981781178)
ENT-07065,CON-007711,Pierre Martin,People Ops Coordinator,utilisateur,0.010657382108276233,commentaire LinkedIn 04-29 (0.010657382108276233)
ENT-00419,CON-054864,Bastien Lefebvre,,sans_titre,0.011841535675862483,clic email 04-29 (0.011841535675862483)
ENT-16997,CON-062977,Camille Smit,Head of People,buyer,0.9330329915368074,clic email 06-21 (0.9330329915368074)
ENT-16997,CON-058697,Marta Andre,Compensation & Benefits Manager,champion,0.03535533905932738,clic email 05-08 (0.03535533905932738)
ENT-16997,CON-062973,Anais Rousseau,People Ops Coordinator,utilisateur,0.014209842811034979,clic email 04-29 (0.014209842811034979)
ENT-11528,CON-044583,Camille Faure,Office Manager,bruit,0.0,clic email 04-29 (0.0)
ENT-08491,CON-032090,Maxime Martin,Talent Acquisition Manager,champion,0.6252330836855393,clic email 04-29 (0.018946457081379972) · clic email 06-18 (0.6062866266041593)
ENT-06029,CON-076289,Vincent Roux,CEO,buyer,0.023683071351724965,clic email 04-29 (0.023683071351724965)
ENT-03064,CON-033538,Sarah Blanc,Compensation & Benefits Manager,champion,0.004736614270344993,like LinkedIn 04-29 (0.004736614270344993)
ENT-14480,CON-023929,Pauline Muller,Chargee de recrutement,utilisateur,0.014209842811034979,clic email 04-29 (0.014209842811034979)
ENT-12588,CON-012774,Lucas Lambert,Office Manager,bruit,0.0,commentaire LinkedIn 04-29 (0.0)
ENT-15712,CON-014199,Emma Dubois,Directrice RH,buyer,3.0314331330207964,clic email 07-08 (3.0314331330207964)
ENT-15712,CON-014197,Femke Garcia,VP People,buyer,0.023683071351724965,clic email 04-29 (0.023683071351724965)
ENT-15712,CON-014200,Guillaume Fournier,Executive Assistant,bruit,0.0,commentaire LinkedIn 05-10 (0.0)
ENT-06383,CON-050520,Maxime Andre,People Ops Coordinator,utilisateur,0.8059145892747714,clic email 04-29 (0.014209842811034979) · clic email 06-26 (0.7917047464637365)
ENT-09704,CON-074408,Pauline Faure,Compensation & Benefits Manager,champion,0.1603678133186895,clic email 04-29 (0.018946457081379972) · clic email 05-28 (0.14142135623730953)
ENT-14155,CON-017692,Margaux Ferrari,People Ops Manager,champion,0.004736614270344993,like LinkedIn 04-29 (0.004736614270344993)
ENT-04604,CON-039715,Antoine Garcia,HR Director,buyer,0.32987697769322366,clic email 06-06 (0.32987697769322366)
ENT-04604,CON-032667,Hugo Andre,VP Human Resources,buyer,0.005920767837931241,like LinkedIn 04-29 (0.005920767837931241)
ENT-13268,CON-038487,Marta Garcia,Chargee de recrutement,utilisateur,0.014209842811034979,clic email 04-29 (0.014209842811034979)
ENT-02153,CON-070906,Jonas Meyer,Head of HR Operations,buyer,0.023683071351724965,clic email 04-29 (0.023683071351724965)
ENT-02153,CON-001901,Vincent Fontaine,HR Intern,bruit,0.0,clic email 06-19 (0.0)
ENT-07281,CON-020242,Felix Serrano,Executive Assistant,bruit,0.0,clic email 04-29 (0.0) · like LinkedIn 06-05 (0.0)
ENT-19696,CON-059846,Felix Weber,Office Manager,bruit,0.0,clic email 04-29 (0.0)
ENT-03274,CON-010242,Pierre Michel,HR Manager,champion,0.6964404506368993,clic email 06-20 (0.6964404506368993)
ENT-03274,CON-010245,Lucas Lambert,Head of Talent Acquisition,buyer,0.32987697769322366,clic email 06-06 (0.32987697769322366)
ENT-03274,CON-010240,Ines Leroy,Head of People,buyer,0.023683071351724965,clic email 04-29 (0.023683071351724965)
ENT-06183,CON-012576,Lars Laurent,Head of HR Operations,buyer,0.023683071351724965,clic email 04-29 (0.023683071351724965)
ENT-04723,CON-058260,Sanne Michel,Chief People Officer,buyer,2.6390158215457884,clic email 07-06 (2.6390158215457884)
ENT-04723,CON-032507,Diego Laurent,People Ops Manager,champion,0.004736614270344993,like LinkedIn 04-29 (0.004736614270344993)
ENT-09534,CON-033316,Vincent Ferrari,Head of HR Operations,buyer,0.3282777199853133,clic email 04-29 (0.023683071351724965) · commentaire LinkedIn 06-09 (0.3045946486335883)
ENT-09012,CON-032741,Julie Serrano,HR Assistant,utilisateur,0.014209842811034979,clic email 04-29 (0.014209842811034979)
ENT-05163,CON-060722,Felix Vincent,Talent Acquisition Manager,champion,0.004736614270344993,like LinkedIn 04-29 (0.004736614270344993)
ENT-16345,CON-046803,Ines Blanc,HR Director,buyer,0.28419685622069957,commentaire LinkedIn 06-08 (0.28419685622069957)
ENT-16345,CON-059741,Elena Visser,Office Manager,bruit,0.0,clic email 04-29 (0.0)
ENT-00545,CON-014357,Sophie Garcia,Directeur RH,buyer,0.8041937668707948,clic email 04-29 (0.023683071351724965) · clic email 06-15 (0.615572206672458) · like LinkedIn 06-16 (0.16493848884661177)
ENT-16361,CON-004228,Felix Mercier,HR Officer,utilisateur,0.014209842811034979,clic email 04-29 (0.014209842811034979)
ENT-05276,CON-033189,Elise Moreau,Responsable Recrutement,champion,0.018946457081379972,clic email 04-29 (0.018946457081379972)
ENT-04568,CON-021958,Chloe Chevalier,Responsable Recrutement,champion,0.018946457081379972,clic email 04-29 (0.018946457081379972)
ENT-05034,CON-020724,Pierre Muller,HR Intern,bruit,0.0,clic email 04-29 (0.0)
ENT-06335,CON-019093,Jonas Muller,HR Intern,bruit,0.0,clic email 04-29 (0.0)
ENT-04760,CON-033934,Femke Dubois,,sans_titre,0.008881151756896861,commentaire LinkedIn 04-29 (0.008881151756896861)
ENT-08256,CON-000488,Ines Vincent,People Ops Coordinator,utilisateur,0.014209842811034979,clic email 04-29 (0.014209842811034979)
ENT-06767,CON-001479,Quentin Ferrari,Head of HR Operations,buyer,0.025382887386132348,clic email 04-30 (0.025382887386132348)
ENT-11258,CON-070826,Greta Fournier,CEO,buyer,0.025382887386132348,clic email 04-30 (0.025382887386132348)
ENT-01203,CON-060050,Sophie Rousseau,Compensation & Benefits Manager,champion,0.2500459809083129,clic email 04-30 (0.02030630990890588) · clic email 06-04 (0.22973967099940704)
ENT-19153,CON-047310,Florian Lambert,Chargee de recrutement,utilisateur,0.056839371244139916,clic email 05-19 (0.056839371244139916)
ENT-19153,CON-047309,Chloe Jansen,HR Officer,utilisateur,0.015229732431679409,clic email 04-30 (0.015229732431679409)
ENT-18265,CON-021182,Camille Leroy,Head of HR Operations,buyer,0.025382887386132348,clic email 04-30 (0.025382887386132348)
ENT-12083,CON-017545,Diego Muller,Recruiter,utilisateur,0.3693433240034748,clic email 06-15 (0.3693433240034748)
ENT-12083,CON-017543,Jonas Garcia,People Ops Manager,champion,0.03280630990890588,clic email 04-30 (0.02030630990890588) · like LinkedIn 05-13 (0.0125)
ENT-19310,CON-063406,Laura Bernard,HR Intern,bruit,0.0,commentaire LinkedIn 04-30 (0.0) · clic email 05-16 (0.0)
ENT-16377,CON-071633,Thomas Meyer,Charge de recrutement,utilisateur,0.015229732431679409,clic email 04-30 (0.015229732431679409)
ENT-16377,CON-071635,Maxime Lambert,People Ops Coordinator,utilisateur,0.009375,like LinkedIn 05-13 (0.009375)
ENT-13620,CON-005315,Jonas Fournier,Talent Acquisition Manager,champion,0.01522973243167941,commentaire LinkedIn 04-30 (0.01522973243167941)
ENT-14408,CON-052366,Greta Moreau,HR Assistant,utilisateur,2.2312896764525285,clic email 04-30 (0.015229732431679409) · commentaire LinkedIn 07-15 (2.216059944020849)
ENT-08025,CON-065674,Laura Weber,HR Business Partner,champion,0.02030630990890588,clic email 04-30 (0.02030630990890588)
ENT-15528,CON-006917,Ines Mercier,Chief People Officer,buyer,0.04123462221165296,clic email 05-07 (0.04123462221165296)
ENT-15528,CON-006912,Lars Blanc,HRBP,champion,0.00507657747722647,like LinkedIn 04-30 (0.00507657747722647)
ENT-09725,CON-031112,Ines Leroy,Head of Talent Acquisition,buyer,0.08153716553959926,commentaire LinkedIn 04-30 (0.019037165539599263) · clic email 05-13 (0.0625)
ENT-07066,CON-017601,Julie Vincent,HR Manager,champion,1.714837540058069,clic email 07-03 (1.714837540058069)
ENT-07066,CON-017600,Greta Girard,HR Intern,bruit,0.0,clic email 04-30 (0.0)
ENT-02843,CON-051870,Elena Smit,People Ops Coordinator,utilisateur,0.003807433107919852,like LinkedIn 04-30 (0.003807433107919852)
ENT-07302,CON-041248,Jonas Vincent,VP Human Resources,buyer,0.006345721846533087,like LinkedIn 04-30 (0.006345721846533087)
ENT-12765,CON-067447,Pauline Vincent,Executive Assistant,bruit,0.0,clic email 04-30 (0.0)
ENT-07565,CON-011161,Ines Simon,COO,buyer,0.025382887386132348,clic email 04-30 (0.025382887386132348)
ENT-09852,CON-019038,Camille Bonnet,Head of Talent Acquisition,buyer,0.7753828873861324,clic email 04-30 (0.025382887386132348) · commentaire LinkedIn 06-22 (0.75)
ENT-07369,CON-051421,Camille Bonnet,Recruiter,utilisateur,0.015229732431679409,clic email 04-30 (0.015229732431679409)
ENT-07369,CON-051422,Lucas Girard,Executive Assistant,bruit,0.0,clic email 05-27 (0.0)
ENT-08269,CON-038181,Chloe Simon,Compensation & Benefits Manager,champion,0.5076577477226473,clic email 04-30 (0.02030630990890588) · commentaire LinkedIn 06-19 (0.4873514378137414)
ENT-04301,CON-012241,Julien Lefebvre,People Ops Manager,champion,2.111212657236631,clic email 07-06 (2.111212657236631)
ENT-04301,CON-016598,Guillaume Dubois,Executive Assistant,bruit,0.0,clic email 04-30 (0.0)
ENT-08260,CON-004749,Manon Smit,People Ops Manager,champion,0.02030630990890588,clic email 04-30 (0.02030630990890588)
ENT-09477,CON-000809,Manon Navarro,HR Intern,bruit,0.0,clic email 04-30 (0.0)
ENT-02231,CON-009471,Maxime Fischer,HR Intern,bruit,0.0,clic email 04-30 (0.0)
ENT-08122,CON-021178,Femke Jansen,Head of Talent Acquisition,buyer,0.025382887386132348,clic email 04-30 (0.025382887386132348)
ENT-14733,CON-030614,Femke Smit,VP People,buyer,0.025382887386132348,clic email 04-30 (0.025382887386132348)
ENT-08784,CON-069233,Quentin Dubois,,sans_titre,0.012691443693066174,clic email 04-30 (0.012691443693066174)
ENT-05646,CON-036454,Margaux Rossi,Talent Acquisition Manager,champion,0.2353553390593274,clic email 05-08 (0.03535533905932738) · clic email 06-02 (0.2)
ENT-05646,CON-036455,Emma Fischer,HR Assistant,utilisateur,0.015229732431679409,clic email 04-30 (0.015229732431679409)
ENT-18684,CON-020098,Femke Lefebvre,Recruiter,utilisateur,0.015229732431679409,clic email 04-30 (0.015229732431679409)
ENT-08214,CON-047400,Lucas Fischer,Directeur RH,buyer,0.006345721846533087,like LinkedIn 04-30 (0.006345721846533087)
ENT-18664,CON-065930,Quentin Leroy,Head of HR Operations,buyer,9.576056196257365,commentaire LinkedIn 07-10 (2.6116516898883724) · clic email 07-20 (6.964404506368993)
ENT-18664,CON-073941,Pauline Leroy,Head of Talent Acquisition,buyer,0.025382887386132348,clic email 04-30 (0.025382887386132348)
ENT-17365,CON-041577,Bastien Smit,Directeur RH,buyer,0.019037165539599263,commentaire LinkedIn 04-30 (0.019037165539599263)
ENT-17365,CON-041579,Lea Mercier,HR Officer,utilisateur,0.017494368591315142,clic email 05-02 (0.017494368591315142)
ENT-09919,CON-002076,Diego Andre,Talent Acquisition Specialist,utilisateur,0.040191504845110984,clic email 05-14 (0.040191504845110984)
ENT-09919,CON-002077,Nora Weber,Charge de recrutement,utilisateur,0.015229732431679409,clic email 04-30 (0.015229732431679409)
ENT-17683,CON-066194,Emil Fontaine,Chargee de recrutement,utilisateur,0.015229732431679409,clic email 04-30 (0.015229732431679409)
ENT-00399,CON-051857,Lars Mercier,Head of HR Operations,buyer,0.025382887386132348,clic email 04-30 (0.025382887386132348)
ENT-19533,CON-007753,Romain Smit,People Ops Manager,champion,0.02030630990890588,clic email 04-30 (0.02030630990890588)
ENT-05165,CON-039702,Julie Dubois,Head of Talent Acquisition,buyer,0.025382887386132348,clic email 04-30 (0.025382887386132348)
ENT-05165,CON-039700,Claire Girard,HR Intern,bruit,0.0,commentaire LinkedIn 05-01 (0.0) · clic email 05-13 (0.0)
ENT-01964,CON-042365,Lea Garnier,People Ops Manager,champion,1.735143849966975,clic email 04-30 (0.02030630990890588) · clic email 07-03 (1.714837540058069)
ENT-14494,CON-057448,Guillaume Martin,Office Manager,bruit,0.0,clic email 04-30 (0.0)
ENT-10697,CON-054755,Hugo Petit,Directrice RH,buyer,0.025382887386132348,clic email 04-30 (0.025382887386132348)
ENT-17623,CON-012366,Benjamin Blanc,Recruiter,utilisateur,0.011422299323759556,commentaire LinkedIn 04-30 (0.011422299323759556)
ENT-13829,CON-074968,Elena Jansen,HRBP,champion,5.971411145835567,clic email 07-21 (5.971411145835567)
ENT-13829,CON-026129,Hugo Roux,Executive Assistant,bruit,0.0,clic email 04-30 (0.0) · clic email 05-09 (0.0)
ENT-03695,CON-056098,Diego Meyer,,sans_titre,0.012691443693066174,clic email 04-30 (0.012691443693066174)
ENT-02677,CON-064795,Elise Muller,Chargee de recrutement,utilisateur,0.6152297324316793,clic email 04-30 (0.015229732431679409) · clic email 06-22 (0.6)
ENT-19982,CON-012044,Antoine Dupont,HR Manager,champion,0.02030630990890588,clic email 04-30 (0.02030630990890588)
ENT-10533,CON-036167,Laura Weber,Executive Assistant,bruit,0.0,clic email 04-30 (0.0)
ENT-05540,CON-015316,Elena Girard,HRBP,champion,0.7464263932294459,clic email 06-21 (0.7464263932294459)
ENT-05540,CON-015317,Felix Moreau,HR Business Partner,champion,0.02030630990890588,clic email 04-30 (0.02030630990890588)
ENT-09685,CON-003944,Pauline Chevalier,HR Assistant,utilisateur,1.3784380259964417,clic email 07-04 (1.3784380259964417)
ENT-09685,CON-047197,Laura Fischer,HR Business Partner,champion,0.02030630990890588,clic email 04-30 (0.02030630990890588)
ENT-00965,CON-059706,Sophie Vincent,HR Intern,bruit,0.0,clic email 04-30 (0.0)
ENT-18777,CON-013430,Marion Moreau,Talent Acquisition Manager,champion,0.9189586839976281,clic email 06-24 (0.9189586839976281)
ENT-18777,CON-013429,Claire Martin,Executive Assistant,bruit,0.0,clic email 04-30 (0.0)
ENT-19861,CON-032726,Pauline Rousseau,CEO,buyer,0.025382887386132348,clic email 04-30 (0.025382887386132348)
ENT-11642,CON-039008,Chloe Bernard,HR Business Partner,champion,0.03466503934636882,clic email 04-30 (0.02030630990890588) · like LinkedIn 05-15 (0.01435872943746294)
ENT-09928,CON-022753,Lea Muller,People Ops Coordinator,utilisateur,0.45471496995311944,clic email 06-18 (0.45471496995311944)
ENT-09928,CON-022752,Florian Durand,People Ops Manager,champion,0.02030630990890588,clic email 04-30 (0.02030630990890588)
ENT-13744,CON-055401,Julien Garcia,Recruiter,utilisateur,0.1652297324316794,clic email 04-30 (0.015229732431679409) · clic email 06-02 (0.15)
ENT-11853,CON-010162,Julie Serrano,Responsable Recrutement,champion,2.599207668339954,clic email 07-09 (2.599207668339954)
ENT-11853,CON-010163,Thomas Lambert,Head of People,buyer,0.025382887386132348,clic email 04-30 (0.025382887386132348)
ENT-02995,CON-050101,Jan Meyer,HR Intern,bruit,0.0,clic email 04-30 (0.0)
ENT-16327,CON-013668,Lucas Smit,Charge de recrutement,utilisateur,0.015229732431679409,clic email 04-30 (0.015229732431679409)
ENT-04630,CON-026483,Maxime Smit,HRBP,champion,0.02030630990890588,clic email 04-30 (0.02030630990890588)
ENT-13793,CON-004343,Antoine Petit,Head of HR Operations,buyer,3.7321319661472296,clic email 07-11 (3.7321319661472296)
ENT-13793,CON-004345,Lea Chevalier,HRBP,champion,0.00507657747722647,like LinkedIn 04-30 (0.00507657747722647)
ENT-05428,CON-039043,Julie Muller,Executive Assistant,bruit,0.0,clic email 04-30 (0.0)
ENT-02966,CON-017189,Lars Weber,Head of People,buyer,0.050765774772264696,clic email 04-30 (0.025382887386132348) · clic email 04-30 (0.025382887386132348)
ENT-02976,CON-011687,Marta Garnier,CEO,buyer,0.025382887386132348,clic email 04-30 (0.025382887386132348)
ENT-17831,CON-039151,Julien Muller,Responsable Recrutement,champion,0.07578725559588123,like LinkedIn 04-30 (0.00507657747722647) · clic email 05-18 (0.07071067811865477)
ENT-16012,CON-053896,Bastien Michel,HR Intern,bruit,0.0,clic email 04-30 (0.0)
ENT-11667,CON-041106,Romain Andre,People Ops Coordinator,utilisateur,0.06471127908566296,clic email 04-30 (0.015229732431679409) · like LinkedIn 06-06 (0.04948154665398355)
ENT-11667,CON-041109,Laura Weber,HR Intern,bruit,0.0,clic email 06-26 (0.0)
ENT-13325,CON-039328,Julien Visser,Head of HR Operations,buyer,0.025382887386132348,clic email 04-30 (0.025382887386132348)
ENT-11140,CON-029955,Anais Fournier,HR Intern,bruit,0.0,clic email 04-30 (0.0)
ENT-16452,CON-028332,Julie Jansen,Executive Assistant,bruit,0.0,clic email 04-30 (0.0) · clic email 05-02 (0.0)
ENT-05338,CON-066126,Anais Fischer,Head of Talent Acquisition,buyer,0.025382887386132348,clic email 04-30 (0.025382887386132348)
ENT-18101,CON-036296,Florian Girard,HRBP,champion,0.02030630990890588,clic email 04-30 (0.02030630990890588)
ENT-18101,CON-073196,Sophie Dubois,Recruiter,utilisateur,0.016322823061802324,like LinkedIn 05-21 (0.016322823061802324)
ENT-06472,CON-031155,Maxime Blanc,Chargee de recrutement,utilisateur,0.38457305643515427,clic email 04-30 (0.015229732431679409) · like LinkedIn 07-05 (0.36934332400347486)
ENT-08885,CON-061800,Marta Blanc,HR Manager,champion,0.02030630990890588,clic email 04-30 (0.02030630990890588)
ENT-20042,CON-069051,Camille Roux,Talent Acquisition Manager,champion,0.02030630990890588,clic email 04-30 (0.02030630990890588)
ENT-14764,CON-058277,Thomas Muller,People Ops Coordinator,utilisateur,0.015229732431679409,clic email 04-30 (0.015229732431679409)
ENT-02520,CON-052220,Camille Muller,Executive Assistant,bruit,0.0,clic email 04-30 (0.0)
ENT-11543,CON-059012,Pablo Garcia,HR Intern,bruit,0.0,clic email 04-30 (0.0)
ENT-18146,CON-017423,Elena Lefebvre,HRBP,champion,0.02030630990890588,clic email 04-30 (0.02030630990890588)
ENT-06513,CON-028121,Pablo Durand,Chargee de recrutement,utilisateur,0.015229732431679409,clic email 04-30 (0.015229732431679409)
ENT-09357,CON-056249,Margaux Faure,Office Manager,bruit,0.0,clic email 04-30 (0.0)
ENT-14110,CON-001401,Chloe Jansen,Talent Acquisition Manager,champion,0.043632134697326075,clic email 04-30 (0.02030630990890588) · clic email 05-02 (0.023325824788420192)
ENT-14203,CON-036971,Nicolas Garnier,Head of HR Operations,buyer,0.5253828873861324,clic email 04-30 (0.025382887386132348) · clic email 06-12 (0.5)
ENT-00535,CON-034784,Sophie Weber,Office Manager,bruit,0.0,clic email 04-30 (0.0)
ENT-07395,CON-012104,Anna Garcia,Chargee de recrutement,utilisateur,0.04364941805374937,clic email 04-30 (0.015229732431679409) · clic email 05-09 (0.028419685622069958)
ENT-10656,CON-029629,Chloe Guerin,HR Assistant,utilisateur,0.003807433107919852,like LinkedIn 04-30 (0.003807433107919852)
ENT-06639,CON-068921,Felix Guerin,Head of Talent Acquisition,buyer,0.1403174046635697,like LinkedIn 04-30 (0.006345721846533087) · clic email 05-24 (0.1339716828170366)
ENT-09433,CON-014466,Bastien Rossi,Head of HR Operations,buyer,1.0736136623851829,clic email 05-30 (0.2030630990890589) · clic email 06-20 (0.870550563296124)
ENT-09433,CON-014467,Pierre Petit,Charge de recrutement,utilisateur,0.015229732431679409,clic email 04-30 (0.015229732431679409)
ENT-02731,CON-020146,Julie Faure,HR Manager,champion,0.47978565190771993,clic email 04-30 (0.02030630990890588) · clic email 06-14 (0.4594793419988141)
ENT-13737,CON-021265,Lea Chevalier,HR Intern,bruit,0.0,clic email 04-30 (0.0)
ENT-11758,CON-018102,Marta Rossi,Head of Talent Acquisition,buyer,4.931866973626047,like LinkedIn 05-02 (0.00728932024638131) · clic email 07-15 (4.924577653379665)
ENT-11758,CON-018100,Chloe Ferrari,Chief People Officer,buyer,0.2030630990890589,clic email 05-30 (0.2030630990890589)
ENT-11758,CON-047525,Pablo Dubois,Responsable Recrutement,champion,0.05,clic email 05-13 (0.05)
ENT-11758,CON-018101,Femke Dupont,Executive Assistant,bruit,0.0,commentaire LinkedIn 04-30 (0.0)
ENT-00396,CON-072928,Elena Dupont,Office Manager,bruit,0.0,clic email 04-30 (0.0)
ENT-19093,CON-057871,Elise Meyer,VP Human Resources,buyer,1.251547942172169,commentaire LinkedIn 05-01 (0.02040352882725292) · clic email 06-25 (1.231144413344916)
ENT-14102,CON-019698,Romain Laurent,Recruiter,utilisateur,0.016322823061802334,clic email 05-01 (0.016322823061802334)
ENT-20231,CON-030052,Guillaume Rousseau,HR Assistant,utilisateur,0.2826038788338793,clic email 05-30 (0.12183785945343534) · clic email 06-03 (0.16076601938044394)
ENT-20231,CON-030051,Lea Meyer,VP Human Resources,buyer,0.027204705103003893,clic email 05-01 (0.027204705103003893)
ENT-01898,CON-023253,Felix Guerin,Charge de recrutement,utilisateur,0.016322823061802334,clic email 05-01 (0.016322823061802334)
ENT-08615,CON-040243,Thomas Mercier,VP Human Resources,buyer,0.027204705103003893,clic email 05-01 (0.027204705103003893)
ENT-12736,CON-032139,Guillaume Mercier,VP People,buyer,0.027204705103003893,clic email 05-01 (0.027204705103003893)
ENT-01890,CON-039991,Romain Rousseau,Charge de recrutement,utilisateur,0.05382282306180233,clic email 05-01 (0.016322823061802334) · clic email 05-13 (0.0375)
ENT-06543,CON-073175,Emil Blanc,HR Business Partner,champion,0.10717734625362929,clic email 05-24 (0.10717734625362929)
ENT-06543,CON-073172,Bastien Martin,Talent Acquisition Specialist,utilisateur,0.01224211729635175,commentaire LinkedIn 05-01 (0.01224211729635175)
ENT-20474,CON-041684,Bastien Moreau,People Ops Manager,champion,1.6,clic email 07-01 (1.6)
ENT-20474,CON-028264,Lars Girard,HR Assistant,utilisateur,0.016322823061802334,clic email 05-01 (0.016322823061802334)
ENT-18212,CON-025328,Hugo Dubois,HR Officer,utilisateur,0.9257527629680412,clic email 05-01 (0.016322823061802334) · clic email 06-28 (0.9094299399062389)
ENT-14302,CON-019792,Ines Dupont,Charge de recrutement,utilisateur,0.07316219430594226,clic email 05-01 (0.016322823061802334) · like LinkedIn 06-08 (0.056839371244139916)
ENT-13653,CON-070331,Emma Martin,Office Manager,bruit,0.0,clic email 05-01 (0.0)
ENT-13029,CON-050062,Greta Rousseau,CHRO,buyer,0.027204705103003893,clic email 05-01 (0.027204705103003893)
ENT-13029,CON-050061,Greta Jansen,Executive Assistant,bruit,0.0,clic email 05-24 (0.0)
ENT-05606,CON-039061,Alexandre Jansen,Talent Acquisition Manager,champion,3.2615639676082138,commentaire LinkedIn 05-01 (0.016322823061802338) · clic email 06-14 (0.4594793419988141) · clic email 07-10 (2.785761802547597)
ENT-02290,CON-030488,Bastien Blanc,CEO,buyer,0.02040352882725292,commentaire LinkedIn 05-01 (0.02040352882725292)
ENT-06590,CON-071351,Nora Rousseau,HR Assistant,utilisateur,0.016322823061802334,clic email 05-01 (0.016322823061802334)
ENT-11678,CON-060717,Alexandre Faure,CEO,buyer,0.027204705103003893,clic email 05-01 (0.027204705103003893)
ENT-12399,CON-049594,Elise Guerin,Compensation & Benefits Manager,champion,0.021763764082403117,clic email 05-01 (0.021763764082403117)
ENT-11833,CON-054602,Antoine Boyer,Charge de recrutement,utilisateur,3.166818985854946,clic email 07-16 (3.166818985854946)
ENT-11833,CON-054603,Hugo Boyer,Directrice RH,buyer,0.1360235255150194,clic email 05-01 (0.027204705103003893) · like LinkedIn 06-10 (0.1088188204120155)
ENT-17140,CON-038316,Anna Muller,Talent Acquisition Manager,champion,0.021763764082403117,clic email 05-01 (0.021763764082403117)
ENT-17140,CON-038318,Thomas Ferrari,Chargee de recrutement,utilisateur,0.008747184295657571,like LinkedIn 05-12 (0.008747184295657571)
ENT-05256,CON-010056,Lucas Meyer,Recruiter,utilisateur,0.016322823061802334,clic email 05-01 (0.016322823061802334)
ENT-12145,CON-015628,Pierre Garcia,HR Manager,champion,0.016322823061802338,commentaire LinkedIn 05-01 (0.016322823061802338)
ENT-02514,CON-074654,Margaux Fournier,Responsable Recrutement,champion,3.9396621227037323,clic email 07-15 (3.9396621227037323)
ENT-02514,CON-074655,Manon Fischer,People Ops Coordinator,utilisateur,2.2556020027501402,clic email 05-01 (0.016322823061802334) · clic email 07-11 (2.239279179688338)
ENT-01312,CON-062541,Jan Garnier,Office Manager,bruit,0.0,commentaire LinkedIn 05-01 (0.0)
ENT-01989,CON-010192,Sanne Boyer,People Ops Manager,champion,0.005440941020600779,like LinkedIn 05-01 (0.005440941020600779)
ENT-13313,CON-009025,Quentin Boyer,Executive Assistant,bruit,0.0,clic email 05-01 (0.0)
ENT-16996,CON-060015,Laura Leroy,Directrice RH,buyer,2.8284271247461903,clic email 07-07 (2.8284271247461903)
ENT-16996,CON-060013,Femke Martin,Compensation & Benefits Manager,champion,0.021763764082403117,clic email 05-01 (0.021763764082403117)
ENT-05398,CON-047991,Pablo Meyer,Compensation & Benefits Manager,champion,0.021763764082403117,clic email 05-01 (0.021763764082403117)
ENT-14706,CON-038381,Jonas Lefebvre,HRBP,champion,0.021763764082403117,clic email 05-01 (0.021763764082403117)
ENT-17957,CON-076283,Marta Vincent,Head of Talent Acquisition,buyer,0.9219263458825454,clic email 05-01 (0.027204705103003893) · clic email 05-17 (0.08246924442330592) · clic email 06-19 (0.8122523963562356)
ENT-07089,CON-034746,Emma Moreau,Responsable Recrutement,champion,0.021763764082403117,clic email 05-01 (0.021763764082403117)
ENT-10558,CON-051771,Manon Navarro,,sans_titre,0.013602352551501946,clic email 05-01 (0.013602352551501946)
ENT-20276,CON-000862,Thomas Dubois,Talent Acquisition Manager,champion,0.4694493107819806,clic email 06-01 (0.18660659830736154) · clic email 06-07 (0.28284271247461906)
ENT-20276,CON-000861,Greta Michel,People Ops Coordinator,utilisateur,0.31224211729635176,commentaire LinkedIn 05-01 (0.01224211729635175) · clic email 06-12 (0.3)
ENT-01806,CON-031871,Jonas Lambert,HR Director,buyer,0.027204705103003893,clic email 05-01 (0.027204705103003893)
ENT-07273,CON-016347,Claire Bernard,People Ops Manager,champion,0.021763764082403117,clic email 05-01 (0.021763764082403117)
ENT-09591,CON-028060,Emil Andre,Responsable Recrutement,champion,4.054531958203436,clic email 05-25 (0.11486983549970352) · clic email 07-15 (3.9396621227037323)
ENT-09591,CON-053267,Camille Smit,Recruiter,utilisateur,0.016322823061802334,clic email 05-01 (0.016322823061802334)
ENT-19326,CON-066384,Lars Bernard,HR Intern,bruit,0.0,like LinkedIn 05-01 (0.0)
ENT-06905,CON-061016,Pablo Simon,People Ops Manager,champion,0.021763764082403117,clic email 05-01 (0.021763764082403117)
ENT-01718,CON-006571,Julien Garnier,Head of Talent Acquisition,buyer,0.006801176275750973,like LinkedIn 05-01 (0.006801176275750973)
ENT-07357,CON-007937,Hugo Garnier,HRBP,champion,0.021763764082403117,clic email 05-01 (0.021763764082403117)
ENT-13435,CON-044237,Hugo Petit,,sans_titre,0.013602352551501946,clic email 05-01 (0.013602352551501946)
ENT-16312,CON-028034,Emma Faure,Recruiter,utilisateur,0.08038300969022198,like LinkedIn 06-13 (0.08038300969022198)
ENT-16312,CON-028036,Elise Lambert,Chargee de recrutement,utilisateur,0.016322823061802334,clic email 05-01 (0.016322823061802334)
ENT-03640,CON-054198,Florian Chevalier,HR Business Partner,champion,0.10717734625362929,clic email 05-24 (0.10717734625362929)
ENT-03640,CON-021455,Elise Rossi,HR Assistant,utilisateur,0.016322823061802334,clic email 05-01 (0.016322823061802334)
ENT-02760,CON-040152,Greta Rousseau,HR Assistant,utilisateur,0.03264564612360465,clic email 05-11 (0.03264564612360465)
ENT-02760,CON-040153,Camille Boyer,HR Officer,utilisateur,0.016322823061802334,clic email 05-01 (0.016322823061802334)
ENT-03126,CON-045563,Elise Rossi,,sans_titre,0.013602352551501946,clic email 05-01 (0.013602352551501946)
ENT-12593,CON-050755,Bastien Vincent,HR Director,buyer,2.006466571262345,clic email 05-01 (0.027204705103003893) · commentaire LinkedIn 07-06 (1.9792618661593413)
ENT-15167,CON-029682,Margaux Garcia,Talent Acquisition Specialist,utilisateur,0.016322823061802334,clic email 05-01 (0.016322823061802334)
ENT-07216,CON-070683,Anais Meyer,HRBP,champion,0.021763764082403117,clic email 05-01 (0.021763764082403117)
ENT-09538,CON-024090,Sarah Vincent,Directrice RH,buyer,0.0669858414085183,clic email 05-14 (0.0669858414085183)
ENT-09538,CON-053722,Maxime Serrano,Recruiter,utilisateur,0.016322823061802334,clic email 05-01 (0.016322823061802334)
ENT-16026,CON-055130,Elise Muller,,sans_titre,0.125,clic email 06-02 (0.125)
ENT-16026,CON-055131,Greta Jansen,CHRO,buyer,0.027204705103003893,clic email 05-01 (0.027204705103003893)
ENT-05099,CON-074113,Nicolas Blanc,COO,buyer,0.217637640824031,clic email 05-31 (0.217637640824031)
ENT-05099,CON-052670,Ines Martin,People Ops Manager,champion,0.13119265856150586,commentaire LinkedIn 05-01 (0.016322823061802338) · clic email 05-25 (0.11486983549970352)
ENT-03749,CON-018133,Pierre Leroy,Charge de recrutement,utilisateur,2.537812563625662,clic email 06-05 (0.1846716620017374) · clic email 06-29 (0.9747028756274827) · clic email 07-04 (1.3784380259964417)
ENT-03749,CON-005930,Julien Andre,People Ops Manager,champion,0.021763764082403117,clic email 05-01 (0.021763764082403117)
ENT-09846,CON-022622,Claire Leroy,HR Assistant,utilisateur,0.016322823061802334,clic email 05-01 (0.016322823061802334)
ENT-14148,CON-044610,Julie Bonnet,Compensation & Benefits Manager,champion,0.005440941020600779,like LinkedIn 05-01 (0.005440941020600779)
ENT-02169,CON-049068,Marion Serrano,Talent Acquisition Specialist,utilisateur,0.016322823061802334,clic email 05-01 (0.016322823061802334)
ENT-19418,CON-031776,Nora Lefebvre,HR Manager,champion,0.15371455515969257,clic email 05-01 (0.021763764082403117) · clic email 05-27 (0.13195079107728946)
ENT-06280,CON-060843,Marta Muller,Executive Assistant,bruit,0.0,like LinkedIn 05-01 (0.0)
ENT-17982,CON-074653,Julien Durand,,sans_titre,0.0717936471873147,clic email 05-25 (0.0717936471873147)
ENT-17982,CON-048904,Manon Durand,People Ops Manager,champion,0.021763764082403117,clic email 05-01 (0.021763764082403117)
ENT-08142,CON-024222,Emma Lefebvre,Talent Acquisition Manager,champion,0.7182042147193024,clic email 05-01 (0.021763764082403117) · clic email 06-20 (0.6964404506368993)
ENT-10808,CON-013272,Lea Fischer,HR Assistant,utilisateur,0.07753340954356104,commentaire LinkedIn 05-01 (0.01224211729635175) · clic email 05-21 (0.0652912922472093)
ENT-10808,CON-013276,Greta Leroy,Head of Talent Acquisition,buyer,0.0669858414085183,clic email 05-14 (0.0669858414085183)
ENT-10808,CON-013275,Elise Fournier,HR Intern,bruit,0.0,commentaire LinkedIn 06-12 (0.0)
ENT-08544,CON-057980,Elise Fischer,People Ops Coordinator,utilisateur,0.004080705765450584,like LinkedIn 05-01 (0.004080705765450584)
ENT-13480,CON-025106,Emma Dupont,Directrice RH,buyer,0.09735005466131018,commentaire LinkedIn 05-01 (0.02040352882725292) · clic email 05-16 (0.07694652583405726)
ENT-07309,CON-048757,Hugo Smit,People Ops Manager,champion,0.021763764082403117,clic email 05-01 (0.021763764082403117)
ENT-05461,CON-039515,Lars Laurent,,sans_titre,0.09473228540689986,clic email 05-29 (0.09473228540689986)
ENT-05461,CON-039511,Claire Visser,Talent Acquisition Specialist,utilisateur,0.016322823061802334,clic email 05-01 (0.016322823061802334)
ENT-18182,CON-038898,Nicolas Dubois,Compensation & Benefits Manager,champion,0.021763764082403117,clic email 05-01 (0.021763764082403117)
ENT-03381,CON-076364,Emma Durand,People Ops Coordinator,utilisateur,1.697056274847714,clic email 07-07 (1.697056274847714)
ENT-03381,CON-076361,Marion Blanc,HR Manager,champion,0.06597539553864473,clic email 05-17 (0.06597539553864473)
ENT-03381,CON-048404,Nicolas Fischer,Recruiter,utilisateur,0.016322823061802334,clic email 05-01 (0.016322823061802334)
ENT-05700,CON-050498,Pierre Fournier,Head of HR Operations,buyer,0.027204705103003893,clic email 05-01 (0.027204705103003893)
ENT-16016,CON-072012,Anais Rousseau,Charge de recrutement,utilisateur,0.016322823061802334,clic email 05-01 (0.016322823061802334)
ENT-02066,CON-059349,Hugo Lambert,People Ops Manager,champion,1.1313708498984762,clic email 06-27 (1.1313708498984762)
ENT-02066,CON-016683,Marta Moreau,Talent Acquisition Specialist,utilisateur,0.016322823061802334,clic email 05-01 (0.016322823061802334)
ENT-04895,CON-023898,Jan Vincent,Recruiter,utilisateur,0.016322823061802334,clic email 05-01 (0.016322823061802334)
ENT-16481,CON-052088,Pauline Serrano,HR Officer,utilisateur,0.016322823061802334,clic email 05-01 (0.016322823061802334)
ENT-13231,CON-066042,Lucas Ferrari,CHRO,buyer,0.027204705103003893,clic email 05-01 (0.027204705103003893)
ENT-19795,CON-058713,Alexandre Dupont,Executive Assistant,bruit,0.0,commentaire LinkedIn 05-01 (0.0)
ENT-19472,CON-049410,Sophie Laurent,Talent Acquisition Specialist,utilisateur,0.004373592147828786,like LinkedIn 05-02 (0.004373592147828786)
ENT-01719,CON-026152,Nora Lefebvre,Talent Acquisition Manager,champion,4.54297776818522,commentaire LinkedIn 05-02 (0.017494368591315146) · clic email 07-17 (4.525483399593905)
ENT-11136,CON-032863,Femke Leroy,Executive Assistant,bruit,0.0,like LinkedIn 05-02 (0.0)
ENT-14233,CON-015392,Julien Faure,Talent Acquisition Specialist,utilisateur,0.017494368591315142,clic email 05-02 (0.017494368591315142)
ENT-15113,CON-066680,Claire Garnier,HRBP,champion,0.1103808811180326,clic email 05-02 (0.023325824788420192) · clic email 05-21 (0.08705505632961241)
ENT-07858,CON-053513,Femke Boyer,HR Manager,champion,0.07071067811865477,clic email 05-18 (0.07071067811865477)
ENT-07858,CON-053515,Florian Smit,COO,buyer,0.02915728098552524,clic email 05-02 (0.02915728098552524)
ENT-07519,CON-063780,Vincent Andre,People Ops Coordinator,utilisateur,0.017494368591315142,clic email 05-02 (0.017494368591315142)
ENT-07655,CON-059187,Nora Roux,Talent Acquisition Specialist,utilisateur,1.8188598798124778,clic email 07-08 (1.8188598798124778)
ENT-07655,CON-045248,Lucas Boyer,People Ops Manager,champion,0.023325824788420192,clic email 05-02 (0.023325824788420192)
ENT-00933,CON-052547,Bastien Bonnet,Compensation & Benefits Manager,champion,0.023325824788420192,clic email 05-02 (0.023325824788420192)
ENT-00933,CON-067931,Benjamin Rossi,HR Intern,bruit,0.0,clic email 07-15 (0.0)
ENT-14597,CON-014971,Sophie Boyer,People Ops Coordinator,utilisateur,0.4722093385444346,clic email 05-02 (0.017494368591315142) · like LinkedIn 07-08 (0.45471496995311944)
ENT-14597,CON-014973,Julie Jansen,Executive Assistant,bruit,0.0,clic email 06-13 (0.0)
ENT-13759,CON-062140,Ines Andre,HRBP,champion,0.24622888266898324,clic email 06-05 (0.24622888266898324)
ENT-13759,CON-046955,Pierre Rossi,HR Director,buyer,0.02915728098552524,clic email 05-02 (0.02915728098552524)
ENT-10711,CON-056355,Florian Bonnet,People Ops Coordinator,utilisateur,0.017494368591315142,clic email 05-02 (0.017494368591315142)
ENT-00412,CON-033309,Sanne Rossi,HR Intern,bruit,0.0,clic email 05-02 (0.0)
ENT-05041,CON-055529,Anais Visser,HR Manager,champion,0.10766202859114371,like LinkedIn 05-15 (0.01435872943746294) · clic email 05-22 (0.09330329915368077)
ENT-05041,CON-055531,Claire Simon,Recruiter,utilisateur,0.017494368591315142,clic email 05-02 (0.017494368591315142)
ENT-05432,CON-007863,Jonas Garcia,,sans_titre,2.158125565565349,clic email 05-02 (0.01457864049276262) · clic email 07-13 (2.1435469250725863)
ENT-17205,CON-030285,Elena Fontaine,Recruiter,utilisateur,0.4089731496753546,commentaire LinkedIn 05-02 (0.013120776443486356) · clic email 06-16 (0.3958523732318682)
ENT-09230,CON-002084,Pablo Rossi,CHRO,buyer,0.02915728098552524,clic email 05-02 (0.02915728098552524)
ENT-05024,CON-063681,Lars Lefebvre,HR Officer,utilisateur,0.017494368591315142,clic email 05-02 (0.017494368591315142)
ENT-00809,CON-046577,Claire Garcia,Head of Talent Acquisition,buyer,0.02915728098552524,clic email 05-02 (0.02915728098552524)
ENT-03906,CON-040814,Maxime Martin,Compensation & Benefits Manager,champion,0.023325824788420192,clic email 05-02 (0.023325824788420192)
ENT-19241,CON-069547,Elise Garcia,HR Assistant,utilisateur,1.8188598798124778,clic email 07-08 (1.8188598798124778)
ENT-19241,CON-069546,Benjamin Vincent,People Ops Coordinator,utilisateur,0.2611651689888372,like LinkedIn 06-30 (0.2611651689888372)
ENT-19241,CON-052698,Elena Durand,VP People,buyer,0.02915728098552524,clic email 05-02 (0.02915728098552524)
ENT-18305,CON-063078,Lucas Mercier,People Ops Coordinator,utilisateur,1.4773732960138994,clic email 07-05 (1.4773732960138994)
ENT-18305,CON-076017,Laura Dupont,Directrice RH,buyer,0.00728932024638131,like LinkedIn 05-02 (0.00728932024638131)
ENT-05549,CON-046347,Lars Smit,HRBP,champion,0.023325824788420192,clic email 05-02 (0.023325824788420192)
ENT-14335,CON-029453,Jan Petit,Charge de recrutement,utilisateur,0.017494368591315142,clic email 05-02 (0.017494368591315142)
ENT-08965,CON-074706,Anais Lefebvre,HR Business Partner,champion,0.4594793419988141,clic email 06-14 (0.4594793419988141)
ENT-08965,CON-066975,Sanne Martin,People Ops Coordinator,utilisateur,0.2196603991843677,clic email 05-02 (0.017494368591315142) · clic email 05-02 (0.017494368591315142) · clic email 06-05 (0.1846716620017374)
ENT-08330,CON-023416,Pauline Smit,HRBP,champion,0.017494368591315146,commentaire LinkedIn 05-02 (0.017494368591315146)
ENT-06259,CON-065538,Camille Michel,HRBP,champion,0.005831456197105048,like LinkedIn 05-02 (0.005831456197105048)
ENT-14354,CON-057224,Margaux Chevalier,Talent Acquisition Manager,champion,0.023325824788420192,clic email 05-02 (0.023325824788420192)
ENT-06208,CON-054929,Antoine Meyer,Executive Assistant,bruit,0.0,clic email 05-02 (0.0)
ENT-18488,CON-001910,Marion Girard,Chargee de recrutement,utilisateur,0.22525281079945061,commentaire LinkedIn 05-02 (0.013120776443486356) · clic email 06-07 (0.21213203435596426)
ENT-18506,CON-046043,Anais Rousseau,Talent Acquisition Specialist,utilisateur,0.017494368591315142,clic email 05-02 (0.017494368591315142)
ENT-11764,CON-004022,Hugo Guerin,Charge de recrutement,utilisateur,0.017494368591315142,clic email 05-02 (0.017494368591315142)
ENT-19010,CON-052443,Chloe Visser,COO,buyer,0.00728932024638131,like LinkedIn 05-02 (0.00728932024638131)
ENT-15409,CON-019799,Florian Simon,Head of Talent Acquisition,buyer,0.02915728098552524,clic email 05-02 (0.02915728098552524)
ENT-07720,CON-075004,Lea Rousseau,Directrice RH,buyer,0.00728932024638131,like LinkedIn 05-02 (0.00728932024638131)
ENT-04998,CON-005637,Nora Martin,Executive Assistant,bruit,0.0,clic email 05-02 (0.0)
ENT-08032,CON-063024,Bastien Visser,Talent Acquisition Specialist,utilisateur,0.017494368591315142,clic email 05-02 (0.017494368591315142)
ENT-15764,CON-002885,Emma Dubois,Chief People Officer,buyer,0.00728932024638131,like LinkedIn 05-02 (0.00728932024638131)
ENT-00529,CON-036360,Nora Guerin,Responsable Recrutement,champion,0.005831456197105048,like LinkedIn 05-02 (0.005831456197105048)
ENT-19071,CON-021554,Nora Faure,HR Intern,bruit,0.0,clic email 05-02 (0.0) · commentaire LinkedIn 05-16 (0.0)
ENT-03801,CON-025921,Jonas Guerin,HR Manager,champion,0.34822678333091445,clic email 05-02 (0.023325824788420192) · clic email 06-09 (0.32490095854249423)
ENT-03801,CON-074740,Pierre Bonnet,People Ops Coordinator,utilisateur,0.0046875,like LinkedIn 05-03 (0.0046875)
ENT-07373,CON-008951,Sanne Weber,HR Officer,utilisateur,0.013120776443486356,commentaire LinkedIn 05-02 (0.013120776443486356)
ENT-11583,CON-036651,Florian Muller,CHRO,buyer,4.946445614118809,commentaire LinkedIn 05-02 (0.02186796073914393) · clic email 07-15 (4.924577653379665)
ENT-11583,CON-036650,Sophie Serrano,Responsable Recrutement,champion,3.9396621227037323,clic email 07-15 (3.9396621227037323)
ENT-11923,CON-032435,Romain Roux,HR Officer,utilisateur,0.017494368591315142,clic email 05-02 (0.017494368591315142)
ENT-09945,CON-050098,Anna Bernard,Head of Talent Acquisition,buyer,0.02915728098552524,clic email 05-02 (0.02915728098552524)
ENT-13049,CON-024249,Laura Boyer,CHRO,buyer,0.3090425494884027,commentaire LinkedIn 05-02 (0.02186796073914393) · clic email 06-04 (0.2871745887492588)
ENT-16717,CON-072346,Laura Bernard,Executive Assistant,bruit,0.0,clic email 05-02 (0.0)
ENT-13750,CON-032670,Romain Dupont,Head of HR Operations,buyer,0.02915728098552524,clic email 05-02 (0.02915728098552524)
ENT-16185,CON-075538,Pablo Lefebvre,Responsable Recrutement,champion,0.023325824788420192,clic email 05-02 (0.023325824788420192)
ENT-05729,CON-037250,Antoine Bonnet,HR Business Partner,champion,0.023325824788420192,clic email 05-02 (0.023325824788420192)
ENT-02887,CON-038974,Anais Navarro,,sans_titre,0.003644660123190655,like LinkedIn 05-02 (0.003644660123190655)
ENT-17202,CON-070006,Florian Lefebvre,VP People,buyer,2.029157280985525,clic email 05-02 (0.02915728098552524) · clic email 07-02 (2.0)
ENT-10935,CON-017766,Romain Garnier,Charge de recrutement,utilisateur,0.013120776443486356,commentaire LinkedIn 05-02 (0.013120776443486356)
ENT-16190,CON-056143,Guillaume Lefebvre,HR Director,buyer,0.2332582478842019,clic email 06-01 (0.2332582478842019)
ENT-16190,CON-056144,Chloe Laurent,People Ops Manager,champion,0.017494368591315146,commentaire LinkedIn 05-02 (0.017494368591315146)
ENT-03433,CON-046887,Marion Smit,Recruiter,utilisateur,0.05499436859131514,clic email 05-02 (0.017494368591315142) · like LinkedIn 06-02 (0.0375)
ENT-14282,CON-007372,Emil Simon,Office Manager,bruit,0.0,clic email 05-02 (0.0)
ENT-06932,CON-027661,Ines Fontaine,Responsable Recrutement,champion,0.023325824788420192,clic email 05-02 (0.023325824788420192)
ENT-07104,CON-037086,Jan Petit,HR Officer,utilisateur,0.017494368591315142,clic email 05-02 (0.017494368591315142)
ENT-00239,CON-018171,Alexandre Guerin,,sans_titre,0.20670775921224954,like LinkedIn 05-02 (0.003644660123190655) · clic email 06-09 (0.2030630990890589)
ENT-15166,CON-013726,Jonas Martin,People Ops Manager,champion,0.34822022531844965,clic email 06-10 (0.34822022531844965)
ENT-15166,CON-013723,Sophie Muller,,sans_titre,0.003644660123190655,like LinkedIn 05-02 (0.003644660123190655)
ENT-14332,CON-058583,Chloe Dupont,Executive Assistant,bruit,0.0,clic email 05-02 (0.0)
ENT-11493,CON-020017,Antoine Serrano,Executive Assistant,bruit,0.0,clic email 05-02 (0.0)
ENT-18363,CON-016012,Alexandre Roux,Talent Acquisition Manager,champion,0.15527661586570965,clic email 05-02 (0.023325824788420192) · clic email 05-27 (0.13195079107728946)
ENT-20279,CON-059616,Manon Moreau,HRBP,champion,0.6764489188641856,clic email 05-02 (0.023325824788420192) · clic email 05-22 (0.09330329915368077) · commentaire LinkedIn 06-21 (0.5598197949220846)
ENT-20279,CON-059615,Thomas Dubois,HR Director,buyer,0.07694652583405726,clic email 05-16 (0.07694652583405726)
ENT-00064,CON-038569,Lea Garcia,Charge de recrutement,utilisateur,0.013120776443486356,commentaire LinkedIn 05-02 (0.013120776443486356)
ENT-02129,CON-053656,Laura Serrano,Directeur RH,buyer,0.02915728098552524,clic email 05-02 (0.02915728098552524)
ENT-18553,CON-004830,Laura Andre,HRBP,champion,0.023325824788420192,clic email 05-02 (0.023325824788420192)
ENT-03420,CON-038770,Greta Simon,HRBP,champion,0.005831456197105048,like LinkedIn 05-02 (0.005831456197105048)
ENT-16756,CON-068643,Jan Petit,Talent Acquisition Specialist,utilisateur,0.017494368591315142,clic email 05-02 (0.017494368591315142)
ENT-10675,CON-059486,Margaux Jansen,Executive Assistant,bruit,0.0,clic email 05-02 (0.0)
ENT-19441,CON-000721,Julien Bonnet,CHRO,buyer,0.02915728098552524,clic email 05-02 (0.02915728098552524)
ENT-02176,CON-063159,Nora Dubois,Directeur RH,buyer,0.03589682359365735,clic email 05-05 (0.03589682359365735)
ENT-02176,CON-063161,Camille Vincent,HR Intern,bruit,0.0,clic email 05-02 (0.0)
ENT-09145,CON-035820,Ines Muller,Head of People,buyer,0.02915728098552524,clic email 05-02 (0.02915728098552524)
ENT-05693,CON-031895,Nicolas Petit,Head of People,buyer,0.02915728098552524,clic email 05-02 (0.02915728098552524)
ENT-08471,CON-041017,Antoine Mercier,,sans_titre,0.010933980369571964,commentaire LinkedIn 05-02 (0.010933980369571964)
ENT-14258,CON-056896,Camille Martin,HR Director,buyer,0.02186796073914393,commentaire LinkedIn 05-02 (0.02186796073914393)
ENT-06918,CON-068557,Manon Meyer,Compensation & Benefits Manager,champion,0.6760517752910984,clic email 05-07 (0.032987697769322366) · commentaire LinkedIn 06-23 (0.643064077521776)
ENT-06918,CON-029189,Femke Lambert,HR Director,buyer,0.02915728098552524,clic email 05-02 (0.02915728098552524)
ENT-13556,CON-058582,Julie Mercier,HRBP,champion,0.00625,like LinkedIn 05-03 (0.00625)
ENT-00921,CON-018938,Camille Garnier,Recruiter,utilisateur,0.4146023732318682,clic email 05-03 (0.01875) · clic email 06-16 (0.3958523732318682)
ENT-00921,CON-018940,Greta Moreau,Chargee de recrutement,utilisateur,0.0989630933079671,clic email 05-27 (0.0989630933079671)
ENT-00289,CON-002235,Hugo Dubois,Executive Assistant,bruit,0.0,like LinkedIn 05-03 (0.0)
ENT-03155,CON-052059,Lea Dubois,CEO,buyer,0.435275281648062,clic email 06-10 (0.435275281648062)
ENT-03155,CON-052060,Femke Garnier,Executive Assistant,bruit,0.0,clic email 05-03 (0.0)
ENT-00522,CON-001351,Margaux Visser,Directeur RH,buyer,0.03125,clic email 05-03 (0.03125)
ENT-11786,CON-047554,Emil Simon,Responsable Recrutement,champion,0.043750000000000004,commentaire LinkedIn 05-03 (0.018750000000000003) · clic email 05-03 (0.025)
ENT-17667,CON-072816,Sophie Chevalier,HR Intern,bruit,0.0,clic email 05-03 (0.0)
ENT-02236,CON-060554,Antoine Simon,HR Business Partner,champion,0.025,clic email 05-03 (0.025)
ENT-07687,CON-072179,Lea Ferrari,People Ops Coordinator,utilisateur,0.0046875,like LinkedIn 05-03 (0.0046875)
ENT-00646,CON-058381,Nora Andre,Chargee de recrutement,utilisateur,0.0796875,like LinkedIn 05-03 (0.0046875) · clic email 05-23 (0.075)
ENT-20483,CON-008178,Sanne Garnier,Charge de recrutement,utilisateur,3.394112549695428,clic email 07-17 (3.394112549695428)
ENT-20483,CON-008176,Alexandre Muller,Chargee de recrutement,utilisateur,0.01875,clic email 05-03 (0.01875)
ENT-05628,CON-038123,Emma Rousseau,People Ops Manager,champion,0.025,clic email 05-03 (0.025)
ENT-05628,CON-038121,Hugo Serrano,Office Manager,bruit,0.0,clic email 05-29 (0.0)
ENT-00829,CON-036066,Pablo Ferrari,HR Assistant,utilisateur,3.1855689858549456,clic email 05-03 (0.01875) · clic email 07-16 (3.166818985854946)
ENT-11305,CON-024138,Pierre Fournier,HRBP,champion,0.9439586839976282,clic email 05-03 (0.025) · clic email 06-24 (0.9189586839976281)
ENT-00521,CON-053138,Greta Moreau,HRBP,champion,2.111212657236631,clic email 07-06 (2.111212657236631)
ENT-00521,CON-048954,Florian Rossi,Recruiter,utilisateur,0.13242874248827982,clic email 05-03 (0.01875) · clic email 05-29 (0.11367874248827983)
ENT-09002,CON-001147,Lucas Fischer,HR Assistant,utilisateur,0.41233863994932207,clic email 05-03 (0.01875) · clic email 05-29 (0.11367874248827983) · clic email 06-11 (0.2799098974610423)
ENT-10481,CON-015112,Laura Leroy,CEO,buyer,0.33426676476613193,clic email 05-22 (0.11662912394210095) · like LinkedIn 06-20 (0.217637640824031)
ENT-10481,CON-013803,Julien Blanc,HRBP,champion,0.025,clic email 05-03 (0.025)
ENT-05339,CON-012498,Antoine Boyer,HR Officer,utilisateur,0.026364866215839708,clic email 05-03 (0.01875) · like LinkedIn 05-10 (0.007614866215839709)
ENT-07618,CON-060815,Bastien Chevalier,HR Officer,utilisateur,0.01875,clic email 05-03 (0.01875)
ENT-01317,CON-045054,Elise Faure,HRBP,champion,0.07578582832551989,clic email 05-19 (0.07578582832551989)
ENT-01317,CON-045056,Sarah Rossi,COO,buyer,0.03125,clic email 05-03 (0.03125)
ENT-12209,CON-063830,Quentin Mercier,Head of Talent Acquisition,buyer,0.2727863620060875,clic email 05-03 (0.03125) · like LinkedIn 05-26 (0.03847326291702863) · clic email 05-30 (0.2030630990890589)
ENT-15542,CON-047995,Guillaume Blanc,HR Manager,champion,0.025,clic email 05-03 (0.025)
ENT-05562,CON-008027,Laura Laurent,Head of HR Operations,buyer,0.6091892972671766,commentaire LinkedIn 06-19 (0.6091892972671766)
ENT-05562,CON-064553,Jan Dupont,Head of HR Operations,buyer,0.0078125,like LinkedIn 05-03 (0.0078125)
ENT-00565,CON-040306,Chloe Jansen,HR Officer,utilisateur,3.54858079845662,clic email 07-14 (2.7568760519928834) · like LinkedIn 07-16 (0.7917047464637365)
ENT-00565,CON-040305,Quentin Navarro,HRBP,champion,0.025,clic email 05-03 (0.025)
ENT-01962,CON-053036,Nicolas Visser,People Ops Manager,champion,0.05743491774985176,clic email 05-15 (0.05743491774985176)
ENT-01962,CON-053033,Lucas Visser,Executive Assistant,bruit,0.0,clic email 05-03 (0.0) · clic email 06-19 (0.0)
ENT-15614,CON-040329,Sarah Guerin,COO,buyer,2.4622888266898326,clic email 07-05 (2.4622888266898326)
ENT-15614,CON-032603,Anna Fischer,,sans_titre,0.00390625,like LinkedIn 05-03 (0.00390625)
ENT-12683,CON-075570,Ines Andre,Office Manager,bruit,0.0,clic email 05-03 (0.0)
ENT-15365,CON-015529,Maxime Bernard,Chargee de recrutement,utilisateur,0.45471496995311944,clic email 06-18 (0.45471496995311944)
ENT-15365,CON-015527,Camille Jansen,HR Business Partner,champion,0.025,clic email 05-03 (0.025)
ENT-12322,CON-034018,Diego Vincent,HRBP,champion,0.025,clic email 05-03 (0.025)
ENT-06067,CON-060821,Diego Navarro,People Ops Manager,champion,0.025,clic email 05-03 (0.025)
ENT-00920,CON-059587,Ines Andre,Head of Talent Acquisition,buyer,0.03125,clic email 05-03 (0.03125)
ENT-00920,CON-030595,Vincent Bernard,Executive Assistant,bruit,0.0,clic email 05-06 (0.0) · clic email 07-05 (0.0)
ENT-00293,CON-004962,Sophie Jansen,People Ops Manager,champion,0.00625,like LinkedIn 05-03 (0.00625)
ENT-10350,CON-047830,Elise Visser,Charge de recrutement,utilisateur,0.3958523732318682,clic email 06-16 (0.3958523732318682)
ENT-10350,CON-047827,Jan Fontaine,Responsable Recrutement,champion,0.025,clic email 05-03 (0.025)
ENT-04053,CON-030899,Femke Chevalier,HR Manager,champion,1.3246038341699768,clic email 05-03 (0.025) · like LinkedIn 07-19 (1.299603834169977)
ENT-04053,CON-030897,Nicolas Martin,HR Intern,bruit,0.0,clic email 05-10 (0.0)
ENT-04264,CON-029153,Pauline Blanc,HR Assistant,utilisateur,0.01875,clic email 05-03 (0.01875)
ENT-06742,CON-037574,Hugo Durand,Charge de recrutement,utilisateur,0.01875,clic email 05-03 (0.01875)
ENT-13524,CON-037910,Lars Girard,,sans_titre,0.7695770332551991,commentaire LinkedIn 05-03 (0.01171875) · clic email 06-28 (0.7578582832551991)
ENT-03985,CON-035265,Ines Serrano,Executive Assistant,bruit,0.0,clic email 05-03 (0.0)
ENT-04812,CON-048778,Lea Lefebvre,HR Officer,utilisateur,0.21213203435596426,clic email 06-07 (0.21213203435596426)
ENT-04812,CON-048779,Chloe Martin,Recruiter,utilisateur,0.01875,clic email 05-03 (0.01875)
ENT-09910,CON-066771,Julien Simon,HR Business Partner,champion,0.025,clic email 05-03 (0.025)
ENT-08195,CON-059730,Bastien Laurent,Directrice RH,buyer,0.0234375,commentaire LinkedIn 05-03 (0.0234375)
ENT-07489,CON-045370,Lars Faure,HR Manager,champion,0.018750000000000003,commentaire LinkedIn 05-03 (0.018750000000000003)
ENT-18468,CON-025228,Manon Garcia,HR Manager,champion,0.025,clic email 05-03 (0.025)
ENT-14122,CON-058969,Sanne Chevalier,Recruiter,utilisateur,0.014062499999999999,commentaire LinkedIn 05-03 (0.014062499999999999)
ENT-14098,CON-050313,Pauline Petit,HR Officer,utilisateur,0.05373873718263028,clic email 05-03 (0.01875) · clic email 05-12 (0.034988737182630285)
ENT-00244,CON-054163,Antoine Guerin,Chargee de recrutement,utilisateur,0.04889362863383323,clic email 05-03 (0.01875) · commentaire LinkedIn 05-14 (0.030143628633833235)
ENT-00244,CON-054160,Lea Ferrari,Executive Assistant,bruit,0.0,like LinkedIn 05-07 (0.0)
ENT-00244,CON-054161,Camille Durand,HR Intern,bruit,0.0,commentaire LinkedIn 05-20 (0.0) · clic email 07-05 (0.0)
ENT-07221,CON-004621,Lars Mercier,People Ops Manager,champion,0.025,clic email 05-03 (0.025)
ENT-16079,CON-028587,Diego Dubois,Office Manager,bruit,0.0,clic email 05-03 (0.0)
ENT-03428,CON-073434,Nicolas Serrano,Charge de recrutement,utilisateur,1.2,clic email 07-01 (1.2)
ENT-03428,CON-073431,Julien Jansen,Responsable Recrutement,champion,0.025,clic email 05-03 (0.025)
ENT-19823,CON-022665,Nicolas Rossi,CHRO,buyer,6.062866266041592,clic email 07-18 (6.062866266041592)
ENT-19823,CON-021766,Emil Ferrari,Responsable Recrutement,champion,5.198415336679908,clic email 07-19 (5.198415336679908)
ENT-19823,CON-022664,Romain Smit,Compensation & Benefits Manager,champion,0.36697022531844964,commentaire LinkedIn 05-03 (0.018750000000000003) · clic email 06-10 (0.34822022531844965)
ENT-11028,CON-053518,Elena Boyer,HR Business Partner,champion,0.00625,like LinkedIn 05-03 (0.00625)
ENT-07024,CON-050618,Emma Dupont,CHRO,buyer,0.03125,clic email 05-03 (0.03125)
ENT-05677,CON-016384,Margaux Serrano,People Ops Coordinator,utilisateur,0.848528137423857,clic email 06-27 (0.848528137423857)
ENT-05677,CON-071604,Claire Jansen,Talent Acquisition Manager,champion,0.16245047927124712,clic email 05-30 (0.16245047927124712)
ENT-05677,CON-016385,Anais Blanc,Head of HR Operations,buyer,0.03125,clic email 05-03 (0.03125)
ENT-15924,CON-062091,Pablo Fontaine,HR Director,buyer,0.03125,clic email 05-03 (0.03125)
ENT-15924,CON-062088,Greta Garcia,Recruiter,utilisateur,0.026241552886972712,commentaire LinkedIn 05-12 (0.026241552886972712)
ENT-20016,CON-022803,Florian Rossi,Office Manager,bruit,0.0,clic email 05-03 (0.0)
ENT-18575,CON-045755,Femke Durand,CEO,buyer,0.03125,clic email 05-03 (0.03125)
ENT-15354,CON-013575,Bastien Simon,People Ops Coordinator,utilisateur,0.01875,clic email 05-03 (0.01875)
ENT-07753,CON-009006,Pablo Weber,HR Officer,utilisateur,0.1640625,commentaire LinkedIn 05-03 (0.014062499999999999) · clic email 06-02 (0.15)
ENT-09859,CON-071624,Nicolas Michel,People Ops Coordinator,utilisateur,0.014062499999999999,commentaire LinkedIn 05-03 (0.014062499999999999)
ENT-13606,CON-008466,Julie Weber,HR Business Partner,champion,0.025,clic email 05-03 (0.025)
ENT-17780,CON-009674,Elena Weber,HR Intern,bruit,0.0,clic email 05-03 (0.0)
ENT-16120,CON-022404,Quentin Mercier,Office Manager,bruit,0.0,commentaire LinkedIn 05-03 (0.0) · clic email 06-12 (0.0)
ENT-12160,CON-046036,Margaux Fontaine,People Ops Manager,champion,0.4594793419988141,clic email 06-14 (0.4594793419988141)
ENT-12160,CON-046035,Quentin Faure,Office Manager,bruit,0.0,commentaire LinkedIn 05-03 (0.0)
ENT-19368,CON-000574,Alexandre Serrano,HR Officer,utilisateur,0.2658526689888372,like LinkedIn 05-03 (0.0046875) · clic email 06-10 (0.2611651689888372)
ENT-14859,CON-053936,Guillaume Lambert,Compensation & Benefits Manager,champion,0.025,clic email 05-03 (0.025)
ENT-19443,CON-068632,Greta Petit,Executive Assistant,bruit,0.0,clic email 05-03 (0.0)
ENT-04551,CON-017835,Lea Garnier,HR Intern,bruit,0.0,commentaire LinkedIn 05-03 (0.0) · clic email 06-14 (0.0)
ENT-04551,CON-019758,Emma Vincent,Executive Assistant,bruit,0.0,clic email 07-09 (0.0)
ENT-05322,CON-041341,Manon Dubois,Charge de recrutement,utilisateur,0.01875,clic email 05-03 (0.01875)
ENT-09041,CON-046739,Thomas Martin,Head of HR Operations,buyer,0.03125,clic email 05-03 (0.03125)
ENT-02947,CON-073226,Quentin Rossi,HR Manager,champion,0.025,clic email 05-03 (0.025)
ENT-08396,CON-053352,Manon Guerin,People Ops Coordinator,utilisateur,0.033107185622069955,like LinkedIn 05-03 (0.0046875) · clic email 05-09 (0.028419685622069958)
ENT-08963,CON-030381,Greta Laurent,HR Manager,champion,0.025,clic email 05-03 (0.025)
ENT-11115,CON-041293,Felix Rossi,HR Business Partner,champion,0.5278031643091577,clic email 06-16 (0.5278031643091577)
ENT-11115,CON-041291,Lars Bernard,,sans_titre,0.015625,clic email 05-03 (0.015625)
ENT-01774,CON-017977,Elena Guerin,Talent Acquisition Manager,champion,0.025,clic email 05-03 (0.025)
ENT-01736,CON-023630,Camille Fournier,Chief People Officer,buyer,0.10153154954452945,like LinkedIn 06-09 (0.10153154954452945)
ENT-01736,CON-012381,Greta Martin,HR Intern,bruit,0.0,clic email 05-03 (0.0) · clic email 05-13 (0.0) · commentaire LinkedIn 07-18 (0.0)
ENT-05015,CON-022295,Antoine Petit,HRBP,champion,0.018750000000000003,commentaire LinkedIn 05-03 (0.018750000000000003)
ENT-12678,CON-034204,Lars Mercier,Talent Acquisition Specialist,utilisateur,0.01875,clic email 05-03 (0.01875)
ENT-03946,CON-054956,Sarah Visser,Compensation & Benefits Manager,champion,0.09571067811865477,clic email 05-03 (0.025) · clic email 05-18 (0.07071067811865477)
ENT-10045,CON-065646,Quentin Chevalier,People Ops Manager,champion,0.19285659830736154,like LinkedIn 05-03 (0.00625) · clic email 06-01 (0.18660659830736154)
ENT-10045,CON-065645,Alexandre Lefebvre,People Ops Manager,champion,0.16245047927124712,clic email 05-30 (0.16245047927124712)
ENT-15572,CON-006558,Femke Petit,Responsable Recrutement,champion,0.8250000000000001,clic email 05-03 (0.025) · clic email 06-22 (0.8)
ENT-12769,CON-013851,Laura Serrano,Chargee de recrutement,utilisateur,0.0046875,like LinkedIn 05-03 (0.0046875)
ENT-10810,CON-002973,Marta Muller,VP People,buyer,0.435275281648062,clic email 06-10 (0.435275281648062)
ENT-10810,CON-002975,Julie Rossi,Responsable Recrutement,champion,0.025,clic email 05-03 (0.025)
ENT-00581,CON-064782,Greta Guerin,Recruiter,utilisateur,1.697056274847714,clic email 07-07 (1.697056274847714)
ENT-00581,CON-035489,Ines Leroy,Office Manager,bruit,0.0,clic email 05-04 (0.0) · clic email 07-10 (0.0)
ENT-13326,CON-053588,Elise Garcia,Head of People,buyer,2.9299301288834934,clic email 06-27 (1.4142135623730951) · clic email 06-28 (1.5157165665103982)
ENT-13326,CON-053590,Camille Simon,Talent Acquisition Specialist,utilisateur,0.020095752422555492,clic email 05-04 (0.020095752422555492)
ENT-07856,CON-010772,Thomas Faure,HR Assistant,utilisateur,3.394112549695428,clic email 07-17 (3.394112549695428)
ENT-07856,CON-010769,Nicolas Bernard,Head of HR Operations,buyer,0.03349292070425915,clic email 05-04 (0.03349292070425915)
ENT-07856,CON-010771,Vincent Garcia,Executive Assistant,bruit,0.0,clic email 06-04 (0.0)
ENT-06179,CON-011553,Lucas Durand,CHRO,buyer,0.03349292070425915,clic email 05-04 (0.03349292070425915)
ENT-17490,CON-071095,Sanne Andre,Directeur RH,buyer,0.03349292070425915,clic email 05-04 (0.03349292070425915)
ENT-02727,CON-042103,Diego Petit,HR Intern,bruit,0.0,clic email 05-04 (0.0) · clic email 06-19 (0.0) · commentaire LinkedIn 06-30 (0.0)
ENT-11455,CON-032401,Lars Guerin,Recruiter,utilisateur,0.9295256923287943,clic email 05-04 (0.020095752422555492) · clic email 06-28 (0.9094299399062389)
ENT-18566,CON-067111,Manon Lefebvre,Chargee de recrutement,utilisateur,0.848528137423857,clic email 06-27 (0.848528137423857)
ENT-18566,CON-067112,Femke Michel,Talent Acquisition Specialist,utilisateur,0.015071814316916617,commentaire LinkedIn 05-04 (0.015071814316916617)
ENT-01581,CON-046633,Florian Bernard,Head of Talent Acquisition,buyer,3.0649260537250558,clic email 05-04 (0.03349292070425915) · clic email 07-08 (3.0314331330207964)
ENT-06486,CON-064500,Anais Faure,Talent Acquisition Manager,champion,0.026794336563407323,clic email 05-04 (0.026794336563407323)
ENT-00784,CON-008255,Lars Michel,CHRO,buyer,0.10153154954452945,clic email 05-20 (0.10153154954452945)
ENT-00784,CON-045437,Anais Garnier,COO,buyer,0.025119690528194363,commentaire LinkedIn 05-04 (0.025119690528194363)
ENT-01099,CON-060704,Hugo Leroy,Compensation & Benefits Manager,champion,0.026794336563407323,clic email 05-04 (0.026794336563407323)
ENT-03312,CON-063486,Lea Rousseau,People Ops Manager,champion,0.4924577653379665,clic email 06-15 (0.4924577653379665)
ENT-03312,CON-063484,Chloe Simon,HR Officer,utilisateur,0.015071814316916617,commentaire LinkedIn 05-04 (0.015071814316916617)
ENT-11155,CON-014569,Alexandre Vincent,Talent Acquisition Specialist,utilisateur,1.2525718143169167,commentaire LinkedIn 05-04 (0.015071814316916617) · clic email 05-13 (0.0375) · clic email 07-02 (1.2)
ENT-14792,CON-022257,Bastien Jansen,HR Manager,champion,1.6,clic email 07-01 (1.6)
ENT-14792,CON-022256,Antoine Fournier,Charge de recrutement,utilisateur,0.020095752422555492,clic email 05-04 (0.020095752422555492)
ENT-17055,CON-028155,Julien Girard,Talent Acquisition Specialist,utilisateur,0.020095752422555492,clic email 05-04 (0.020095752422555492)
ENT-01858,CON-028674,Anna Petit,,sans_titre,0.004186615088032394,like LinkedIn 05-04 (0.004186615088032394)
ENT-09511,CON-071210,Maxime Weber,HR Intern,bruit,0.0,clic email 05-04 (0.0)
ENT-19092,CON-024746,Hugo Durand,HR Intern,bruit,0.0,clic email 05-04 (0.0)
ENT-03543,CON-023774,Felix Martin,Compensation & Benefits Manager,champion,0.020095752422555496,commentaire LinkedIn 05-04 (0.020095752422555496)
ENT-15671,CON-010825,Elise Rossi,,sans_titre,0.004186615088032394,like LinkedIn 05-04 (0.004186615088032394)
ENT-17574,CON-045987,Antoine Blanc,Responsable Recrutement,champion,0.026794336563407323,clic email 05-04 (0.026794336563407323)
ENT-02591,CON-009667,Lea Garnier,CEO,buyer,1.2562641038731104,commentaire LinkedIn 05-04 (0.025119690528194363) · clic email 06-25 (1.231144413344916)
ENT-04244,CON-028773,Anais Weber,People Ops Coordinator,utilisateur,0.020095752422555492,clic email 05-04 (0.020095752422555492)
ENT-10404,CON-038947,Alexandre Visser,Chargee de recrutement,utilisateur,0.020095752422555492,clic email 05-04 (0.020095752422555492)
ENT-07813,CON-063577,Lea Roux,Compensation & Benefits Manager,champion,0.026794336563407323,clic email 05-04 (0.026794336563407323)
ENT-06064,CON-009506,Laura Durand,CEO,buyer,0.09599292070425916,clic email 05-04 (0.03349292070425915) · clic email 05-13 (0.0625)
ENT-10006,CON-060612,Anna Andre,CHRO,buyer,0.5912790240404882,clic email 05-04 (0.03349292070425915) · clic email 06-02 (0.25) · clic email 06-05 (0.307786103336229)
ENT-14205,CON-025329,Emma Jansen,VP Human Resources,buyer,0.03349292070425915,clic email 05-04 (0.03349292070425915)
ENT-08187,CON-046451,Sarah Fournier,HR Intern,bruit,0.0,clic email 05-04 (0.0)
ENT-10100,CON-018569,Lars Smit,VP Human Resources,buyer,0.03349292070425915,clic email 05-04 (0.03349292070425915)
ENT-09987,CON-066992,Manon Vincent,Compensation & Benefits Manager,champion,0.026794336563407323,clic email 05-04 (0.026794336563407323)
ENT-09879,CON-021476,Benjamin Serrano,Chargee de recrutement,utilisateur,0.020095752422555492,clic email 05-04 (0.020095752422555492)
ENT-07628,CON-015252,Nicolas Smit,Head of People,buyer,0.025119690528194363,commentaire LinkedIn 05-04 (0.025119690528194363)
ENT-03133,CON-008102,Lea Fournier,HR Manager,champion,0.026794336563407323,clic email 05-04 (0.026794336563407323)
ENT-06843,CON-058680,Lea Blanc,Executive Assistant,bruit,0.0,like LinkedIn 05-04 (0.0)
ENT-00215,CON-031567,Nora Weber,HRBP,champion,0.026794336563407323,clic email 05-04 (0.026794336563407323)
ENT-02115,CON-014773,Ines Moreau,Head of HR Operations,buyer,0.03349292070425915,clic email 05-04 (0.03349292070425915)
ENT-05354,CON-014260,Marion Andre,Head of HR Operations,buyer,0.025119690528194363,commentaire LinkedIn 05-04 (0.025119690528194363)
ENT-03281,CON-026367,Quentin Fischer,COO,buyer,0.025119690528194363,commentaire LinkedIn 05-04 (0.025119690528194363)
ENT-10469,CON-009765,Pierre Lambert,HR Manager,champion,4.850293012833274,clic email 07-18 (4.850293012833274)
ENT-10469,CON-009766,Manon Meyer,HR Manager,champion,0.11384939289301974,clic email 05-04 (0.026794336563407323) · clic email 05-21 (0.08705505632961241)
ENT-11519,CON-024529,Florian Guerin,HR Assistant,utilisateur,0.020095752422555492,clic email 05-04 (0.020095752422555492)
ENT-08514,CON-056846,Lucas Rousseau,,sans_titre,0.016746460352129577,clic email 05-04 (0.016746460352129577)
ENT-17806,CON-065795,Maxime Simon,Charge de recrutement,utilisateur,0.020095752422555492,clic email 05-04 (0.020095752422555492)
ENT-01234,CON-071578,Manon Smit,Charge de recrutement,utilisateur,0.020095752422555492,clic email 05-04 (0.020095752422555492)
ENT-19026,CON-037631,Margaux Garcia,Talent Acquisition Specialist,utilisateur,0.020095752422555492,clic email 05-04 (0.020095752422555492)
ENT-17561,CON-068436,Chloe Dubois,Recruiter,utilisateur,0.13995494873052114,clic email 06-01 (0.13995494873052114)
ENT-17561,CON-019304,Anna Fischer,Compensation & Benefits Manager,champion,0.026794336563407323,clic email 05-04 (0.026794336563407323)
ENT-13164,CON-057052,Thomas Petit,Charge de recrutement,utilisateur,0.020095752422555492,clic email 05-04 (0.020095752422555492)
ENT-16216,CON-035723,Quentin Martin,HR Officer,utilisateur,0.020095752422555492,clic email 05-04 (0.020095752422555492)
ENT-14417,CON-035522,Emil Girard,Talent Acquisition Specialist,utilisateur,0.020095752422555492,clic email 05-04 (0.020095752422555492)
ENT-05603,CON-040522,Alexandre Vincent,HR Manager,champion,1.299603834169977,clic email 06-29 (1.299603834169977)
ENT-05603,CON-040523,Ines Laurent,Directeur RH,buyer,0.008373230176064788,like LinkedIn 05-04 (0.008373230176064788)
ENT-02548,CON-023704,Julie Rousseau,HR Intern,bruit,0.0,clic email 05-04 (0.0)
ENT-05210,CON-032592,Jonas Lambert,Head of Talent Acquisition,buyer,0.03349292070425915,clic email 05-04 (0.03349292070425915)
ENT-02836,CON-011922,Chloe Bernard,HR Intern,bruit,0.0,commentaire LinkedIn 05-04 (0.0)
ENT-05169,CON-012908,Julie Dubois,Office Manager,bruit,0.0,clic email 05-04 (0.0) · like LinkedIn 06-11 (0.0)
ENT-16853,CON-018544,Sophie Rousseau,HR Director,buyer,3.2825025061292012,clic email 05-04 (0.03349292070425915) · clic email 07-09 (3.249009585424942)
ENT-08068,CON-031357,Romain Laurent,HR Manager,champion,0.026794336563407323,clic email 05-04 (0.026794336563407323)
ENT-06194,CON-050339,Jonas Fournier,,sans_titre,0.12137866567611269,commentaire LinkedIn 05-04 (0.012559845264097182) · clic email 05-31 (0.1088188204120155)
ENT-17314,CON-016275,Florian Visser,HR Intern,bruit,0.0,commentaire LinkedIn 05-04 (0.0)
ENT-03075,CON-032978,Jonas Petit,Chargee de recrutement,utilisateur,0.020095752422555492,clic email 05-04 (0.020095752422555492)
ENT-07612,CON-018748,Florian Vincent,Executive Assistant,bruit,0.0,clic email 05-04 (0.0)
ENT-02354,CON-026663,Elise Fischer,HR Assistant,utilisateur,0.02720067382807298,clic email 05-04 (0.020095752422555492) · like LinkedIn 05-09 (0.0071049214055174895)
ENT-18569,CON-052751,Camille Andre,Compensation & Benefits Manager,champion,0.026794336563407323,clic email 05-04 (0.026794336563407323)
ENT-10091,CON-037012,Bastien Girard,HR Manager,champion,0.043527528164806206,clic email 05-11 (0.043527528164806206)
ENT-10091,CON-037013,Lars Ferrari,CHRO,buyer,0.03349292070425915,clic email 05-04 (0.03349292070425915)
ENT-06235,CON-059450,Lars Weber,Directrice RH,buyer,0.03349292070425915,clic email 05-04 (0.03349292070425915)
ENT-03876,CON-018932,Greta Lambert,HR Intern,bruit,0.0,clic email 05-04 (0.0) · clic email 06-19 (0.0)
ENT-16496,CON-014373,Sophie Blanc,,sans_titre,2.4622888266898326,clic email 07-15 (2.4622888266898326)
ENT-16496,CON-014370,Manon Fournier,Talent Acquisition Manager,champion,0.026794336563407323,clic email 05-04 (0.026794336563407323)
ENT-15819,CON-038637,Anais Girard,Responsable Recrutement,champion,0.6062866266041593,like LinkedIn 07-08 (0.6062866266041593)
ENT-15819,CON-038636,Nicolas Meyer,HR Officer,utilisateur,0.5194582253768221,clic email 06-06 (0.1979261866159342) · clic email 06-13 (0.32153203876088793)
ENT-15819,CON-038634,Nora Dupont,HR Assistant,utilisateur,0.020095752422555492,clic email 05-04 (0.020095752422555492)
ENT-07098,CON-017350,Emil Meyer,HR Officer,utilisateur,1.3784380259964417,clic email 07-04 (1.3784380259964417)
ENT-07098,CON-059241,Maxime Dubois,People Ops Coordinator,utilisateur,0.020095752422555492,clic email 05-04 (0.020095752422555492)
ENT-05987,CON-013896,Jan Chevalier,People Ops Coordinator,utilisateur,0.14844463996195062,commentaire LinkedIn 06-06 (0.14844463996195062)
ENT-05987,CON-038932,Romain Martin,Directeur RH,buyer,0.03349292070425915,clic email 05-04 (0.03349292070425915)
ENT-18744,CON-030152,Manon Dupont,Recruiter,utilisateur,0.005023938105638873,like LinkedIn 05-04 (0.005023938105638873)
ENT-04041,CON-026798,Florian Visser,HR Intern,bruit,0.0,clic email 05-04 (0.0)
ENT-16427,CON-020960,Jan Blanc,People Ops Manager,champion,0.026794336563407323,clic email 05-04 (0.026794336563407323)
ENT-19995,CON-065160,Camille Laurent,HRBP,champion,0.48627367856222137,clic email 05-04 (0.026794336563407323) · clic email 06-14 (0.4594793419988141)
ENT-18812,CON-037515,Lea Visser,Responsable Recrutement,champion,0.3299376498654869,clic email 05-04 (0.026794336563407323) · clic email 06-08 (0.30314331330207955)
ENT-18812,CON-037514,Nora Petit,Office Manager,bruit,0.0,clic email 05-10 (0.0)
ENT-05896,CON-058810,Emma Petit,CEO,buyer,2.0167464603521297,like LinkedIn 05-14 (0.016746460352129577) · clic email 07-02 (2.0)
ENT-05896,CON-075926,Hugo Durand,Chargee de recrutement,utilisateur,0.020095752422555492,clic email 05-04 (0.020095752422555492)
ENT-15571,CON-074121,Lucas Lambert,HR Intern,bruit,0.0,clic email 05-05 (0.0)
ENT-01700,CON-062630,Hugo Rossi,HR Manager,champion,0.02871745887492588,clic email 05-05 (0.02871745887492588)
ENT-09612,CON-040825,Elise Faure,HRBP,champion,0.02871745887492588,clic email 05-05 (0.02871745887492588)
ENT-10631,CON-000140,Sophie Smit,HR Intern,bruit,0.0,clic email 05-05 (0.0)
ENT-06585,CON-011745,Romain Dubois,People Ops Coordinator,utilisateur,0.02153809415619441,clic email 05-05 (0.02153809415619441)
ENT-02734,CON-044309,Pauline Simon,Charge de recrutement,utilisateur,0.016153570617145806,commentaire LinkedIn 05-05 (0.016153570617145806)
ENT-04205,CON-017286,Vincent Muller,Head of Talent Acquisition,buyer,1.1486983549970349,like LinkedIn 07-14 (1.1486983549970349)
ENT-04205,CON-051996,Benjamin Bernard,People Ops Coordinator,utilisateur,0.02153809415619441,clic email 05-05 (0.02153809415619441)
ENT-04636,CON-064670,Emma Petit,VP People,buyer,0.03589682359365735,clic email 05-05 (0.03589682359365735)
ENT-04669,CON-058752,Pauline Roux,COO,buyer,0.03589682359365735,clic email 05-05 (0.03589682359365735)
ENT-10766,CON-018381,Antoine Fournier,HR Officer,utilisateur,3.72663878077703,clic email 06-21 (0.5598197949220844) · clic email 07-16 (3.166818985854946)
ENT-10766,CON-018382,Elena Weber,People Ops Coordinator,utilisateur,0.07457110274518547,clic email 05-05 (0.02153809415619441) · clic email 05-18 (0.053033008588991064)
ENT-20023,CON-035077,Anna Blanc,HR Business Partner,champion,0.02871745887492588,clic email 05-05 (0.02871745887492588)
ENT-03161,CON-039563,Jan Vincent,Chief People Officer,buyer,0.03589682359365735,clic email 05-05 (0.03589682359365735)
ENT-00805,CON-042509,Hugo Meyer,Head of Talent Acquisition,buyer,0.09839682359365734,clic email 05-05 (0.03589682359365735) · clic email 05-13 (0.0625)
ENT-08363,CON-022316,Anais Faure,Executive Assistant,bruit,0.0,clic email 05-05 (0.0)
ENT-17986,CON-011315,Felix Petit,Charge de recrutement,utilisateur,1.3838225495354903,like LinkedIn 05-05 (0.005384523539048602) · clic email 07-04 (1.3784380259964417)
ENT-01055,CON-050829,Emil Lefebvre,Charge de recrutement,utilisateur,0.02153809415619441,clic email 05-05 (0.02153809415619441)
ENT-11599,CON-001169,Maxime Roux,Chief People Officer,buyer,0.03589682359365735,clic email 05-05 (0.03589682359365735)
ENT-00086,CON-029323,Jan Garnier,People Ops Manager,champion,0.02871745887492588,clic email 05-05 (0.02871745887492588)
ENT-00623,CON-026532,Guillaume Dubois,Talent Acquisition Manager,champion,0.17411011265922482,clic email 05-31 (0.17411011265922482)
ENT-00623,CON-026531,Greta Meyer,CHRO,buyer,0.03589682359365735,clic email 05-05 (0.03589682359365735)
ENT-13179,CON-001675,Camille Bonnet,Chargee de recrutement,utilisateur,1.2727922061357855,commentaire LinkedIn 07-07 (1.2727922061357855)
ENT-13179,CON-019985,Alexandre Smit,Talent Acquisition Manager,champion,0.02871745887492588,clic email 05-05 (0.02871745887492588)
ENT-04724,CON-033919,Anais Vincent,Compensation & Benefits Manager,champion,0.02871745887492588,clic email 05-05 (0.02871745887492588)
ENT-06923,CON-002270,Romain Leroy,,sans_titre,0.004487102949207168,like LinkedIn 05-05 (0.004487102949207168)
ENT-00901,CON-045024,Florian Leroy,Talent Acquisition Manager,champion,2.785761802547597,clic email 07-10 (2.785761802547597)
ENT-00901,CON-014345,Margaux Chevalier,HRBP,champion,0.02871745887492588,clic email 05-05 (0.02871745887492588)
ENT-06399,CON-022923,Anais Weber,Compensation & Benefits Manager,champion,0.02871745887492588,clic email 05-05 (0.02871745887492588)
ENT-18670,CON-029707,Sanne Meyer,VP People,buyer,0.03589682359365735,clic email 05-05 (0.03589682359365735)
ENT-06057,CON-070729,Jan Boyer,Talent Acquisition Manager,champion,2.785761802547597,clic email 07-10 (2.785761802547597)
ENT-06057,CON-070730,Chloe Leroy,Office Manager,bruit,0.0,clic email 05-05 (0.0)
ENT-17107,CON-068899,Quentin Meyer,Executive Assistant,bruit,0.0,clic email 05-05 (0.0)
ENT-07671,CON-027616,Pauline Bernard,HR Officer,utilisateur,0.152120678650613,clic email 05-05 (0.02153809415619441) · clic email 05-31 (0.1305825844944186)
ENT-07671,CON-027617,Marion Smit,Office Manager,bruit,0.0,clic email 06-20 (0.0)
ENT-18859,CON-041343,Ines Rossi,People Ops Coordinator,utilisateur,0.3958523732318682,clic email 06-16 (0.3958523732318682)
ENT-18859,CON-041344,Lars Fischer,Executive Assistant,bruit,0.0,clic email 05-05 (0.0)
ENT-10932,CON-033005,Bastien Serrano,People Ops Manager,champion,0.05,clic email 05-13 (0.05)
ENT-10932,CON-033006,Pablo Simon,Office Manager,bruit,0.0,clic email 05-05 (0.0)
ENT-10144,CON-054466,Ines Boyer,Talent Acquisition Manager,champion,0.13995494873052117,commentaire LinkedIn 06-01 (0.13995494873052117)
ENT-10144,CON-054467,Florian Meyer,Charge de recrutement,utilisateur,0.02153809415619441,clic email 05-05 (0.02153809415619441)
ENT-10726,CON-056817,Julie Michel,Talent Acquisition Manager,champion,0.02871745887492588,clic email 05-05 (0.02871745887492588)
ENT-19903,CON-048563,Quentin Chevalier,CHRO,buyer,1.0606601717798214,commentaire LinkedIn 06-27 (1.0606601717798214)
ENT-19903,CON-048562,Femke Guerin,HR Business Partner,champion,0.46665870671754556,like LinkedIn 05-05 (0.00717936471873147) · clic email 06-14 (0.4594793419988141)
ENT-02201,CON-022226,Anna Vincent,HR Director,buyer,0.03589682359365735,clic email 05-05 (0.03589682359365735)
ENT-08555,CON-018241,Julie Ferrari,Talent Acquisition Specialist,utilisateur,0.2611651689888372,clic email 06-10 (0.2611651689888372)
ENT-08555,CON-018240,Julie Andre,VP People,buyer,0.03589682359365735,clic email 05-05 (0.03589682359365735)
ENT-12228,CON-002497,Marion Laurent,Chargee de recrutement,utilisateur,0.02153809415619441,clic email 05-05 (0.02153809415619441)
ENT-12228,CON-002499,Jonas Lefebvre,HR Intern,bruit,0.0,clic email 05-24 (0.0)
ENT-14241,CON-035126,Diego Simon,VP Human Resources,buyer,5.278031643091577,clic email 07-16 (5.278031643091577)
ENT-14241,CON-055972,Emma Fournier,HR Assistant,utilisateur,0.005384523539048602,like LinkedIn 05-05 (0.005384523539048602)
ENT-00842,CON-026500,Sophie Weber,Head of HR Operations,buyer,0.008974205898414337,like LinkedIn 05-05 (0.008974205898414337)
ENT-00842,CON-026499,Emma Meyer,HR Intern,bruit,0.0,commentaire LinkedIn 07-16 (0.0)
ENT-20506,CON-013605,Alexandre Michel,Directrice RH,buyer,0.03589682359365735,clic email 05-05 (0.03589682359365735)
ENT-05115,CON-072842,Bastien Andre,HR Director,buyer,0.03589682359365735,clic email 05-05 (0.03589682359365735)
ENT-05521,CON-075520,Diego Bonnet,HR Manager,champion,0.02871745887492588,clic email 05-05 (0.02871745887492588)
ENT-09262,CON-046238,Emma Vincent,,sans_titre,0.017948411796828673,clic email 05-05 (0.017948411796828673)
ENT-07026,CON-035499,Antoine Chevalier,HR Intern,bruit,0.0,clic email 05-05 (0.0)
ENT-10825,CON-039253,Femke Garnier,Talent Acquisition Specialist,utilisateur,0.02153809415619441,clic email 05-05 (0.02153809415619441)
ENT-08218,CON-064540,Quentin Visser,HR Assistant,utilisateur,0.02153809415619441,clic email 05-05 (0.02153809415619441)
ENT-09843,CON-019387,Florian Serrano,VP People,buyer,2.4622888266898326,clic email 07-05 (2.4622888266898326)
ENT-09843,CON-019392,Marion Andre,VP People,buyer,0.03589682359365735,clic email 05-05 (0.03589682359365735)
ENT-09843,CON-019391,Guillaume Mercier,Office Manager,bruit,0.0,clic email 05-28 (0.0)
ENT-03121,CON-057092,Marta Leroy,,sans_titre,3.0803075114763643,clic email 05-05 (0.017948411796828673) · commentaire LinkedIn 05-17 (0.030925966658739718) · clic email 07-18 (3.031433133020796)
ENT-12489,CON-069887,Jonas Roux,Talent Acquisition Specialist,utilisateur,2.778414146149078,clic email 05-05 (0.02153809415619441) · clic email 07-14 (2.7568760519928834)
ENT-12489,CON-075529,Laura Muller,Compensation & Benefits Manager,champion,0.037892914162759944,like LinkedIn 05-29 (0.037892914162759944)
ENT-12835,CON-047223,Julien Moreau,HR Officer,utilisateur,0.12183785945343534,clic email 05-30 (0.12183785945343534)
ENT-12835,CON-047227,Florian Meyer,Talent Acquisition Specialist,utilisateur,0.10496621154789085,commentaire LinkedIn 06-01 (0.10496621154789085)
ENT-12835,CON-047222,Vincent Vincent,Office Manager,bruit,0.0,clic email 05-05 (0.0) · clic email 06-13 (0.0) · clic email 07-16 (0.0)
ENT-04507,CON-018652,Bastien Michel,Office Manager,bruit,0.0,clic email 05-05 (0.0)
ENT-15603,CON-061994,Lars Dupont,Directeur RH,buyer,0.06714682359365734,clic email 05-05 (0.03589682359365735) · like LinkedIn 05-23 (0.03125)
ENT-09639,CON-072867,Hugo Simon,VP People,buyer,0.026922617695243012,commentaire LinkedIn 05-05 (0.026922617695243012)
ENT-19102,CON-003700,Florian Fontaine,HR Manager,champion,0.02871745887492588,clic email 05-05 (0.02871745887492588)
ENT-19502,CON-019206,Jan Rousseau,HRBP,champion,0.02871745887492588,clic email 05-05 (0.02871745887492588)
ENT-11568,CON-002278,Femke Lambert,HR Business Partner,champion,0.02871745887492588,clic email 05-05 (0.02871745887492588)
ENT-05496,CON-040039,Bastien Rousseau,Talent Acquisition Specialist,utilisateur,0.04896846918540697,commentaire LinkedIn 05-21 (0.04896846918540697)
ENT-05496,CON-025460,Romain Bernard,Office Manager,bruit,0.0,clic email 05-05 (0.0)
ENT-02094,CON-071033,Bastien Blanc,,sans_titre,0.017948411796828673,clic email 05-05 (0.017948411796828673)
ENT-08332,CON-044222,Pierre Blanc,HR Manager,champion,5.971411145835567,clic email 07-21 (5.971411145835567)
ENT-08332,CON-044224,Bastien Fontaine,HR Business Partner,champion,0.02871745887492588,clic email 05-05 (0.02871745887492588)
ENT-18272,CON-067267,Julie Fournier,VP Human Resources,buyer,0.09473228540689986,clic email 05-19 (0.09473228540689986)
ENT-18272,CON-009857,Jonas Jansen,Compensation & Benefits Manager,champion,0.02871745887492588,clic email 05-05 (0.02871745887492588)
ENT-06749,CON-067623,Romain Fischer,Chief People Officer,buyer,0.08838834764831845,clic email 05-18 (0.08838834764831845)
ENT-06749,CON-067625,Claire Rousseau,Compensation & Benefits Manager,champion,0.007694652583405726,like LinkedIn 05-06 (0.007694652583405726)
ENT-06749,CON-005584,Emil Fontaine,HR Assistant,utilisateur,0.005384523539048602,like LinkedIn 05-05 (0.005384523539048602)
ENT-14353,CON-054129,Camille Dubois,Talent Acquisition Specialist,utilisateur,5.404417024031989,clic email 05-05 (0.02153809415619441) · commentaire LinkedIn 07-15 (2.216059944020849) · clic email 07-16 (3.166818985854946)
ENT-17391,CON-034495,Ines Fischer,HR Officer,utilisateur,0.04879921674075045,commentaire LinkedIn 05-05 (0.016153570617145806) · clic email 05-11 (0.03264564612360465)
ENT-09549,CON-000118,Sophie Fischer,HR Manager,champion,0.021538094156194412,commentaire LinkedIn 05-05 (0.021538094156194412)
ENT-18877,CON-005260,Antoine Rousseau,,sans_titre,0.017948411796828673,clic email 05-05 (0.017948411796828673)
ENT-13547,CON-060290,Romain Weber,Charge de recrutement,utilisateur,0.06770600965662876,clic email 05-05 (0.02153809415619441) · clic email 05-16 (0.04616791550043435)
ENT-13547,CON-063343,Jan Rousseau,Executive Assistant,bruit,0.0,clic email 05-26 (0.0) · clic email 07-20 (0.0)
ENT-04856,CON-072313,Pierre Visser,Chargee de recrutement,utilisateur,0.02153809415619441,clic email 05-05 (0.02153809415619441)
ENT-13144,CON-014843,Marion Rousseau,Talent Acquisition Manager,champion,2.7568760519928843,commentaire LinkedIn 07-14 (2.7568760519928843)
ENT-13144,CON-069107,Vincent Vincent,People Ops Manager,champion,0.08705505632961241,clic email 05-21 (0.08705505632961241)
ENT-13144,CON-014842,Marta Jansen,Compensation & Benefits Manager,champion,0.02871745887492588,clic email 05-05 (0.02871745887492588)
ENT-17311,CON-068364,Laura Serrano,HR Business Partner,champion,0.6964404506368993,clic email 06-20 (0.6964404506368993)
ENT-17311,CON-030170,Pierre Rousseau,Recruiter,utilisateur,0.02153809415619441,clic email 05-05 (0.02153809415619441)
ENT-10037,CON-047240,Diego Boyer,HR Assistant,utilisateur,0.02153809415619441,clic email 05-05 (0.02153809415619441)
ENT-05441,CON-017907,Lucas Bonnet,Talent Acquisition Manager,champion,0.02871745887492588,clic email 05-05 (0.02871745887492588)
ENT-02194,CON-015542,Claire Girard,People Ops Manager,champion,0.046651649576840384,clic email 05-12 (0.046651649576840384)
ENT-02194,CON-015541,Sophie Vincent,HR Intern,bruit,0.0,clic email 05-05 (0.0)
ENT-04351,CON-028758,Chloe Chevalier,HR Manager,champion,0.10994269851054944,clic email 05-05 (0.02871745887492588) · clic email 05-20 (0.08122523963562356)
ENT-02347,CON-043074,Thomas Leroy,HR Manager,champion,0.02871745887492588,clic email 05-05 (0.02871745887492588)
ENT-09108,CON-026758,Jonas Michel,VP Human Resources,buyer,0.03589682359365735,clic email 05-05 (0.03589682359365735)
ENT-13641,CON-018403,Ines Visser,Head of HR Operations,buyer,0.008974205898414337,like LinkedIn 05-05 (0.008974205898414337)
ENT-13641,CON-018404,Lucas Moreau,HR Intern,bruit,0.0,clic email 07-10 (0.0)
ENT-11463,CON-010873,Bastien Guerin,Responsable Recrutement,champion,0.02871745887492588,clic email 05-05 (0.02871745887492588)
ENT-02046,CON-034405,Thomas Durand,People Ops Manager,champion,0.02871745887492588,clic email 05-05 (0.02871745887492588)
ENT-04962,CON-058001,Bastien Navarro,Charge de recrutement,utilisateur,0.47153809415619435,clic email 05-05 (0.02153809415619441) · commentaire LinkedIn 06-22 (0.44999999999999996)
ENT-04962,CON-068030,Romain Jansen,Responsable Recrutement,champion,0.02308395775021718,commentaire LinkedIn 05-06 (0.02308395775021718)
ENT-08701,CON-048223,Manon Michel,COO,buyer,0.03589682359365735,clic email 05-05 (0.03589682359365735)
ENT-15051,CON-051921,Emma Muller,Head of Talent Acquisition,buyer,0.026922617695243012,commentaire LinkedIn 05-05 (0.026922617695243012)
ENT-09951,CON-070579,Camille Jansen,CEO,buyer,0.03589682359365735,clic email 05-05 (0.03589682359365735)
ENT-16883,CON-035686,Lucas Girard,HR Officer,utilisateur,0.016153570617145806,commentaire LinkedIn 05-05 (0.016153570617145806)
ENT-18656,CON-031299,Guillaume Lefebvre,Executive Assistant,bruit,0.0,commentaire LinkedIn 05-05 (0.0)
ENT-05336,CON-027477,Lea Navarro,HR Officer,utilisateur,0.016153570617145806,commentaire LinkedIn 05-05 (0.016153570617145806)
ENT-08554,CON-014359,Ines Andre,HR Intern,bruit,0.0,clic email 05-05 (0.0)
ENT-11669,CON-004275,Pablo Meyer,People Ops Manager,champion,0.02871745887492588,clic email 05-05 (0.02871745887492588)
ENT-06485,CON-058690,Maxime Michel,,sans_titre,0.017948411796828673,clic email 05-05 (0.017948411796828673)
ENT-05730,CON-032069,Margaux Ferrari,Charge de recrutement,utilisateur,0.02153809415619441,clic email 05-05 (0.02153809415619441)
ENT-05730,CON-032067,Claire Meyer,Office Manager,bruit,0.0,clic email 06-04 (0.0)
ENT-04950,CON-051327,Alexandre Serrano,,sans_titre,0.004487102949207168,like LinkedIn 05-05 (0.004487102949207168)
ENT-13331,CON-045958,Guillaume Dupont,HR Assistant,utilisateur,0.02153809415619441,clic email 05-05 (0.02153809415619441)
ENT-08071,CON-036176,Nora Weber,Executive Assistant,bruit,0.0,commentaire LinkedIn 05-06 (0.0)
ENT-10273,CON-053694,Elena Laurent,COO,buyer,0.37892914162759944,clic email 06-08 (0.37892914162759944)
ENT-10273,CON-032258,Pauline Rossi,,sans_titre,0.019236631458514314,clic email 05-06 (0.019236631458514314)
ENT-13163,CON-007660,Benjamin Faure,Head of Talent Acquisition,buyer,0.03847326291702863,clic email 05-06 (0.03847326291702863)
ENT-12546,CON-073081,Claire Ferrari,Responsable Recrutement,champion,0.030778610333622905,clic email 05-06 (0.030778610333622905)
ENT-09892,CON-033622,Felix Simon,HR Assistant,utilisateur,0.005770989437554294,like LinkedIn 05-06 (0.005770989437554294)
ENT-19135,CON-028006,Sanne Garnier,,sans_titre,0.5,clic email 06-22 (0.5)
ENT-19135,CON-028007,Margaux Boyer,HR Intern,bruit,0.0,commentaire LinkedIn 05-06 (0.0)
ENT-09271,CON-009988,Alexandre Laurent,Charge de recrutement,utilisateur,0.023083957750217175,clic email 05-06 (0.023083957750217175)
ENT-11433,CON-014827,Marion Durand,Charge de recrutement,utilisateur,0.023083957750217175,clic email 05-06 (0.023083957750217175)
ENT-07381,CON-031877,Pablo Dubois,Talent Acquisition Manager,champion,1.630778610333623,clic email 05-06 (0.030778610333622905) · clic email 07-02 (1.6)
ENT-08536,CON-062599,Sanne Rossi,HR Officer,utilisateur,0.023083957750217175,clic email 05-06 (0.023083957750217175)
ENT-20179,CON-064189,Anna Leroy,HR Manager,champion,0.9189586839976281,clic email 06-24 (0.9189586839976281)
ENT-20179,CON-064188,Jonas Serrano,Office Manager,bruit,0.0,commentaire LinkedIn 05-06 (0.0)
ENT-03183,CON-006918,Sanne Weber,Compensation & Benefits Manager,champion,0.030778610333622905,clic email 05-06 (0.030778610333622905)
ENT-05913,CON-014085,Benjamin Chevalier,People Ops Coordinator,utilisateur,0.44734802646214566,clic email 05-06 (0.023083957750217175) · like LinkedIn 07-07 (0.4242640687119285)
ENT-18377,CON-039148,Vincent Ferrari,HR Intern,bruit,0.0,like LinkedIn 05-06 (0.0)
ENT-12823,CON-017739,Pablo Martin,Chargee de recrutement,utilisateur,0.005770989437554294,like LinkedIn 05-06 (0.005770989437554294)
ENT-12229,CON-009502,Sanne Michel,VP Human Resources,buyer,0.16493848884661183,clic email 05-27 (0.16493848884661183)
ENT-12229,CON-004649,Laura Ferrari,Recruiter,utilisateur,0.005770989437554294,like LinkedIn 05-06 (0.005770989437554294)
ENT-04010,CON-030132,Antoine Smit,HR Officer,utilisateur,0.023083957750217175,clic email 05-06 (0.023083957750217175)
ENT-14853,CON-003854,Claire Serrano,Office Manager,bruit,0.0,clic email 05-06 (0.0)
ENT-17517,CON-076044,Benjamin Weber,,sans_titre,1.5157165665103982,clic email 07-08 (1.5157165665103982)
ENT-17517,CON-076043,Pablo Durand,CEO,buyer,0.03847326291702863,clic email 05-06 (0.03847326291702863)
ENT-03408,CON-052635,Guillaume Fischer,Talent Acquisition Manager,champion,0.030778610333622905,clic email 05-06 (0.030778610333622905)
ENT-19406,CON-056969,Marion Lambert,People Ops Coordinator,utilisateur,0.9094299399062389,clic email 06-28 (0.9094299399062389)
ENT-19406,CON-027130,Nicolas Fischer,,sans_titre,0.019236631458514314,clic email 05-06 (0.019236631458514314)
ENT-15713,CON-042483,Marion Weber,Chargee de recrutement,utilisateur,0.6,clic email 06-22 (0.6)
ENT-15713,CON-054210,Elise Rousseau,CHRO,buyer,0.03847326291702863,clic email 05-06 (0.03847326291702863)
ENT-12956,CON-008935,Diego Guerin,Head of HR Operations,buyer,6.536492433766913,clic email 05-06 (0.03847326291702863) · clic email 07-19 (6.498019170849885)
ENT-17759,CON-006013,Margaux Fischer,Chargee de recrutement,utilisateur,0.03264564612360465,clic email 05-11 (0.03264564612360465)
ENT-17759,CON-062043,Nicolas Bernard,HR Officer,utilisateur,0.023083957750217175,clic email 05-06 (0.023083957750217175)
ENT-16374,CON-024985,Claire Petit,Talent Acquisition Specialist,utilisateur,0.023083957750217175,clic email 05-06 (0.023083957750217175)
ENT-15314,CON-002840,Camille Fischer,CEO,buyer,0.03847326291702863,clic email 05-06 (0.03847326291702863)
ENT-13877,CON-001131,Emma Boyer,Talent Acquisition Specialist,utilisateur,4.178642703821396,clic email 07-20 (4.178642703821396)
ENT-13877,CON-001129,Felix Chevalier,Directrice RH,buyer,3.0314331330207964,clic email 07-08 (3.0314331330207964)
ENT-13877,CON-043164,Sanne Faure,CEO,buyer,0.03847326291702863,clic email 05-06 (0.03847326291702863)
ENT-18537,CON-053958,Chloe Garnier,Head of Talent Acquisition,buyer,0.03847326291702863,clic email 05-06 (0.03847326291702863)
ENT-13318,CON-019127,Pablo Fischer,HRBP,champion,0.030778610333622905,clic email 05-06 (0.030778610333622905)
ENT-18116,CON-014596,Sophie Jansen,Head of Talent Acquisition,buyer,0.03847326291702863,clic email 05-06 (0.03847326291702863)
ENT-09695,CON-003591,Sophie Dupont,Compensation & Benefits Manager,champion,0.030778610333622905,clic email 05-06 (0.030778610333622905)
ENT-15664,CON-021774,Quentin Bernard,HR Assistant,utilisateur,0.5829037526723017,clic email 05-06 (0.023083957750217175) · like LinkedIn 07-11 (0.5598197949220844)
ENT-01353,CON-029091,Julien Meyer,,sans_titre,0.019236631458514314,clic email 05-06 (0.019236631458514314)
ENT-15273,CON-008844,Manon Dupont,HR Assistant,utilisateur,0.01731296831266288,commentaire LinkedIn 05-06 (0.01731296831266288)
ENT-04859,CON-019346,Manon Boyer,HRBP,champion,0.030778610333622905,clic email 05-06 (0.030778610333622905)
ENT-04725,CON-028767,Jan Petit,Recruiter,utilisateur,0.023083957750217175,clic email 05-06 (0.023083957750217175)
ENT-04725,CON-028766,Benjamin Fischer,Directrice RH,buyer,0.019236631458514314,like LinkedIn 05-16 (0.019236631458514314)
ENT-11660,CON-074110,Emma Roux,HR Manager,champion,0.030778610333622905,clic email 05-06 (0.030778610333622905)
ENT-01496,CON-019329,Laura Rousseau,People Ops Coordinator,utilisateur,3.417196507445645,clic email 05-06 (0.023083957750217175) · clic email 07-17 (3.394112549695428)
ENT-19208,CON-021171,Pierre Petit,Charge de recrutement,utilisateur,0.023083957750217175,clic email 05-06 (0.023083957750217175)
ENT-07456,CON-069121,Manon Navarro,HR Officer,utilisateur,0.023083957750217175,clic email 05-06 (0.023083957750217175)
ENT-05208,CON-040931,Femke Laurent,Head of HR Operations,buyer,3.693433240034749,commentaire LinkedIn 07-15 (3.693433240034749)
ENT-05208,CON-036825,Margaux Fischer,Office Manager,bruit,0.0,clic email 05-06 (0.0)
ENT-01375,CON-001513,Sarah Fournier,HR Business Partner,champion,0.30314331330207955,clic email 06-08 (0.30314331330207955)
ENT-01375,CON-010887,Manon Visser,Office Manager,bruit,0.0,like LinkedIn 05-06 (0.0)
ENT-08929,CON-005282,Sarah Bonnet,People Ops Coordinator,utilisateur,0.04948154665398355,clic email 05-17 (0.04948154665398355)
ENT-08929,CON-005281,Felix Serrano,HRBP,champion,0.030778610333622905,clic email 05-06 (0.030778610333622905)
ENT-12319,CON-049218,Elena Durand,HR Business Partner,champion,0.030778610333622905,clic email 05-06 (0.030778610333622905)
ENT-18559,CON-050456,Greta Meyer,Office Manager,bruit,0.0,clic email 05-06 (0.0)
ENT-13874,CON-004874,Felix Simon,Charge de recrutement,utilisateur,0.023083957750217175,clic email 05-06 (0.023083957750217175)
ENT-19925,CON-047672,Chloe Chevalier,Chargee de recrutement,utilisateur,0.023083957750217175,clic email 05-06 (0.023083957750217175)
ENT-15507,CON-047452,Florian Muller,Recruiter,utilisateur,3.394112549695428,clic email 07-17 (3.394112549695428)
ENT-15507,CON-047453,Elise Serrano,Talent Acquisition Specialist,utilisateur,0.023083957750217175,clic email 05-06 (0.023083957750217175)
ENT-15507,CON-047454,Elena Vincent,HR Intern,bruit,0.0,clic email 07-19 (0.0)
ENT-17174,CON-007002,Anna Lambert,Responsable Recrutement,champion,4.203034920420727,clic email 05-06 (0.030778610333622905) · clic email 07-02 (1.6) · commentaire LinkedIn 07-13 (2.572256310087104)
ENT-16516,CON-023599,Marta Martin,Head of Talent Acquisition,buyer,0.03847326291702863,clic email 05-06 (0.03847326291702863)
ENT-02265,CON-076404,Romain Garnier,HR Business Partner,champion,0.10717734625362929,clic email 05-24 (0.10717734625362929)
ENT-02265,CON-015018,Pierre Jansen,Head of Talent Acquisition,buyer,0.03847326291702863,clic email 05-06 (0.03847326291702863)
ENT-04697,CON-056361,Anais Navarro,Responsable Recrutement,champion,0.030778610333622905,clic email 05-06 (0.030778610333622905)
ENT-04586,CON-064998,Pauline Rossi,CEO,buyer,0.03847326291702863,clic email 05-06 (0.03847326291702863)
ENT-18776,CON-045598,Nora Mercier,Directrice RH,buyer,0.03847326291702863,clic email 05-06 (0.03847326291702863)
ENT-20304,CON-055597,Julien Chevalier,Chief People Officer,buyer,0.03847326291702863,clic email 05-06 (0.03847326291702863)
ENT-15716,CON-005510,Nora Laurent,Head of Talent Acquisition,buyer,0.03847326291702863,clic email 05-06 (0.03847326291702863)
ENT-08262,CON-015833,Hugo Dupont,HR Intern,bruit,0.0,clic email 05-06 (0.0)
ENT-12874,CON-036503,Julie Visser,HR Director,buyer,0.2679433656340732,clic email 06-03 (0.2679433656340732)
ENT-12874,CON-013180,Julie Dupont,HR Manager,champion,0.030778610333622905,clic email 05-06 (0.030778610333622905)
ENT-08532,CON-001804,Antoine Dubois,COO,buyer,0.02885494718777147,commentaire LinkedIn 05-06 (0.02885494718777147)
ENT-14926,CON-009241,Jonas Faure,HRBP,champion,0.030778610333622905,clic email 05-06 (0.030778610333622905)
ENT-00016,CON-074853,Jonas Bonnet,Head of HR Operations,buyer,6.586407518498203,clic email 05-18 (0.08838834764831845) · clic email 07-19 (6.498019170849885)
ENT-00016,CON-003707,Emil Lambert,People Ops Manager,champion,0.030778610333622905,clic email 05-06 (0.030778610333622905)
ENT-00016,CON-074851,Margaux Laurent,Charge de recrutement,utilisateur,0.024740773326991775,clic email 05-07 (0.024740773326991775)
ENT-15399,CON-025659,Maxime Laurent,Charge de recrutement,utilisateur,0.07256550440420073,clic email 05-06 (0.023083957750217175) · clic email 05-17 (0.04948154665398355)
ENT-11873,CON-043572,Margaux Rossi,Chargee de recrutement,utilisateur,0.023083957750217175,clic email 05-06 (0.023083957750217175)
ENT-06416,CON-069506,Emil Mercier,Compensation & Benefits Manager,champion,2.1705129791211557,like LinkedIn 05-06 (0.007694652583405726) · clic email 06-09 (0.32490095854249423) · clic email 07-04 (1.8379173679952558)
ENT-06416,CON-046271,Jan Fournier,VP People,buyer,1.0,clic email 06-22 (1.0)
ENT-17674,CON-072207,Greta Boyer,HR Officer,utilisateur,0.06925187325065152,commentaire LinkedIn 05-26 (0.06925187325065152)
ENT-17674,CON-060544,Pauline Lambert,Executive Assistant,bruit,0.0,clic email 05-06 (0.0)
ENT-01058,CON-021828,Pablo Jansen,Head of Talent Acquisition,buyer,0.02885494718777147,commentaire LinkedIn 05-06 (0.02885494718777147)
ENT-10332,CON-070405,Felix Simon,Chargee de recrutement,utilisateur,0.023083957750217175,clic email 05-06 (0.023083957750217175)
ENT-06308,CON-053497,Julien Bernard,People Ops Manager,champion,0.030778610333622905,clic email 05-06 (0.030778610333622905)
ENT-01210,CON-054787,Elena Weber,Head of Talent Acquisition,buyer,0.34988737182630286,commentaire LinkedIn 06-11 (0.34988737182630286)
ENT-01210,CON-069426,Greta Dubois,Talent Acquisition Manager,champion,0.02308395775021718,commentaire LinkedIn 05-06 (0.02308395775021718)
ENT-01587,CON-070958,Lars Rousseau,Chargee de recrutement,utilisateur,0.023083957750217175,clic email 05-06 (0.023083957750217175)
ENT-15373,CON-031782,Diego Rossi,Office Manager,bruit,0.0,clic email 05-06 (0.0) · clic email 05-22 (0.0)
ENT-17769,CON-030001,Thomas Smit,Charge de recrutement,utilisateur,0.023083957750217175,clic email 05-06 (0.023083957750217175)
ENT-17769,CON-029999,Claire Leroy,HR Intern,bruit,0.0,clic email 07-14 (0.0)
ENT-18288,CON-033361,Emma Dupont,Chargee de recrutement,utilisateur,0.2611651689888372,clic email 06-10 (0.2611651689888372)
ENT-18288,CON-033358,Diego Laurent,HR Assistant,utilisateur,0.17308395775021718,clic email 05-06 (0.023083957750217175) · like LinkedIn 06-22 (0.15)
ENT-00317,CON-014070,Nora Fontaine,Talent Acquisition Manager,champion,0.007694652583405726,like LinkedIn 05-06 (0.007694652583405726)
ENT-04952,CON-049343,Greta Navarro,Talent Acquisition Specialist,utilisateur,0.6,clic email 06-22 (0.6)
ENT-04952,CON-045009,Lucas Durand,Responsable Recrutement,champion,0.030778610333622905,clic email 05-06 (0.030778610333622905)
ENT-13796,CON-001836,Margaux Andre,Head of HR Operations,buyer,1.9594206445938191,commentaire LinkedIn 05-06 (0.02885494718777147) · clic email 05-29 (0.18946457081379972) · clic email 06-30 (1.741101126592248)
ENT-05584,CON-004206,Pablo Serrano,Talent Acquisition Specialist,utilisateur,0.023083957750217175,clic email 05-06 (0.023083957750217175)
ENT-08649,CON-053796,Lars Vincent,Head of People,buyer,0.01030865555291324,like LinkedIn 05-07 (0.01030865555291324)
ENT-10885,CON-058873,Camille Petit,Responsable Recrutement,champion,1.714837540058069,clic email 07-03 (1.714837540058069)
ENT-10885,CON-058874,Thomas Dupont,HR Intern,bruit,0.0,clic email 05-07 (0.0)
ENT-19714,CON-027361,Julien Smit,Chargee de recrutement,utilisateur,1.1080299720104245,commentaire LinkedIn 07-05 (1.1080299720104245)
ENT-19714,CON-027362,Lea Durand,People Ops Manager,champion,0.032987697769322366,clic email 05-07 (0.032987697769322366)
ENT-16400,CON-048162,Bastien Michel,Head of Talent Acquisition,buyer,0.18946457081379972,clic email 05-29 (0.18946457081379972)
ENT-16400,CON-048163,Greta Guerin,,sans_titre,0.02061731110582648,clic email 05-07 (0.02061731110582648)
ENT-03969,CON-047722,Pablo Bonnet,People Ops Manager,champion,0.032987697769322366,clic email 05-07 (0.032987697769322366)
ENT-07757,CON-040406,Elise Girard,Directeur RH,buyer,0.23069919302545266,clic email 05-07 (0.04123462221165296) · clic email 05-29 (0.18946457081379972)
ENT-13443,CON-020832,Jonas Navarro,HR Officer,utilisateur,0.024740773326991775,clic email 05-07 (0.024740773326991775)
ENT-18951,CON-010854,Marta Roux,Compensation & Benefits Manager,champion,0.5254454631072889,clic email 05-07 (0.032987697769322366) · clic email 06-15 (0.4924577653379665)
ENT-08009,CON-036988,Pauline Meyer,HR Officer,utilisateur,2.4,clic email 07-12 (2.4)
ENT-08009,CON-036989,Nicolas Weber,CEO,buyer,0.04736614270344993,clic email 05-09 (0.04736614270344993)
ENT-08009,CON-013303,Lars Muller,HR Assistant,utilisateur,0.024740773326991775,clic email 05-07 (0.024740773326991775)
ENT-03213,CON-046387,Felix Fischer,COO,buyer,0.04123462221165296,clic email 05-07 (0.04123462221165296)
ENT-08819,CON-035249,Quentin Laurent,CHRO,buyer,1.6536620736979963,like LinkedIn 05-22 (0.02915728098552524) · clic email 06-29 (1.6245047927124712)
ENT-08819,CON-037728,Camille Guerin,Compensation & Benefits Manager,champion,0.04019150484511099,commentaire LinkedIn 05-14 (0.04019150484511099)
ENT-08819,CON-037726,Jonas Rousseau,People Ops Coordinator,utilisateur,0.018555579995243827,commentaire LinkedIn 05-07 (0.018555579995243827)
ENT-11131,CON-037970,Jonas Durand,Head of Talent Acquisition,buyer,0.04123462221165296,clic email 05-07 (0.04123462221165296)
ENT-12829,CON-004921,Benjamin Laurent,Charge de recrutement,utilisateur,2.239279179688338,clic email 07-11 (2.239279179688338)
ENT-12829,CON-051086,Bastien Rossi,Head of Talent Acquisition,buyer,0.04123462221165296,clic email 05-07 (0.04123462221165296)
ENT-11085,CON-069492,Thomas Martin,HR Manager,champion,0.6498019170849885,clic email 06-19 (0.6498019170849885)
ENT-11085,CON-069489,Camille Navarro,Responsable Recrutement,champion,0.032987697769322366,clic email 05-07 (0.032987697769322366)
ENT-10401,CON-073673,Nora Durand,HR Assistant,utilisateur,0.46072171859355127,commentaire LinkedIn 05-30 (0.09137839459007649) · clic email 06-15 (0.3693433240034748)
ENT-10401,CON-073670,Romain Guerin,VP People,buyer,0.030925966658739718,commentaire LinkedIn 05-07 (0.030925966658739718)
ENT-02325,CON-041142,Camille Smit,HRBP,champion,0.07071067811865477,clic email 05-18 (0.07071067811865477)
ENT-02325,CON-041146,Quentin Serrano,Talent Acquisition Specialist,utilisateur,0.018555579995243827,commentaire LinkedIn 05-07 (0.018555579995243827)
ENT-09590,CON-037845,Sanne Lefebvre,People Ops Coordinator,utilisateur,0.18550679270743575,clic email 05-07 (0.024740773326991775) · like LinkedIn 06-23 (0.16076601938044396)
ENT-11521,CON-017303,Elena Blanc,Recruiter,utilisateur,0.018555579995243827,commentaire LinkedIn 05-07 (0.018555579995243827)
ENT-06751,CON-004180,Elise Fischer,HR Manager,champion,0.032987697769322366,clic email 05-07 (0.032987697769322366)
ENT-07789,CON-000409,Greta Leroy,Charge de recrutement,utilisateur,0.024740773326991775,clic email 05-07 (0.024740773326991775)
ENT-16547,CON-061132,Pierre Ferrari,HR Officer,utilisateur,0.7465786327804271,clic email 05-07 (0.024740773326991775) · clic email 05-30 (0.12183785945343534) · clic email 06-22 (0.6)
ENT-20058,CON-072432,Claire Bonnet,HR Director,buyer,0.0989445165871959,clic email 05-07 (0.04123462221165296) · commentaire LinkedIn 05-16 (0.05770989437554294)
ENT-04993,CON-051764,Sophie Meyer,,sans_titre,0.02061731110582648,clic email 05-07 (0.02061731110582648)
ENT-04374,CON-058292,Diego Ferrari,Talent Acquisition Manager,champion,1.8709050657645783,clic email 05-07 (0.032987697769322366) · clic email 07-04 (1.8379173679952558)
ENT-04374,CON-058295,Bastien Blanc,Chargee de recrutement,utilisateur,0.04616791550043435,clic email 05-16 (0.04616791550043435)
ENT-15557,CON-038171,Anna Lefebvre,HR Intern,bruit,0.0,clic email 05-07 (0.0)
ENT-01775,CON-041360,Emma Laurent,People Ops Manager,champion,0.032987697769322366,clic email 05-07 (0.032987697769322366)
ENT-17291,CON-057539,Lars Ferrari,,sans_titre,0.02061731110582648,clic email 05-07 (0.02061731110582648)
ENT-07709,CON-050123,Emil Weber,,sans_titre,0.02061731110582648,clic email 05-07 (0.02061731110582648)
ENT-09979,CON-002625,Anna Mercier,,sans_titre,0.09473228540689986,clic email 05-29 (0.09473228540689986)
ENT-09979,CON-002624,Romain Visser,HR Assistant,utilisateur,0.024740773326991775,clic email 05-07 (0.024740773326991775)
ENT-09979,CON-048919,Marion Serrano,HR Intern,bruit,0.0,clic email 06-18 (0.0)
ENT-19323,CON-056959,Marta Roux,Charge de recrutement,utilisateur,0.024740773326991775,clic email 05-07 (0.024740773326991775)
ENT-05936,CON-062833,Sophie Mercier,Executive Assistant,bruit,0.0,clic email 05-07 (0.0)
ENT-17193,CON-009870,Emil Mercier,Responsable Recrutement,champion,0.032987697769322366,clic email 05-07 (0.032987697769322366)
ENT-10261,CON-042991,Emil Garcia,Directeur RH,buyer,0.04123462221165296,clic email 05-07 (0.04123462221165296)
ENT-04269,CON-008827,Jan Meyer,HR Intern,bruit,0.0,clic email 05-07 (0.0) · clic email 05-21 (0.0)
ENT-17887,CON-046622,Lars Petit,VP People,buyer,0.04123462221165296,clic email 05-07 (0.04123462221165296)
ENT-10398,CON-035794,Lars Bonnet,Charge de recrutement,utilisateur,0.018555579995243827,commentaire LinkedIn 05-07 (0.018555579995243827)
ENT-19967,CON-072192,Sophie Guerin,,sans_titre,0.02061731110582648,clic email 05-07 (0.02061731110582648)
ENT-06156,CON-048436,Quentin Mercier,Head of HR Operations,buyer,0.2871745887492588,clic email 06-04 (0.2871745887492588)
ENT-06156,CON-048435,Sanne Roux,HR Intern,bruit,0.0,clic email 05-07 (0.0)
ENT-07458,CON-015652,Felix Garnier,HR Assistant,utilisateur,0.16076601938044394,clic email 06-03 (0.16076601938044394)
ENT-07458,CON-073625,Jan Fournier,HR Intern,bruit,0.0,clic email 05-07 (0.0)
ENT-15278,CON-064566,Quentin Chevalier,Chargee de recrutement,utilisateur,0.1305825844944186,clic email 05-31 (0.1305825844944186)
ENT-15278,CON-064565,Florian Garnier,Office Manager,bruit,0.0,clic email 05-07 (0.0)
ENT-02484,CON-056239,Femke Navarro,People Ops Coordinator,utilisateur,0.024740773326991775,clic email 05-07 (0.024740773326991775)
ENT-18703,CON-003918,Quentin Girard,People Ops Manager,champion,0.032987697769322366,clic email 05-07 (0.032987697769322366)
ENT-08245,CON-034257,Antoine Simon,HR Officer,utilisateur,1.5915709044583741,like LinkedIn 05-11 (0.008161411530901162) · clic email 07-06 (1.583409492927473)
ENT-08245,CON-034258,Maxime Guerin,CEO,buyer,0.04123462221165296,clic email 05-07 (0.04123462221165296)
ENT-14448,CON-053712,Jan Lambert,HR Business Partner,champion,0.032987697769322366,clic email 05-07 (0.032987697769322366)
ENT-19800,CON-014352,Maxime Serrano,,sans_titre,0.02061731110582648,clic email 05-07 (0.02061731110582648)
ENT-16892,CON-034778,Julie Visser,HR Officer,utilisateur,0.024740773326991775,clic email 05-07 (0.024740773326991775)
ENT-18727,CON-039594,Hugo Meyer,,sans_titre,0.02061731110582648,clic email 05-07 (0.02061731110582648)
ENT-03267,CON-019676,Elise Chevalier,Compensation & Benefits Manager,champion,0.032987697769322366,clic email 05-07 (0.032987697769322366)
ENT-01155,CON-043775,Laura Bernard,Executive Assistant,bruit,0.0,clic email 05-07 (0.0) · clic email 07-14 (0.0)
ENT-05085,CON-058160,Benjamin Serrano,HR Business Partner,champion,3.7243922209247335,commentaire LinkedIn 06-25 (0.7386866480069497) · clic email 07-11 (2.9857055729177837)
ENT-05085,CON-058161,Vincent Rossi,Chief People Officer,buyer,0.04123462221165296,clic email 05-07 (0.04123462221165296)
ENT-07396,CON-001435,Claire Guerin,Compensation & Benefits Manager,champion,0.032987697769322366,clic email 05-07 (0.032987697769322366)
ENT-02190,CON-001307,Pablo Rousseau,Head of HR Operations,buyer,0.04123462221165296,clic email 05-07 (0.04123462221165296)
ENT-08553,CON-014499,Elena Navarro,HR Assistant,utilisateur,0.07090868882742613,clic email 05-07 (0.024740773326991775) · clic email 05-16 (0.04616791550043435)
ENT-08152,CON-028466,Nora Faure,People Ops Coordinator,utilisateur,0.024740773326991775,clic email 05-07 (0.024740773326991775)
ENT-05111,CON-001426,Pablo Dupont,Charge de recrutement,utilisateur,0.024740773326991775,clic email 05-07 (0.024740773326991775)
ENT-14542,CON-039637,Lucas Visser,HR Assistant,utilisateur,0.018555579995243827,commentaire LinkedIn 05-07 (0.018555579995243827)
ENT-19506,CON-010715,Elena Chevalier,HRBP,champion,0.09330329915368077,clic email 05-22 (0.09330329915368077)
ENT-19506,CON-010713,Bastien Mercier,Head of HR Operations,buyer,0.04123462221165296,clic email 05-07 (0.04123462221165296)
ENT-19506,CON-016084,Diego Moreau,HR Intern,bruit,0.0,like LinkedIn 06-15 (0.0)
ENT-12577,CON-071295,Nora Roux,HR Assistant,utilisateur,0.024740773326991775,clic email 05-07 (0.024740773326991775)
ENT-16682,CON-034591,Romain Leroy,HR Manager,champion,0.22973967099940704,clic email 06-04 (0.22973967099940704)
ENT-16682,CON-051958,Pablo Garnier,HR Officer,utilisateur,0.018555579995243827,commentaire LinkedIn 05-07 (0.018555579995243827)
ENT-16682,CON-034593,Camille Dupont,Executive Assistant,bruit,0.0,clic email 06-27 (0.0)
ENT-11487,CON-032425,Elise Meyer,VP People,buyer,0.04123462221165296,clic email 05-07 (0.04123462221165296)
ENT-09921,CON-030737,Margaux Rossi,HR Officer,utilisateur,4.4971139393719195,commentaire LinkedIn 05-07 (0.018555579995243827) · clic email 07-21 (4.478558359376676)
ENT-18920,CON-019098,Jan Rossi,People Ops Coordinator,utilisateur,2.5722563100871034,clic email 07-13 (2.5722563100871034)
ENT-18920,CON-019097,Lea Bernard,Head of Talent Acquisition,buyer,0.04123462221165296,clic email 05-07 (0.04123462221165296)
ENT-19659,CON-003545,Pablo Fontaine,Head of Talent Acquisition,buyer,0.030925966658739718,commentaire LinkedIn 05-07 (0.030925966658739718)
ENT-16906,CON-026636,Pierre Fontaine,Talent Acquisition Manager,champion,0.024740773326991778,commentaire LinkedIn 05-07 (0.024740773326991778)
ENT-19799,CON-015325,Pablo Bernard,Talent Acquisition Specialist,utilisateur,4.549467048204102,clic email 05-07 (0.024740773326991775) · clic email 05-16 (0.04616791550043435) · clic email 07-21 (4.478558359376676)
ENT-04050,CON-067755,Anna Rossi,HR Officer,utilisateur,0.024740773326991775,clic email 05-07 (0.024740773326991775)
ENT-19905,CON-010634,Marta Durand,VP Human Resources,buyer,0.030925966658739718,commentaire LinkedIn 05-07 (0.030925966658739718)
ENT-03221,CON-030711,Bastien Fournier,Talent Acquisition Manager,champion,0.2627273687687294,clic email 05-07 (0.032987697769322366) · clic email 06-04 (0.22973967099940704)
ENT-19231,CON-049405,Antoine Fischer,Recruiter,utilisateur,0.11089314995176941,clic email 05-07 (0.024740773326991775) · clic email 05-25 (0.08615237662477764)
ENT-16534,CON-042594,Nora Muller,People Ops Coordinator,utilisateur,0.024740773326991775,clic email 05-07 (0.024740773326991775)
ENT-01230,CON-017728,Margaux Guerin,Head of HR Operations,buyer,0.04123462221165296,clic email 05-07 (0.04123462221165296)
ENT-11542,CON-056533,Nicolas Smit,People Ops Manager,champion,0.032987697769322366,clic email 05-07 (0.032987697769322366)
ENT-04647,CON-067621,Vincent Rousseau,Head of HR Operations,buyer,1.0,clic email 06-22 (1.0)
ENT-04647,CON-067620,Elise Mercier,Chargee de recrutement,utilisateur,0.018555579995243827,commentaire LinkedIn 05-07 (0.018555579995243827)
ENT-17550,CON-003249,Chloe Vincent,HR Assistant,utilisateur,0.3410362274648396,commentaire LinkedIn 06-18 (0.3410362274648396)
ENT-17550,CON-003251,Margaux Moreau,HR Assistant,utilisateur,0.2520982583035514,clic email 05-07 (0.024740773326991775) · clic email 06-08 (0.22735748497655967)
ENT-05410,CON-074270,Marion Jansen,Chargee de recrutement,utilisateur,0.026516504294495532,clic email 05-08 (0.026516504294495532)
ENT-11801,CON-059443,Julien Meyer,Chief People Officer,buyer,0.04419417382415922,clic email 05-08 (0.04419417382415922)
ENT-17903,CON-054706,Lucas Simon,Chargee de recrutement,utilisateur,0.026516504294495532,clic email 05-08 (0.026516504294495532)
ENT-19942,CON-001922,Thomas Weber,,sans_titre,0.02209708691207961,clic email 05-08 (0.02209708691207961)
ENT-13205,CON-056956,Greta Girard,HR Officer,utilisateur,0.06997747436526057,clic email 05-22 (0.06997747436526057)
ENT-13205,CON-072920,Anna Garcia,People Ops Coordinator,utilisateur,0.019887378220871648,commentaire LinkedIn 05-08 (0.019887378220871648)
ENT-15090,CON-029215,Felix Jansen,Directeur RH,buyer,0.09860358403016697,clic email 05-08 (0.04419417382415922) · clic email 05-11 (0.05440941020600775)
ENT-00152,CON-051217,Nora Weber,Executive Assistant,bruit,0.0,clic email 05-08 (0.0)
ENT-08487,CON-070879,Sanne Michel,Office Manager,bruit,0.0,commentaire LinkedIn 05-08 (0.0)
ENT-16714,CON-069722,Hugo Petit,Responsable Recrutement,champion,10.04870834951318,clic email 07-18 (4.850293012833274) · clic email 07-19 (5.198415336679908)
ENT-16714,CON-069724,Jonas Jansen,Directeur RH,buyer,-7.932628607010519,clic email 07-18 (6.062866266041592) · /help/cancel-subscription 07-21 (-13.995494873052111)
ENT-16714,CON-069723,Sarah Dubois,Executive Assistant,bruit,-27.878485786907284,clic email 05-08 (0.0) · /help/cancel-subscription 07-13 (-8.038300969022199) · /help/cancel-subscription 07-15 (-9.233583100086872) · clic email 07-16 (0.0) · /help/cancel-subscription 07-17 (-10.606601717798213)
ENT-16714,CON-069721,Jonas Faure,HR Officer,utilisateur,-29.997069135495593,/help/export-data 07-15 (-9.233583100086872) · /help/export-data 07-19 (-12.183785945343534) · /help/cancel-subscription 07-20 (-13.058258449441862) · clic email 07-21 (4.478558359376676)
ENT-10421,CON-063490,Quentin Lambert,HR Assistant,utilisateur,0.026516504294495532,clic email 05-08 (0.026516504294495532)
ENT-06556,CON-014479,Julien Blanc,Head of HR Operations,buyer,0.04419417382415922,clic email 05-08 (0.04419417382415922)
ENT-06556,CON-014480,Quentin Bonnet,Executive Assistant,bruit,0.0,clic email 06-18 (0.0)
ENT-04497,CON-037864,Emil Lambert,Talent Acquisition Manager,champion,2.4251465064166373,clic email 07-08 (2.4251465064166373)
ENT-04497,CON-037863,Jan Martin,Chargee de recrutement,utilisateur,0.026516504294495532,clic email 05-08 (0.026516504294495532)
ENT-11259,CON-052541,Greta Martin,Responsable Recrutement,champion,0.03535533905932738,clic email 05-08 (0.03535533905932738)
ENT-11259,CON-052538,Felix Muller,Executive Assistant,bruit,0.0,clic email 05-23 (0.0)
ENT-14312,CON-068003,Antoine Vincent,Responsable Recrutement,champion,0.03535533905932738,clic email 05-08 (0.03535533905932738)
ENT-19458,CON-002112,Maxime Vincent,HRBP,champion,0.03535533905932738,clic email 05-08 (0.03535533905932738)
ENT-11935,CON-004044,Jonas Garcia,HRBP,champion,0.02651650429449554,commentaire LinkedIn 05-08 (0.02651650429449554)
ENT-06740,CON-027598,Maxime Navarro,Recruiter,utilisateur,0.026516504294495532,clic email 05-08 (0.026516504294495532)
ENT-13012,CON-000396,Antoine Fischer,Office Manager,bruit,0.0,clic email 05-08 (0.0) · clic email 05-30 (0.0)
ENT-13249,CON-020635,Sophie Jansen,HR Manager,champion,2.4251465064166373,clic email 07-08 (2.4251465064166373)
ENT-13249,CON-008016,Pablo Bonnet,Head of People,buyer,0.04419417382415922,clic email 05-08 (0.04419417382415922)
ENT-05688,CON-058681,Sarah Muller,People Ops Manager,champion,0.03535533905932738,clic email 05-08 (0.03535533905932738)
ENT-16678,CON-013925,Margaux Boyer,Responsable Recrutement,champion,0.03535533905932738,clic email 05-08 (0.03535533905932738)
ENT-00970,CON-051055,Bastien Martin,Recruiter,utilisateur,0.026516504294495532,clic email 05-08 (0.026516504294495532)
ENT-14734,CON-066537,Jonas Guerin,Executive Assistant,bruit,0.0,clic email 05-08 (0.0) · clic email 06-10 (0.0)
ENT-07673,CON-014135,Sophie Blanc,VP Human Resources,buyer,0.04419417382415922,clic email 05-08 (0.04419417382415922)
ENT-13985,CON-017531,Jan Dupont,,sans_titre,1.3416049976849738,clic email 05-08 (0.02209708691207961) · clic email 07-06 (1.3195079107728942)
ENT-11157,CON-013474,Sarah Durand,Recruiter,utilisateur,0.026516504294495532,clic email 05-08 (0.026516504294495532)
ENT-13529,CON-063452,Elise Rousseau,People Ops Manager,champion,0.17411011265922482,clic email 05-31 (0.17411011265922482)
ENT-13529,CON-063451,Anna Garcia,HR Business Partner,champion,0.03535533905932738,clic email 05-08 (0.03535533905932738)
ENT-20263,CON-031272,Elise Bernard,Head of HR Operations,buyer,0.1088188204120155,clic email 05-21 (0.1088188204120155)
ENT-20263,CON-049881,Ines Durand,People Ops Coordinator,utilisateur,0.019887378220871648,commentaire LinkedIn 05-08 (0.019887378220871648)
ENT-15683,CON-020568,Elise Garcia,Recruiter,utilisateur,0.7652031523014451,clic email 05-08 (0.026516504294495532) · clic email 06-25 (0.7386866480069496)
ENT-07063,CON-027248,Alexandre Visser,Directrice RH,buyer,0.13258252147247768,clic email 05-08 (0.04419417382415922) · clic email 05-18 (0.08838834764831845)
ENT-18982,CON-035002,Laura Roux,HR Manager,champion,0.383575564377777,clic email 05-08 (0.03535533905932738) · clic email 06-10 (0.34822022531844965)
ENT-04197,CON-061533,Elise Michel,Head of HR Operations,buyer,0.04419417382415922,clic email 05-08 (0.04419417382415922)
ENT-15718,CON-074752,Antoine Jansen,HR Assistant,utilisateur,0.026516504294495532,clic email 05-08 (0.026516504294495532)
ENT-11894,CON-051124,Pierre Moreau,Office Manager,bruit,0.0,clic email 05-08 (0.0) · clic email 06-10 (0.0)
ENT-00946,CON-043017,Thomas Simon,HR Assistant,utilisateur,0.026516504294495532,clic email 05-08 (0.026516504294495532)
ENT-06234,CON-059313,Maxime Laurent,Head of Talent Acquisition,buyer,2.7990989746104225,commentaire LinkedIn 07-11 (2.7990989746104225)
ENT-06234,CON-059312,Vincent Garnier,Executive Assistant,bruit,0.0,clic email 05-08 (0.0)
ENT-14996,CON-008285,Claire Garnier,Responsable Recrutement,champion,0.03535533905932738,clic email 05-08 (0.03535533905932738)
ENT-08073,CON-069467,Alexandre Girard,Talent Acquisition Manager,champion,0.03535533905932738,clic email 05-08 (0.03535533905932738)
ENT-04278,CON-027898,Maxime Visser,Directrice RH,buyer,0.4948154665398353,commentaire LinkedIn 06-16 (0.4948154665398353)
ENT-04278,CON-027895,Sophie Chevalier,VP Human Resources,buyer,0.04419417382415922,clic email 05-08 (0.04419417382415922)
ENT-07898,CON-064845,Sophie Dubois,Responsable Recrutement,champion,0.03535533905932738,clic email 05-08 (0.03535533905932738)
ENT-08958,CON-019310,Julien Leroy,Recruiter,utilisateur,0.026516504294495532,clic email 05-08 (0.026516504294495532)
ENT-16237,CON-015133,Florian Garcia,CEO,buyer,0.30779189985508526,like LinkedIn 05-17 (0.02061731110582648) · clic email 06-04 (0.2871745887492588)
ENT-16237,CON-061335,Alexandre Faure,Chargee de recrutement,utilisateur,0.028124999999999997,commentaire LinkedIn 05-13 (0.028124999999999997)
ENT-16237,CON-061334,Romain Dubois,Recruiter,utilisateur,0.026516504294495532,clic email 05-08 (0.026516504294495532)
ENT-03138,CON-073584,Vincent Lambert,People Ops Manager,champion,0.03535533905932738,clic email 05-08 (0.03535533905932738)
ENT-03138,CON-052276,Camille Petit,Executive Assistant,bruit,0.0,commentaire LinkedIn 07-08 (0.0)
ENT-02168,CON-067873,Pierre Roux,People Ops Manager,champion,0.36934332400347486,clic email 05-26 (0.12311444133449162) · clic email 06-05 (0.24622888266898324)
ENT-02168,CON-067874,Chloe Vincent,CHRO,buyer,0.04419417382415922,clic email 05-08 (0.04419417382415922)
ENT-18692,CON-000381,Camille Leroy,Chargee de recrutement,utilisateur,0.026516504294495532,clic email 05-08 (0.026516504294495532)
ENT-11680,CON-028356,Nora Lambert,Charge de recrutement,utilisateur,0.10767315697756016,clic email 05-08 (0.026516504294495532) · clic email 05-12 (0.034988737182630285) · clic email 05-16 (0.04616791550043435)
ENT-06110,CON-066262,Bastien Boyer,Charge de recrutement,utilisateur,1.1875571196956047,commentaire LinkedIn 07-06 (1.1875571196956047)
ENT-06110,CON-066264,Diego Mercier,Executive Assistant,bruit,0.0,clic email 05-08 (0.0) · clic email 05-11 (0.0)
ENT-18446,CON-074475,Felix Blanc,HR Assistant,utilisateur,0.026516504294495532,clic email 05-08 (0.026516504294495532)
ENT-03872,CON-073796,Jan Dubois,Head of HR Operations,buyer,0.16493848884661177,like LinkedIn 06-16 (0.16493848884661177)
ENT-03872,CON-019178,Bastien Fischer,People Ops Coordinator,utilisateur,0.019887378220871648,commentaire LinkedIn 05-08 (0.019887378220871648)
ENT-17580,CON-009472,Julie Bonnet,Talent Acquisition Specialist,utilisateur,0.026516504294495532,clic email 05-08 (0.026516504294495532)
ENT-02654,CON-004694,Sophie Bonnet,Talent Acquisition Specialist,utilisateur,0.006629126073623883,like LinkedIn 05-08 (0.006629126073623883)
ENT-18093,CON-017072,Nora Fournier,Executive Assistant,bruit,0.0,clic email 05-08 (0.0)
ENT-19366,CON-000200,Florian Bernard,HR Director,buyer,4.242640687119286,commentaire LinkedIn 07-17 (4.242640687119286)
ENT-19366,CON-000199,Nicolas Garnier,,sans_titre,0.02209708691207961,clic email 05-08 (0.02209708691207961)
ENT-00022,CON-073279,Emil Guerin,COO,buyer,0.011048543456039806,like LinkedIn 05-08 (0.011048543456039806)
ENT-07806,CON-045723,Sanne Moreau,People Ops Coordinator,utilisateur,0.026516504294495532,clic email 05-08 (0.026516504294495532)
ENT-07806,CON-045724,Pauline Visser,Executive Assistant,bruit,0.0,like LinkedIn 05-08 (0.0)
ENT-18463,CON-015860,Elise Faure,Chargee de recrutement,utilisateur,0.006629126073623883,like LinkedIn 05-08 (0.006629126073623883)
ENT-09641,CON-049300,Pablo Martin,VP People,buyer,0.04419417382415922,clic email 05-08 (0.04419417382415922)
ENT-06026,CON-016092,Laura Garcia,Chargee de recrutement,utilisateur,0.026516504294495532,clic email 05-08 (0.026516504294495532)
ENT-14596,CON-019648,Camille Fischer,COO,buyer,4.331288023969332,clic email 05-08 (0.04419417382415922) · clic email 07-13 (4.2870938501451725)
ENT-12044,CON-017819,Guillaume Lambert,Talent Acquisition Manager,champion,0.03535533905932738,clic email 05-08 (0.03535533905932738)
ENT-12930,CON-034582,Greta Roux,Executive Assistant,bruit,0.0,clic email 05-08 (0.0)
ENT-01617,CON-056189,Bastien Smit,Talent Acquisition Manager,champion,0.7464263932294459,clic email 06-21 (0.7464263932294459)
ENT-01617,CON-066333,Alexandre Lambert,Office Manager,bruit,0.0,clic email 05-08 (0.0)
ENT-10487,CON-025588,Romain Fournier,People Ops Coordinator,utilisateur,0.026516504294495532,clic email 05-08 (0.026516504294495532)
ENT-11109,CON-046722,Anais Dupont,HR Officer,utilisateur,0.019887378220871648,commentaire LinkedIn 05-08 (0.019887378220871648)
ENT-19131,CON-048870,Claire Lefebvre,HR Business Partner,champion,0.02651650429449554,commentaire LinkedIn 05-08 (0.02651650429449554)
ENT-06421,CON-027818,Romain Bonnet,Recruiter,utilisateur,0.026516504294495532,clic email 05-08 (0.026516504294495532)
ENT-10241,CON-056744,Camille Leroy,Talent Acquisition Specialist,utilisateur,0.24367571890687068,clic email 06-09 (0.24367571890687068)
ENT-10241,CON-044632,Sanne Roux,Head of Talent Acquisition,buyer,0.04419417382415922,clic email 05-08 (0.04419417382415922)
ENT-19455,CON-033504,Sophie Guerin,Talent Acquisition Manager,champion,0.03535533905932738,clic email 05-08 (0.03535533905932738)
ENT-01788,CON-038323,Femke Navarro,Talent Acquisition Specialist,utilisateur,0.006629126073623883,like LinkedIn 05-08 (0.006629126073623883)
ENT-04281,CON-017013,Greta Leroy,Head of HR Operations,buyer,2.8284271247461903,clic email 07-07 (2.8284271247461903)
ENT-04281,CON-017014,Quentin Rossi,HR Intern,bruit,0.0,clic email 05-08 (0.0)
ENT-12989,CON-048221,Camille Roux,HR Assistant,utilisateur,0.019887378220871648,commentaire LinkedIn 05-08 (0.019887378220871648)
ENT-11436,CON-061651,Guillaume Bonnet,HR Officer,utilisateur,0.026516504294495532,clic email 05-08 (0.026516504294495532)
ENT-12784,CON-064522,Anais Rossi,People Ops Coordinator,utilisateur,0.026516504294495532,clic email 05-08 (0.026516504294495532)
ENT-14484,CON-025816,Julie Girard,HRBP,champion,1.6,clic email 07-02 (1.6)
ENT-14484,CON-025818,Lucas Blanc,,sans_titre,0.02209708691207961,clic email 05-08 (0.02209708691207961)
ENT-05008,CON-021256,Marta Muller,Chief People Officer,buyer,1.231144413344916,clic email 06-25 (1.231144413344916)
ENT-05008,CON-021258,Alexandre Laurent,Recruiter,utilisateur,0.6265165042944955,clic email 05-08 (0.026516504294495532) · clic email 06-22 (0.6)
ENT-04779,CON-053550,Emil Lambert,Executive Assistant,bruit,0.0,like LinkedIn 05-08 (0.0)
ENT-11516,CON-027210,Manon Simon,Head of Talent Acquisition,buyer,7.211812239638911,commentaire LinkedIn 06-06 (0.24740773326991775) · clic email 07-20 (6.964404506368993)
ENT-11516,CON-063377,Guillaume Garcia,Directeur RH,buyer,0.04736614270344993,clic email 05-09 (0.04736614270344993)
ENT-15798,CON-069744,Thomas Faure,Talent Acquisition Manager,champion,0.02841968562206996,commentaire LinkedIn 05-09 (0.02841968562206996)
ENT-04184,CON-020009,Guillaume Meyer,Responsable Recrutement,champion,0.037892914162759944,clic email 05-09 (0.037892914162759944)
ENT-03535,CON-026734,Diego Jansen,HR Officer,utilisateur,0.028419685622069958,clic email 05-09 (0.028419685622069958)
ENT-08048,CON-025305,Lucas Laurent,Talent Acquisition Specialist,utilisateur,0.028419685622069958,clic email 05-09 (0.028419685622069958)
ENT-20424,CON-038574,Margaux Rossi,People Ops Manager,champion,0.07850553398057172,clic email 05-09 (0.037892914162759944) · like LinkedIn 05-30 (0.04061261981781178)
ENT-00184,CON-056025,Marion Bonnet,,sans_titre,0.023683071351724965,clic email 05-09 (0.023683071351724965)
ENT-13656,CON-068911,Lucas Faure,Charge de recrutement,utilisateur,0.028419685622069958,clic email 05-09 (0.028419685622069958)
ENT-04754,CON-016619,Emil Martin,Office Manager,bruit,0.0,clic email 05-09 (0.0)
ENT-10667,CON-046762,Lea Moreau,Office Manager,bruit,0.0,clic email 05-09 (0.0)
ENT-03005,CON-003627,Felix Jansen,Talent Acquisition Specialist,utilisateur,0.07434777280554353,commentaire LinkedIn 05-09 (0.021314764216552467) · clic email 05-18 (0.053033008588991064)
ENT-03005,CON-003626,Jan Ferrari,HR Intern,bruit,0.0,clic email 06-05 (0.0)
ENT-20145,CON-005950,Margaux Leroy,HR Business Partner,champion,0.02841968562206996,commentaire LinkedIn 05-09 (0.02841968562206996)
ENT-01639,CON-063193,Vincent Rossi,Executive Assistant,bruit,0.0,commentaire LinkedIn 05-09 (0.0)
ENT-15926,CON-034076,Julien Garnier,HR Assistant,utilisateur,0.028419685622069958,clic email 05-09 (0.028419685622069958)
ENT-10153,CON-043798,Felix Durand,,sans_titre,4.023683071351725,clic email 05-09 (0.023683071351724965) · clic email 07-22 (4.0)
ENT-03336,CON-064749,Pauline Ferrari,Office Manager,bruit,0.0,clic email 05-09 (0.0)
ENT-19772,CON-023109,Julien Dubois,People Ops Coordinator,utilisateur,0.12057451453533294,commentaire LinkedIn 06-03 (0.12057451453533294)
ENT-19772,CON-069856,Diego Blanc,Responsable Recrutement,champion,0.037892914162759944,clic email 05-09 (0.037892914162759944)
ENT-04040,CON-044169,Julie Michel,HR Assistant,utilisateur,0.0071049214055174895,like LinkedIn 05-09 (0.0071049214055174895)
ENT-13690,CON-026619,Thomas Boyer,,sans_titre,0.435275281648062,clic email 06-20 (0.435275281648062)
ENT-13690,CON-034008,Pablo Serrano,CHRO,buyer,0.04736614270344993,clic email 05-09 (0.04736614270344993)
ENT-06922,CON-017059,Benjamin Moreau,Chief People Officer,buyer,0.04736614270344993,clic email 05-09 (0.04736614270344993)
ENT-18985,CON-074458,Ines Meyer,CEO,buyer,0.7471408863560556,clic email 05-09 (0.04736614270344993) · commentaire LinkedIn 06-21 (0.6997747436526056)
ENT-18985,CON-074456,Elena Leroy,Office Manager,bruit,0.0,clic email 05-13 (0.0)
ENT-18106,CON-060316,Vincent Smit,Talent Acquisition Manager,champion,3.7137276501532717,clic email 05-09 (0.037892914162759944) · clic email 07-14 (3.6758347359905117)
ENT-07126,CON-065566,Anna Blanc,HR Manager,champion,0.037892914162759944,clic email 05-09 (0.037892914162759944)
ENT-00859,CON-030332,Guillaume Navarro,Chief People Officer,buyer,0.07882737708438078,like LinkedIn 05-09 (0.011841535675862483) · clic email 05-14 (0.0669858414085183)
ENT-00859,CON-030333,Lea Bonnet,HR Assistant,utilisateur,0.0652912922472093,clic email 05-21 (0.0652912922472093)
ENT-11626,CON-011511,Romain Garcia,Compensation & Benefits Manager,champion,0.037892914162759944,clic email 05-09 (0.037892914162759944)
ENT-11626,CON-074798,Alexandre Mercier,Responsable Recrutement,champion,0.01767766952966369,like LinkedIn 05-18 (0.01767766952966369)
ENT-20221,CON-009031,Claire Visser,Recruiter,utilisateur,0.028419685622069958,clic email 05-09 (0.028419685622069958)
ENT-01383,CON-019074,Nicolas Vincent,Office Manager,bruit,0.0,clic email 05-09 (0.0)
ENT-06552,CON-026785,Pierre Rossi,Compensation & Benefits Manager,champion,0.037892914162759944,clic email 05-09 (0.037892914162759944)
ENT-00745,CON-030727,Sophie Dubois,HR Manager,champion,0.02841968562206996,commentaire LinkedIn 05-09 (0.02841968562206996)
ENT-17052,CON-034579,Pierre Martin,Head of Talent Acquisition,buyer,0.04736614270344993,clic email 05-09 (0.04736614270344993)
ENT-07864,CON-020746,Manon Lefebvre,Chargee de recrutement,utilisateur,0.028419685622069958,clic email 05-09 (0.028419685622069958)
ENT-15235,CON-038253,Jonas Moreau,Chargee de recrutement,utilisateur,0.34661773715601635,clic email 05-09 (0.028419685622069958) · commentaire LinkedIn 06-17 (0.31819805153394637)
ENT-06683,CON-005311,Quentin Chevalier,People Ops Coordinator,utilisateur,0.028419685622069958,clic email 05-09 (0.028419685622069958)
ENT-12364,CON-049073,Felix Dupont,HR Intern,bruit,0.0,like LinkedIn 05-09 (0.0)
ENT-12364,CON-061345,Romain Bernard,HR Intern,bruit,0.0,commentaire LinkedIn 06-17 (0.0)
ENT-17877,CON-051914,Julie Fontaine,Chief People Officer,buyer,0.04736614270344993,clic email 05-09 (0.04736614270344993)
ENT-03861,CON-074686,Pierre Weber,Head of Talent Acquisition,buyer,1.5157165665103982,clic email 06-28 (1.5157165665103982)
ENT-03861,CON-074685,Camille Fontaine,Talent Acquisition Specialist,utilisateur,0.7305825844944186,clic email 05-31 (0.1305825844944186) · clic email 06-22 (0.6)
ENT-03861,CON-029590,Quentin Garnier,COO,buyer,0.04736614270344993,clic email 05-09 (0.04736614270344993)
ENT-16994,CON-040555,Pierre Leroy,HR Intern,bruit,0.0,clic email 05-09 (0.0)
ENT-02763,CON-027561,Greta Rossi,HR Intern,bruit,0.0,clic email 05-09 (0.0)
ENT-06711,CON-031450,Julien Muller,HR Assistant,utilisateur,0.21309134762380735,clic email 05-09 (0.028419685622069958) · clic email 06-05 (0.1846716620017374)
ENT-08838,CON-025511,Lucas Serrano,,sans_titre,0.023683071351724965,clic email 05-09 (0.023683071351724965)
ENT-01602,CON-042503,Julien Bernard,Head of Talent Acquisition,buyer,0.04736614270344993,clic email 05-09 (0.04736614270344993)
ENT-19402,CON-047381,Marion Chevalier,Talent Acquisition Manager,champion,0.02841968562206996,commentaire LinkedIn 05-09 (0.02841968562206996)
ENT-17139,CON-012049,Marion Mercier,Compensation & Benefits Manager,champion,0.02841968562206996,commentaire LinkedIn 05-09 (0.02841968562206996)
ENT-09024,CON-033032,Nora Muller,HR Assistant,utilisateur,0.0652912922472093,clic email 05-21 (0.0652912922472093)
ENT-09024,CON-033031,Julie Dupont,Chargee de recrutement,utilisateur,0.0071049214055174895,like LinkedIn 05-09 (0.0071049214055174895)
ENT-17649,CON-016819,Diego Petit,,sans_titre,0.051255224218052876,commentaire LinkedIn 05-09 (0.017762303513793723) · clic email 05-14 (0.03349292070425915)
ENT-13053,CON-062589,Quentin Laurent,HR Officer,utilisateur,0.028419685622069958,clic email 05-09 (0.028419685622069958)
ENT-17182,CON-075814,Marion Blanc,Talent Acquisition Manager,champion,0.037892914162759944,clic email 05-09 (0.037892914162759944)
ENT-02518,CON-022532,Ines Navarro,Office Manager,bruit,0.0,clic email 05-09 (0.0)
ENT-18418,CON-003810,Diego Boyer,Recruiter,utilisateur,0.028419685622069958,clic email 05-09 (0.028419685622069958)
ENT-17465,CON-010356,Diego Bonnet,HR Intern,bruit,0.0,like LinkedIn 05-09 (0.0)
ENT-19572,CON-055829,Sophie Faure,Charge de recrutement,utilisateur,0.028419685622069958,clic email 05-09 (0.028419685622069958)
ENT-04128,CON-066321,Camille Garnier,People Ops Manager,champion,0.02841968562206996,commentaire LinkedIn 05-09 (0.02841968562206996)
ENT-12002,CON-016210,Sanne Boyer,HR Business Partner,champion,0.037892914162759944,clic email 05-09 (0.037892914162759944)
ENT-09588,CON-066441,Nora Fournier,VP Human Resources,buyer,0.04736614270344993,clic email 05-09 (0.04736614270344993)
ENT-02220,CON-074354,Maxime Dupont,Executive Assistant,bruit,0.0,clic email 05-09 (0.0)
ENT-02675,CON-075860,Florian Mercier,Head of People,buyer,0.04736614270344993,clic email 05-09 (0.04736614270344993)
ENT-05699,CON-032355,Guillaume Simon,Charge de recrutement,utilisateur,3.637719759624955,clic email 07-18 (3.637719759624955)
ENT-05699,CON-032356,Nora Muller,Head of Talent Acquisition,buyer,0.035524607027587446,commentaire LinkedIn 05-09 (0.035524607027587446)
ENT-14856,CON-024362,Guillaume Lefebvre,Directeur RH,buyer,0.46167915500434353,commentaire LinkedIn 06-15 (0.46167915500434353)
ENT-14856,CON-024361,Florian Simon,HR Officer,utilisateur,0.028419685622069958,clic email 05-09 (0.028419685622069958)
ENT-01618,CON-004073,Anna Smit,Directrice RH,buyer,0.9330329915368074,clic email 06-21 (0.9330329915368074)
ENT-01618,CON-004075,Pierre Faure,,sans_titre,0.005920767837931241,like LinkedIn 05-09 (0.005920767837931241)
ENT-13166,CON-025848,Diego Fischer,Executive Assistant,bruit,0.0,clic email 05-09 (0.0)
ENT-03384,CON-034408,Hugo Chevalier,People Ops Coordinator,utilisateur,0.1979261866159342,clic email 06-06 (0.1979261866159342)
ENT-03384,CON-034409,Felix Michel,Chief People Officer,buyer,0.04736614270344993,clic email 05-09 (0.04736614270344993)
ENT-17635,CON-022972,Romain Dupont,People Ops Manager,champion,0.037892914162759944,clic email 05-09 (0.037892914162759944)
ENT-07353,CON-053008,Elise Lambert,Executive Assistant,bruit,0.0,clic email 05-09 (0.0)
ENT-00983,CON-000992,Ines Dupont,HR Assistant,utilisateur,0.028419685622069958,clic email 05-09 (0.028419685622069958)
ENT-11056,CON-038583,Ines Martin,HR Business Partner,champion,0.037892914162759944,clic email 05-09 (0.037892914162759944)
ENT-11056,CON-034904,Antoine Vincent,Executive Assistant,bruit,0.0,clic email 05-31 (0.0) · clic email 06-22 (0.0)
ENT-11735,CON-020521,Pauline Weber,HRBP,champion,0.046651649576840384,clic email 05-12 (0.046651649576840384)
ENT-11735,CON-020520,Antoine Roux,HR Officer,utilisateur,0.028419685622069958,clic email 05-09 (0.028419685622069958)
ENT-11014,CON-028140,Alexandre Meyer,Responsable Recrutement,champion,0.02841968562206996,commentaire LinkedIn 05-09 (0.02841968562206996)
ENT-09426,CON-011501,Ines Fischer,Talent Acquisition Specialist,utilisateur,0.028419685622069958,clic email 05-09 (0.028419685622069958)
ENT-19977,CON-003716,Pablo Rousseau,HR Officer,utilisateur,0.04474250868387228,clic email 05-09 (0.028419685622069958) · like LinkedIn 05-21 (0.016322823061802324)
ENT-10023,CON-067782,Jonas Muller,VP People,buyer,0.011841535675862483,like LinkedIn 05-09 (0.011841535675862483)
ENT-06943,CON-064984,Sophie Blanc,,sans_titre,0.5358867312681466,clic email 06-23 (0.5358867312681466)
ENT-06943,CON-064985,Sanne Muller,HR Business Partner,champion,0.037892914162759944,clic email 05-09 (0.037892914162759944)
ENT-04333,CON-038786,Jonas Muller,People Ops Manager,champion,0.037892914162759944,clic email 05-09 (0.037892914162759944)
ENT-16235,CON-037841,Hugo Muller,,sans_titre,0.023683071351724965,clic email 05-09 (0.023683071351724965)
ENT-17432,CON-022790,Elena Lambert,HR Intern,bruit,0.0,clic email 05-09 (0.0)
ENT-10969,CON-037536,Maxime Boyer,HR Officer,utilisateur,0.3428468029774404,commentaire LinkedIn 05-09 (0.021314764216552467) · clic email 06-13 (0.32153203876088793)
ENT-10969,CON-037535,Romain Andre,HR Business Partner,champion,0.22973967099940704,clic email 06-04 (0.22973967099940704)
ENT-07482,CON-055310,Elena Leroy,HR Manager,champion,0.037892914162759944,clic email 05-09 (0.037892914162759944)
ENT-08665,CON-053828,Nicolas Garnier,Recruiter,utilisateur,0.0071049214055174895,like LinkedIn 05-09 (0.0071049214055174895)
ENT-16117,CON-062349,Jan Durand,Directrice RH,buyer,0.04736614270344993,clic email 05-09 (0.04736614270344993)
ENT-05702,CON-047616,Guillaume Bonnet,Recruiter,utilisateur,0.028419685622069958,clic email 05-09 (0.028419685622069958)
ENT-07634,CON-007689,Sarah Meyer,HR Assistant,utilisateur,0.028419685622069958,clic email 05-09 (0.028419685622069958)
ENT-11378,CON-041895,Chloe Garcia,HR Intern,bruit,0.0,clic email 05-09 (0.0)
ENT-17713,CON-071222,Marta Laurent,HR Manager,champion,0.037892914162759944,clic email 05-09 (0.037892914162759944)
ENT-11430,CON-008675,Manon Jansen,Responsable Recrutement,champion,0.009473228540689986,like LinkedIn 05-09 (0.009473228540689986)
ENT-13865,CON-023669,Pierre Guerin,People Ops Manager,champion,0.7464263932294459,clic email 06-21 (0.7464263932294459)
ENT-13865,CON-023670,Hugo Dupont,Office Manager,bruit,0.0,clic email 05-09 (0.0)
ENT-12647,CON-008643,Greta Moreau,Chargee de recrutement,utilisateur,0.021314764216552467,commentaire LinkedIn 05-09 (0.021314764216552467)
ENT-12709,CON-004529,Marion Leroy,Compensation & Benefits Manager,champion,0.04061261981781178,clic email 05-10 (0.04061261981781178)
ENT-12198,CON-065841,Pablo Leroy,Head of HR Operations,buyer,0.050765774772264724,clic email 05-10 (0.050765774772264724)
ENT-05032,CON-048979,Lea Jansen,Directeur RH,buyer,0.15958459518428023,clic email 05-10 (0.050765774772264724) · clic email 05-21 (0.1088188204120155)
ENT-13725,CON-062219,Diego Leroy,People Ops Manager,champion,1.3784380259964422,commentaire LinkedIn 07-04 (1.3784380259964422)
ENT-13725,CON-062218,Diego Bonnet,HR Assistant,utilisateur,0.007614866215839709,like LinkedIn 05-10 (0.007614866215839709)
ENT-07890,CON-039848,Emil Jansen,Directrice RH,buyer,0.050765774772264724,clic email 05-10 (0.050765774772264724)
ENT-07959,CON-007225,Sanne Lefebvre,COO,buyer,0.050765774772264724,clic email 05-10 (0.050765774772264724)
ENT-12656,CON-030424,Margaux Andre,HR Assistant,utilisateur,0.06445423745997962,like LinkedIn 05-10 (0.007614866215839709) · clic email 05-19 (0.056839371244139916)
ENT-17524,CON-063585,Chloe Andre,COO,buyer,0.050765774772264724,clic email 05-10 (0.050765774772264724)
ENT-08028,CON-018580,Claire Smit,Head of Talent Acquisition,buyer,0.050765774772264724,clic email 05-10 (0.050765774772264724)
ENT-19001,CON-069860,Femke Fischer,CHRO,buyer,0.03807433107919854,commentaire LinkedIn 05-10 (0.03807433107919854)
ENT-13477,CON-053213,Romain Rossi,Responsable Recrutement,champion,0.04061261981781178,clic email 05-10 (0.04061261981781178)
ENT-01773,CON-009493,Pierre Garnier,HR Intern,bruit,0.0,clic email 05-10 (0.0) · clic email 06-14 (0.0) · commentaire LinkedIn 07-11 (0.0)
ENT-00278,CON-061477,Lars Garnier,Directrice RH,buyer,0.03807433107919854,commentaire LinkedIn 05-10 (0.03807433107919854)
ENT-16230,CON-022642,Quentin Garnier,People Ops Manager,champion,0.04061261981781178,clic email 05-10 (0.04061261981781178)
ENT-14145,CON-061210,Bastien Rousseau,Chargee de recrutement,utilisateur,0.030459464863358834,clic email 05-10 (0.030459464863358834)
ENT-20211,CON-065998,Claire Vincent,Directeur RH,buyer,0.050765774772264724,clic email 05-10 (0.050765774772264724)
ENT-09657,CON-053715,Lucas Meyer,People Ops Coordinator,utilisateur,0.030459464863358834,clic email 05-10 (0.030459464863358834)
ENT-13228,CON-019925,Nicolas Visser,HR Manager,champion,0.07500000000000001,commentaire LinkedIn 05-23 (0.07500000000000001)
ENT-13228,CON-019927,Quentin Ferrari,Talent Acquisition Manager,champion,0.030459464863358838,commentaire LinkedIn 05-10 (0.030459464863358838)
ENT-18247,CON-065685,Camille Visser,HR Assistant,utilisateur,0.030459464863358834,clic email 05-10 (0.030459464863358834)
ENT-12276,CON-046360,Antoine Roux,Charge de recrutement,utilisateur,0.030459464863358834,clic email 05-10 (0.030459464863358834)
ENT-17970,CON-027981,Maxime Ferrari,HRBP,champion,0.4406126198178118,clic email 05-10 (0.04061261981781178) · like LinkedIn 07-02 (0.4)
ENT-03821,CON-054347,Sarah Guerin,Talent Acquisition Specialist,utilisateur,0.030459464863358834,clic email 05-10 (0.030459464863358834)
ENT-01585,CON-050133,Sanne Moreau,People Ops Coordinator,utilisateur,0.7993196126795762,like LinkedIn 05-10 (0.007614866215839709) · clic email 06-26 (0.7917047464637365)
ENT-16068,CON-046366,Jonas Weber,Talent Acquisition Specialist,utilisateur,0.022844598647519122,commentaire LinkedIn 05-10 (0.022844598647519122)
ENT-08010,CON-073855,Sarah Durand,Head of Talent Acquisition,buyer,2.0,clic email 07-01 (2.0)
ENT-08010,CON-049938,Femke Fournier,Head of Talent Acquisition,buyer,1.741101126592248,clic email 06-30 (1.741101126592248)
ENT-08010,CON-007049,Jonas Jansen,Charge de recrutement,utilisateur,0.09575075711056813,clic email 05-10 (0.030459464863358834) · clic email 05-21 (0.0652912922472093)
ENT-11637,CON-008812,Emma Navarro,Head of Talent Acquisition,buyer,0.012691443693066181,like LinkedIn 05-10 (0.012691443693066181)
ENT-11802,CON-073973,Vincent Lefebvre,Recruiter,utilisateur,0.030459464863358834,clic email 05-10 (0.030459464863358834)
ENT-09100,CON-038678,Manon Simon,Chargee de recrutement,utilisateur,0.030459464863358834,clic email 05-10 (0.030459464863358834)
ENT-17424,CON-059999,Pierre Michel,CEO,buyer,0.050765774772264724,clic email 05-10 (0.050765774772264724)
ENT-17424,CON-060000,Lars Jansen,HR Intern,bruit,0.0,clic email 06-28 (0.0)
ENT-00902,CON-068204,Jan Weber,People Ops Coordinator,utilisateur,3.1972784507183047,clic email 05-10 (0.030459464863358834) · clic email 07-16 (3.166818985854946)
ENT-14259,CON-040067,Hugo Petit,Chargee de recrutement,utilisateur,0.030459464863358834,clic email 05-10 (0.030459464863358834)
ENT-10992,CON-017919,Maxime Moreau,Directrice RH,buyer,1.0507657747722647,clic email 05-10 (0.050765774772264724) · clic email 06-22 (1.0)
ENT-01461,CON-037474,Chloe Martin,Directrice RH,buyer,0.050765774772264724,clic email 05-10 (0.050765774772264724)
ENT-14033,CON-040386,Femke Boyer,HR Officer,utilisateur,0.08615237662477764,clic email 05-25 (0.08615237662477764)
ENT-14033,CON-040387,Sophie Petit,Talent Acquisition Manager,champion,0.04061261981781178,clic email 05-10 (0.04061261981781178)
ENT-11791,CON-018715,Julien Andre,Recruiter,utilisateur,0.030459464863358834,clic email 05-10 (0.030459464863358834)
ENT-07483,CON-064471,Benjamin Garcia,Talent Acquisition Specialist,utilisateur,0.030459464863358834,clic email 05-10 (0.030459464863358834)
ENT-07885,CON-024372,Vincent Garnier,Executive Assistant,bruit,0.0,clic email 05-10 (0.0)
ENT-08608,CON-023440,Bastien Lefebvre,People Ops Coordinator,utilisateur,0.022844598647519122,commentaire LinkedIn 05-10 (0.022844598647519122)
ENT-02967,CON-057007,Bastien Fischer,Chargee de recrutement,utilisateur,0.030459464863358834,clic email 05-10 (0.030459464863358834)
ENT-09861,CON-069883,Margaux Jansen,HR Assistant,utilisateur,0.030459464863358834,clic email 05-10 (0.030459464863358834)
ENT-04817,CON-057153,Julien Jansen,HR Intern,bruit,0.0,commentaire LinkedIn 05-10 (0.0)
ENT-08789,CON-043139,Manon Mercier,HRBP,champion,0.04061261981781178,clic email 05-10 (0.04061261981781178)
ENT-06598,CON-056066,Greta Lefebvre,Directrice RH,buyer,0.15958459518428023,clic email 05-10 (0.050765774772264724) · clic email 05-21 (0.1088188204120155)
ENT-03015,CON-009728,Vincent Navarro,Charge de recrutement,utilisateur,0.11249999999999999,commentaire LinkedIn 06-02 (0.11249999999999999)
ENT-03015,CON-029479,Elena Blanc,HR Intern,bruit,0.0,like LinkedIn 05-10 (0.0)
ENT-03015,CON-009725,Claire Moreau,Office Manager,bruit,0.0,commentaire LinkedIn 05-13 (0.0)
ENT-10649,CON-024796,Jonas Smit,HR Manager,champion,0.23045946486335886,commentaire LinkedIn 05-10 (0.030459464863358838) · clic email 06-02 (0.2)
ENT-20273,CON-023335,Pauline Rossi,HRBP,champion,0.010153154954452945,like LinkedIn 05-10 (0.010153154954452945)
ENT-09696,CON-049954,Sophie Ferrari,People Ops Manager,champion,0.10606601717798216,commentaire LinkedIn 05-28 (0.10606601717798216)
ENT-09696,CON-074035,Claire Durand,Talent Acquisition Manager,champion,0.010153154954452945,like LinkedIn 05-10 (0.010153154954452945)
ENT-13335,CON-033876,Sophie Jansen,,sans_titre,0.31255747613539114,clic email 05-10 (0.025382887386132362) · clic email 06-14 (0.2871745887492588)
ENT-13335,CON-058634,Marion Durand,HR Manager,champion,0.26390158215457893,clic email 06-06 (0.26390158215457893)
ENT-11645,CON-008515,Laura Girard,HR Intern,bruit,0.0,commentaire LinkedIn 05-10 (0.0)
ENT-06720,CON-038837,Greta Durand,Talent Acquisition Manager,champion,0.04061261981781178,clic email 05-10 (0.04061261981781178)
ENT-16533,CON-010178,Alexandre Faure,HR Officer,utilisateur,0.030459464863358834,clic email 05-10 (0.030459464863358834)
ENT-12239,CON-020803,Julien Girard,HR Assistant,utilisateur,0.022844598647519122,commentaire LinkedIn 05-10 (0.022844598647519122)
ENT-14163,CON-013319,Pablo Faure,People Ops Manager,champion,0.04061261981781178,clic email 05-10 (0.04061261981781178)
ENT-02689,CON-054064,Benjamin Vincent,Recruiter,utilisateur,0.21513112686509622,clic email 05-10 (0.030459464863358834) · clic email 06-05 (0.1846716620017374)
ENT-03201,CON-035556,Quentin Meyer,Talent Acquisition Specialist,utilisateur,0.030459464863358834,clic email 05-10 (0.030459464863358834)
ENT-14956,CON-041122,Pablo Martin,People Ops Manager,champion,0.04061261981781178,clic email 05-10 (0.04061261981781178)
ENT-10589,CON-062661,Nora Visser,Head of HR Operations,buyer,0.050765774772264724,clic email 05-10 (0.050765774772264724)
ENT-02989,CON-013369,Lucas Garcia,Head of People,buyer,5.707620024264645,clic email 05-10 (0.050765774772264724) · clic email 07-17 (5.656854249492381)
ENT-04573,CON-048996,Elise Fournier,Head of Talent Acquisition,buyer,0.050765774772264724,clic email 05-10 (0.050765774772264724)
ENT-17114,CON-052801,Jonas Rossi,Compensation & Benefits Manager,champion,0.04061261981781178,clic email 05-10 (0.04061261981781178)
ENT-09375,CON-020107,Elena Petit,Talent Acquisition Manager,champion,0.1921842764688516,clic email 05-10 (0.04061261981781178) · like LinkedIn 06-18 (0.15157165665103983)
ENT-09375,CON-005413,Felix Fontaine,Head of HR Operations,buyer,0.1538930516681145,clic email 05-26 (0.1538930516681145)
ENT-03454,CON-060031,Felix Leroy,Compensation & Benefits Manager,champion,0.08122523963562356,clic email 05-10 (0.04061261981781178) · clic email 05-10 (0.04061261981781178)
ENT-10190,CON-020350,Romain Rousseau,Compensation & Benefits Manager,champion,0.04061261981781178,clic email 05-10 (0.04061261981781178)
ENT-20182,CON-074406,Lucas Serrano,HR Intern,bruit,0.0,clic email 05-10 (0.0)
ENT-19851,CON-022898,Sarah Faure,Head of HR Operations,buyer,0.050765774772264724,clic email 05-10 (0.050765774772264724)
ENT-17881,CON-070724,Thomas Fournier,Charge de recrutement,utilisateur,0.007614866215839709,like LinkedIn 05-10 (0.007614866215839709)
ENT-16076,CON-036022,Benjamin Rossi,Talent Acquisition Manager,champion,2.1518252770544426,clic email 05-10 (0.04061261981781178) · clic email 07-06 (2.111212657236631)
ENT-10204,CON-013698,Anais Garcia,Office Manager,bruit,0.0,commentaire LinkedIn 05-10 (0.0)
ENT-10672,CON-030062,Vincent Moreau,Chargee de recrutement,utilisateur,0.030459464863358834,clic email 05-10 (0.030459464863358834)
ENT-18475,CON-069256,Lucas Bernard,Head of HR Operations,buyer,0.050765774772264724,clic email 05-10 (0.050765774772264724)
ENT-15824,CON-046247,Emma Rousseau,Talent Acquisition Manager,champion,1.6,clic email 07-01 (1.6)
ENT-15824,CON-065976,Pauline Lambert,Recruiter,utilisateur,0.030459464863358834,clic email 05-10 (0.030459464863358834)
ENT-06935,CON-068189,Thomas Rousseau,HR Intern,bruit,0.0,clic email 05-10 (0.0)
ENT-07762,CON-063695,Ines Boyer,Head of HR Operations,buyer,0.050765774772264724,clic email 05-10 (0.050765774772264724)
ENT-07762,CON-063693,Diego Visser,Chargee de recrutement,utilisateur,0.0375,clic email 05-13 (0.0375)
ENT-11224,CON-059678,Greta Guerin,HRBP,champion,0.04061261981781178,clic email 05-10 (0.04061261981781178)
ENT-12611,CON-004414,Chloe Muller,Talent Acquisition Specialist,utilisateur,0.008161411530901162,like LinkedIn 05-11 (0.008161411530901162)
ENT-00840,CON-048505,Guillaume Simon,HR Manager,champion,0.043527528164806206,clic email 05-11 (0.043527528164806206)
ENT-12300,CON-030331,Manon Garnier,,sans_titre,0.06843932731465684,clic email 05-11 (0.027204705103003875) · clic email 05-17 (0.04123462221165296)
ENT-01061,CON-003064,Julien Michel,VP People,buyer,0.11662912394210095,clic email 05-22 (0.11662912394210095)
ENT-01061,CON-003060,Maxime Mercier,Executive Assistant,bruit,0.0,clic email 05-11 (0.0) · like LinkedIn 06-18 (0.0)
ENT-01501,CON-062703,Margaux Muller,HR Business Partner,champion,0.16245047927124712,clic email 05-30 (0.16245047927124712)
ENT-01501,CON-062704,Julie Michel,People Ops Coordinator,utilisateur,0.03264564612360465,clic email 05-11 (0.03264564612360465)
ENT-15353,CON-073768,Julien Durand,HR Manager,champion,0.043527528164806206,clic email 05-11 (0.043527528164806206)
ENT-15122,CON-001800,Camille Fournier,HR Director,buyer,3.7478426502407567,clic email 05-11 (0.05440941020600775) · commentaire LinkedIn 07-15 (3.693433240034749)
ENT-15122,CON-001802,Chloe Muller,Recruiter,utilisateur,0.014209842811034979,like LinkedIn 05-19 (0.014209842811034979)
ENT-10164,CON-035540,Jonas Girard,People Ops Manager,champion,5.231060982803513,commentaire LinkedIn 05-11 (0.032645646123604655) · clic email 07-19 (5.198415336679908)
ENT-11973,CON-020996,Nora Jansen,Compensation & Benefits Manager,champion,1.8379173679952558,clic email 07-04 (1.8379173679952558)
ENT-11973,CON-036886,Margaux Martin,HR Officer,utilisateur,0.024484234592703484,commentaire LinkedIn 05-11 (0.024484234592703484)
ENT-14471,CON-069587,Anais Visser,HR Officer,utilisateur,2.2735748497655974,clic email 06-18 (0.45471496995311944) · clic email 07-08 (1.8188598798124778)
ENT-14471,CON-075118,Jan Lefebvre,People Ops Manager,champion,0.010881882041201552,like LinkedIn 05-11 (0.010881882041201552)
ENT-05107,CON-007492,Nora Moreau,Responsable Recrutement,champion,0.043527528164806206,clic email 05-11 (0.043527528164806206)
ENT-13758,CON-066723,Chloe Visser,Chargee de recrutement,utilisateur,0.03264564612360465,clic email 05-11 (0.03264564612360465)
ENT-15195,CON-075827,Antoine Meyer,People Ops Manager,champion,0.043527528164806206,clic email 05-11 (0.043527528164806206)
ENT-02278,CON-044805,Florian Roux,Executive Assistant,bruit,0.0,clic email 05-11 (0.0)
ENT-11508,CON-002969,Sarah Ferrari,Talent Acquisition Specialist,utilisateur,0.03264564612360465,clic email 05-11 (0.03264564612360465)
ENT-01103,CON-050050,Sanne Fournier,Head of HR Operations,buyer,0.05440941020600775,clic email 05-11 (0.05440941020600775)
ENT-16284,CON-028494,Romain Michel,Recruiter,utilisateur,0.03264564612360465,clic email 05-11 (0.03264564612360465)
ENT-00295,CON-033210,Greta Garcia,VP People,buyer,0.2332582478842019,clic email 06-01 (0.2332582478842019)
ENT-00295,CON-064958,Julie Fournier,Charge de recrutement,utilisateur,0.03264564612360465,clic email 05-11 (0.03264564612360465)
ENT-06688,CON-028185,Elena Meyer,Recruiter,utilisateur,0.040191504845110984,clic email 05-14 (0.040191504845110984)
ENT-06688,CON-028183,Chloe Andre,HR Intern,bruit,0.0,like LinkedIn 05-11 (0.0)
ENT-06802,CON-074095,Felix Navarro,Compensation & Benefits Manager,champion,1.044660675955349,commentaire LinkedIn 06-30 (1.044660675955349)
ENT-06802,CON-067853,Lucas Chevalier,COO,buyer,0.4333385518336073,clic email 05-11 (0.05440941020600775) · like LinkedIn 06-28 (0.37892914162759955)
ENT-01179,CON-063223,Alexandre Rousseau,Chargee de recrutement,utilisateur,0.07881356162403899,clic email 05-11 (0.03264564612360465) · clic email 05-16 (0.04616791550043435)
ENT-01430,CON-048999,Emma Simon,,sans_titre,0.020403528827252906,commentaire LinkedIn 05-11 (0.020403528827252906)
ENT-00091,CON-068050,Sanne Bonnet,Charge de recrutement,utilisateur,0.03264564612360465,clic email 05-11 (0.03264564612360465)
ENT-00304,CON-057057,Antoine Weber,Charge de recrutement,utilisateur,1.583409492927473,clic email 07-06 (1.583409492927473)
ENT-00304,CON-044560,Marta Garnier,HRBP,champion,0.4873514378137414,commentaire LinkedIn 06-19 (0.4873514378137414)
ENT-00304,CON-044559,Jan Blanc,Chargee de recrutement,utilisateur,0.41503252129851304,commentaire LinkedIn 05-20 (0.045689197295038245) · clic email 06-15 (0.3693433240034748)
ENT-00304,CON-057058,Marta Dubois,,sans_titre,0.027204705103003875,clic email 05-11 (0.027204705103003875)
ENT-13715,CON-075586,Greta Chevalier,Responsable Recrutement,champion,0.8574187700290345,clic email 06-23 (0.8574187700290345)
ENT-13715,CON-010908,Sophie Weber,People Ops Coordinator,utilisateur,0.03264564612360465,clic email 05-11 (0.03264564612360465)
ENT-08632,CON-000268,Maxime Garcia,HR Business Partner,champion,0.043527528164806206,clic email 05-11 (0.043527528164806206)
ENT-12630,CON-023106,Pierre Muller,HR Business Partner,champion,0.043527528164806206,clic email 05-11 (0.043527528164806206)
ENT-15913,CON-015173,Margaux Roux,HR Director,buyer,0.870550563296124,clic email 06-20 (0.870550563296124)
ENT-15913,CON-015170,Diego Martin,Charge de recrutement,utilisateur,0.2447776804795689,clic email 05-11 (0.03264564612360465) · clic email 06-07 (0.21213203435596426)
ENT-19564,CON-004614,Marion Fontaine,Head of Talent Acquisition,buyer,2.2053988583900654,commentaire LinkedIn 05-17 (0.061851933317479436) · clic email 06-23 (1.0717734625362931) · clic email 06-23 (1.0717734625362931)
ENT-19564,CON-004613,Emil Lefebvre,Head of People,buyer,0.6997747436526056,commentaire LinkedIn 06-21 (0.6997747436526056)
ENT-19564,CON-004612,Lars Bernard,Head of Talent Acquisition,buyer,0.05440941020600775,clic email 05-11 (0.05440941020600775)
ENT-02497,CON-061665,Antoine Simon,Recruiter,utilisateur,1.2861281550435517,clic email 07-03 (1.2861281550435517)
ENT-02497,CON-038853,Laura Weber,Head of HR Operations,buyer,0.05440941020600775,clic email 05-11 (0.05440941020600775)
ENT-18306,CON-026872,Julien Meyer,Executive Assistant,bruit,0.0,like LinkedIn 05-11 (0.0)
ENT-20418,CON-001364,Ines Rousseau,Directeur RH,buyer,0.05440941020600775,clic email 05-11 (0.05440941020600775)
ENT-01842,CON-029527,Benjamin Fischer,Directeur RH,buyer,0.05440941020600775,clic email 05-11 (0.05440941020600775)
ENT-06901,CON-039197,Sophie Navarro,Compensation & Benefits Manager,champion,0.0560275281648062,clic email 05-11 (0.043527528164806206) · like LinkedIn 05-13 (0.0125)
ENT-05998,CON-018213,Marion Rousseau,Chargee de recrutement,utilisateur,0.11367874248827986,like LinkedIn 06-18 (0.11367874248827986)
ENT-05998,CON-018214,Sanne Martin,HR Intern,bruit,0.0,clic email 05-11 (0.0)
ENT-02860,CON-060101,Lucas Bernard,Charge de recrutement,utilisateur,0.03264564612360465,clic email 05-11 (0.03264564612360465)
ENT-03268,CON-052839,Diego Ferrari,HR Director,buyer,0.05440941020600775,clic email 05-11 (0.05440941020600775)
ENT-19412,CON-076526,Lucas Meyer,People Ops Coordinator,utilisateur,0.1463243886118845,clic email 05-11 (0.03264564612360465) · clic email 05-29 (0.11367874248827983)
ENT-12595,CON-037285,Sanne Mercier,Charge de recrutement,utilisateur,0.03264564612360465,clic email 05-11 (0.03264564612360465)
ENT-01799,CON-040606,Vincent Petit,HR Assistant,utilisateur,2.271924825811942,clic email 05-11 (0.03264564612360465) · clic email 07-11 (2.239279179688338)
ENT-19997,CON-061517,Pauline Petit,Compensation & Benefits Manager,champion,0.2436757189068707,commentaire LinkedIn 06-09 (0.2436757189068707)
ENT-19997,CON-006664,Marion Martin,HR Business Partner,champion,0.043527528164806206,clic email 05-11 (0.043527528164806206)
ENT-04567,CON-071701,Nicolas Fontaine,Directeur RH,buyer,0.05440941020600775,clic email 05-11 (0.05440941020600775)
ENT-18251,CON-020599,Manon Blanc,Responsable Recrutement,champion,0.043527528164806206,clic email 05-11 (0.043527528164806206)
ENT-11147,CON-006141,Lars Roux,Chief People Officer,buyer,0.05440941020600775,clic email 05-11 (0.05440941020600775)
ENT-11147,CON-006142,Camille Durand,Talent Acquisition Specialist,utilisateur,0.040191504845110984,clic email 05-14 (0.040191504845110984)
ENT-05381,CON-007430,Hugo Michel,CEO,buyer,0.05440941020600775,clic email 05-11 (0.05440941020600775)
ENT-06906,CON-075707,Ines Muller,HR Director,buyer,0.25536693443156266,clic email 05-11 (0.05440941020600775) · commentaire LinkedIn 06-03 (0.2009575242255549)
ENT-02209,CON-034017,Nora Lefebvre,HR Officer,utilisateur,0.16322823061802325,clic email 05-11 (0.03264564612360465) · clic email 05-31 (0.1305825844944186)
ENT-01922,CON-007940,Alexandre Martin,Recruiter,utilisateur,0.03264564612360465,clic email 05-11 (0.03264564612360465)
ENT-09547,CON-074387,Maxime Dupont,HR Assistant,utilisateur,0.07751724318169455,commentaire LinkedIn 05-11 (0.024484234592703484) · clic email 05-18 (0.053033008588991064)
ENT-16348,CON-008030,Pauline Fournier,HR Manager,champion,0.032645646123604655,commentaire LinkedIn 05-11 (0.032645646123604655)
ENT-15007,CON-013553,Antoine Bonnet,Chief People Officer,buyer,0.05440941020600775,clic email 05-11 (0.05440941020600775)
ENT-05660,CON-033355,Julien Jansen,HR Business Partner,champion,0.043527528164806206,clic email 05-11 (0.043527528164806206)
ENT-09524,CON-048131,Florian Muller,Recruiter,utilisateur,0.03264564612360465,clic email 05-11 (0.03264564612360465)
ENT-14953,CON-029361,Lars Martin,HRBP,champion,2.3062692279617587,clic email 05-11 (0.043527528164806206) · clic email 07-07 (2.2627416997969525)
ENT-18239,CON-049614,Nicolas Bonnet,People Ops Manager,champion,0.5030068701636203,clic email 05-11 (0.043527528164806206) · clic email 06-14 (0.4594793419988141)
ENT-08176,CON-039694,Emma Laurent,HR Assistant,utilisateur,0.22029344588686542,like LinkedIn 05-11 (0.008161411530901162) · clic email 06-07 (0.21213203435596426)
ENT-03837,CON-054701,Vincent Mercier,HR Assistant,utilisateur,0.008161411530901162,like LinkedIn 05-11 (0.008161411530901162)
ENT-19357,CON-015003,Ines Boyer,Charge de recrutement,utilisateur,0.03264564612360465,clic email 05-11 (0.03264564612360465)
ENT-13481,CON-052436,Claire Dupont,HRBP,champion,4.242805436005812,clic email 06-08 (0.30314331330207955) · clic email 07-15 (3.9396621227037323)
ENT-13481,CON-050602,Jonas Muller,HRBP,champion,0.043527528164806206,clic email 05-11 (0.043527528164806206)
ENT-13860,CON-026741,Marta Faure,Talent Acquisition Specialist,utilisateur,0.03264564612360465,clic email 05-11 (0.03264564612360465)
ENT-07910,CON-039811,Marion Garcia,Talent Acquisition Manager,champion,1.2561007813731249,clic email 05-11 (0.043527528164806206) · clic email 06-28 (1.2125732532083187)
ENT-19362,CON-060662,Laura Navarro,Recruiter,utilisateur,0.03264564612360465,clic email 05-11 (0.03264564612360465)
ENT-10444,CON-063702,Jonas Girard,Chief People Officer,buyer,0.17494368591315143,commentaire LinkedIn 06-01 (0.17494368591315143)
ENT-10444,CON-063701,Laura Vincent,People Ops Manager,champion,0.043527528164806206,clic email 05-11 (0.043527528164806206)
ENT-04800,CON-047134,Lea Navarro,HR Officer,utilisateur,0.03264564612360465,clic email 05-11 (0.03264564612360465)
ENT-08812,CON-072986,Hugo Fontaine,Office Manager,bruit,0.0,clic email 05-11 (0.0)
ENT-12518,CON-066693,Jan Roux,Head of Talent Acquisition,buyer,1.2664519384855981,commentaire LinkedIn 05-11 (0.04080705765450581) · clic email 05-16 (0.07694652583405726) · clic email 06-24 (1.148698354997035)
ENT-12518,CON-075066,Chloe Smit,HR Assistant,utilisateur,0.2099324230957817,commentaire LinkedIn 06-11 (0.2099324230957817)
ENT-05490,CON-059688,Laura Dubois,VP Human Resources,buyer,4.0,clic email 07-12 (4.0)
ENT-05490,CON-059685,Pablo Roux,Office Manager,bruit,0.0,clic email 05-12 (0.0)
ENT-09378,CON-071911,Anna Serrano,Talent Acquisition Specialist,utilisateur,0.026241552886972712,commentaire LinkedIn 05-12 (0.026241552886972712)
ENT-09378,CON-071116,Marion Laurent,Executive Assistant,bruit,0.0,clic email 05-27 (0.0)
ENT-05213,CON-022241,Manon Andre,HR Manager,champion,0.046651649576840384,clic email 05-12 (0.046651649576840384)
ENT-02495,CON-057387,Margaux Garcia,HRBP,champion,1.6466516495768404,clic email 05-12 (0.046651649576840384) · clic email 07-01 (1.6)
ENT-02495,CON-054582,Pierre Navarro,Talent Acquisition Manager,champion,0.2,clic email 06-02 (0.2)
ENT-11945,CON-049766,Pablo Garnier,Head of HR Operations,buyer,4.05831456197105,clic email 05-12 (0.05831456197105048) · clic email 07-12 (4.0)
ENT-13683,CON-022018,Jan Dubois,Chief People Officer,buyer,0.05831456197105048,clic email 05-12 (0.05831456197105048)
ENT-02327,CON-057284,Lucas Jansen,Talent Acquisition Specialist,utilisateur,0.034988737182630285,clic email 05-12 (0.034988737182630285)
ENT-00893,CON-075136,Elena Moreau,HR Business Partner,champion,0.061010379014303326,clic email 05-12 (0.046651649576840384) · like LinkedIn 05-15 (0.01435872943746294)
ENT-01551,CON-014438,Emma Blanc,Talent Acquisition Specialist,utilisateur,0.026241552886972712,commentaire LinkedIn 05-12 (0.026241552886972712)
ENT-17438,CON-049581,Florian Guerin,Charge de recrutement,utilisateur,2.089321351910698,clic email 07-10 (2.089321351910698)
ENT-17438,CON-026274,Lea Serrano,Compensation & Benefits Manager,champion,0.03498873718263029,commentaire LinkedIn 05-12 (0.03498873718263029)
ENT-07717,CON-036686,Nora Visser,Recruiter,utilisateur,0.48970370713574973,clic email 05-12 (0.034988737182630285) · clic email 06-18 (0.45471496995311944)
ENT-04224,CON-072625,Benjamin Fischer,Charge de recrutement,utilisateur,0.034988737182630285,clic email 05-12 (0.034988737182630285)
ENT-17027,CON-017132,Greta Petit,HRBP,champion,0.011662912394210096,like LinkedIn 05-12 (0.011662912394210096)
ENT-09585,CON-070692,Sophie Roux,,sans_titre,0.07652342368897516,clic email 05-12 (0.02915728098552524) · clic email 05-19 (0.04736614270344993)
ENT-06879,CON-001590,Bastien Lambert,Talent Acquisition Specialist,utilisateur,0.034988737182630285,clic email 05-12 (0.034988737182630285)
ENT-09649,CON-019629,Maxime Michel,Compensation & Benefits Manager,champion,0.03498873718263029,commentaire LinkedIn 05-12 (0.03498873718263029)
ENT-15755,CON-066977,Margaux Michel,Responsable Recrutement,champion,0.046651649576840384,clic email 05-12 (0.046651649576840384)
ENT-01610,CON-076108,Pablo Navarro,Compensation & Benefits Manager,champion,2.599207668339954,clic email 07-09 (2.599207668339954)
ENT-01610,CON-047706,Manon Lambert,,sans_titre,0.02186796073914393,commentaire LinkedIn 05-12 (0.02186796073914393)
ENT-16470,CON-020298,Antoine Bonnet,Talent Acquisition Manager,champion,0.15271766675482254,clic email 05-12 (0.046651649576840384) · commentaire LinkedIn 05-28 (0.10606601717798216)
ENT-16470,CON-020299,Lea Vincent,HR Officer,utilisateur,0.0652912922472093,clic email 05-21 (0.0652912922472093)
ENT-16669,CON-006271,Marion Lefebvre,HR Assistant,utilisateur,1.8188598798124778,clic email 07-08 (1.8188598798124778)
ENT-16669,CON-006268,Julie Jansen,People Ops Manager,champion,0.046651649576840384,clic email 05-12 (0.046651649576840384)
ENT-10948,CON-021672,Anais Lefebvre,Chargee de recrutement,utilisateur,0.034988737182630285,clic email 05-12 (0.034988737182630285)
ENT-14586,CON-009852,Romain Rousseau,HRBP,champion,0.046651649576840384,clic email 05-12 (0.046651649576840384)
ENT-18891,CON-040103,Femke Lefebvre,Charge de recrutement,utilisateur,0.034988737182630285,clic email 05-12 (0.034988737182630285)
ENT-14949,CON-006099,Elena Bernard,Charge de recrutement,utilisateur,0.034988737182630285,clic email 05-12 (0.034988737182630285)
ENT-17680,CON-018977,Bastien Visser,Compensation & Benefits Manager,champion,0.011662912394210096,like LinkedIn 05-12 (0.011662912394210096)
ENT-02008,CON-041981,Quentin Faure,,sans_titre,0.1767766952966369,clic email 06-07 (0.1767766952966369)
ENT-02008,CON-041982,Pierre Mercier,People Ops Coordinator,utilisateur,0.034988737182630285,clic email 05-12 (0.034988737182630285)
ENT-02008,CON-071035,Quentin Muller,Executive Assistant,bruit,0.0,clic email 05-31 (0.0)
ENT-02008,CON-041980,Vincent Laurent,HR Intern,bruit,0.0,commentaire LinkedIn 07-08 (0.0)
ENT-02389,CON-025995,Laura Blanc,HR Intern,bruit,0.0,clic email 05-12 (0.0)
ENT-19446,CON-035132,Julien Lefebvre,Talent Acquisition Specialist,utilisateur,0.034988737182630285,clic email 05-12 (0.034988737182630285)
ENT-19900,CON-013363,Ines Rossi,HR Assistant,utilisateur,0.034988737182630285,clic email 05-12 (0.034988737182630285)
ENT-05868,CON-054092,Jan Boyer,People Ops Manager,champion,0.03498873718263029,commentaire LinkedIn 05-12 (0.03498873718263029)
ENT-06166,CON-006839,Femke Girard,HR Intern,bruit,0.0,clic email 05-12 (0.0)
ENT-07965,CON-040237,Benjamin Boyer,Talent Acquisition Manager,champion,0.046651649576840384,clic email 05-12 (0.046651649576840384)
ENT-12732,CON-040821,Marion Fischer,Head of HR Operations,buyer,0.04373592147828786,commentaire LinkedIn 05-12 (0.04373592147828786)
ENT-10892,CON-021162,Julien Laurent,People Ops Manager,champion,0.046651649576840384,clic email 05-12 (0.046651649576840384)
ENT-15069,CON-008219,Benjamin Garcia,Directrice RH,buyer,0.3535533905932738,clic email 06-07 (0.3535533905932738)
ENT-15069,CON-007025,Vincent Bernard,Directeur RH,buyer,0.05831456197105048,clic email 05-12 (0.05831456197105048)
ENT-15069,CON-008220,Quentin Navarro,Office Manager,bruit,0.0,clic email 07-09 (0.0)
ENT-07869,CON-001362,Laura Guerin,Chargee de recrutement,utilisateur,0.06091892972671767,clic email 05-20 (0.06091892972671767)
ENT-07869,CON-071400,Benjamin Fournier,Responsable Recrutement,champion,0.046651649576840384,clic email 05-12 (0.046651649576840384)
ENT-01731,CON-000619,Pauline Rousseau,Chief People Officer,buyer,0.05831456197105048,clic email 05-12 (0.05831456197105048)
ENT-01198,CON-025830,Marion Smit,Responsable Recrutement,champion,0.6062866266041593,clic email 06-18 (0.6062866266041593)
ENT-01198,CON-025831,Bastien Jansen,HR Assistant,utilisateur,0.026241552886972712,commentaire LinkedIn 05-12 (0.026241552886972712)
ENT-01198,CON-025835,Marta Lefebvre,Executive Assistant,bruit,0.0,commentaire LinkedIn 07-08 (0.0)
ENT-17596,CON-003418,Florian Bonnet,HR Officer,utilisateur,0.034988737182630285,clic email 05-12 (0.034988737182630285)
ENT-05579,CON-064747,Chloe Bernard,Charge de recrutement,utilisateur,0.026241552886972712,commentaire LinkedIn 05-12 (0.026241552886972712)
ENT-11545,CON-042083,Benjamin Navarro,Chargee de recrutement,utilisateur,0.034988737182630285,clic email 05-12 (0.034988737182630285)
ENT-17369,CON-045500,Anna Vincent,Charge de recrutement,utilisateur,1.853848616995108,clic email 05-12 (0.034988737182630285) · clic email 07-08 (1.8188598798124778)
ENT-17369,CON-002825,Anais Durand,,sans_titre,0.2332582478842019,clic email 06-11 (0.2332582478842019)
ENT-07433,CON-051183,Chloe Serrano,Compensation & Benefits Manager,champion,0.011662912394210096,like LinkedIn 05-12 (0.011662912394210096)
ENT-14380,CON-057414,Sarah Laurent,HR Officer,utilisateur,1.7973363042775536,clic email 05-12 (0.034988737182630285) · clic email 05-21 (0.0652912922472093) · clic email 07-07 (1.697056274847714)
ENT-02960,CON-007597,Bastien Garnier,Head of HR Operations,buyer,0.9330329915368074,clic email 06-21 (0.9330329915368074)
ENT-02960,CON-007598,Pablo Michel,Recruiter,utilisateur,0.008747184295657571,like LinkedIn 05-12 (0.008747184295657571)
ENT-02916,CON-060068,Marion Andre,People Ops Coordinator,utilisateur,0.16076601938044394,clic email 06-03 (0.16076601938044394)
ENT-02916,CON-060070,Romain Guerin,Head of HR Operations,buyer,0.04373592147828786,commentaire LinkedIn 05-12 (0.04373592147828786)
ENT-00227,CON-059997,Florian Muller,HR Intern,bruit,0.0,clic email 05-12 (0.0)
ENT-20277,CON-057294,Elena Simon,HR Intern,bruit,0.0,clic email 05-12 (0.0)
ENT-14521,CON-025286,Nicolas Fontaine,VP Human Resources,buyer,0.17951712933937444,like LinkedIn 05-12 (0.01457864049276262) · clic email 05-27 (0.16493848884661183)
ENT-00238,CON-039296,Pablo Rossi,Responsable Recrutement,champion,0.14142135623730953,clic email 05-28 (0.14142135623730953)
ENT-00238,CON-071438,Bastien Bernard,Executive Assistant,bruit,0.0,commentaire LinkedIn 05-12 (0.0)
ENT-05089,CON-045252,Marta Vincent,HR Assistant,utilisateur,0.2196603991843677,clic email 05-12 (0.034988737182630285) · clic email 06-05 (0.1846716620017374)
ENT-13210,CON-060095,Alexandre Visser,Head of HR Operations,buyer,0.04373592147828786,commentaire LinkedIn 05-12 (0.04373592147828786)
ENT-09795,CON-019175,Camille Meyer,Directeur RH,buyer,5.281617941747795,clic email 05-12 (0.05831456197105048) · commentaire LinkedIn 07-20 (5.223303379776745)
ENT-13741,CON-001118,Pierre Leroy,HR Business Partner,champion,0.5061309915756544,clic email 05-12 (0.046651649576840384) · clic email 06-14 (0.4594793419988141)
ENT-12170,CON-075469,Chloe Blanc,Responsable Recrutement,champion,0.17411011265922482,clic email 05-31 (0.17411011265922482)
ENT-12170,CON-076125,Pierre Faure,,sans_titre,0.02915728098552524,clic email 05-12 (0.02915728098552524)
ENT-00053,CON-002075,Vincent Rousseau,,sans_titre,0.02915728098552524,clic email 05-12 (0.02915728098552524)
ENT-05138,CON-036635,Thomas Fontaine,CEO,buyer,0.04373592147828786,commentaire LinkedIn 05-12 (0.04373592147828786)
ENT-05138,CON-051700,Jan Rousseau,Chargee de recrutement,utilisateur,0.023083957750217175,like LinkedIn 05-26 (0.023083957750217175)
ENT-13884,CON-003850,Claire Mercier,People Ops Coordinator,utilisateur,0.2611651689888372,clic email 06-10 (0.2611651689888372)
ENT-13884,CON-076004,Florian Visser,HR Officer,utilisateur,0.034988737182630285,clic email 05-12 (0.034988737182630285)
ENT-11608,CON-039734,Florian Durand,,sans_titre,0.02915728098552524,clic email 05-12 (0.02915728098552524)
ENT-11608,CON-039732,Florian Dupont,HR Intern,bruit,0.0,clic email 05-26 (0.0)
ENT-09807,CON-038047,Florian Girard,HR Assistant,utilisateur,0.026241552886972712,commentaire LinkedIn 05-12 (0.026241552886972712)
ENT-09807,CON-038048,Thomas Faure,Recruiter,utilisateur,0.020095752422555492,like LinkedIn 05-24 (0.020095752422555492)
ENT-02267,CON-017908,Lars Lambert,Head of People,buyer,0.05831456197105048,clic email 05-12 (0.05831456197105048)
ENT-13564,CON-024467,Lea Bonnet,VP Human Resources,buyer,1.3778224727439448,clic email 05-12 (0.05831456197105048) · clic email 06-26 (1.3195079107728942)
ENT-16028,CON-029307,Pierre Muller,Executive Assistant,bruit,0.0,clic email 05-12 (0.0) · like LinkedIn 05-19 (0.0)
ENT-20216,CON-073888,Antoine Lambert,CHRO,buyer,0.08747184295657572,commentaire LinkedIn 05-22 (0.08747184295657572)
ENT-20216,CON-073889,Nicolas Chevalier,Compensation & Benefits Manager,champion,0.046651649576840384,clic email 05-12 (0.046651649576840384)
ENT-09581,CON-002937,Pauline Navarro,Executive Assistant,bruit,0.0,clic email 05-12 (0.0)
ENT-19894,CON-063187,Anais Lambert,Head of Talent Acquisition,buyer,0.04373592147828786,commentaire LinkedIn 05-12 (0.04373592147828786)
ENT-12521,CON-055247,Maxime Laurent,Executive Assistant,bruit,0.0,commentaire LinkedIn 05-12 (0.0) · clic email 07-16 (0.0)
ENT-15808,CON-072182,Lucas Jansen,Talent Acquisition Specialist,utilisateur,1.2262415528869726,commentaire LinkedIn 05-12 (0.026241552886972712) · clic email 07-02 (1.2)
ENT-04822,CON-046771,Claire Laurent,Talent Acquisition Manager,champion,0.6529382761809998,clic email 05-12 (0.046651649576840384) · clic email 06-18 (0.6062866266041593)
ENT-19584,CON-069579,Jan Bernard,Talent Acquisition Manager,champion,0.046651649576840384,clic email 05-12 (0.046651649576840384)
ENT-07021,CON-056208,Elise Lefebvre,People Ops Coordinator,utilisateur,3.898811502509931,clic email 07-19 (3.898811502509931)
ENT-07021,CON-056209,Jonas Michel,Office Manager,bruit,0.0,clic email 05-12 (0.0) · clic email 06-19 (0.0)
ENT-13568,CON-029636,Julien Boyer,Chargee de recrutement,utilisateur,0.026241552886972712,commentaire LinkedIn 05-12 (0.026241552886972712)
ENT-19722,CON-075493,Hugo Mercier,CEO,buyer,0.01457864049276262,like LinkedIn 05-12 (0.01457864049276262)
ENT-19722,CON-075492,Guillaume Simon,HR Intern,bruit,0.0,like LinkedIn 07-17 (0.0)
ENT-09717,CON-071959,Claire Rousseau,HR Officer,utilisateur,0.034988737182630285,clic email 05-12 (0.034988737182630285)
ENT-08395,CON-020118,Lars Bernard,HR Officer,utilisateur,0.034988737182630285,clic email 05-12 (0.034988737182630285)
ENT-09259,CON-041114,Greta Moreau,HRBP,champion,0.6123370745260786,clic email 05-12 (0.046651649576840384) · clic email 06-17 (0.5656854249492381)
ENT-03132,CON-043437,Vincent Fontaine,Head of Talent Acquisition,buyer,0.7774122765875764,clic email 05-30 (0.2030630990890589) · clic email 06-14 (0.5743491774985175)
ENT-03132,CON-002551,Hugo Durand,CHRO,buyer,0.04373592147828786,commentaire LinkedIn 05-12 (0.04373592147828786)
ENT-18472,CON-006252,Lars Lambert,CEO,buyer,0.05831456197105048,clic email 05-12 (0.05831456197105048)
ENT-12131,CON-020971,Jan Garnier,VP People,buyer,0.05831456197105048,clic email 05-12 (0.05831456197105048)
ENT-13954,CON-049937,Laura Garcia,People Ops Coordinator,utilisateur,0.034988737182630285,clic email 05-12 (0.034988737182630285)
ENT-00231,CON-073966,Marion Simon,HR Intern,bruit,0.0,clic email 05-12 (0.0)
ENT-02747,CON-023981,Greta Dupont,Compensation & Benefits Manager,champion,0.046651649576840384,clic email 05-12 (0.046651649576840384)
ENT-03786,CON-041461,Vincent Fournier,HR Officer,utilisateur,0.034988737182630285,clic email 05-12 (0.034988737182630285)
ENT-19512,CON-033910,Diego Muller,Responsable Recrutement,champion,0.21895640282639567,clic email 05-12 (0.046651649576840384) · commentaire LinkedIn 06-04 (0.1723047532495553)
ENT-05862,CON-051223,Florian Simon,CEO,buyer,0.0625,clic email 05-13 (0.0625)
ENT-14511,CON-024966,Guillaume Ferrari,HR Assistant,utilisateur,0.0375,clic email 05-13 (0.0375)
ENT-05005,CON-044802,Femke Fournier,HR Officer,utilisateur,0.0375,clic email 05-13 (0.0375)
ENT-18950,CON-035656,Julien Rossi,Talent Acquisition Specialist,utilisateur,0.0375,clic email 05-13 (0.0375)
ENT-04544,CON-006156,Margaux Chevalier,Compensation & Benefits Manager,champion,0.05,clic email 05-13 (0.05)
ENT-08575,CON-014965,Claire Simon,Executive Assistant,bruit,0.0,clic email 05-13 (0.0)
ENT-14277,CON-036307,Felix Fischer,HR Officer,utilisateur,0.0375,clic email 05-13 (0.0375)
ENT-07204,CON-046456,Sanne Serrano,CEO,buyer,12.560885436891475,clic email 07-09 (3.249009585424942) · clic email 07-09 (3.249009585424942) · clic email 07-18 (6.062866266041592)
ENT-07204,CON-046455,Emma Michel,VP Human Resources,buyer,6.498019170849885,clic email 07-19 (6.498019170849885)
ENT-07204,CON-004213,Jan Dubois,Recruiter,utilisateur,1.3236281550435518,clic email 05-13 (0.0375) · clic email 07-03 (1.2861281550435517)
ENT-12317,CON-019271,Romain Muller,Head of HR Operations,buyer,0.046875,commentaire LinkedIn 05-13 (0.046875)
ENT-15942,CON-057419,Nora Dupont,CEO,buyer,1.0,clic email 06-22 (1.0)
ENT-15942,CON-057422,Elise Rousseau,HR Business Partner,champion,0.05,clic email 05-13 (0.05)
ENT-02935,CON-001103,Nora Girard,Head of People,buyer,0.0625,clic email 05-13 (0.0625)
ENT-11153,CON-005332,Camille Navarro,People Ops Coordinator,utilisateur,0.0375,clic email 05-13 (0.0375)
ENT-16888,CON-042756,Marta Simon,HR Assistant,utilisateur,0.0375,clic email 05-13 (0.0375)
ENT-16072,CON-026898,Ines Guerin,People Ops Manager,champion,0.05,clic email 05-13 (0.05)
ENT-11018,CON-021757,Elise Fournier,,sans_titre,0.0078125,like LinkedIn 05-13 (0.0078125)
ENT-05605,CON-002622,Benjamin Faure,Recruiter,utilisateur,0.0375,clic email 05-13 (0.0375)
ENT-12511,CON-020902,Benjamin Meyer,HR Business Partner,champion,0.05,clic email 05-13 (0.05)
ENT-00035,CON-053529,Hugo Boyer,Office Manager,bruit,0.0,clic email 05-13 (0.0)
ENT-13673,CON-051428,Marion Martin,HR Officer,utilisateur,0.0375,clic email 05-13 (0.0375)
ENT-19203,CON-002905,Julien Fontaine,Recruiter,utilisateur,0.028124999999999997,commentaire LinkedIn 05-13 (0.028124999999999997)
ENT-20041,CON-056297,Marion Rossi,Head of Talent Acquisition,buyer,2.6116516898883724,commentaire LinkedIn 07-10 (2.6116516898883724)
ENT-20041,CON-056299,Sophie Fontaine,Office Manager,bruit,0.0,clic email 05-13 (0.0)
ENT-01036,CON-048764,Ines Vincent,Recruiter,utilisateur,0.009375,like LinkedIn 05-13 (0.009375)
ENT-18130,CON-054741,Lars Lambert,Head of Talent Acquisition,buyer,0.0625,clic email 05-13 (0.0625)
ENT-02212,CON-067221,Florian Chevalier,COO,buyer,0.0625,clic email 05-13 (0.0625)
ENT-03951,CON-068188,Elena Lambert,Head of Talent Acquisition,buyer,0.0669858414085183,like LinkedIn 06-03 (0.0669858414085183)
ENT-03951,CON-068183,Jonas Muller,HRBP,champion,0.05,clic email 05-13 (0.05)
ENT-01374,CON-053546,Quentin Navarro,,sans_titre,0.03125,clic email 05-13 (0.03125)
ENT-02043,CON-071676,Quentin Bernard,Chargee de recrutement,utilisateur,0.17370964581181536,clic email 05-13 (0.0375) · commentaire LinkedIn 05-14 (0.030143628633833235) · clic email 05-28 (0.10606601717798213)
ENT-08468,CON-002917,Felix Smit,HR Business Partner,champion,0.9074187700290346,clic email 05-13 (0.05) · clic email 06-23 (0.8574187700290345)
ENT-07347,CON-007128,Marta Bernard,VP Human Resources,buyer,0.0625,clic email 05-13 (0.0625)
ENT-07347,CON-007129,Benjamin Fischer,Office Manager,bruit,0.0,clic email 06-16 (0.0)
ENT-00770,CON-068951,Elise Roux,People Ops Manager,champion,0.05,clic email 05-13 (0.05)
ENT-18454,CON-036869,Femke Bonnet,Charge de recrutement,utilisateur,0.0375,clic email 05-13 (0.0375)
ENT-00656,CON-037660,Jonas Bernard,Head of Talent Acquisition,buyer,0.015625,like LinkedIn 05-13 (0.015625)
ENT-20151,CON-060370,Felix Martin,HR Manager,champion,0.05,clic email 05-13 (0.05)
ENT-18434,CON-030522,Camille Martin,People Ops Manager,champion,0.05,clic email 05-13 (0.05)
ENT-02901,CON-012582,Femke Jansen,Chargee de recrutement,utilisateur,0.0375,clic email 05-13 (0.0375)
ENT-00211,CON-049907,Felix Fontaine,People Ops Coordinator,utilisateur,0.028124999999999997,commentaire LinkedIn 05-13 (0.028124999999999997)
ENT-03441,CON-046615,Jonas Roux,Talent Acquisition Specialist,utilisateur,0.0375,clic email 05-13 (0.0375)
ENT-16741,CON-039060,Emma Martin,Head of People,buyer,1.3663829107728942,commentaire LinkedIn 05-13 (0.046875) · clic email 06-26 (1.3195079107728942)
ENT-16741,CON-039058,Hugo Girard,Chief People Officer,buyer,0.3535533905932738,clic email 06-07 (0.3535533905932738)
ENT-01372,CON-051714,Bastien Chevalier,Charge de recrutement,utilisateur,0.0375,clic email 05-13 (0.0375)
ENT-18780,CON-020159,Lea Ferrari,Chargee de recrutement,utilisateur,0.29866516898883716,clic email 05-13 (0.0375) · clic email 06-10 (0.2611651689888372)
ENT-14724,CON-040903,Antoine Weber,Office Manager,bruit,0.0,clic email 05-13 (0.0)
ENT-03840,CON-043422,Florian Weber,,sans_titre,0.2679433656340733,like LinkedIn 07-03 (0.2679433656340733)
ENT-03840,CON-036011,Florian Martin,,sans_titre,0.03125,clic email 05-13 (0.03125)
ENT-16929,CON-036432,Camille Vincent,HR Business Partner,champion,0.41250000000000003,like LinkedIn 05-13 (0.0125) · clic email 06-12 (0.4)
ENT-10414,CON-041405,Ines Visser,VP Human Resources,buyer,5.660697949220845,clic email 05-13 (0.0625) · commentaire LinkedIn 07-21 (5.598197949220845)
ENT-14873,CON-002707,Nora Navarro,Chargee de recrutement,utilisateur,0.0375,clic email 05-13 (0.0375)
ENT-01104,CON-006452,Anais Navarro,People Ops Coordinator,utilisateur,0.0375,clic email 05-13 (0.0375)
ENT-19595,CON-035101,Benjamin Fischer,Compensation & Benefits Manager,champion,1.714837540058069,clic email 07-03 (1.714837540058069)
ENT-19595,CON-035103,Julien Visser,People Ops Coordinator,utilisateur,0.0375,clic email 05-13 (0.0375)
ENT-19046,CON-010664,Sophie Navarro,Head of HR Operations,buyer,0.0625,clic email 05-13 (0.0625)
ENT-09573,CON-033280,Anais Weber,Head of Talent Acquisition,buyer,0.015625,like LinkedIn 05-13 (0.015625)
ENT-20150,CON-015272,Sanne Dupont,HRBP,champion,0.05,clic email 05-13 (0.05)
ENT-08824,CON-067909,Benjamin Blanc,People Ops Manager,champion,0.05,clic email 05-13 (0.05)
ENT-05674,CON-025380,Felix Girard,Executive Assistant,bruit,0.0,clic email 05-13 (0.0) · commentaire LinkedIn 06-24 (0.0)
ENT-11985,CON-026988,Sophie Boyer,Talent Acquisition Specialist,utilisateur,0.6430640775217759,clic email 06-23 (0.6430640775217759)
ENT-11985,CON-026990,Antoine Fournier,Recruiter,utilisateur,0.059038094156194404,clic email 05-13 (0.0375) · like LinkedIn 05-25 (0.02153809415619441)
ENT-17271,CON-041858,Anais Girard,Executive Assistant,bruit,0.0,clic email 05-13 (0.0)
ENT-07009,CON-069487,Bastien Roux,Office Manager,bruit,0.0,clic email 05-13 (0.0) · commentaire LinkedIn 06-11 (0.0)
ENT-04829,CON-008038,Florian Meyer,Office Manager,bruit,0.0,clic email 05-13 (0.0)
ENT-01329,CON-008195,Pablo Fournier,COO,buyer,0.0625,clic email 05-13 (0.0625)
ENT-08590,CON-008521,Vincent Visser,Office Manager,bruit,0.0,clic email 05-13 (0.0)
ENT-12964,CON-070595,Nora Lambert,People Ops Coordinator,utilisateur,0.009375,like LinkedIn 05-13 (0.009375)
ENT-03309,CON-003355,Femke Roux,Charge de recrutement,utilisateur,0.009375,like LinkedIn 05-13 (0.009375)
ENT-17938,CON-054790,Florian Garnier,Talent Acquisition Specialist,utilisateur,1.015495957084221,clic email 05-28 (0.10606601717798213) · clic email 06-28 (0.9094299399062389)
ENT-17938,CON-054793,Femke Jansen,Head of Talent Acquisition,buyer,0.07614866215839708,commentaire LinkedIn 05-20 (0.07614866215839708)
ENT-17938,CON-054792,Camille Fournier,Directeur RH,buyer,0.0625,clic email 05-13 (0.0625)
ENT-17948,CON-012599,Elena Boyer,Talent Acquisition Specialist,utilisateur,0.009375,like LinkedIn 05-13 (0.009375)
ENT-15807,CON-070203,Anais Fontaine,,sans_titre,0.03125,clic email 05-13 (0.03125)
ENT-10280,CON-012108,Antoine Rousseau,,sans_titre,0.339036103336229,clic email 05-13 (0.03125) · clic email 06-15 (0.307786103336229)
ENT-18610,CON-017260,Emil Bernard,HR Intern,bruit,0.0,clic email 05-13 (0.0)
ENT-14394,CON-063824,Marta Garnier,Recruiter,utilisateur,0.0375,clic email 05-13 (0.0375)
ENT-12982,CON-062862,Margaux Mercier,Chargee de recrutement,utilisateur,0.0375,clic email 05-13 (0.0375)
ENT-18677,CON-006793,Anna Girard,Recruiter,utilisateur,0.09841892972671767,clic email 05-13 (0.0375) · clic email 05-20 (0.06091892972671767)
ENT-04619,CON-014411,Ines Blanc,Office Manager,bruit,0.0,clic email 05-13 (0.0) · clic email 05-26 (0.0)
ENT-02767,CON-025092,Alexandre Serrano,HR Intern,bruit,0.0,clic email 05-13 (0.0)
ENT-02767,CON-025091,Pauline Visser,Executive Assistant,bruit,0.0,clic email 07-02 (0.0)
ENT-18482,CON-031214,Benjamin Blanc,Office Manager,bruit,0.0,commentaire LinkedIn 05-13 (0.0)
ENT-08878,CON-053905,Ines Leroy,HR Business Partner,champion,0.05,clic email 05-13 (0.05)
ENT-07448,CON-008196,Pierre Garcia,Executive Assistant,bruit,0.0,clic email 05-13 (0.0)
ENT-06339,CON-001022,Pierre Michel,Recruiter,utilisateur,0.0375,clic email 05-13 (0.0375)
ENT-07847,CON-059368,Guillaume Vincent,Head of Talent Acquisition,buyer,0.0625,clic email 05-13 (0.0625)
ENT-12220,CON-014317,Elise Blanc,Head of Talent Acquisition,buyer,0.1538930516681145,clic email 05-26 (0.1538930516681145)
ENT-12220,CON-014316,Sarah Weber,People Ops Coordinator,utilisateur,0.0375,clic email 05-13 (0.0375)
ENT-02353,CON-036340,Sophie Girard,HRBP,champion,0.21435469250725858,clic email 06-03 (0.21435469250725858)
ENT-02353,CON-056215,Sarah Jansen,HRBP,champion,0.05,clic email 05-13 (0.05)
ENT-04116,CON-035985,Anna Dupont,Executive Assistant,bruit,0.0,clic email 05-13 (0.0)
ENT-02643,CON-055386,Emma Meyer,Head of People,buyer,0.4530011981781178,commentaire LinkedIn 05-13 (0.046875) · clic email 06-09 (0.4061261981781178)
ENT-11910,CON-056994,Margaux Moreau,,sans_titre,0.03125,clic email 05-13 (0.03125)
ENT-16602,CON-000041,Femke Faure,Chargee de recrutement,utilisateur,0.030143628633833235,commentaire LinkedIn 05-14 (0.030143628633833235)
ENT-06443,CON-021334,Diego Fontaine,Charge de recrutement,utilisateur,0.040191504845110984,clic email 05-14 (0.040191504845110984)
ENT-16523,CON-020459,Julie Boyer,Recruiter,utilisateur,0.040191504845110984,clic email 05-14 (0.040191504845110984)
ENT-10434,CON-043402,Anais Petit,HRBP,champion,0.32303421731973003,commentaire LinkedIn 05-14 (0.04019150484511099) · clic email 06-07 (0.28284271247461906)
ENT-10434,CON-043401,Diego Garcia,HR Officer,utilisateur,0.22735748497655967,clic email 06-08 (0.22735748497655967)
ENT-13978,CON-003905,Guillaume Petit,Recruiter,utilisateur,0.040191504845110984,clic email 05-14 (0.040191504845110984)
ENT-11151,CON-036093,Thomas Garnier,Talent Acquisition Manager,champion,0.053588673126814645,clic email 05-14 (0.053588673126814645)
ENT-16097,CON-069010,Felix Navarro,Charge de recrutement,utilisateur,0.040191504845110984,clic email 05-14 (0.040191504845110984)
ENT-19456,CON-051019,Ines Lefebvre,HR Assistant,utilisateur,4.178642703821396,clic email 07-20 (4.178642703821396)
ENT-19456,CON-012552,Vincent Girard,HR Officer,utilisateur,0.040191504845110984,clic email 05-14 (0.040191504845110984)
ENT-02492,CON-018295,Thomas Vincent,Talent Acquisition Specialist,utilisateur,0.040191504845110984,clic email 05-14 (0.040191504845110984)
ENT-14106,CON-055084,Chloe Lefebvre,Talent Acquisition Specialist,utilisateur,0.040191504845110984,clic email 05-14 (0.040191504845110984)
ENT-00095,CON-013892,Greta Moreau,,sans_titre,0.025119690528194363,commentaire LinkedIn 05-14 (0.025119690528194363)
ENT-00095,CON-013894,Benjamin Garcia,HR Intern,bruit,0.0,clic email 06-25 (0.0) · clic email 06-30 (0.0)
ENT-00911,CON-034864,Antoine Michel,,sans_titre,0.03349292070425915,clic email 05-14 (0.03349292070425915)
ENT-19721,CON-050315,Bastien Bernard,CEO,buyer,0.0669858414085183,clic email 05-14 (0.0669858414085183)
ENT-16620,CON-031109,Lea Vincent,,sans_titre,0.03349292070425915,clic email 05-14 (0.03349292070425915)
ENT-13417,CON-041432,Jonas Martin,HRBP,champion,1.1447680181801798,like LinkedIn 05-14 (0.013397168281703661) · clic email 06-27 (1.1313708498984762)
ENT-01096,CON-045779,Marion Ferrari,HR Business Partner,champion,0.053588673126814645,clic email 05-14 (0.053588673126814645)
ENT-06351,CON-027774,Sarah Bonnet,Talent Acquisition Specialist,utilisateur,0.040191504845110984,clic email 05-14 (0.040191504845110984)
ENT-13572,CON-071746,Benjamin Fontaine,Head of HR Operations,buyer,0.0669858414085183,clic email 05-14 (0.0669858414085183)
ENT-01676,CON-042932,Antoine Durand,People Ops Coordinator,utilisateur,0.040191504845110984,clic email 05-14 (0.040191504845110984)
ENT-07225,CON-033490,Bastien Vincent,People Ops Coordinator,utilisateur,0.030143628633833235,commentaire LinkedIn 05-14 (0.030143628633833235)
ENT-12421,CON-058932,Chloe Dubois,People Ops Manager,champion,4.565674904439016,commentaire LinkedIn 05-14 (0.04019150484511099) · clic email 07-17 (4.525483399593905)
ENT-04774,CON-036224,Benjamin Smit,Chargee de recrutement,utilisateur,0.040191504845110984,clic email 05-14 (0.040191504845110984)
ENT-16673,CON-065770,Lea Moreau,Executive Assistant,bruit,0.0,clic email 05-14 (0.0)
ENT-13594,CON-032153,Laura Lefebvre,Recruiter,utilisateur,0.040191504845110984,clic email 05-14 (0.040191504845110984)
ENT-13594,CON-040770,Maxime Blanc,Office Manager,bruit,0.0,clic email 06-22 (0.0)
ENT-03956,CON-044400,Romain Mercier,Talent Acquisition Specialist,utilisateur,0.16076601938044394,clic email 06-03 (0.16076601938044394)
ENT-03956,CON-020685,Femke Meyer,Responsable Recrutement,champion,0.013397168281703661,like LinkedIn 05-14 (0.013397168281703661)
ENT-09363,CON-053016,Antoine Moreau,Compensation & Benefits Manager,champion,0.053588673126814645,clic email 05-14 (0.053588673126814645)
ENT-14592,CON-003108,Sarah Boyer,,sans_titre,0.03349292070425915,clic email 05-14 (0.03349292070425915)
ENT-12635,CON-076227,Laura Rousseau,HR Assistant,utilisateur,1.2727922061357855,commentaire LinkedIn 07-07 (1.2727922061357855)
ENT-12635,CON-020227,Sarah Meyer,HRBP,champion,0.053588673126814645,clic email 05-14 (0.053588673126814645)
ENT-05473,CON-073311,Antoine Weber,HR Business Partner,champion,0.45358867312681467,clic email 05-14 (0.053588673126814645) · like LinkedIn 07-01 (0.4)
ENT-05473,CON-073313,Nicolas Mercier,HRBP,champion,0.16245047927124712,clic email 05-30 (0.16245047927124712)
ENT-13047,CON-074823,Camille Mercier,People Ops Coordinator,utilisateur,0.030143628633833235,commentaire LinkedIn 05-14 (0.030143628633833235)
ENT-15376,CON-041431,Sarah Meyer,Recruiter,utilisateur,0.010047876211277746,like LinkedIn 05-14 (0.010047876211277746)
ENT-15376,CON-041429,Emma Visser,Office Manager,bruit,0.0,clic email 05-19 (0.0)
ENT-20039,CON-022813,Elise Garcia,People Ops Manager,champion,0.053588673126814645,clic email 05-14 (0.053588673126814645)
ENT-17189,CON-064982,Julien Bernard,Recruiter,utilisateur,0.010047876211277746,like LinkedIn 05-14 (0.010047876211277746)
ENT-10472,CON-034058,Lea Muller,,sans_titre,0.03349292070425915,clic email 05-14 (0.03349292070425915)
ENT-13834,CON-033874,Alexandre Vincent,Responsable Recrutement,champion,0.559479341998814,clic email 05-23 (0.1) · like LinkedIn 07-04 (0.45947934199881396)
ENT-13834,CON-033872,Lucas Michel,HRBP,champion,0.053588673126814645,clic email 05-14 (0.053588673126814645)
ENT-00237,CON-010381,Pablo Visser,People Ops Coordinator,utilisateur,0.4360438780769792,clic email 05-14 (0.040191504845110984) · like LinkedIn 07-06 (0.3958523732318682)
ENT-18243,CON-064096,Antoine Simon,Executive Assistant,bruit,0.0,like LinkedIn 05-14 (0.0)
ENT-13876,CON-004678,Anais Fontaine,Chargee de recrutement,utilisateur,0.1979261866159342,clic email 06-06 (0.1979261866159342)
ENT-13876,CON-004677,Femke Martin,Talent Acquisition Manager,champion,0.053588673126814645,clic email 05-14 (0.053588673126814645)
ENT-16884,CON-053326,Camille Guerin,People Ops Manager,champion,0.053588673126814645,clic email 05-14 (0.053588673126814645)
ENT-16884,CON-053328,Anna Meyer,Executive Assistant,bruit,0.0,commentaire LinkedIn 05-30 (0.0)
ENT-11441,CON-003930,Julien Navarro,Head of Talent Acquisition,buyer,0.0669858414085183,clic email 05-14 (0.0669858414085183)
ENT-02472,CON-000194,Maxime Faure,CEO,buyer,0.0669858414085183,clic email 05-14 (0.0669858414085183)
ENT-07862,CON-036526,Laura Blanc,Responsable Recrutement,champion,0.04019150484511099,commentaire LinkedIn 05-14 (0.04019150484511099)
ENT-05150,CON-007404,Guillaume Leroy,VP Human Resources,buyer,0.0669858414085183,clic email 05-14 (0.0669858414085183)
ENT-01755,CON-073610,Nicolas Guerin,,sans_titre,0.025119690528194363,commentaire LinkedIn 05-14 (0.025119690528194363)
ENT-17697,CON-021533,Pablo Dupont,HR Assistant,utilisateur,0.010047876211277746,like LinkedIn 05-14 (0.010047876211277746)
ENT-12346,CON-029051,Pauline Bonnet,Chargee de recrutement,utilisateur,0.040191504845110984,clic email 05-14 (0.040191504845110984)
ENT-09753,CON-009093,Sanne Dubois,Head of Talent Acquisition,buyer,1.6245047927124712,clic email 06-29 (1.6245047927124712)
ENT-09753,CON-063849,Alexandre Muller,Responsable Recrutement,champion,0.053588673126814645,clic email 05-14 (0.053588673126814645)
ENT-05102,CON-027609,Diego Garnier,People Ops Coordinator,utilisateur,0.0923358310008687,clic email 05-26 (0.0923358310008687)
ENT-05102,CON-011785,Elise Weber,Head of Talent Acquisition,buyer,0.0669858414085183,clic email 05-14 (0.0669858414085183)
ENT-17014,CON-055332,Elena Andre,Head of Talent Acquisition,buyer,0.4665164957684038,clic email 06-11 (0.4665164957684038)
ENT-17014,CON-055331,Jan Faure,,sans_titre,0.03349292070425915,clic email 05-14 (0.03349292070425915)
ENT-13085,CON-035310,Antoine Laurent,,sans_titre,0.03349292070425915,clic email 05-14 (0.03349292070425915)
ENT-18274,CON-066378,Greta Michel,Charge de recrutement,utilisateur,0.030143628633833235,commentaire LinkedIn 05-14 (0.030143628633833235)
ENT-07450,CON-010402,Florian Muller,,sans_titre,0.025119690528194363,commentaire LinkedIn 05-14 (0.025119690528194363)
ENT-14099,CON-000635,Ines Jansen,HR Assistant,utilisateur,0.030143628633833235,commentaire LinkedIn 05-14 (0.030143628633833235)
ENT-03669,CON-059802,Quentin Girard,,sans_titre,0.03847326291702863,like LinkedIn 06-05 (0.03847326291702863)
ENT-03669,CON-059798,Sanne Bernard,Talent Acquisition Specialist,utilisateur,0.030143628633833235,commentaire LinkedIn 05-14 (0.030143628633833235)
ENT-14350,CON-039377,Anna Durand,People Ops Manager,champion,0.45358867312681467,clic email 05-14 (0.053588673126814645) · clic email 06-12 (0.4)
ENT-15850,CON-027486,Nicolas Smit,Talent Acquisition Manager,champion,0.2273574849765597,commentaire LinkedIn 06-08 (0.2273574849765597)
ENT-15850,CON-027485,Emma Fischer,Chief People Officer,buyer,0.0669858414085183,clic email 05-14 (0.0669858414085183)
ENT-00205,CON-034997,Antoine Smit,Charge de recrutement,utilisateur,0.010047876211277746,like LinkedIn 05-14 (0.010047876211277746)
ENT-15487,CON-032325,Jan Rossi,People Ops Coordinator,utilisateur,0.030143628633833235,commentaire LinkedIn 05-14 (0.030143628633833235)
ENT-08972,CON-027294,Alexandre Petit,Charge de recrutement,utilisateur,0.040191504845110984,clic email 05-14 (0.040191504845110984)
ENT-19450,CON-036685,Greta Smit,HR Business Partner,champion,0.053588673126814645,clic email 05-14 (0.053588673126814645)
ENT-09083,CON-032040,Marion Faure,HR Officer,utilisateur,0.010047876211277746,like LinkedIn 05-14 (0.010047876211277746)
ENT-04294,CON-064365,Manon Durand,People Ops Coordinator,utilisateur,0.030143628633833235,commentaire LinkedIn 05-14 (0.030143628633833235)
ENT-06934,CON-011661,Lucas Durand,Head of Talent Acquisition,buyer,0.1824056301596042,clic email 05-14 (0.0669858414085183) · commentaire LinkedIn 05-26 (0.11541978875108588)
ENT-04775,CON-012998,Sophie Chevalier,HR Officer,utilisateur,2.089321351910698,clic email 07-10 (2.089321351910698)
ENT-04775,CON-012999,Pauline Roux,HR Intern,bruit,0.0,clic email 05-14 (0.0)
ENT-18902,CON-026825,Lars Smit,CHRO,buyer,0.0669858414085183,clic email 05-14 (0.0669858414085183)
ENT-02853,CON-034054,Benjamin Dupont,HR Officer,utilisateur,0.040191504845110984,clic email 05-14 (0.040191504845110984)
ENT-08099,CON-025283,Lucas Garnier,COO,buyer,0.0669858414085183,clic email 05-14 (0.0669858414085183)
ENT-13464,CON-053313,Manon Meyer,HR Assistant,utilisateur,2.6023999387209367,commentaire LinkedIn 05-14 (0.030143628633833235) · clic email 07-13 (2.5722563100871034)
ENT-16962,CON-004869,Emil Lefebvre,Executive Assistant,bruit,0.0,clic email 05-14 (0.0)
ENT-07197,CON-025012,Diego Garcia,HR Business Partner,champion,0.053588673126814645,clic email 05-14 (0.053588673126814645)
ENT-06888,CON-005424,Bastien Faure,Talent Acquisition Manager,champion,0.04019150484511099,commentaire LinkedIn 05-14 (0.04019150484511099)
ENT-09001,CON-022416,Sophie Leroy,Recruiter,utilisateur,3.637719759624955,clic email 07-18 (3.637719759624955)
ENT-09001,CON-022415,Elise Serrano,HR Intern,bruit,0.0,clic email 05-14 (0.0)
ENT-15540,CON-027444,Lars Bernard,Recruiter,utilisateur,0.040191504845110984,clic email 05-14 (0.040191504845110984)
ENT-01159,CON-042135,Marta Bernard,Office Manager,bruit,0.0,clic email 05-14 (0.0)
ENT-01159,CON-042134,Guillaume Lambert,Office Manager,bruit,0.0,clic email 06-03 (0.0)
ENT-07765,CON-068210,Julie Chevalier,Compensation & Benefits Manager,champion,0.053588673126814645,clic email 05-14 (0.053588673126814645)
ENT-17968,CON-052361,Pauline Laurent,Talent Acquisition Manager,champion,0.053588673126814645,clic email 05-14 (0.053588673126814645)
ENT-19712,CON-070809,Elise Faure,Responsable Recrutement,champion,0.18660659830736154,clic email 06-01 (0.18660659830736154)
ENT-19712,CON-033450,Sarah Muller,Chief People Officer,buyer,0.0669858414085183,clic email 05-14 (0.0669858414085183)
ENT-07802,CON-063148,Anna Navarro,Head of Talent Acquisition,buyer,0.0669858414085183,clic email 05-14 (0.0669858414085183)
ENT-15175,CON-057099,Felix Andre,Head of People,buyer,0.5669858414085183,clic email 05-14 (0.0669858414085183) · clic email 06-12 (0.5)
ENT-01854,CON-048007,Chloe Visser,Talent Acquisition Manager,champion,0.053588673126814645,clic email 05-14 (0.053588673126814645)
ENT-07162,CON-049947,Sarah Roux,Chargee de recrutement,utilisateur,0.1846716620017374,clic email 06-05 (0.1846716620017374)
ENT-07162,CON-049948,Lucas Muller,Talent Acquisition Specialist,utilisateur,0.04307618831238882,clic email 05-15 (0.04307618831238882)
ENT-19813,CON-030471,Florian Bernard,HR Intern,bruit,0.0,clic email 05-15 (0.0)
ENT-07054,CON-065813,Claire Dubois,Recruiter,utilisateur,0.4673402570243173,clic email 05-15 (0.04307618831238882) · like LinkedIn 07-07 (0.4242640687119285)
ENT-05012,CON-042336,Florian Girard,Charge de recrutement,utilisateur,0.04307618831238882,clic email 05-15 (0.04307618831238882)
ENT-11418,CON-016756,Chloe Smit,HR Intern,bruit,0.0,clic email 05-15 (0.0)
ENT-06524,CON-016623,Julie Lambert,Talent Acquisition Manager,champion,0.05743491774985176,clic email 05-15 (0.05743491774985176)
ENT-18134,CON-047175,Elena Dubois,HR Officer,utilisateur,0.04307618831238882,clic email 05-15 (0.04307618831238882)
ENT-15249,CON-044487,Camille Andre,HR Business Partner,champion,0.05743491774985176,clic email 05-15 (0.05743491774985176)
ENT-10064,CON-070473,Marta Lefebvre,Head of Talent Acquisition,buyer,7.036198153556308,clic email 05-15 (0.0717936471873147) · clic email 07-20 (6.964404506368993)
ENT-08403,CON-062933,Sophie Guerin,CEO,buyer,0.0717936471873147,clic email 05-15 (0.0717936471873147)
ENT-10408,CON-013953,Antoine Rousseau,People Ops Coordinator,utilisateur,0.04307618831238882,clic email 05-15 (0.04307618831238882)
ENT-19233,CON-009737,Bastien Serrano,Chargee de recrutement,utilisateur,0.04307618831238882,clic email 05-15 (0.04307618831238882)
ENT-09596,CON-013002,Marion Rousseau,Charge de recrutement,utilisateur,0.03230714123429161,commentaire LinkedIn 05-15 (0.03230714123429161)
ENT-13859,CON-027069,Marta Ferrari,Directeur RH,buyer,0.053845235390486024,commentaire LinkedIn 05-15 (0.053845235390486024)
ENT-13859,CON-035718,Marion Chevalier,HR Intern,bruit,0.0,like LinkedIn 06-13 (0.0)
ENT-13195,CON-065415,Pablo Girard,Head of Talent Acquisition,buyer,0.0717936471873147,clic email 05-15 (0.0717936471873147)
ENT-03563,CON-068761,Julien Ferrari,Office Manager,bruit,0.0,clic email 05-15 (0.0) · clic email 05-28 (0.0) · clic email 07-09 (0.0)
ENT-07206,CON-026329,Emma Fischer,HR Business Partner,champion,0.05743491774985176,clic email 05-15 (0.05743491774985176)
ENT-06735,CON-010305,Alexandre Mercier,Directrice RH,buyer,0.5683937124413994,commentaire LinkedIn 06-18 (0.5683937124413994)
ENT-06735,CON-010302,Romain Garnier,HR Assistant,utilisateur,0.04307618831238882,clic email 05-15 (0.04307618831238882)
ENT-10375,CON-053592,Greta Serrano,Talent Acquisition Specialist,utilisateur,0.04307618831238882,clic email 05-15 (0.04307618831238882)
ENT-17459,CON-013910,Romain Roux,Chargee de recrutement,utilisateur,0.04307618831238882,clic email 05-15 (0.04307618831238882)
ENT-05447,CON-074965,Maxime Jansen,Chargee de recrutement,utilisateur,0.04307618831238882,clic email 05-15 (0.04307618831238882)
ENT-15639,CON-059962,Jan Rousseau,HR Manager,champion,2.111212657236631,clic email 07-06 (2.111212657236631)
ENT-15639,CON-059964,Bastien Roux,Head of Talent Acquisition,buyer,0.0717936471873147,clic email 05-15 (0.0717936471873147)
ENT-11149,CON-036192,Florian Girard,Executive Assistant,bruit,0.0,commentaire LinkedIn 05-15 (0.0)
ENT-11149,CON-036194,Nora Weber,Office Manager,bruit,0.0,clic email 06-02 (0.0)
ENT-07239,CON-012449,Anais Lambert,HRBP,champion,0.4,clic email 06-12 (0.4)
ENT-07239,CON-012446,Femke Jansen,HR Intern,bruit,0.0,like LinkedIn 05-15 (0.0)
ENT-12659,CON-016322,Emil Garcia,Responsable Recrutement,champion,0.3732131966147231,clic email 06-11 (0.3732131966147231)
ENT-12659,CON-016323,Quentin Leroy,,sans_titre,0.09421138556470782,clic email 05-15 (0.03589682359365735) · clic email 05-22 (0.05831456197105048)
ENT-09916,CON-001437,Lucas Leroy,Chargee de recrutement,utilisateur,0.2530086114081705,clic email 05-15 (0.04307618831238882) · commentaire LinkedIn 06-11 (0.2099324230957817)
ENT-08736,CON-040312,Greta Fontaine,Recruiter,utilisateur,0.3958523732318682,clic email 06-16 (0.3958523732318682)
ENT-08736,CON-040316,Elena Moreau,Responsable Recrutement,champion,0.21435469250725858,clic email 06-03 (0.21435469250725858)
ENT-08736,CON-040313,Anna Leroy,Talent Acquisition Specialist,utilisateur,0.04307618831238882,clic email 05-15 (0.04307618831238882)
ENT-16699,CON-035019,Chloe Garnier,People Ops Coordinator,utilisateur,0.04307618831238882,clic email 05-15 (0.04307618831238882)
ENT-09716,CON-059965,Antoine Visser,Compensation & Benefits Manager,champion,0.01435872943746294,like LinkedIn 05-15 (0.01435872943746294)
ENT-12555,CON-069043,Pauline Rossi,People Ops Coordinator,utilisateur,0.04307618831238882,clic email 05-15 (0.04307618831238882)
ENT-12555,CON-069045,Bastien Meyer,Executive Assistant,bruit,0.0,commentaire LinkedIn 06-01 (0.0)
ENT-10510,CON-013125,Bastien Simon,HR Intern,bruit,0.0,clic email 05-15 (0.0) · clic email 07-06 (0.0)
ENT-10059,CON-010012,Alexandre Blanc,VP People,buyer,0.017948411796828673,like LinkedIn 05-15 (0.017948411796828673)
ENT-09810,CON-070435,Nora Ferrari,Charge de recrutement,utilisateur,0.04307618831238882,clic email 05-15 (0.04307618831238882)
ENT-11745,CON-012321,Pauline Mercier,Chargee de recrutement,utilisateur,4.178642703821396,clic email 07-20 (4.178642703821396)
ENT-11745,CON-062772,Felix Serrano,Office Manager,bruit,0.0,like LinkedIn 05-15 (0.0) · clic email 05-20 (0.0)
ENT-08891,CON-048925,Benjamin Weber,Responsable Recrutement,champion,1.1313708498984762,clic email 06-27 (1.1313708498984762)
ENT-08891,CON-048926,Marta Garnier,Office Manager,bruit,0.0,clic email 05-15 (0.0)
ENT-10188,CON-041285,Femke Boyer,HR Officer,utilisateur,0.04307618831238882,clic email 05-15 (0.04307618831238882)
ENT-03339,CON-075794,Julien Moreau,HR Manager,champion,0.01435872943746294,like LinkedIn 05-15 (0.01435872943746294)
ENT-07676,CON-025947,Jonas Bernard,VP Human Resources,buyer,0.017948411796828673,like LinkedIn 05-15 (0.017948411796828673)
ENT-10707,CON-062828,Thomas Meyer,Recruiter,utilisateur,0.04307618831238882,clic email 05-15 (0.04307618831238882)
ENT-01349,CON-015567,Antoine Muller,HR Officer,utilisateur,0.04307618831238882,clic email 05-15 (0.04307618831238882)
ENT-04071,CON-000808,Thomas Mercier,Executive Assistant,bruit,0.0,like LinkedIn 05-15 (0.0)
ENT-10563,CON-009073,Nora Dubois,HR Officer,utilisateur,0.04307618831238882,clic email 05-15 (0.04307618831238882)
ENT-09152,CON-027515,Nicolas Durand,HR Manager,champion,1.4358729437462938,clic email 05-15 (0.05743491774985176) · commentaire LinkedIn 07-04 (1.3784380259964422)
ENT-14665,CON-018630,Benjamin Vincent,Head of HR Operations,buyer,0.0717936471873147,clic email 05-15 (0.0717936471873147)
ENT-16561,CON-035678,Maxime Meyer,HR Business Partner,champion,0.05743491774985176,clic email 05-15 (0.05743491774985176)
ENT-13459,CON-072318,Lea Visser,Directrice RH,buyer,4.99637130056698,clic email 05-15 (0.0717936471873147) · clic email 07-15 (4.924577653379665)
ENT-14820,CON-065587,Sophie Michel,Head of Talent Acquisition,buyer,0.0717936471873147,clic email 05-15 (0.0717936471873147)
ENT-15828,CON-042788,Alexandre Meyer,HR Officer,utilisateur,0.9094299399062389,clic email 06-28 (0.9094299399062389)
ENT-15828,CON-008578,Emil Martin,People Ops Coordinator,utilisateur,0.04307618831238882,clic email 05-15 (0.04307618831238882)
ENT-15137,CON-016818,Lars Girard,Head of Talent Acquisition,buyer,0.0717936471873147,clic email 05-15 (0.0717936471873147)
ENT-07563,CON-026159,Quentin Smit,Recruiter,utilisateur,0.04307618831238882,clic email 05-15 (0.04307618831238882)
ENT-19101,CON-042631,Elena Meyer,HR Assistant,utilisateur,3.000914507528233,clic email 05-16 (0.04616791550043435) · clic email 07-15 (2.954746592027799)
ENT-19101,CON-042633,Romain Jansen,Chargee de recrutement,utilisateur,0.02153809415619441,like LinkedIn 05-25 (0.02153809415619441)
ENT-19101,CON-042636,Anais Dupont,HR Officer,utilisateur,0.010769047078097204,like LinkedIn 05-15 (0.010769047078097204)
ENT-14499,CON-038886,Emma Rousseau,Executive Assistant,bruit,0.0,like LinkedIn 05-15 (0.0)
ENT-10390,CON-037594,Pablo Visser,People Ops Coordinator,utilisateur,0.04307618831238882,clic email 05-15 (0.04307618831238882)
ENT-04322,CON-014093,Anna Girard,Talent Acquisition Specialist,utilisateur,0.03230714123429161,commentaire LinkedIn 05-15 (0.03230714123429161)
ENT-16857,CON-054460,Nicolas Dubois,,sans_titre,0.03589682359365735,clic email 05-15 (0.03589682359365735)
ENT-05387,CON-010917,Pablo Visser,Head of HR Operations,buyer,0.16322823061802325,commentaire LinkedIn 05-31 (0.16322823061802325)
ENT-05387,CON-056294,Diego Girard,Chargee de recrutement,utilisateur,0.04307618831238882,clic email 05-15 (0.04307618831238882)
ENT-11987,CON-051898,Jonas Mercier,,sans_titre,1.0717734625362931,clic email 07-03 (1.0717734625362931)
ENT-11987,CON-049209,Sanne Andre,HR Intern,bruit,0.0,commentaire LinkedIn 05-15 (0.0) · clic email 05-25 (0.0)
ENT-07695,CON-000849,Romain Rousseau,HR Officer,utilisateur,0.04307618831238882,clic email 05-15 (0.04307618831238882)
ENT-16404,CON-036465,Anais Martin,Head of HR Operations,buyer,0.0717936471873147,clic email 05-15 (0.0717936471873147)
ENT-11920,CON-029068,Vincent Lambert,Directeur RH,buyer,0.0717936471873147,clic email 05-15 (0.0717936471873147)
ENT-19555,CON-072889,Antoine Bernard,Talent Acquisition Manager,champion,0.05743491774985176,clic email 05-15 (0.05743491774985176)
ENT-15271,CON-003407,Claire Dubois,People Ops Manager,champion,0.13747317077195456,like LinkedIn 05-15 (0.01435872943746294) · clic email 05-26 (0.12311444133449162)
ENT-11287,CON-041505,Jonas Petit,HR Assistant,utilisateur,0.2906789445391395,like LinkedIn 05-15 (0.010769047078097204) · clic email 06-11 (0.2799098974610423)
ENT-06251,CON-031483,Romain Dupont,HR Officer,utilisateur,0.04616791550043435,clic email 05-16 (0.04616791550043435)
ENT-10703,CON-010561,Elena Lambert,HR Officer,utilisateur,0.03462593662532576,commentaire LinkedIn 05-16 (0.03462593662532576)
ENT-06127,CON-069201,Claire Martin,Executive Assistant,bruit,0.0,clic email 05-16 (0.0) · like LinkedIn 07-20 (0.0)
ENT-00962,CON-046118,Antoine Jansen,VP Human Resources,buyer,0.05770989437554294,commentaire LinkedIn 05-16 (0.05770989437554294)
ENT-11191,CON-058171,Diego Fontaine,HR Intern,bruit,0.0,clic email 05-16 (0.0) · clic email 05-27 (0.0) · like LinkedIn 07-18 (0.0)
ENT-07808,CON-033938,Jan Fischer,HR Manager,champion,0.06155722066724581,clic email 05-16 (0.06155722066724581)
ENT-01653,CON-043265,Pablo Durand,Talent Acquisition Specialist,utilisateur,0.04616791550043435,clic email 05-16 (0.04616791550043435)
ENT-08084,CON-001044,Benjamin Serrano,Talent Acquisition Specialist,utilisateur,0.011541978875108588,like LinkedIn 05-16 (0.011541978875108588)
ENT-08738,CON-038266,Vincent Fontaine,People Ops Coordinator,utilisateur,1.2183785945343533,clic email 06-09 (0.24367571890687068) · clic email 06-29 (0.9747028756274827)
ENT-08738,CON-038267,Jan Vincent,HR Assistant,utilisateur,0.011541978875108588,like LinkedIn 05-16 (0.011541978875108588)
ENT-11895,CON-047896,Chloe Jansen,Responsable Recrutement,champion,0.06155722066724581,clic email 05-16 (0.06155722066724581)
ENT-06426,CON-049299,Quentin Visser,Chargee de recrutement,utilisateur,0.04616791550043435,clic email 05-16 (0.04616791550043435)
ENT-04272,CON-047156,Greta Lambert,Recruiter,utilisateur,0.03462593662532576,commentaire LinkedIn 05-16 (0.03462593662532576)
ENT-01563,CON-061624,Benjamin Navarro,HRBP,champion,0.12311444133449162,clic email 05-26 (0.12311444133449162)
ENT-01563,CON-066766,Julien Laurent,Executive Assistant,bruit,0.0,clic email 05-16 (0.0)
ENT-00318,CON-061376,Julie Fournier,HR Intern,bruit,0.0,clic email 05-16 (0.0)
ENT-04237,CON-001453,Lucas Vincent,HR Officer,utilisateur,0.04616791550043435,clic email 05-16 (0.04616791550043435)
ENT-12424,CON-030223,Sanne Bernard,Recruiter,utilisateur,0.04616791550043435,clic email 05-16 (0.04616791550043435)
ENT-17173,CON-001723,Benjamin Michel,Office Manager,bruit,0.0,clic email 05-16 (0.0)
ENT-04339,CON-043443,Florian Lefebvre,Charge de recrutement,utilisateur,0.04616791550043435,clic email 05-16 (0.04616791550043435)
ENT-14503,CON-036623,Benjamin Dubois,CEO,buyer,4.950460903971471,clic email 05-16 (0.07694652583405726) · commentaire LinkedIn 07-19 (4.873514378137413)
ENT-18388,CON-076206,Camille Lefebvre,People Ops Coordinator,utilisateur,2.2622278595212832,clic email 05-16 (0.04616791550043435) · commentaire LinkedIn 07-15 (2.216059944020849)
ENT-09947,CON-009828,Maxime Michel,Chargee de recrutement,utilisateur,0.04616791550043435,clic email 05-16 (0.04616791550043435)
ENT-02156,CON-001583,Bastien Weber,Executive Assistant,bruit,0.0,clic email 05-16 (0.0) · clic email 05-26 (0.0)
ENT-08645,CON-045049,Nicolas Navarro,Compensation & Benefits Manager,champion,0.06155722066724581,clic email 05-16 (0.06155722066724581)
ENT-16173,CON-007125,Lea Weber,HR Intern,bruit,0.0,clic email 05-16 (0.0)
ENT-15960,CON-004088,Elena Chevalier,Charge de recrutement,utilisateur,0.15,like LinkedIn 06-22 (0.15)
ENT-15960,CON-060258,Anais Leroy,COO,buyer,0.05770989437554294,commentaire LinkedIn 05-16 (0.05770989437554294)
ENT-04019,CON-048941,Chloe Roux,Charge de recrutement,utilisateur,0.04616791550043435,clic email 05-16 (0.04616791550043435)
ENT-07517,CON-072903,Elena Rousseau,,sans_titre,0.435275281648062,clic email 06-20 (0.435275281648062)
ENT-07517,CON-072902,Felix Bonnet,Office Manager,bruit,0.0,clic email 05-16 (0.0)
ENT-00220,CON-049955,Pablo Jansen,People Ops Coordinator,utilisateur,0.18462593662532575,commentaire LinkedIn 05-16 (0.03462593662532576) · clic email 06-02 (0.15)
ENT-06036,CON-062490,Pauline Garnier,,sans_titre,0.03847326291702863,clic email 05-16 (0.03847326291702863)
ENT-14303,CON-054611,Femke Laurent,Charge de recrutement,utilisateur,0.03462593662532576,commentaire LinkedIn 05-16 (0.03462593662532576)
ENT-16478,CON-012132,Hugo Michel,HRBP,champion,0.06155722066724581,clic email 05-16 (0.06155722066724581)
ENT-02091,CON-066620,Sarah Lambert,Office Manager,bruit,0.0,clic email 05-16 (0.0)
ENT-06427,CON-034543,Diego Leroy,HR Business Partner,champion,0.06155722066724581,clic email 05-16 (0.06155722066724581)
ENT-12707,CON-020547,Hugo Dubois,Executive Assistant,bruit,0.0,clic email 05-16 (0.0)
ENT-10148,CON-020105,Hugo Jansen,HR Director,buyer,0.25,clic email 06-02 (0.25)
ENT-10148,CON-044007,Pauline Dupont,Talent Acquisition Manager,champion,0.06155722066724581,clic email 05-16 (0.06155722066724581)
ENT-10743,CON-065005,Marion Navarro,Head of Talent Acquisition,buyer,0.07694652583405726,clic email 05-16 (0.07694652583405726)
ENT-00861,CON-012484,Emma Weber,Recruiter,utilisateur,0.04616791550043435,clic email 05-16 (0.04616791550043435)
ENT-00300,CON-038588,Antoine Fournier,Compensation & Benefits Manager,champion,3.261557220667246,clic email 05-16 (0.06155722066724581) · clic email 07-12 (3.2)
ENT-00300,CON-058306,Romain Guerin,Chargee de recrutement,utilisateur,1.8188598798124778,clic email 07-08 (1.8188598798124778)
ENT-15433,CON-059130,Marta Fontaine,Directeur RH,buyer,0.10153154954452945,clic email 05-20 (0.10153154954452945)
ENT-15433,CON-059129,Pauline Fournier,Talent Acquisition Specialist,utilisateur,0.011541978875108588,like LinkedIn 05-16 (0.011541978875108588)
ENT-15433,CON-059128,Guillaume Girard,Office Manager,bruit,0.0,clic email 06-13 (0.0)
ENT-17507,CON-068470,Laura Girard,Talent Acquisition Manager,champion,0.06155722066724581,clic email 05-16 (0.06155722066724581)
ENT-02816,CON-054641,Romain Smit,Charge de recrutement,utilisateur,0.03462593662532576,commentaire LinkedIn 05-16 (0.03462593662532576)
ENT-09480,CON-019246,Elise Visser,Talent Acquisition Specialist,utilisateur,0.33467166200173737,clic email 06-02 (0.15) · like LinkedIn 06-25 (0.1846716620017374)
ENT-09480,CON-016543,Pauline Jansen,,sans_titre,0.25,like LinkedIn 07-02 (0.25)
ENT-09480,CON-019244,Anais Faure,Head of Talent Acquisition,buyer,0.07694652583405726,clic email 05-16 (0.07694652583405726)
ENT-09829,CON-008895,Florian Fournier,HR Assistant,utilisateur,0.011541978875108588,like LinkedIn 05-16 (0.011541978875108588)
ENT-06132,CON-048936,Pauline Martin,Compensation & Benefits Manager,champion,0.015389305166811452,like LinkedIn 05-16 (0.015389305166811452)
ENT-02310,CON-005272,Lea Moreau,Head of People,buyer,0.019236631458514314,like LinkedIn 05-16 (0.019236631458514314)
ENT-13967,CON-029981,Jan Blanc,Charge de recrutement,utilisateur,0.04616791550043435,clic email 05-16 (0.04616791550043435)
ENT-18427,CON-017889,Lars Muller,CEO,buyer,0.07694652583405726,clic email 05-16 (0.07694652583405726)
ENT-15839,CON-056161,Vincent Petit,People Ops Manager,champion,0.06155722066724581,clic email 05-16 (0.06155722066724581)
ENT-09496,CON-013645,Marta Meyer,Executive Assistant,bruit,0.0,clic email 05-16 (0.0)
ENT-09496,CON-013644,Benjamin Simon,HR Intern,bruit,0.0,commentaire LinkedIn 05-18 (0.0)
ENT-15395,CON-026079,Lars Andre,Head of HR Operations,buyer,0.5358867312681466,like LinkedIn 07-03 (0.5358867312681466)
ENT-15395,CON-043870,Femke Meyer,Compensation & Benefits Manager,champion,0.04616791550043436,commentaire LinkedIn 05-16 (0.04616791550043436)
ENT-17548,CON-008002,Marta Durand,Executive Assistant,bruit,0.0,clic email 05-16 (0.0)
ENT-06765,CON-023832,Pauline Meyer,Responsable Recrutement,champion,0.06155722066724581,clic email 05-16 (0.06155722066724581)
ENT-12778,CON-006082,Anais Martin,HR Business Partner,champion,0.06155722066724581,clic email 05-16 (0.06155722066724581)
ENT-05768,CON-066199,Sophie Meyer,Talent Acquisition Specialist,utilisateur,0.3676999542613223,clic email 05-16 (0.04616791550043435) · clic email 06-13 (0.32153203876088793)
ENT-05768,CON-066197,Alexandre Chevalier,HR Intern,bruit,0.0,clic email 07-02 (0.0)
ENT-14376,CON-051663,Chloe Weber,Charge de recrutement,utilisateur,0.04616791550043435,clic email 05-16 (0.04616791550043435)
ENT-09914,CON-016832,Benjamin Garcia,Office Manager,bruit,0.0,like LinkedIn 05-16 (0.0)
ENT-08051,CON-002309,Quentin Lambert,People Ops Manager,champion,0.5656854249492381,clic email 06-17 (0.5656854249492381)
ENT-08051,CON-039391,Pauline Petit,HR Assistant,utilisateur,0.011541978875108588,like LinkedIn 05-16 (0.011541978875108588)
ENT-18429,CON-019991,Florian Lambert,Executive Assistant,bruit,0.0,like LinkedIn 05-16 (0.0)
ENT-07994,CON-037876,Elise Visser,Talent Acquisition Specialist,utilisateur,0.04616791550043435,clic email 05-16 (0.04616791550043435)
ENT-09714,CON-005752,Femke Weber,Talent Acquisition Manager,champion,0.06155722066724581,clic email 05-16 (0.06155722066724581)
ENT-13795,CON-027491,Florian Girard,HR Business Partner,champion,0.06155722066724581,clic email 05-16 (0.06155722066724581)
ENT-13892,CON-010035,Florian Roux,People Ops Coordinator,utilisateur,0.04616791550043435,clic email 05-16 (0.04616791550043435)
ENT-14860,CON-023913,Lars Girard,People Ops Coordinator,utilisateur,0.04616791550043435,clic email 05-16 (0.04616791550043435)
ENT-07149,CON-007788,Lea Blanc,HR Manager,champion,0.06155722066724581,clic email 05-16 (0.06155722066724581)
ENT-15432,CON-013190,Chloe Fischer,CHRO,buyer,0.07694652583405726,clic email 05-16 (0.07694652583405726)
ENT-02937,CON-035462,Lars Lefebvre,Recruiter,utilisateur,0.04616791550043435,clic email 05-16 (0.04616791550043435)
ENT-04851,CON-074844,Emma Fischer,Head of HR Operations,buyer,0.07694652583405726,clic email 05-16 (0.07694652583405726)
ENT-04851,CON-074843,Marta Fournier,HRBP,champion,0.06597539553864473,clic email 05-17 (0.06597539553864473)
ENT-01674,CON-051494,Guillaume Fontaine,Recruiter,utilisateur,0.04616791550043435,clic email 05-16 (0.04616791550043435)
ENT-19211,CON-063539,Benjamin Muller,Office Manager,bruit,0.0,clic email 05-16 (0.0)
ENT-12086,CON-016117,Julie Vincent,VP Human Resources,buyer,1.0769465258340571,clic email 05-16 (0.07694652583405726) · clic email 06-22 (1.0)
ENT-09727,CON-006203,Pauline Garcia,HR Intern,bruit,0.0,clic email 05-16 (0.0)
ENT-05116,CON-061802,Marion Fontaine,Chargee de recrutement,utilisateur,0.23415320865572095,clic email 05-17 (0.04948154665398355) · like LinkedIn 06-25 (0.1846716620017374)
ENT-10017,CON-044859,Sophie Visser,People Ops Manager,champion,0.06597539553864473,clic email 05-17 (0.06597539553864473)
ENT-14569,CON-023379,Anna Dupont,People Ops Manager,champion,0.049481546653983556,commentaire LinkedIn 05-17 (0.049481546653983556)
ENT-10242,CON-074534,Marta Smit,Charge de recrutement,utilisateur,0.04948154665398355,clic email 05-17 (0.04948154665398355)
ENT-15547,CON-038086,Pauline Jansen,Compensation & Benefits Manager,champion,0.06597539553864473,clic email 05-17 (0.06597539553864473)
ENT-19080,CON-047308,Elena Garnier,HRBP,champion,0.06597539553864473,clic email 05-17 (0.06597539553864473)
ENT-14720,CON-073722,Julien Vincent,Office Manager,bruit,0.0,clic email 05-17 (0.0)
ENT-06555,CON-039613,Femke Visser,,sans_titre,1.0412346222116529,clic email 05-17 (0.04123462221165296) · clic email 07-01 (1.0)
ENT-16487,CON-001832,Benjamin Simon,Head of Talent Acquisition,buyer,0.061851933317479436,commentaire LinkedIn 05-17 (0.061851933317479436)
ENT-16130,CON-002361,Chloe Bonnet,CEO,buyer,0.4123462221165296,clic email 05-17 (0.08246924442330592) · clic email 06-06 (0.32987697769322366)
ENT-11135,CON-049669,Bastien Girard,Recruiter,utilisateur,0.15894901944392298,commentaire LinkedIn 05-17 (0.037111159990487655) · clic email 05-30 (0.12183785945343534)
ENT-17562,CON-012882,Bastien Bernard,Chargee de recrutement,utilisateur,0.04948154665398355,clic email 05-17 (0.04948154665398355)
ENT-04555,CON-041771,Ines Chevalier,Charge de recrutement,utilisateur,0.012370386663495887,like LinkedIn 05-17 (0.012370386663495887)
ENT-19355,CON-011080,Vincent Simon,Talent Acquisition Specialist,utilisateur,0.04948154665398355,clic email 05-17 (0.04948154665398355)
ENT-05619,CON-025022,Felix Serrano,Chargee de recrutement,utilisateur,1.1875571196956047,commentaire LinkedIn 07-06 (1.1875571196956047)
ENT-05619,CON-025026,Sarah Roux,HR Director,buyer,0.08246924442330592,clic email 05-17 (0.08246924442330592)
ENT-04424,CON-049225,Diego Andre,Charge de recrutement,utilisateur,0.04948154665398355,clic email 05-17 (0.04948154665398355)
ENT-04526,CON-061284,Florian Bernard,HR Officer,utilisateur,1.2727922061357855,commentaire LinkedIn 07-07 (1.2727922061357855)
ENT-04526,CON-041933,Margaux Girard,Office Manager,bruit,0.0,clic email 05-17 (0.0)
ENT-14137,CON-012630,Margaux Mercier,Talent Acquisition Manager,champion,0.06597539553864473,clic email 05-17 (0.06597539553864473)
ENT-16184,CON-050541,Anais Andre,Chief People Officer,buyer,0.02061731110582648,like LinkedIn 05-17 (0.02061731110582648)
ENT-13056,CON-005452,Nora Petit,HR Officer,utilisateur,0.04948154665398355,clic email 05-17 (0.04948154665398355)
ENT-13056,CON-005450,Sarah Roux,HR Intern,bruit,0.0,clic email 05-29 (0.0)
ENT-01778,CON-046990,Chloe Bonnet,HR Director,buyer,4.5947934199881395,clic email 07-14 (4.5947934199881395)
ENT-01778,CON-046989,Guillaume Blanc,Responsable Recrutement,champion,0.06597539553864473,clic email 05-17 (0.06597539553864473)
ENT-17106,CON-012969,Pauline Vincent,Chargee de recrutement,utilisateur,0.04948154665398355,clic email 05-17 (0.04948154665398355)
ENT-10573,CON-053699,Femke Guerin,Head of HR Operations,buyer,4.677262664411446,clic email 05-17 (0.08246924442330592) · clic email 07-14 (4.5947934199881395)
ENT-12283,CON-064152,Laura Martin,,sans_titre,0.030925966658739718,commentaire LinkedIn 05-17 (0.030925966658739718)
ENT-18244,CON-055889,Marion Meyer,Recruiter,utilisateur,0.19948154665398354,clic email 05-17 (0.04948154665398355) · clic email 06-02 (0.15)
ENT-19270,CON-040281,Nicolas Blanc,People Ops Manager,champion,0.06597539553864473,clic email 05-17 (0.06597539553864473)
ENT-03440,CON-019119,Anna Bonnet,HR Officer,utilisateur,0.04948154665398355,clic email 05-17 (0.04948154665398355)
ENT-19933,CON-004549,Julien Garnier,Recruiter,utilisateur,1.7999999999999998,clic email 06-22 (0.6) · clic email 07-02 (1.2)
ENT-19933,CON-004551,Anna Blanc,HR Intern,bruit,0.0,commentaire LinkedIn 05-17 (0.0)
ENT-06982,CON-010901,Florian Fontaine,Executive Assistant,bruit,0.0,clic email 05-17 (0.0)
ENT-01146,CON-012422,Julie Dupont,Talent Acquisition Specialist,utilisateur,0.04948154665398355,clic email 05-17 (0.04948154665398355)
ENT-06806,CON-051449,Pauline Petit,CHRO,buyer,0.08246924442330592,clic email 05-17 (0.08246924442330592)
ENT-18840,CON-009019,Greta Laurent,Executive Assistant,bruit,0.0,clic email 05-17 (0.0)
ENT-07220,CON-041715,Quentin Laurent,HR Assistant,utilisateur,0.16076601938044394,clic email 06-03 (0.16076601938044394)
ENT-07220,CON-041712,Pablo Guerin,HR Intern,bruit,0.0,clic email 05-17 (0.0)
ENT-18241,CON-040767,Elise Jansen,Head of Talent Acquisition,buyer,4.369563094568479,clic email 05-17 (0.08246924442330592) · clic email 07-13 (4.2870938501451725)
ENT-04427,CON-014619,Diego Ferrari,People Ops Coordinator,utilisateur,1.514484456004387,commentaire LinkedIn 05-17 (0.037111159990487655) · clic email 07-05 (1.4773732960138994)
ENT-04427,CON-014618,Anais Rossi,Chargee de recrutement,utilisateur,0.9879611277747304,like LinkedIn 05-18 (0.013258252147247766) · clic email 06-29 (0.9747028756274827)
ENT-07564,CON-025324,Greta Blanc,People Ops Coordinator,utilisateur,0.04948154665398355,clic email 05-17 (0.04948154665398355)
ENT-12942,CON-010924,Lea Boyer,COO,buyer,0.2332582478842019,clic email 06-01 (0.2332582478842019)
ENT-12942,CON-074332,Pierre Fontaine,HRBP,champion,0.12311444133449162,clic email 05-26 (0.12311444133449162)
ENT-12942,CON-010923,Guillaume Simon,Recruiter,utilisateur,0.04948154665398355,clic email 05-17 (0.04948154665398355)
ENT-04485,CON-054941,Camille Jansen,HR Assistant,utilisateur,0.4082227598953641,like LinkedIn 05-17 (0.012370386663495887) · clic email 06-16 (0.3958523732318682)
ENT-00587,CON-006440,Laura Moreau,Charge de recrutement,utilisateur,0.5598197949220844,clic email 06-21 (0.5598197949220844)
ENT-00587,CON-006442,Florian Garnier,HR Officer,utilisateur,0.04948154665398355,clic email 05-17 (0.04948154665398355)
ENT-08517,CON-071240,Ines Moreau,People Ops Manager,champion,0.06597539553864473,clic email 05-17 (0.06597539553864473)
ENT-17637,CON-008733,Antoine Chevalier,HR Assistant,utilisateur,0.04948154665398355,clic email 05-17 (0.04948154665398355)
ENT-09659,CON-011487,Marion Durand,,sans_titre,0.030925966658739718,commentaire LinkedIn 05-17 (0.030925966658739718)
ENT-11708,CON-050637,Antoine Jansen,HR Assistant,utilisateur,0.04948154665398355,clic email 05-17 (0.04948154665398355)
ENT-00478,CON-069740,Nicolas Navarro,COO,buyer,0.061851933317479436,commentaire LinkedIn 05-17 (0.061851933317479436)
ENT-12592,CON-072264,Benjamin Lambert,Charge de recrutement,utilisateur,1.3784380259964417,clic email 07-04 (1.3784380259964417)
ENT-12592,CON-072263,Benjamin Visser,Recruiter,utilisateur,0.04948154665398355,clic email 05-17 (0.04948154665398355)
ENT-04894,CON-017573,Guillaume Garcia,HR Assistant,utilisateur,0.04948154665398355,clic email 05-17 (0.04948154665398355)
ENT-00339,CON-025538,Benjamin Fournier,,sans_titre,0.7483414033982005,clic email 05-17 (0.04123462221165296) · like LinkedIn 07-17 (0.7071067811865476)
ENT-14829,CON-046116,Manon Jansen,Responsable Recrutement,champion,0.06597539553864473,clic email 05-17 (0.06597539553864473)
ENT-11277,CON-044742,Manon Andre,HR Officer,utilisateur,0.04948154665398355,clic email 05-17 (0.04948154665398355)
ENT-20398,CON-062686,Femke Fischer,People Ops Coordinator,utilisateur,0.012370386663495887,like LinkedIn 05-17 (0.012370386663495887)
ENT-08938,CON-050118,Ines Andre,HRBP,champion,3.265975395538645,clic email 05-17 (0.06597539553864473) · clic email 07-12 (3.2)
ENT-08938,CON-069686,Pablo Visser,HR Officer,utilisateur,0.43080487060751527,clic email 05-21 (0.0652912922472093) · commentaire LinkedIn 06-19 (0.36551357836030596)
ENT-14464,CON-065366,Hugo Chevalier,,sans_titre,0.04123462221165296,clic email 05-17 (0.04123462221165296)
ENT-00280,CON-010258,Maxime Serrano,Charge de recrutement,utilisateur,3.2163005325089293,clic email 05-17 (0.04948154665398355) · clic email 07-16 (3.166818985854946)
ENT-06643,CON-003956,Antoine Garcia,People Ops Coordinator,utilisateur,0.04948154665398355,clic email 05-17 (0.04948154665398355)
ENT-13407,CON-054768,Romain Faure,HR Intern,bruit,0.0,clic email 05-17 (0.0) · clic email 05-23 (0.0)
ENT-00386,CON-004953,Greta Vincent,Compensation & Benefits Manager,champion,0.06597539553864473,clic email 05-17 (0.06597539553864473)
ENT-11323,CON-011052,Hugo Bernard,Head of Talent Acquisition,buyer,0.02061731110582648,like LinkedIn 05-17 (0.02061731110582648)
ENT-11177,CON-025778,Bastien Durand,HRBP,champion,0.06597539553864473,clic email 05-17 (0.06597539553864473)
ENT-06051,CON-022601,Greta Lambert,People Ops Coordinator,utilisateur,0.04948154665398355,clic email 05-17 (0.04948154665398355)
ENT-09446,CON-073480,Quentin Meyer,HR Intern,bruit,0.0,clic email 05-17 (0.0)
ENT-05246,CON-020278,Felix Muller,Office Manager,bruit,0.0,clic email 05-17 (0.0)
ENT-04218,CON-058905,Anna Roux,HR Intern,bruit,0.0,clic email 05-17 (0.0)
ENT-03084,CON-061988,Laura Leroy,Talent Acquisition Specialist,utilisateur,1.2923358310008686,clic email 05-26 (0.0923358310008687) · clic email 07-02 (1.2)
ENT-03084,CON-024605,Chloe Rossi,Head of HR Operations,buyer,0.08246924442330592,clic email 05-17 (0.08246924442330592)
ENT-04403,CON-026894,Manon Roux,Head of HR Operations,buyer,0.08246924442330592,clic email 05-17 (0.08246924442330592)
ENT-13232,CON-035464,Alexandre Girard,VP Human Resources,buyer,54.84791645037726,/demo 07-10 (4.352752816480621) · formulaire 07-17 (31.181455134911875) · clic email 07-17 (5.656854249492381) · clic email 07-17 (5.656854249492381) · clic email 07-22 (8.0)
ENT-13232,CON-035465,Felix Moreau,Responsable Recrutement,champion,15.27425007267042,clic email 07-14 (3.6758347359905117) · clic email 07-19 (5.198415336679908) · clic email 07-22 (6.4)
ENT-13232,CON-040646,Femke Fischer,HR Assistant,utilisateur,0.12057451453533294,commentaire LinkedIn 06-03 (0.12057451453533294)
ENT-13232,CON-035463,Nicolas Andre,Office Manager,bruit,0.0,like LinkedIn 05-17 (0.0) · clic email 07-15 (0.0) · /pricing 07-17 (0.0) · clic email 07-22 (0.0)
ENT-14126,CON-024879,Thomas Lefebvre,Head of Talent Acquisition,buyer,3.0824692444233057,clic email 05-17 (0.08246924442330592) · commentaire LinkedIn 07-12 (3.0)
ENT-02609,CON-019898,Anna Ferrari,Chargee de recrutement,utilisateur,0.012370386663495887,like LinkedIn 05-17 (0.012370386663495887)
ENT-15461,CON-028700,Florian Lefebvre,Responsable Recrutement,champion,3.027917053354471,clic email 06-13 (0.4287093850145173) · clic email 07-09 (2.599207668339954)
ENT-15461,CON-028702,Ines Fournier,Charge de recrutement,utilisateur,0.41882487065745844,clic email 05-17 (0.04948154665398355) · like LinkedIn 07-05 (0.36934332400347486)
ENT-02713,CON-042527,Camille Michel,Executive Assistant,bruit,0.0,commentaire LinkedIn 05-17 (0.0)
ENT-15776,CON-039822,Thomas Garcia,HR Assistant,utilisateur,0.04948154665398355,clic email 05-17 (0.04948154665398355)
ENT-00054,CON-025888,Claire Visser,Chargee de recrutement,utilisateur,0.3,like LinkedIn 07-02 (0.3)
ENT-00054,CON-043540,Bastien Durand,HR Intern,bruit,0.0,clic email 05-17 (0.0) · like LinkedIn 07-06 (0.0) · clic email 07-13 (0.0)
ENT-05988,CON-000720,Laura Rossi,HR Intern,bruit,0.0,clic email 05-17 (0.0)
ENT-11730,CON-045158,Greta Fournier,HR Manager,champion,0.06597539553864473,clic email 05-17 (0.06597539553864473)
ENT-07797,CON-014683,Femke Muller,People Ops Manager,champion,1.8379173679952558,clic email 07-04 (1.8379173679952558)
ENT-07797,CON-031500,Elise Rousseau,Responsable Recrutement,champion,0.06597539553864473,clic email 05-17 (0.06597539553864473)
ENT-11720,CON-067550,Sophie Meyer,Talent Acquisition Manager,champion,0.5278031643091577,like LinkedIn 07-06 (0.5278031643091577)
ENT-11720,CON-067553,Bastien Lambert,HRBP,champion,0.05303300858899108,commentaire LinkedIn 05-18 (0.05303300858899108)
ENT-06881,CON-031687,Hugo Dubois,Executive Assistant,bruit,0.0,clic email 05-18 (0.0) · commentaire LinkedIn 06-13 (0.0)
ENT-11489,CON-000427,Pierre Dubois,Office Manager,bruit,0.0,clic email 05-18 (0.0)
ENT-19361,CON-031488,Marion Fischer,Talent Acquisition Manager,champion,0.07071067811865477,clic email 05-18 (0.07071067811865477)
ENT-16803,CON-014693,Diego Andre,HRBP,champion,0.07071067811865477,clic email 05-18 (0.07071067811865477)
ENT-13365,CON-036695,Sarah Muller,People Ops Coordinator,utilisateur,0.053033008588991064,clic email 05-18 (0.053033008588991064)
ENT-18624,CON-032443,Laura Blanc,Responsable Recrutement,champion,0.07071067811865477,clic email 05-18 (0.07071067811865477)
ENT-14449,CON-055465,Pablo Smit,Charge de recrutement,utilisateur,0.053033008588991064,clic email 05-18 (0.053033008588991064)
ENT-13171,CON-052973,Bastien Petit,Office Manager,bruit,0.0,clic email 05-18 (0.0)
ENT-13171,CON-012981,Greta Garcia,Executive Assistant,bruit,0.0,clic email 07-07 (0.0)
ENT-10806,CON-029803,Chloe Garnier,Recruiter,utilisateur,0.22533776183854634,clic email 05-18 (0.053033008588991064) · like LinkedIn 06-24 (0.17230475324955527)
ENT-20091,CON-045686,Sophie Fontaine,Talent Acquisition Manager,champion,0.07071067811865477,clic email 05-18 (0.07071067811865477)
ENT-14403,CON-039127,Alexandre Laurent,Office Manager,bruit,0.0,clic email 05-18 (0.0)
ENT-07918,CON-017391,Greta Bernard,HR Manager,champion,0.16021035484262036,commentaire LinkedIn 05-18 (0.05303300858899108) · clic email 05-24 (0.10717734625362929)
ENT-02951,CON-048789,Lea Dupont,HR Assistant,utilisateur,0.053033008588991064,clic email 05-18 (0.053033008588991064)
ENT-00131,CON-008231,Julien Visser,Chargee de recrutement,utilisateur,0.053033008588991064,clic email 05-18 (0.053033008588991064)
ENT-07403,CON-058776,Thomas Mercier,Charge de recrutement,utilisateur,3.447145558284419,clic email 05-18 (0.053033008588991064) · clic email 07-17 (3.394112549695428)
ENT-12226,CON-024441,Pierre Visser,Responsable Recrutement,champion,0.07071067811865477,clic email 05-18 (0.07071067811865477)
ENT-05507,CON-069336,Nicolas Rossi,HR Assistant,utilisateur,0.053033008588991064,clic email 05-18 (0.053033008588991064)
ENT-01254,CON-024650,Romain Jansen,Head of People,buyer,0.2679433656340732,clic email 06-03 (0.2679433656340732)
ENT-01254,CON-060165,Emil Leroy,Head of Talent Acquisition,buyer,0.25,like LinkedIn 06-22 (0.25)
ENT-01254,CON-024649,Nora Boyer,HR Intern,bruit,0.0,clic email 05-18 (0.0)
ENT-19593,CON-056046,Emil Garcia,HR Officer,utilisateur,1.253033008588991,clic email 05-18 (0.053033008588991064) · clic email 07-02 (1.2)
ENT-00948,CON-056084,Femke Mercier,HR Officer,utilisateur,0.039774756441743296,commentaire LinkedIn 05-18 (0.039774756441743296)
ENT-08751,CON-057336,Pauline Michel,HR Manager,champion,0.07071067811865477,clic email 05-18 (0.07071067811865477)
ENT-02460,CON-040791,Pierre Guerin,HR Officer,utilisateur,0.053033008588991064,clic email 05-18 (0.053033008588991064)
ENT-00616,CON-011919,Hugo Durand,CEO,buyer,0.7071067811865476,clic email 06-17 (0.7071067811865476)
ENT-00616,CON-074750,Emma Muller,Talent Acquisition Specialist,utilisateur,0.013258252147247766,like LinkedIn 05-18 (0.013258252147247766)
ENT-09608,CON-051917,Pablo Roux,Directrice RH,buyer,0.08838834764831845,clic email 05-18 (0.08838834764831845)
ENT-10405,CON-020657,Pauline Vincent,People Ops Manager,champion,0.05303300858899108,commentaire LinkedIn 05-18 (0.05303300858899108)
ENT-08865,CON-025205,Antoine Rossi,Recruiter,utilisateur,0.1929879573195122,clic email 05-18 (0.053033008588991064) · clic email 06-01 (0.13995494873052114)
ENT-12039,CON-051256,Nora Dupont,,sans_titre,0.04419417382415922,clic email 05-18 (0.04419417382415922)
ENT-05203,CON-042821,Sanne Lambert,Compensation & Benefits Manager,champion,0.01767766952966369,like LinkedIn 05-18 (0.01767766952966369)
ENT-01724,CON-047708,Emma Jansen,Charge de recrutement,utilisateur,0.053033008588991064,clic email 05-18 (0.053033008588991064)
ENT-13332,CON-006643,Benjamin Durand,Charge de recrutement,utilisateur,0.10606601717798213,clic email 05-28 (0.10606601717798213)
ENT-13332,CON-006644,Sophie Moreau,CHRO,buyer,0.08838834764831845,clic email 05-18 (0.08838834764831845)
ENT-16193,CON-056511,Ines Smit,Chargee de recrutement,utilisateur,0.053033008588991064,clic email 05-18 (0.053033008588991064)
ENT-08699,CON-002669,Marta Leroy,Talent Acquisition Specialist,utilisateur,0.09280776503073436,clic email 05-18 (0.053033008588991064) · commentaire LinkedIn 05-18 (0.039774756441743296)
ENT-01201,CON-017410,Sarah Dubois,Recruiter,utilisateur,0.013258252147247766,like LinkedIn 05-18 (0.013258252147247766)
ENT-19221,CON-057404,Diego Faure,Head of People,buyer,0.08838834764831845,clic email 05-18 (0.08838834764831845)
ENT-02700,CON-009748,Greta Meyer,HR Intern,bruit,0.0,clic email 05-18 (0.0)
ENT-13792,CON-056935,Emil Leroy,HR Business Partner,champion,0.07071067811865477,clic email 05-18 (0.07071067811865477)
ENT-00370,CON-065712,Margaux Bonnet,CHRO,buyer,0.08838834764831845,clic email 05-18 (0.08838834764831845)
ENT-12192,CON-035359,Diego Leroy,People Ops Coordinator,utilisateur,0.053033008588991064,clic email 05-18 (0.053033008588991064)
ENT-00775,CON-002642,Lars Garnier,HR Officer,utilisateur,0.053033008588991064,clic email 05-18 (0.053033008588991064)
ENT-09868,CON-021339,Jonas Vincent,Talent Acquisition Manager,champion,0.07071067811865477,clic email 05-18 (0.07071067811865477)
ENT-07736,CON-011744,Anna Bernard,Executive Assistant,bruit,0.0,clic email 05-18 (0.0) · like LinkedIn 06-19 (0.0)
ENT-07881,CON-061250,Diego Girard,People Ops Manager,champion,0.07071067811865477,clic email 05-18 (0.07071067811865477)
ENT-04798,CON-011328,Claire Dupont,Chief People Officer,buyer,5.656854249492381,clic email 07-17 (5.656854249492381)
ENT-04798,CON-011329,Julien Girard,Head of People,buyer,0.08838834764831845,clic email 05-18 (0.08838834764831845)
ENT-20004,CON-060687,Maxime Faure,People Ops Manager,champion,0.07071067811865477,clic email 05-18 (0.07071067811865477)
ENT-14604,CON-070326,Anna Chevalier,Chargee de recrutement,utilisateur,0.053033008588991064,clic email 05-18 (0.053033008588991064)
ENT-12892,CON-043740,Marta Vincent,,sans_titre,0.18946457081379972,clic email 06-08 (0.18946457081379972)
ENT-12892,CON-043738,Ines Martin,HR Manager,champion,0.07071067811865477,clic email 05-18 (0.07071067811865477)
ENT-13458,CON-032594,Pauline Fournier,HRBP,champion,0.07071067811865477,clic email 05-18 (0.07071067811865477)
ENT-07257,CON-039901,Bastien Mercier,Office Manager,bruit,0.0,commentaire LinkedIn 05-18 (0.0)
ENT-00007,CON-027260,Marion Vincent,People Ops Coordinator,utilisateur,0.053033008588991064,clic email 05-18 (0.053033008588991064)
ENT-12183,CON-018631,Emil Jansen,VP People,buyer,0.08838834764831845,clic email 05-18 (0.08838834764831845)
ENT-00835,CON-015582,Alexandre Meyer,Executive Assistant,bruit,0.0,clic email 05-18 (0.0)
ENT-02146,CON-053554,Lars Laurent,Executive Assistant,bruit,0.0,clic email 05-18 (0.0)
ENT-02351,CON-063846,Antoine Fontaine,Charge de recrutement,utilisateur,0.053033008588991064,clic email 05-18 (0.053033008588991064)
ENT-12360,CON-025004,Maxime Rossi,HR Business Partner,champion,0.07071067811865477,clic email 05-18 (0.07071067811865477)
ENT-12360,CON-016462,Elena Fischer,Chief People Officer,buyer,0.03589682359365735,like LinkedIn 05-25 (0.03589682359365735)
ENT-13382,CON-006573,Manon Moreau,HR Officer,utilisateur,0.1929879573195122,clic email 05-18 (0.053033008588991064) · clic email 06-01 (0.13995494873052114)
ENT-03594,CON-009197,Laura Blanc,CHRO,buyer,0.02209708691207961,like LinkedIn 05-18 (0.02209708691207961)
ENT-00249,CON-023860,Nicolas Fischer,Responsable Recrutement,champion,0.07071067811865477,clic email 05-18 (0.07071067811865477)
ENT-04102,CON-057862,Julien Fournier,Chargee de recrutement,utilisateur,0.2611651689888372,clic email 06-10 (0.2611651689888372)
ENT-04102,CON-009574,Chloe Boyer,HR Officer,utilisateur,0.053033008588991064,clic email 05-18 (0.053033008588991064)
ENT-04052,CON-071483,Quentin Ferrari,Talent Acquisition Specialist,utilisateur,0.5403844464027324,clic email 05-18 (0.053033008588991064) · clic email 06-19 (0.48735143781374135)
ENT-08129,CON-042835,Claire Smit,HR Business Partner,champion,0.07071067811865477,clic email 05-18 (0.07071067811865477)
ENT-08907,CON-055271,Elena Dupont,Charge de recrutement,utilisateur,0.053033008588991064,clic email 05-18 (0.053033008588991064)
ENT-14200,CON-062567,Vincent Simon,HR Manager,champion,0.07071067811865477,clic email 05-18 (0.07071067811865477)
ENT-11554,CON-024655,Alexandre Bonnet,HR Business Partner,champion,0.7641040627591096,like LinkedIn 05-18 (0.01767766952966369) · clic email 06-21 (0.7464263932294459)
ENT-01142,CON-037645,Quentin Smit,HR Officer,utilisateur,0.053033008588991064,clic email 05-18 (0.053033008588991064)
ENT-10415,CON-004737,Antoine Bernard,HRBP,champion,3.2,clic email 07-12 (3.2)
ENT-10415,CON-004735,Jan Visser,HR Officer,utilisateur,0.053033008588991064,clic email 05-18 (0.053033008588991064)
ENT-15063,CON-013197,Lea Muller,Chargee de recrutement,utilisateur,0.053033008588991064,clic email 05-18 (0.053033008588991064)
ENT-15063,CON-013198,Lars Navarro,HR Officer,utilisateur,0.024740773326991775,like LinkedIn 05-27 (0.024740773326991775)
ENT-14994,CON-034572,Femke Muller,Charge de recrutement,utilisateur,0.053033008588991064,clic email 05-18 (0.053033008588991064)
ENT-02104,CON-050304,Chloe Navarro,Recruiter,utilisateur,0.12183785945343534,clic email 05-30 (0.12183785945343534)
ENT-02104,CON-019236,Emil Bonnet,Recruiter,utilisateur,0.039774756441743296,commentaire LinkedIn 05-18 (0.039774756441743296)
ENT-05033,CON-031372,Lea Mercier,Head of Talent Acquisition,buyer,0.08838834764831845,clic email 05-18 (0.08838834764831845)
ENT-17744,CON-058107,Pierre Michel,HR Officer,utilisateur,0.053033008588991064,clic email 05-18 (0.053033008588991064)
ENT-20152,CON-031211,Vincent Guerin,Chargee de recrutement,utilisateur,0.053033008588991064,clic email 05-18 (0.053033008588991064)
ENT-05937,CON-004555,Pauline Blanc,Charge de recrutement,utilisateur,0.053033008588991064,clic email 05-18 (0.053033008588991064)
ENT-05937,CON-004556,Quentin Muller,Office Manager,bruit,0.0,commentaire LinkedIn 06-26 (0.0)
ENT-13983,CON-021223,Greta Vincent,HR Intern,bruit,0.0,clic email 05-18 (0.0)
ENT-13983,CON-021224,Margaux Vincent,Office Manager,bruit,0.0,clic email 07-04 (0.0)
ENT-18736,CON-066431,Marion Simon,Head of HR Operations,buyer,0.08838834764831845,clic email 05-18 (0.08838834764831845)
ENT-18736,CON-066428,Alexandre Michel,Office Manager,bruit,0.0,clic email 06-01 (0.0)
ENT-01151,CON-039607,Julien Fontaine,Talent Acquisition Specialist,utilisateur,0.053033008588991064,clic email 05-18 (0.053033008588991064)
ENT-05819,CON-032974,Florian Simon,Talent Acquisition Specialist,utilisateur,0.039774756441743296,commentaire LinkedIn 05-18 (0.039774756441743296)
ENT-15362,CON-025524,Alexandre Michel,Responsable Recrutement,champion,2.6699183464586085,clic email 05-18 (0.07071067811865477) · clic email 07-09 (2.599207668339954)
ENT-09345,CON-067204,Benjamin Navarro,Compensation & Benefits Manager,champion,0.07071067811865477,clic email 05-18 (0.07071067811865477)
ENT-14682,CON-010211,Lucas Petit,Charge de recrutement,utilisateur,0.053033008588991064,clic email 05-18 (0.053033008588991064)
ENT-07510,CON-021698,Hugo Weber,Responsable Recrutement,champion,0.05303300858899108,commentaire LinkedIn 05-18 (0.05303300858899108)
ENT-18061,CON-028543,Margaux Vincent,HR Assistant,utilisateur,0.053033008588991064,clic email 05-18 (0.053033008588991064)
ENT-00341,CON-042600,Nora Muller,HRBP,champion,0.07071067811865477,clic email 05-18 (0.07071067811865477)
ENT-12340,CON-059864,Lars Petit,People Ops Coordinator,utilisateur,0.053033008588991064,clic email 05-18 (0.053033008588991064)
ENT-18338,CON-059402,Jan Faure,HR Intern,bruit,0.0,clic email 05-18 (0.0) · clic email 06-21 (0.0)
ENT-01246,CON-011441,Romain Visser,VP People,buyer,0.07104921405517489,commentaire LinkedIn 05-19 (0.07104921405517489)
ENT-16956,CON-006288,Benjamin Simon,People Ops Manager,champion,0.07578582832551989,clic email 05-19 (0.07578582832551989)
ENT-12109,CON-049309,Bastien Fontaine,Talent Acquisition Specialist,utilisateur,0.056839371244139916,clic email 05-19 (0.056839371244139916)
ENT-12151,CON-069383,Julien Mercier,Responsable Recrutement,champion,0.11486983549970352,clic email 05-25 (0.11486983549970352)
ENT-12151,CON-015030,Lucas Serrano,People Ops Coordinator,utilisateur,0.056839371244139916,clic email 05-19 (0.056839371244139916)
ENT-00134,CON-002333,Elise Meyer,Compensation & Benefits Manager,champion,0.37892914162759944,clic email 05-19 (0.07578582832551989) · clic email 06-08 (0.30314331330207955)
ENT-16416,CON-003583,Quentin Rousseau,Responsable Recrutement,champion,0.05683937124413992,commentaire LinkedIn 05-19 (0.05683937124413992)
ENT-18976,CON-067303,Jan Lambert,Talent Acquisition Specialist,utilisateur,0.08038300969022197,clic email 05-24 (0.08038300969022197)
ENT-18976,CON-067302,Nora Meyer,Compensation & Benefits Manager,champion,0.07578582832551989,clic email 05-19 (0.07578582832551989)
ENT-10036,CON-012116,Anais Girard,Talent Acquisition Specialist,utilisateur,0.056839371244139916,clic email 05-19 (0.056839371244139916)
ENT-06967,CON-053956,Lars Michel,,sans_titre,0.04736614270344993,clic email 05-19 (0.04736614270344993)
ENT-09925,CON-006353,Marion Bernard,Responsable Recrutement,champion,0.018946457081379972,like LinkedIn 05-19 (0.018946457081379972)
ENT-16292,CON-073935,Julie Meyer,Chargee de recrutement,utilisateur,0.042629528433104934,commentaire LinkedIn 05-19 (0.042629528433104934)
ENT-10781,CON-065667,Sarah Vincent,Chargee de recrutement,utilisateur,0.056839371244139916,clic email 05-19 (0.056839371244139916)
ENT-05846,CON-069844,Elena Blanc,Talent Acquisition Specialist,utilisateur,0.056839371244139916,clic email 05-19 (0.056839371244139916)
ENT-20082,CON-031418,Margaux Jansen,VP People,buyer,0.09473228540689986,clic email 05-19 (0.09473228540689986)
ENT-13165,CON-022065,Ines Guerin,,sans_titre,0.011841535675862483,like LinkedIn 05-19 (0.011841535675862483)
ENT-19321,CON-001376,Emma Serrano,Recruiter,utilisateur,0.056839371244139916,clic email 05-19 (0.056839371244139916)
ENT-14460,CON-058975,Lea Weber,Charge de recrutement,utilisateur,0.056839371244139916,clic email 05-19 (0.056839371244139916)
ENT-11371,CON-048441,Quentin Martin,HR Manager,champion,0.05683937124413992,commentaire LinkedIn 05-19 (0.05683937124413992)
ENT-03419,CON-030209,Julie Andre,Recruiter,utilisateur,0.014209842811034979,like LinkedIn 05-19 (0.014209842811034979)
ENT-07232,CON-019685,Chloe Muller,Compensation & Benefits Manager,champion,0.07578582832551989,clic email 05-19 (0.07578582832551989)
ENT-01630,CON-061499,Emma Fischer,HR Intern,bruit,0.0,clic email 05-19 (0.0)
ENT-11539,CON-069386,Florian Visser,HR Business Partner,champion,0.07578582832551989,clic email 05-19 (0.07578582832551989)
ENT-11988,CON-075077,Emma Fontaine,HR Officer,utilisateur,0.056839371244139916,clic email 05-19 (0.056839371244139916)
ENT-17341,CON-023003,Anna Garcia,Head of People,buyer,0.09473228540689986,clic email 05-19 (0.09473228540689986)
ENT-01734,CON-037123,Florian Meyer,HR Intern,bruit,0.0,clic email 05-19 (0.0) · like LinkedIn 05-25 (0.0)
ENT-12032,CON-046374,Diego Garnier,Head of Talent Acquisition,buyer,3.5408273503980046,clic email 05-19 (0.09473228540689986) · commentaire LinkedIn 07-14 (3.4460950649911046)
ENT-00849,CON-069069,Hugo Fontaine,Compensation & Benefits Manager,champion,0.07578582832551989,clic email 05-19 (0.07578582832551989)
ENT-00849,CON-069072,Diego Ferrari,Office Manager,bruit,0.0,clic email 05-29 (0.0) · commentaire LinkedIn 07-04 (0.0)
ENT-08372,CON-001821,Julien Simon,VP People,buyer,0.2871745887492588,clic email 06-04 (0.2871745887492588)
ENT-08372,CON-001823,Hugo Weber,Compensation & Benefits Manager,champion,0.07578582832551989,clic email 05-19 (0.07578582832551989)
ENT-01518,CON-043474,Pauline Garnier,Head of HR Operations,buyer,0.09473228540689986,clic email 05-19 (0.09473228540689986)
ENT-03426,CON-032646,Marion Dupont,HR Director,buyer,0.09473228540689986,clic email 05-19 (0.09473228540689986)
ENT-10883,CON-004302,Thomas Boyer,Recruiter,utilisateur,0.014209842811034979,like LinkedIn 05-19 (0.014209842811034979)
ENT-00069,CON-002317,Nicolas Lambert,People Ops Manager,champion,0.07578582832551989,clic email 05-19 (0.07578582832551989)
ENT-07030,CON-021593,Lars Martin,Office Manager,bruit,0.0,clic email 05-19 (0.0)
ENT-01943,CON-067213,Felix Durand,HR Manager,champion,0.2561441838088131,clic email 05-19 (0.07578582832551989) · clic email 05-21 (0.08705505632961241) · clic email 05-22 (0.09330329915368077)
ENT-14468,CON-002508,Diego Meyer,Head of People,buyer,0.2822322854068999,clic email 05-19 (0.09473228540689986) · commentaire LinkedIn 06-02 (0.1875)
ENT-08213,CON-016114,Antoine Navarro,Head of Talent Acquisition,buyer,0.16578149946207477,clic email 05-19 (0.09473228540689986) · commentaire LinkedIn 05-19 (0.07104921405517489)
ENT-06377,CON-011629,Camille Jansen,Head of HR Operations,buyer,2.1435469250725863,clic email 07-03 (2.1435469250725863)
ENT-06377,CON-011628,Alexandre Laurent,VP People,buyer,0.9330329915368074,clic email 06-21 (0.9330329915368074)
ENT-06377,CON-011631,Thomas Ferrari,People Ops Coordinator,utilisateur,0.056839371244139916,clic email 05-19 (0.056839371244139916)
ENT-05318,CON-060550,Sanne Jansen,Charge de recrutement,utilisateur,0.056839371244139916,clic email 05-19 (0.056839371244139916)
ENT-08201,CON-014369,Ines Weber,Recruiter,utilisateur,0.056839371244139916,clic email 05-19 (0.056839371244139916)
ENT-16035,CON-022151,Claire Muller,HR Intern,bruit,0.0,clic email 05-19 (0.0)
ENT-02407,CON-025075,Emma Guerin,Office Manager,bruit,0.0,like LinkedIn 05-19 (0.0)
ENT-03984,CON-029874,Nicolas Rossi,Responsable Recrutement,champion,0.07578582832551989,clic email 05-19 (0.07578582832551989)
ENT-05825,CON-067718,Romain Dubois,Recruiter,utilisateur,0.056839371244139916,clic email 05-19 (0.056839371244139916)
ENT-06477,CON-004784,Julie Martin,People Ops Manager,champion,0.07578582832551989,clic email 05-19 (0.07578582832551989)
ENT-13043,CON-073239,Greta Bonnet,Compensation & Benefits Manager,champion,3.7555944862558444,clic email 07-07 (2.2627416997969525) · like LinkedIn 07-21 (1.4928527864588919)
ENT-13043,CON-034238,Jonas Meyer,Talent Acquisition Specialist,utilisateur,0.056839371244139916,clic email 05-19 (0.056839371244139916)
ENT-13043,CON-000539,Maxime Petit,HR Intern,bruit,0.0,commentaire LinkedIn 06-30 (0.0)
ENT-13882,CON-011793,Nora Michel,Talent Acquisition Specialist,utilisateur,0.056839371244139916,clic email 05-19 (0.056839371244139916)
ENT-17375,CON-016121,Marion Mercier,Directrice RH,buyer,0.09473228540689986,clic email 05-19 (0.09473228540689986)
ENT-08567,CON-001936,Marion Durand,HR Business Partner,champion,0.018946457081379972,like LinkedIn 05-19 (0.018946457081379972)
ENT-18970,CON-050874,Julien Lambert,Head of HR Operations,buyer,0.38190687415615865,clic email 05-19 (0.09473228540689986) · clic email 06-04 (0.2871745887492588)
ENT-07930,CON-048213,Antoine Visser,HR Business Partner,champion,0.07578582832551989,clic email 05-19 (0.07578582832551989)
ENT-08342,CON-019007,Jan Petit,Talent Acquisition Specialist,utilisateur,0.12609124449479142,clic email 05-19 (0.056839371244139916) · commentaire LinkedIn 05-26 (0.06925187325065152)
ENT-09311,CON-056612,Hugo Mercier,HR Assistant,utilisateur,0.056839371244139916,clic email 05-19 (0.056839371244139916)
ENT-09311,CON-056615,Lea Leroy,HR Intern,bruit,0.0,commentaire LinkedIn 07-01 (0.0)
ENT-03806,CON-060588,Laura Jansen,People Ops Manager,champion,4.015447951029252,clic email 05-19 (0.07578582832551989) · clic email 07-15 (3.9396621227037323)
ENT-18253,CON-017463,Maxime Blanc,Talent Acquisition Manager,champion,2.899440545035877,clic email 05-19 (0.07578582832551989) · like LinkedIn 05-29 (0.037892914162759944) · clic email 07-10 (2.785761802547597)
ENT-12414,CON-020904,Camille Muller,People Ops Manager,champion,2.861547630873117,clic email 05-19 (0.07578582832551989) · clic email 07-10 (2.785761802547597)
ENT-12414,CON-072959,Emil Vincent,People Ops Coordinator,utilisateur,0.5598197949220844,clic email 06-21 (0.5598197949220844)
ENT-03735,CON-010531,Julien Fournier,Office Manager,bruit,0.0,like LinkedIn 05-19 (0.0)
ENT-14574,CON-041009,Julie Lambert,HR Officer,utilisateur,0.014209842811034979,like LinkedIn 05-19 (0.014209842811034979)
ENT-02992,CON-071902,Chloe Smit,People Ops Manager,champion,5.274201165005428,clic email 05-19 (0.07578582832551989) · clic email 07-19 (5.198415336679908)
ENT-02992,CON-040212,Hugo Leroy,HR Intern,bruit,0.0,clic email 06-20 (0.0)
ENT-00881,CON-067428,Marta Bernard,Responsable Recrutement,champion,3.9396621227037323,clic email 07-15 (3.9396621227037323)
ENT-00881,CON-042531,Diego Chevalier,Head of HR Operations,buyer,0.09473228540689986,clic email 05-19 (0.09473228540689986)
ENT-00858,CON-017343,Antoine Rossi,Recruiter,utilisateur,0.042629528433104934,commentaire LinkedIn 05-19 (0.042629528433104934)
ENT-07729,CON-036025,Thomas Serrano,People Ops Coordinator,utilisateur,0.056839371244139916,clic email 05-19 (0.056839371244139916)
ENT-17879,CON-067664,Jan Fontaine,Chargee de recrutement,utilisateur,0.056839371244139916,clic email 05-19 (0.056839371244139916)
ENT-00288,CON-015948,Julie Bonnet,Chargee de recrutement,utilisateur,0.014209842811034979,like LinkedIn 05-19 (0.014209842811034979)
ENT-14732,CON-028433,Sophie Petit,HR Officer,utilisateur,0.8406732156491434,commentaire LinkedIn 05-21 (0.04896846918540697) · clic email 06-26 (0.7917047464637365)
ENT-14732,CON-028434,Femke Smit,Chargee de recrutement,utilisateur,0.056839371244139916,clic email 05-19 (0.056839371244139916)
ENT-00508,CON-035700,Felix Garcia,Talent Acquisition Manager,champion,0.26390158215457893,clic email 06-06 (0.26390158215457893)
ENT-00508,CON-035698,Pablo Faure,Talent Acquisition Manager,champion,0.07578582832551989,clic email 05-19 (0.07578582832551989)
ENT-01830,CON-007239,Guillaume Blanc,Talent Acquisition Manager,champion,0.07578582832551989,clic email 05-19 (0.07578582832551989)
ENT-10200,CON-030621,Jan Faure,,sans_titre,0.04736614270344993,clic email 05-19 (0.04736614270344993)
ENT-14505,CON-004692,Lucas Weber,Talent Acquisition Specialist,utilisateur,0.014209842811034979,like LinkedIn 05-19 (0.014209842811034979)
ENT-15900,CON-001676,Greta Bonnet,Responsable Recrutement,champion,0.07578582832551989,clic email 05-19 (0.07578582832551989)
ENT-07053,CON-074382,Emil Weber,HRBP,champion,0.7255877454105084,clic email 05-19 (0.07578582832551989) · clic email 06-19 (0.6498019170849885)
ENT-07888,CON-073282,Antoine Petit,Talent Acquisition Specialist,utilisateur,0.045689197295038245,commentaire LinkedIn 05-20 (0.045689197295038245)
ENT-03079,CON-014262,Benjamin Laurent,HR Officer,utilisateur,0.015229732431679417,like LinkedIn 05-20 (0.015229732431679417)
ENT-00196,CON-063284,Manon Smit,Talent Acquisition Specialist,utilisateur,0.06091892972671767,clic email 05-20 (0.06091892972671767)
ENT-05106,CON-063388,Nora Dubois,Directrice RH,buyer,0.10153154954452945,clic email 05-20 (0.10153154954452945)
ENT-15453,CON-062526,Nora Smit,Office Manager,bruit,0.0,commentaire LinkedIn 05-20 (0.0)
ENT-09532,CON-046299,Maxime Lefebvre,Charge de recrutement,utilisateur,0.06091892972671767,clic email 05-20 (0.06091892972671767)
ENT-03437,CON-012832,Jonas Dupont,People Ops Coordinator,utilisateur,0.06091892972671767,clic email 05-20 (0.06091892972671767)
ENT-10919,CON-055292,Greta Leroy,COO,buyer,0.10153154954452945,clic email 05-20 (0.10153154954452945)
ENT-08869,CON-002764,Quentin Dubois,Head of Talent Acquisition,buyer,0.2030630990890589,clic email 05-20 (0.10153154954452945) · clic email 05-20 (0.10153154954452945)
ENT-12483,CON-028693,Jonas Laurent,HR Assistant,utilisateur,0.06091892972671767,clic email 05-20 (0.06091892972671767)
ENT-15549,CON-020158,Benjamin Fontaine,Head of Talent Acquisition,buyer,0.10153154954452945,clic email 05-20 (0.10153154954452945)
ENT-16568,CON-068619,Jonas Chevalier,HR Officer,utilisateur,0.015229732431679417,like LinkedIn 05-20 (0.015229732431679417)
ENT-10211,CON-049800,Laura Ferrari,Charge de recrutement,utilisateur,3.637719759624955,clic email 07-18 (3.637719759624955)
ENT-10211,CON-049803,Thomas Visser,Directeur RH,buyer,0.4665164957684038,clic email 06-11 (0.4665164957684038)
ENT-10211,CON-049802,Anais Roux,VP People,buyer,0.2890315495445295,clic email 05-20 (0.10153154954452945) · commentaire LinkedIn 06-02 (0.1875)
ENT-11088,CON-064979,Guillaume Durand,Compensation & Benefits Manager,champion,0.08122523963562356,clic email 05-20 (0.08122523963562356)
ENT-03814,CON-054372,Chloe Laurent,HR Intern,bruit,0.0,clic email 05-20 (0.0) · clic email 07-05 (0.0)
ENT-11058,CON-023976,Margaux Rossi,Chargee de recrutement,utilisateur,1.3181353978810786,like LinkedIn 05-20 (0.015229732431679417) · clic email 06-01 (0.13995494873052114) · clic email 06-17 (0.4242640687119285) · clic email 06-25 (0.7386866480069496)
ENT-12918,CON-075330,Manon Lambert,HR Business Partner,champion,0.08122523963562356,clic email 05-20 (0.08122523963562356)
ENT-07680,CON-058987,Margaux Durand,Directeur RH,buyer,0.4665164957684038,clic email 06-11 (0.4665164957684038)
ENT-07680,CON-058986,Chloe Bernard,Head of Talent Acquisition,buyer,0.10153154954452945,clic email 05-20 (0.10153154954452945)
ENT-12451,CON-004141,Julie Lambert,Charge de recrutement,utilisateur,0.06091892972671767,clic email 05-20 (0.06091892972671767)
ENT-13311,CON-014443,Pablo Fontaine,,sans_titre,0.050765774772264724,clic email 05-20 (0.050765774772264724)
ENT-05525,CON-025551,Florian Andre,Charge de recrutement,utilisateur,0.5169142597486658,commentaire LinkedIn 06-24 (0.5169142597486658)
ENT-05525,CON-071360,Elena Michel,Responsable Recrutement,champion,0.02030630990890589,like LinkedIn 05-20 (0.02030630990890589)
ENT-13403,CON-053574,Hugo Chevalier,Directeur RH,buyer,2.9299586742907198,clic email 05-20 (0.10153154954452945) · clic email 07-07 (2.8284271247461903)
ENT-13684,CON-025191,Lucas Simon,Office Manager,bruit,0.0,clic email 05-20 (0.0) · clic email 05-23 (0.0)
ENT-03943,CON-037526,Pablo Moreau,People Ops Coordinator,utilisateur,0.06091892972671767,clic email 05-20 (0.06091892972671767)
ENT-09786,CON-029457,Greta Smit,Talent Acquisition Manager,champion,0.08122523963562356,clic email 05-20 (0.08122523963562356)
ENT-09514,CON-073990,Sanne Andre,HR Intern,bruit,0.0,commentaire LinkedIn 05-20 (0.0)
ENT-16574,CON-024811,Florian Leroy,CEO,buyer,0.10153154954452945,clic email 05-20 (0.10153154954452945)
ENT-09539,CON-070705,Chloe Martin,Talent Acquisition Specialist,utilisateur,0.06091892972671767,clic email 05-20 (0.06091892972671767)
ENT-07432,CON-035531,Pablo Vincent,Head of Talent Acquisition,buyer,0.10153154954452945,clic email 05-20 (0.10153154954452945)
ENT-19334,CON-003520,Diego Boyer,CEO,buyer,0.10153154954452945,clic email 05-20 (0.10153154954452945)
ENT-16587,CON-060146,Romain Navarro,Office Manager,bruit,0.0,clic email 05-20 (0.0)
ENT-02701,CON-026288,Thomas Roux,People Ops Coordinator,utilisateur,0.7386866480069496,clic email 06-25 (0.7386866480069496)
ENT-02701,CON-002441,Sanne Smit,Chargee de recrutement,utilisateur,0.06091892972671767,clic email 05-20 (0.06091892972671767)
ENT-14227,CON-050407,Florian Navarro,Talent Acquisition Specialist,utilisateur,0.06091892972671767,clic email 05-20 (0.06091892972671767)
ENT-07595,CON-042313,Chloe Fournier,Charge de recrutement,utilisateur,0.13995494873052114,clic email 06-01 (0.13995494873052114)
ENT-07595,CON-042312,Vincent Navarro,Chargee de recrutement,utilisateur,0.06091892972671767,clic email 05-20 (0.06091892972671767)
ENT-09451,CON-041914,Jonas Lambert,Chargee de recrutement,utilisateur,0.075,clic email 05-23 (0.075)
ENT-09451,CON-041917,Anais Mercier,Compensation & Benefits Manager,champion,0.02030630990890589,like LinkedIn 05-20 (0.02030630990890589)
ENT-01803,CON-039674,Ines Serrano,HR Assistant,utilisateur,0.06091892972671767,clic email 05-20 (0.06091892972671767)
ENT-07845,CON-063600,Nora Ferrari,HR Business Partner,champion,0.6875118662397829,clic email 05-20 (0.08122523963562356) · clic email 06-18 (0.6062866266041593)
ENT-13032,CON-002517,Bastien Weber,Chargee de recrutement,utilisateur,0.06091892972671767,clic email 05-20 (0.06091892972671767)
ENT-11040,CON-024196,Vincent Lefebvre,Charge de recrutement,utilisateur,0.06091892972671767,clic email 05-20 (0.06091892972671767)
ENT-14752,CON-038969,Thomas Fontaine,Chargee de recrutement,utilisateur,0.2611651689888372,clic email 06-10 (0.2611651689888372)
ENT-14752,CON-038968,Julie Serrano,Executive Assistant,bruit,0.0,commentaire LinkedIn 05-20 (0.0) · clic email 07-03 (0.0)
ENT-00023,CON-060126,Margaux Rossi,Talent Acquisition Specialist,utilisateur,0.06091892972671767,clic email 05-20 (0.06091892972671767)
ENT-02166,CON-007721,Bastien Muller,Responsable Recrutement,champion,0.060918929726717676,commentaire LinkedIn 05-20 (0.060918929726717676)
ENT-05986,CON-025048,Sanne Visser,CEO,buyer,0.10153154954452945,clic email 05-20 (0.10153154954452945)
ENT-13939,CON-023675,Diego Muller,Head of Talent Acquisition,buyer,0.10153154954452945,clic email 05-20 (0.10153154954452945)
ENT-14455,CON-059082,Emma Petit,Talent Acquisition Specialist,utilisateur,0.06091892972671767,clic email 05-20 (0.06091892972671767)
ENT-05857,CON-002843,Benjamin Bonnet,Chargee de recrutement,utilisateur,0.06091892972671767,clic email 05-20 (0.06091892972671767)
ENT-11891,CON-040802,Nicolas Martin,CHRO,buyer,0.10153154954452945,clic email 05-20 (0.10153154954452945)
ENT-00788,CON-052847,Florian Dubois,Office Manager,bruit,0.0,like LinkedIn 05-20 (0.0)
ENT-06473,CON-070940,Julie Rossi,Recruiter,utilisateur,0.06091892972671767,clic email 05-20 (0.06091892972671767)
ENT-03694,CON-040476,Anais Faure,Responsable Recrutement,champion,0.08122523963562356,clic email 05-20 (0.08122523963562356)
ENT-16710,CON-002833,Manon Meyer,HR Manager,champion,0.08122523963562356,clic email 05-20 (0.08122523963562356)
ENT-02918,CON-017028,Bastien Garcia,HR Assistant,utilisateur,0.06091892972671767,clic email 05-20 (0.06091892972671767)
ENT-07212,CON-041300,Femke Moreau,HR Assistant,utilisateur,0.06091892972671767,clic email 05-20 (0.06091892972671767)
ENT-08322,CON-059533,Lea Garnier,Chargee de recrutement,utilisateur,0.015229732431679417,like LinkedIn 05-20 (0.015229732431679417)
ENT-09287,CON-059989,Sanne Girard,Recruiter,utilisateur,0.015229732431679417,like LinkedIn 05-20 (0.015229732431679417)
ENT-08104,CON-076308,Nora Smit,People Ops Coordinator,utilisateur,0.06091892972671767,clic email 05-20 (0.06091892972671767)
ENT-03965,CON-026063,Romain Rossi,Office Manager,bruit,0.0,clic email 05-20 (0.0)
ENT-19345,CON-036229,Camille Visser,Office Manager,bruit,0.0,clic email 05-20 (0.0)
ENT-11544,CON-019430,Marion Boyer,HR Intern,bruit,0.0,clic email 05-20 (0.0)
ENT-00032,CON-073826,Alexandre Mercier,Responsable Recrutement,champion,0.08122523963562356,clic email 05-20 (0.08122523963562356)
ENT-17006,CON-008788,Lucas Lambert,Charge de recrutement,utilisateur,0.3958523732318682,clic email 06-16 (0.3958523732318682)
ENT-17006,CON-008790,Lars Roux,,sans_titre,0.013602352551501938,like LinkedIn 05-21 (0.013602352551501938)
ENT-16095,CON-049696,Alexandre Michel,Recruiter,utilisateur,0.04896846918540697,commentaire LinkedIn 05-21 (0.04896846918540697)
ENT-17480,CON-019257,Sanne Weber,Talent Acquisition Manager,champion,0.08705505632961241,clic email 05-21 (0.08705505632961241)
ENT-10010,CON-043975,Pauline Fischer,Chief People Officer,buyer,0.4665164957684038,clic email 06-11 (0.4665164957684038)
ENT-10010,CON-037182,Greta Faure,Head of HR Operations,buyer,0.1088188204120155,clic email 05-21 (0.1088188204120155)
ENT-12350,CON-020085,Julien Vincent,Responsable Recrutement,champion,3.762889792320124,clic email 05-21 (0.08705505632961241) · clic email 07-14 (3.6758347359905117)
ENT-11526,CON-026267,Lucas Weber,HR Business Partner,champion,0.08705505632961241,clic email 05-21 (0.08705505632961241)
ENT-13771,CON-049926,Sarah Vincent,Talent Acquisition Specialist,utilisateur,0.0652912922472093,clic email 05-21 (0.0652912922472093)
ENT-04496,CON-014914,Florian Girard,Head of Talent Acquisition,buyer,0.1088188204120155,clic email 05-21 (0.1088188204120155)
ENT-10272,CON-045691,Anais Faure,Head of Talent Acquisition,buyer,0.1088188204120155,clic email 05-21 (0.1088188204120155)
ENT-01694,CON-019313,Chloe Muller,Head of Talent Acquisition,buyer,0.6447055516801621,clic email 05-21 (0.1088188204120155) · clic email 06-13 (0.5358867312681466)
ENT-04098,CON-075234,Emma Lambert,HR Manager,champion,0.2796459847544679,commentaire LinkedIn 05-21 (0.06529129224720931) · clic email 06-03 (0.21435469250725858)
ENT-16248,CON-050191,Lea Weber,Directeur RH,buyer,0.1088188204120155,clic email 05-21 (0.1088188204120155)
ENT-08810,CON-015158,Maxime Garcia,Talent Acquisition Manager,champion,0.08705505632961241,clic email 05-21 (0.08705505632961241)
ENT-01638,CON-062059,Marion Muller,HR Assistant,utilisateur,0.8681890477337102,clic email 05-21 (0.0652912922472093) · clic email 05-29 (0.11367874248827983) · clic email 06-24 (0.6892190129982211)
ENT-01638,CON-062061,Emil Fournier,People Ops Coordinator,utilisateur,0.29733495934182025,clic email 05-22 (0.06997747436526057) · clic email 06-08 (0.22735748497655967)
ENT-14077,CON-057925,Pauline Durand,HR Officer,utilisateur,0.0652912922472093,clic email 05-21 (0.0652912922472093)
ENT-15611,CON-014612,Romain Simon,Charge de recrutement,utilisateur,0.0652912922472093,clic email 05-21 (0.0652912922472093)
ENT-17113,CON-049152,Jan Garnier,Directrice RH,buyer,0.1088188204120155,clic email 05-21 (0.1088188204120155)
ENT-00082,CON-001003,Elena Rossi,Talent Acquisition Specialist,utilisateur,0.04896846918540697,commentaire LinkedIn 05-21 (0.04896846918540697)
ENT-03492,CON-042300,Elena Muller,Head of Talent Acquisition,buyer,0.1088188204120155,clic email 05-21 (0.1088188204120155)
ENT-02233,CON-045757,Guillaume Guerin,HR Business Partner,champion,0.08705505632961241,clic email 05-21 (0.08705505632961241)
ENT-10826,CON-026918,Pauline Laurent,HR Manager,champion,0.16245047927124712,clic email 05-30 (0.16245047927124712)
ENT-10826,CON-026920,Diego Garcia,Compensation & Benefits Manager,champion,0.16245047927124712,like LinkedIn 06-19 (0.16245047927124712)
ENT-10826,CON-026919,Sanne Bernard,Responsable Recrutement,champion,0.08705505632961241,clic email 05-21 (0.08705505632961241)
ENT-05147,CON-022540,Margaux Petit,HR Business Partner,champion,0.36998398940085275,like LinkedIn 05-21 (0.021763764082403103) · clic email 06-10 (0.34822022531844965)
ENT-04703,CON-034035,Camille Fontaine,HRBP,champion,0.08705505632961241,clic email 05-21 (0.08705505632961241)
ENT-13775,CON-042989,Romain Chevalier,Recruiter,utilisateur,0.0652912922472093,clic email 05-21 (0.0652912922472093)
ENT-14389,CON-055347,Marion Andre,Talent Acquisition Manager,champion,0.08705505632961241,clic email 05-21 (0.08705505632961241)
ENT-15750,CON-013386,Sanne Smit,Recruiter,utilisateur,4.178642703821396,clic email 07-20 (4.178642703821396)
ENT-15750,CON-048077,Lea Michel,People Ops Coordinator,utilisateur,0.0652912922472093,clic email 05-21 (0.0652912922472093)
ENT-13492,CON-014162,Pauline Petit,Recruiter,utilisateur,0.0652912922472093,clic email 05-21 (0.0652912922472093)
ENT-02981,CON-040692,Nicolas Bernard,Talent Acquisition Manager,champion,0.06529129224720931,commentaire LinkedIn 05-21 (0.06529129224720931)
ENT-18359,CON-050415,Marion Vincent,HRBP,champion,0.15157165665103978,clic email 05-29 (0.15157165665103978)
ENT-18359,CON-050414,Nicolas Weber,COO,buyer,0.08161411530901162,commentaire LinkedIn 05-21 (0.08161411530901162)
ENT-08537,CON-062093,Elise Garnier,Chief People Officer,buyer,0.1088188204120155,clic email 05-21 (0.1088188204120155)
ENT-17694,CON-013639,Alexandre Andre,Head of HR Operations,buyer,0.08161411530901162,commentaire LinkedIn 05-21 (0.08161411530901162)
ENT-10377,CON-007809,Camille Navarro,Talent Acquisition Specialist,utilisateur,1.949405751254965,clic email 07-09 (1.949405751254965)
ENT-10377,CON-007810,Lea Bonnet,VP People,buyer,0.1088188204120155,clic email 05-21 (0.1088188204120155)
ENT-08097,CON-001122,Pauline Mercier,Executive Assistant,bruit,0.0,clic email 05-21 (0.0)
ENT-13234,CON-066502,Claire Bernard,Responsable Recrutement,champion,0.08705505632961241,clic email 05-21 (0.08705505632961241)
ENT-04919,CON-034811,Bastien Petit,HR Intern,bruit,0.0,clic email 05-21 (0.0)
ENT-00117,CON-059401,Lucas Michel,HR Assistant,utilisateur,0.0652912922472093,clic email 05-21 (0.0652912922472093)
ENT-17493,CON-015779,Anais Michel,HR Business Partner,champion,0.08705505632961241,clic email 05-21 (0.08705505632961241)
ENT-19644,CON-050275,Diego Smit,Responsable Recrutement,champion,0.08705505632961241,clic email 05-21 (0.08705505632961241)
ENT-09327,CON-037641,Marion Andre,VP Human Resources,buyer,0.1088188204120155,clic email 05-21 (0.1088188204120155)
ENT-00922,CON-000288,Sophie Serrano,Head of Talent Acquisition,buyer,0.1088188204120155,clic email 05-21 (0.1088188204120155)
ENT-15923,CON-070573,Maxime Laurent,,sans_titre,0.05440941020600775,clic email 05-21 (0.05440941020600775)
ENT-09107,CON-041258,Florian Dupont,HR Manager,champion,0.08705505632961241,clic email 05-21 (0.08705505632961241)
ENT-08766,CON-063461,Marta Garcia,HRBP,champion,0.08705505632961241,clic email 05-21 (0.08705505632961241)
ENT-14430,CON-007270,Jonas Chevalier,Recruiter,utilisateur,0.0652912922472093,clic email 05-21 (0.0652912922472093)
ENT-03787,CON-015879,Florian Vincent,Talent Acquisition Manager,champion,0.33328393899859565,clic email 05-21 (0.08705505632961241) · clic email 06-05 (0.24622888266898324)
ENT-07607,CON-004455,Emma Bernard,Chargee de recrutement,utilisateur,0.0652912922472093,clic email 05-21 (0.0652912922472093)
ENT-09845,CON-076553,Emil Rossi,HR Business Partner,champion,0.6498019170849885,clic email 06-19 (0.6498019170849885)
ENT-09845,CON-076555,Sarah Fischer,Head of Talent Acquisition,buyer,0.1088188204120155,clic email 05-21 (0.1088188204120155)
ENT-15702,CON-050524,Elise Serrano,Executive Assistant,bruit,0.0,commentaire LinkedIn 05-21 (0.0)
ENT-04175,CON-037266,Hugo Visser,Responsable Recrutement,champion,0.9407224480800312,like LinkedIn 05-21 (0.021763764082403103) · clic email 06-24 (0.9189586839976281)
ENT-08586,CON-072534,Claire Rossi,Directrice RH,buyer,0.1088188204120155,clic email 05-21 (0.1088188204120155)
ENT-07659,CON-006906,Pierre Petit,Head of HR Operations,buyer,0.2982833912258152,clic email 05-21 (0.1088188204120155) · clic email 05-29 (0.18946457081379972)
ENT-04702,CON-067567,Lars Laurent,Office Manager,bruit,0.0,clic email 05-21 (0.0)
ENT-15782,CON-070876,Bastien Fournier,Chargee de recrutement,utilisateur,0.0652912922472093,clic email 05-21 (0.0652912922472093)
ENT-09227,CON-055360,Anais Mercier,HR Business Partner,champion,4.222425314473262,clic email 07-16 (4.222425314473262)
ENT-09227,CON-047630,Lea Rossi,Talent Acquisition Specialist,utilisateur,0.0652912922472093,clic email 05-21 (0.0652912922472093)
ENT-13026,CON-065060,Elise Andre,HR Intern,bruit,0.0,clic email 05-21 (0.0)
ENT-09952,CON-039508,Claire Chevalier,HRBP,champion,0.08705505632961241,clic email 05-21 (0.08705505632961241)
ENT-10544,CON-048816,Lars Boyer,Office Manager,bruit,0.0,commentaire LinkedIn 05-21 (0.0) · clic email 07-14 (0.0)
ENT-16205,CON-009421,Pierre Visser,Compensation & Benefits Manager,champion,0.08705505632961241,clic email 05-21 (0.08705505632961241)
ENT-09915,CON-018155,Nicolas Simon,Talent Acquisition Specialist,utilisateur,0.0652912922472093,clic email 05-21 (0.0652912922472093)
ENT-02936,CON-069451,Nora Leroy,HRBP,champion,0.021763764082403103,like LinkedIn 05-21 (0.021763764082403103)
ENT-14679,CON-008833,Lars Garnier,Talent Acquisition Specialist,utilisateur,0.04896846918540697,commentaire LinkedIn 05-21 (0.04896846918540697)
ENT-14266,CON-067003,Nora Boyer,CEO,buyer,0.027204705103003875,like LinkedIn 05-21 (0.027204705103003875)
ENT-07646,CON-019863,Antoine Lefebvre,Charge de recrutement,utilisateur,0.0652912922472093,clic email 05-21 (0.0652912922472093)
ENT-17848,CON-025175,Hugo Fontaine,Recruiter,utilisateur,0.1305825844944186,clic email 05-31 (0.1305825844944186)
ENT-17848,CON-025174,Nicolas Navarro,Responsable Recrutement,champion,0.021763764082403103,like LinkedIn 05-21 (0.021763764082403103)
ENT-20222,CON-042403,Camille Blanc,HR Business Partner,champion,0.16245047927124712,like LinkedIn 06-19 (0.16245047927124712)
ENT-20222,CON-036729,Anna Fischer,Charge de recrutement,utilisateur,0.0652912922472093,clic email 05-21 (0.0652912922472093)
ENT-09370,CON-031292,Manon Leroy,,sans_titre,0.05440941020600775,clic email 05-21 (0.05440941020600775)
ENT-17985,CON-023472,Sophie Durand,VP Human Resources,buyer,0.027204705103003875,like LinkedIn 05-21 (0.027204705103003875)
ENT-17116,CON-025164,Julie Fischer,Charge de recrutement,utilisateur,0.0652912922472093,clic email 05-21 (0.0652912922472093)
ENT-16078,CON-035138,Antoine Simon,HR Officer,utilisateur,0.1305825844944186,clic email 05-31 (0.1305825844944186)
ENT-16078,CON-035136,Marta Muller,Head of Talent Acquisition,buyer,0.1088188204120155,clic email 05-21 (0.1088188204120155)
ENT-02737,CON-059346,Anais Mercier,Charge de recrutement,utilisateur,0.0652912922472093,clic email 05-21 (0.0652912922472093)
ENT-19730,CON-054799,Diego Bernard,,sans_titre,0.05440941020600775,clic email 05-21 (0.05440941020600775)
ENT-14891,CON-006994,Sarah Navarro,Head of HR Operations,buyer,0.1088188204120155,clic email 05-21 (0.1088188204120155)
ENT-05308,CON-045321,Alexandre Vincent,HR Intern,bruit,0.0,commentaire LinkedIn 05-21 (0.0)
ENT-07562,CON-049544,Nora Dubois,Head of HR Operations,buyer,0.027204705103003875,like LinkedIn 05-21 (0.027204705103003875)
ENT-07562,CON-049543,Nicolas Fournier,HR Intern,bruit,0.0,clic email 06-28 (0.0)
ENT-05362,CON-074058,Camille Petit,Executive Assistant,bruit,0.0,clic email 05-21 (0.0)
ENT-12550,CON-024690,Elise Blanc,Chargee de recrutement,utilisateur,2.728289819718716,commentaire LinkedIn 07-18 (2.728289819718716)
ENT-12550,CON-024688,Antoine Smit,Recruiter,utilisateur,0.7917047464637365,clic email 06-26 (0.7917047464637365)
ENT-12550,CON-024687,Greta Rousseau,Recruiter,utilisateur,0.0652912922472093,clic email 05-21 (0.0652912922472093)
ENT-05902,CON-013209,Thomas Fournier,Head of HR Operations,buyer,0.1088188204120155,clic email 05-21 (0.1088188204120155)
ENT-10721,CON-067632,Femke Lambert,VP People,buyer,0.1088188204120155,clic email 05-21 (0.1088188204120155)
ENT-03776,CON-045322,Emil Girard,CEO,buyer,0.1088188204120155,clic email 05-21 (0.1088188204120155)
ENT-04398,CON-061562,Femke Fontaine,Head of People,buyer,0.027204705103003875,like LinkedIn 05-21 (0.027204705103003875)
ENT-01850,CON-063447,Marion Martin,Chargee de recrutement,utilisateur,0.0652912922472093,clic email 05-21 (0.0652912922472093)
ENT-09362,CON-062623,Diego Garnier,VP Human Resources,buyer,0.1088188204120155,clic email 05-21 (0.1088188204120155)
ENT-06586,CON-062892,Sanne Jansen,HR Manager,champion,5.242686244120386,clic email 06-15 (0.4924577653379665) · like LinkedIn 07-06 (0.5278031643091577) · clic email 07-16 (4.222425314473262)
ENT-06586,CON-062894,Julie Meyer,People Ops Coordinator,utilisateur,0.0652912922472093,clic email 05-21 (0.0652912922472093)
ENT-04626,CON-072170,Laura Lambert,HR Officer,utilisateur,0.0652912922472093,clic email 05-21 (0.0652912922472093)
ENT-09833,CON-016957,Julie Fontaine,HRBP,champion,0.09330329915368077,clic email 05-22 (0.09330329915368077)
ENT-18558,CON-061138,Anais Bonnet,HR Intern,bruit,0.0,like LinkedIn 05-22 (0.0)
ENT-09049,CON-027685,Pierre Martin,Recruiter,utilisateur,0.017494368591315142,like LinkedIn 05-22 (0.017494368591315142)
ENT-18686,CON-038468,Pauline Visser,HR Director,buyer,0.11662912394210095,clic email 05-22 (0.11662912394210095)
ENT-20296,CON-036927,Nicolas Bonnet,HR Director,buyer,0.11662912394210095,clic email 05-22 (0.11662912394210095)
ENT-20518,CON-052996,Julien Michel,HR Assistant,utilisateur,0.06997747436526057,clic email 05-22 (0.06997747436526057)
ENT-20518,CON-043075,Alexandre Bernard,Chargee de recrutement,utilisateur,0.030459464863358834,like LinkedIn 05-30 (0.030459464863358834)
ENT-12486,CON-020080,Felix Ferrari,Talent Acquisition Manager,champion,2.332582478842019,clic email 05-22 (0.09330329915368077) · commentaire LinkedIn 07-11 (2.2392791796883382)
ENT-12486,CON-020079,Pierre Bonnet,People Ops Coordinator,utilisateur,0.13850374650130304,commentaire LinkedIn 06-05 (0.13850374650130304)
ENT-11617,CON-029014,Lucas Michel,Directrice RH,buyer,0.11662912394210095,clic email 05-22 (0.11662912394210095)
ENT-19185,CON-003049,Elena Faure,HR Assistant,utilisateur,0.09896309330796706,like LinkedIn 06-16 (0.09896309330796706)
ENT-19185,CON-003048,Greta Rousseau,HR Business Partner,champion,0.09330329915368077,clic email 05-22 (0.09330329915368077)
ENT-09813,CON-022027,Elena Girard,Charge de recrutement,utilisateur,0.06997747436526057,clic email 05-22 (0.06997747436526057)
ENT-03525,CON-061406,Pauline Garcia,Recruiter,utilisateur,0.06997747436526057,clic email 05-22 (0.06997747436526057)
ENT-20452,CON-002945,Anna Guerin,Executive Assistant,bruit,0.0,like LinkedIn 05-22 (0.0)
ENT-13229,CON-053491,Quentin Lefebvre,Compensation & Benefits Manager,champion,1.6970562748477145,commentaire LinkedIn 07-07 (1.6970562748477145)
ENT-13229,CON-073511,Jonas Petit,Talent Acquisition Specialist,utilisateur,0.1760434915432427,clic email 05-22 (0.06997747436526057) · clic email 05-28 (0.10606601717798213)
ENT-20293,CON-008292,Manon Mercier,HR Officer,utilisateur,0.06997747436526057,clic email 05-22 (0.06997747436526057)
ENT-20297,CON-034709,Sophie Weber,HR Intern,bruit,0.0,clic email 05-22 (0.0)
ENT-07101,CON-060364,Thomas Rossi,People Ops Coordinator,utilisateur,0.06997747436526057,clic email 05-22 (0.06997747436526057)
ENT-02308,CON-058522,Florian Petit,HRBP,champion,0.09330329915368077,clic email 05-22 (0.09330329915368077)
ENT-16622,CON-026946,Diego Petit,Responsable Recrutement,champion,0.06997747436526058,commentaire LinkedIn 05-22 (0.06997747436526058)
ENT-01963,CON-069004,Vincent Leroy,HRBP,champion,0.023325824788420192,like LinkedIn 05-22 (0.023325824788420192)
ENT-07189,CON-031731,Benjamin Simon,Head of Talent Acquisition,buyer,1.3195079107728942,clic email 06-26 (1.3195079107728942)
ENT-07189,CON-031732,Bastien Roux,Responsable Recrutement,champion,0.06997747436526058,commentaire LinkedIn 05-22 (0.06997747436526058)
ENT-17758,CON-046109,Quentin Ferrari,HR Business Partner,champion,0.09330329915368077,clic email 05-22 (0.09330329915368077)
ENT-10297,CON-055489,Marion Jansen,HR Officer,utilisateur,0.32153203876088793,clic email 06-13 (0.32153203876088793)
ENT-10297,CON-020742,Quentin Fontaine,HR Officer,utilisateur,0.06997747436526057,clic email 05-22 (0.06997747436526057)
ENT-19855,CON-038355,Sanne Weber,HRBP,champion,0.06997747436526058,commentaire LinkedIn 05-22 (0.06997747436526058)
ENT-02003,CON-000709,Nora Chevalier,Recruiter,utilisateur,0.06997747436526057,clic email 05-22 (0.06997747436526057)
ENT-02360,CON-049167,Guillaume Weber,Chief People Officer,buyer,0.11662912394210095,clic email 05-22 (0.11662912394210095)
ENT-01900,CON-001772,Pierre Michel,Head of HR Operations,buyer,0.11662912394210095,clic email 05-22 (0.11662912394210095)
ENT-03382,CON-058869,Chloe Laurent,HR Intern,bruit,0.0,clic email 05-22 (0.0)
ENT-01418,CON-047770,Greta Dupont,HR Assistant,utilisateur,0.06997747436526057,clic email 05-22 (0.06997747436526057)
ENT-13822,CON-046286,Benjamin Garnier,Head of Talent Acquisition,buyer,0.11662912394210095,clic email 05-22 (0.11662912394210095)
ENT-14666,CON-044756,Hugo Smit,Head of People,buyer,0.11662912394210095,clic email 05-22 (0.11662912394210095)
ENT-06274,CON-018974,Romain Jansen,,sans_titre,0.13010820915836518,clic email 05-22 (0.05831456197105048) · clic email 05-25 (0.0717936471873147)
ENT-08364,CON-070460,Nora Chevalier,CHRO,buyer,0.4665164957684038,clic email 06-11 (0.4665164957684038)
ENT-08364,CON-020420,Sophie Fournier,People Ops Coordinator,utilisateur,0.06997747436526057,clic email 05-22 (0.06997747436526057)
ENT-03564,CON-038938,Guillaume Smit,Head of HR Operations,buyer,0.11662912394210095,clic email 05-22 (0.11662912394210095)
ENT-08165,CON-043354,Diego Navarro,Chargee de recrutement,utilisateur,2.0193832256202255,clic email 05-22 (0.06997747436526057) · clic email 07-09 (1.949405751254965)
ENT-19656,CON-010964,Chloe Girard,HR Director,buyer,1.741133916654572,clic email 05-22 (0.11662912394210095) · clic email 06-29 (1.6245047927124712)
ENT-13752,CON-001587,Nicolas Fournier,CEO,buyer,0.11662912394210095,clic email 05-22 (0.11662912394210095)
ENT-12195,CON-058614,Alexandre Roux,Chief People Officer,buyer,0.11662912394210095,clic email 05-22 (0.11662912394210095)
ENT-00168,CON-048782,Thomas Rousseau,Chargee de recrutement,utilisateur,0.06997747436526057,clic email 05-22 (0.06997747436526057)
ENT-08331,CON-044942,Pauline Fontaine,Executive Assistant,bruit,0.0,clic email 05-22 (0.0)
ENT-04412,CON-055186,Margaux Mercier,Compensation & Benefits Manager,champion,0.09330329915368077,clic email 05-22 (0.09330329915368077)
ENT-04649,CON-021885,Jan Rousseau,People Ops Coordinator,utilisateur,0.06997747436526057,clic email 05-22 (0.06997747436526057)
ENT-04649,CON-015475,Laura Simon,HR Intern,bruit,0.0,clic email 06-15 (0.0)
ENT-11534,CON-071966,Pablo Dupont,VP People,buyer,0.11662912394210095,clic email 05-22 (0.11662912394210095)
ENT-12719,CON-009661,Marion Meyer,Office Manager,bruit,0.0,clic email 05-22 (0.0) · clic email 06-15 (0.0)
ENT-01893,CON-025258,Sanne Smit,,sans_titre,0.4061261981781178,clic email 06-19 (0.4061261981781178)
ENT-01893,CON-025256,Julie Serrano,HR Intern,bruit,0.0,commentaire LinkedIn 05-22 (0.0)
ENT-17873,CON-003271,Chloe Simon,Head of HR Operations,buyer,0.11662912394210095,clic email 05-22 (0.11662912394210095)
ENT-18585,CON-028506,Maxime Lambert,Talent Acquisition Manager,champion,0.09330329915368077,clic email 05-22 (0.09330329915368077)
ENT-13134,CON-000812,Camille Michel,HR Officer,utilisateur,0.06997747436526057,clic email 05-22 (0.06997747436526057)
ENT-02886,CON-074326,Hugo Muller,VP Human Resources,buyer,0.27052217561021547,clic email 05-22 (0.11662912394210095) · like LinkedIn 06-15 (0.1538930516681145)
ENT-09319,CON-059917,Quentin Bernard,HR Manager,champion,0.09330329915368077,clic email 05-22 (0.09330329915368077)
ENT-09319,CON-053640,Lea Girard,Executive Assistant,bruit,0.0,like LinkedIn 06-25 (0.0)
ENT-18533,CON-071910,Claire Muller,Head of Talent Acquisition,buyer,0.02915728098552524,like LinkedIn 05-22 (0.02915728098552524)
ENT-11675,CON-034957,Laura Chevalier,CEO,buyer,1.741133916654572,clic email 05-22 (0.11662912394210095) · clic email 06-29 (1.6245047927124712)
ENT-14645,CON-075007,Romain Martin,Head of HR Operations,buyer,0.16493848884661183,clic email 05-27 (0.16493848884661183)
ENT-14645,CON-075009,Emma Jansen,Talent Acquisition Specialist,utilisateur,0.1305825844944186,clic email 05-31 (0.1305825844944186)
ENT-14645,CON-075008,Nora Girard,CEO,buyer,0.11662912394210095,clic email 05-22 (0.11662912394210095)
ENT-07969,CON-073676,Romain Dupont,HR Officer,utilisateur,0.06997747436526057,clic email 05-22 (0.06997747436526057)
ENT-07944,CON-059589,Manon Girard,HR Intern,bruit,0.0,clic email 05-22 (0.0)
ENT-19451,CON-056735,Anais Roux,Directrice RH,buyer,0.11662912394210095,clic email 05-22 (0.11662912394210095)
ENT-19451,CON-056734,Julie Boyer,Office Manager,bruit,0.0,commentaire LinkedIn 07-10 (0.0) · clic email 07-12 (0.0)
ENT-08994,CON-037038,Felix Petit,HR Business Partner,champion,0.023325824788420192,like LinkedIn 05-22 (0.023325824788420192)
ENT-13183,CON-063703,Femke Visser,HR Intern,bruit,0.0,clic email 05-22 (0.0) · like LinkedIn 06-07 (0.0)
ENT-19112,CON-065007,Bastien Weber,Recruiter,utilisateur,0.06997747436526057,clic email 05-22 (0.06997747436526057)
ENT-19112,CON-061034,Bastien Fournier,Executive Assistant,bruit,0.0,like LinkedIn 05-27 (0.0)
ENT-08290,CON-012675,Hugo Garnier,Recruiter,utilisateur,0.06997747436526057,clic email 05-22 (0.06997747436526057)
ENT-01723,CON-075276,Maxime Bernard,HR Assistant,utilisateur,0.5573289121790019,clic email 05-22 (0.06997747436526057) · clic email 06-19 (0.48735143781374135)
ENT-03233,CON-060277,Julien Vincent,Executive Assistant,bruit,0.0,clic email 05-22 (0.0)
ENT-17265,CON-039818,Julien Moreau,Head of HR Operations,buyer,0.11662912394210095,clic email 05-22 (0.11662912394210095)
ENT-13490,CON-065335,Julie Fontaine,Directrice RH,buyer,0.11662912394210095,clic email 05-22 (0.11662912394210095)
ENT-06684,CON-031936,Sanne Bernard,HR Intern,bruit,0.0,clic email 05-22 (0.0)
ENT-18352,CON-010603,Bastien Fontaine,,sans_titre,0.05831456197105048,clic email 05-22 (0.05831456197105048)
ENT-15736,CON-007918,Lea Meyer,Executive Assistant,bruit,0.0,clic email 05-22 (0.0)
ENT-18787,CON-050567,Nora Visser,HR Director,buyer,0.11662912394210095,clic email 05-22 (0.11662912394210095)
ENT-11793,CON-003068,Romain Martin,HR Director,buyer,0.02915728098552524,like LinkedIn 05-22 (0.02915728098552524)
ENT-01435,CON-045366,Lea Dupont,HR Manager,champion,1.3928809012737986,clic email 06-30 (1.3928809012737986)
ENT-01435,CON-051698,Femke Girard,,sans_titre,0.05831456197105048,clic email 05-22 (0.05831456197105048)
ENT-15014,CON-017144,Bastien Chevalier,People Ops Coordinator,utilisateur,0.017494368591315142,like LinkedIn 05-22 (0.017494368591315142)
ENT-12481,CON-010571,Nicolas Visser,Responsable Recrutement,champion,2.1924378968722547,like LinkedIn 06-09 (0.08122523963562356) · clic email 07-06 (2.111212657236631)
ENT-12481,CON-010575,Margaux Lambert,HR Manager,champion,0.09330329915368077,clic email 05-22 (0.09330329915368077)
ENT-08349,CON-050968,Antoine Roux,VP People,buyer,0.11662912394210095,clic email 05-22 (0.11662912394210095)
ENT-10931,CON-036759,Julie Visser,,sans_titre,0.05831456197105048,clic email 05-22 (0.05831456197105048)
ENT-06739,CON-004719,Femke Garnier,Executive Assistant,bruit,0.0,clic email 05-23 (0.0)
ENT-03704,CON-056531,Jonas Girard,Recruiter,utilisateur,0.4255933240034748,commentaire LinkedIn 05-23 (0.056249999999999994) · clic email 06-15 (0.3693433240034748)
ENT-06769,CON-030414,Emil Smit,HR Business Partner,champion,0.1,clic email 05-23 (0.1)
ENT-18350,CON-020204,Diego Dupont,HR Assistant,utilisateur,0.075,clic email 05-23 (0.075)
ENT-17733,CON-070606,Romain Fontaine,HR Business Partner,champion,0.1,clic email 05-23 (0.1)
ENT-04196,CON-001028,Claire Moreau,HR Assistant,utilisateur,0.18867874248827982,clic email 05-23 (0.075) · clic email 05-29 (0.11367874248827983)
ENT-17346,CON-061688,Jan Bernard,HR Business Partner,champion,4.550483399593905,like LinkedIn 05-23 (0.025) · clic email 07-17 (4.525483399593905)
ENT-04239,CON-050651,Femke Muller,Charge de recrutement,utilisateur,3.898811502509931,clic email 07-19 (3.898811502509931)
ENT-04239,CON-050652,Benjamin Michel,HR Officer,utilisateur,0.2729261866159342,clic email 05-23 (0.075) · clic email 06-06 (0.1979261866159342)
ENT-04239,CON-050654,Greta Dupont,People Ops Coordinator,utilisateur,0.24367571890687068,like LinkedIn 06-29 (0.24367571890687068)
ENT-04761,CON-054104,Alexandre Blanc,Recruiter,utilisateur,0.1979261866159342,clic email 06-06 (0.1979261866159342)
ENT-04761,CON-006457,Lucas Martin,Responsable Recrutement,champion,0.15000000000000002,commentaire LinkedIn 06-02 (0.15000000000000002)
ENT-04761,CON-006456,Lea Simon,HR Assistant,utilisateur,0.075,clic email 05-23 (0.075)
ENT-20310,CON-009628,Anna Rousseau,Chargee de recrutement,utilisateur,4.253642703821396,clic email 05-23 (0.075) · clic email 07-20 (4.178642703821396)
ENT-01578,CON-073611,Julie Muller,HRBP,champion,0.1,clic email 05-23 (0.1)
ENT-00299,CON-059565,Bastien Serrano,Talent Acquisition Manager,champion,1.6,clic email 07-02 (1.6)
ENT-00299,CON-059567,Julie Simon,HR Manager,champion,1.3928809012737986,clic email 06-30 (1.3928809012737986)
ENT-00299,CON-059570,Margaux Visser,Talent Acquisition Specialist,utilisateur,0.056249999999999994,commentaire LinkedIn 05-23 (0.056249999999999994)
ENT-04456,CON-064077,Nicolas Guerin,HR Assistant,utilisateur,0.01875,like LinkedIn 05-23 (0.01875)
ENT-01075,CON-062131,Marion Navarro,Recruiter,utilisateur,0.075,clic email 05-23 (0.075)
ENT-04885,CON-004173,Quentin Bernard,HR Assistant,utilisateur,0.075,clic email 05-23 (0.075)
ENT-04885,CON-010040,Camille Muller,Office Manager,bruit,0.0,like LinkedIn 06-04 (0.0)
ENT-19601,CON-027904,Laura Moreau,Office Manager,bruit,0.0,clic email 05-23 (0.0)
ENT-20121,CON-022089,Pierre Guerin,Executive Assistant,bruit,0.0,clic email 05-23 (0.0)
ENT-16101,CON-052528,Femke Lefebvre,HR Intern,bruit,0.0,clic email 05-23 (0.0)
ENT-16920,CON-073998,Marion Michel,,sans_titre,0.0625,clic email 05-23 (0.0625)
ENT-10130,CON-061680,Pierre Laurent,Recruiter,utilisateur,0.056249999999999994,commentaire LinkedIn 05-23 (0.056249999999999994)
ENT-09884,CON-000198,Sanne Ferrari,HR Assistant,utilisateur,0.01875,like LinkedIn 05-23 (0.01875)
ENT-02064,CON-030449,Pierre Serrano,Head of HR Operations,buyer,0.09375,commentaire LinkedIn 05-23 (0.09375)
ENT-02064,CON-030451,Julie Guerin,Executive Assistant,bruit,0.0,clic email 05-28 (0.0)
ENT-12657,CON-002796,Diego Fournier,People Ops Coordinator,utilisateur,0.075,clic email 05-23 (0.075)
ENT-12407,CON-022652,Julie Durand,Chargee de recrutement,utilisateur,0.08615237662477764,clic email 05-25 (0.08615237662477764)
ENT-12407,CON-022654,Romain Visser,People Ops Coordinator,utilisateur,0.075,clic email 05-23 (0.075)
ENT-00924,CON-047043,Florian Roux,,sans_titre,1.687004792712471,clic email 05-23 (0.0625) · clic email 07-09 (1.624504792712471)
ENT-00924,CON-047045,Vincent Fischer,People Ops Manager,champion,1.2125732532083187,clic email 06-28 (1.2125732532083187)
ENT-07118,CON-000586,Nicolas Lambert,HR Business Partner,champion,1.299603834169977,like LinkedIn 07-19 (1.299603834169977)
ENT-07118,CON-037140,Emil Lefebvre,HR Director,buyer,0.7578582832551991,like LinkedIn 07-08 (0.7578582832551991)
ENT-07118,CON-037141,Sarah Garcia,HR Assistant,utilisateur,0.075,clic email 05-23 (0.075)
ENT-01069,CON-065245,Florian Rossi,HR Officer,utilisateur,0.01875,like LinkedIn 05-23 (0.01875)
ENT-14244,CON-014212,Chloe Lambert,HR Manager,champion,0.1,clic email 05-23 (0.1)
ENT-06962,CON-063091,Sophie Garnier,HR Manager,champion,0.34822022531844965,clic email 06-10 (0.34822022531844965)
ENT-06962,CON-015502,Elise Chevalier,Head of HR Operations,buyer,0.25,clic email 06-02 (0.25)
ENT-06962,CON-015503,Sophie Vincent,HR Intern,bruit,0.0,like LinkedIn 05-23 (0.0)
ENT-20288,CON-027778,Claire Petit,Compensation & Benefits Manager,champion,0.1,clic email 05-23 (0.1)
ENT-08734,CON-020429,Anais Moreau,Compensation & Benefits Manager,champion,0.025,like LinkedIn 05-23 (0.025)
ENT-03827,CON-067417,Emil Dupont,Recruiter,utilisateur,0.075,clic email 05-23 (0.075)
ENT-20001,CON-031839,Greta Boyer,Talent Acquisition Specialist,utilisateur,0.3,clic email 06-12 (0.3)
ENT-20001,CON-047728,Quentin Chevalier,Compensation & Benefits Manager,champion,0.1,clic email 05-23 (0.1)
ENT-17533,CON-055473,Julien Fischer,HR Officer,utilisateur,0.11367874248827983,clic email 05-29 (0.11367874248827983)
ENT-17533,CON-055476,Julien Rossi,Compensation & Benefits Manager,champion,0.1,clic email 05-23 (0.1)
ENT-04887,CON-065058,Elena Rousseau,HR Manager,champion,0.1,clic email 05-23 (0.1)
ENT-02571,CON-075052,Benjamin Leroy,HR Business Partner,champion,0.1,clic email 05-23 (0.1)
ENT-04422,CON-038512,Guillaume Roux,Executive Assistant,bruit,0.0,clic email 05-23 (0.0) · clic email 06-21 (0.0)
ENT-10440,CON-038220,Anais Moreau,Charge de recrutement,utilisateur,0.12183785945343534,clic email 05-30 (0.12183785945343534)
ENT-10440,CON-038222,Laura Leroy,HR Intern,bruit,0.0,clic email 05-23 (0.0) · like LinkedIn 07-16 (0.0)
ENT-15270,CON-046099,Ines Martin,Charge de recrutement,utilisateur,0.056249999999999994,commentaire LinkedIn 05-23 (0.056249999999999994)
ENT-03921,CON-002018,Alexandre Petit,People Ops Manager,champion,0.13195079107728946,clic email 05-27 (0.13195079107728946)
ENT-03921,CON-002016,Jan Girard,Directeur RH,buyer,0.09375,commentaire LinkedIn 05-23 (0.09375)
ENT-20096,CON-029887,Claire Rossi,Head of HR Operations,buyer,0.09375,commentaire LinkedIn 05-23 (0.09375)
ENT-17897,CON-028080,Elena Moreau,Head of HR Operations,buyer,0.125,clic email 05-23 (0.125)
ENT-03429,CON-002692,Antoine Muller,Compensation & Benefits Manager,champion,0.07500000000000001,commentaire LinkedIn 05-23 (0.07500000000000001)
ENT-02151,CON-036057,Camille Petit,Talent Acquisition Specialist,utilisateur,0.075,clic email 05-23 (0.075)
ENT-14747,CON-018492,Felix Laurent,Responsable Recrutement,champion,0.8953116841917945,like LinkedIn 05-29 (0.037892914162759944) · clic email 06-23 (0.8574187700290345)
ENT-14747,CON-018493,Florian Moreau,Talent Acquisition Specialist,utilisateur,0.075,clic email 05-23 (0.075)
ENT-00132,CON-009836,Julie Weber,Chargee de recrutement,utilisateur,0.0923358310008687,clic email 05-26 (0.0923358310008687)
ENT-00132,CON-009837,Sarah Leroy,Chargee de recrutement,utilisateur,0.056249999999999994,commentaire LinkedIn 05-23 (0.056249999999999994)
ENT-15178,CON-010250,Romain Blanc,People Ops Coordinator,utilisateur,0.075,clic email 05-23 (0.075)
ENT-12398,CON-047296,Bastien Navarro,Chargee de recrutement,utilisateur,0.075,clic email 05-23 (0.075)
ENT-10116,CON-050769,Romain Garcia,HR Business Partner,champion,0.2,clic email 05-23 (0.1) · clic email 05-23 (0.1)
ENT-15859,CON-031769,Camille Smit,Talent Acquisition Specialist,utilisateur,0.848528137423857,clic email 06-27 (0.848528137423857)
ENT-15859,CON-031764,Marta Bernard,Executive Assistant,bruit,0.0,clic email 05-23 (0.0)
ENT-18117,CON-001718,Ines Mercier,Responsable Recrutement,champion,0.1,clic email 05-23 (0.1)
ENT-09077,CON-001340,Jonas Petit,HR Business Partner,champion,0.1,clic email 05-23 (0.1)
ENT-14654,CON-065905,Elena Weber,HR Officer,utilisateur,0.056249999999999994,commentaire LinkedIn 05-23 (0.056249999999999994)
ENT-18983,CON-023439,Romain Chevalier,HR Assistant,utilisateur,0.1979261866159342,clic email 06-06 (0.1979261866159342)
ENT-18983,CON-007849,Guillaume Navarro,Talent Acquisition Manager,champion,0.1,clic email 05-23 (0.1)
ENT-20099,CON-032759,Sarah Ferrari,Chargee de recrutement,utilisateur,0.075,clic email 05-23 (0.075)
ENT-14431,CON-065046,Femke Roux,Recruiter,utilisateur,0.075,clic email 05-23 (0.075)
ENT-04349,CON-003016,Femke Blanc,VP Human Resources,buyer,0.125,clic email 05-23 (0.125)
ENT-07100,CON-032953,Camille Jansen,CEO,buyer,1.3195079107728942,clic email 06-26 (1.3195079107728942)
ENT-07100,CON-032952,Emil Weber,HR Manager,champion,0.1,clic email 05-23 (0.1)
ENT-07192,CON-072038,Pablo Dupont,VP Human Resources,buyer,0.03125,like LinkedIn 05-23 (0.03125)
ENT-14642,CON-036018,Pierre Dupont,Executive Assistant,bruit,0.0,clic email 05-23 (0.0)
ENT-13230,CON-006618,Pierre Moreau,Head of People,buyer,1.8553946420410408,clic email 06-26 (1.3195079107728942) · like LinkedIn 07-03 (0.5358867312681466)
ENT-13230,CON-006619,Bastien Dupont,HR Assistant,utilisateur,1.8467166200173741,clic email 06-25 (0.7386866480069496) · commentaire LinkedIn 07-05 (1.1080299720104245)
ENT-13230,CON-028274,Camille Dupont,Responsable Recrutement,champion,0.7248019170849884,commentaire LinkedIn 05-23 (0.07500000000000001) · clic email 06-19 (0.6498019170849885)
ENT-13230,CON-006617,Hugo Garcia,People Ops Coordinator,utilisateur,0.056839371244139916,like LinkedIn 06-08 (0.056839371244139916)
ENT-03582,CON-071390,Bastien Chevalier,Recruiter,utilisateur,0.075,clic email 05-23 (0.075)
ENT-18872,CON-040358,Pablo Michel,HR Assistant,utilisateur,0.7917047464637365,clic email 06-26 (0.7917047464637365)
ENT-18872,CON-066298,Sanne Guerin,Executive Assistant,bruit,0.0,like LinkedIn 05-23 (0.0) · clic email 07-09 (0.0)
ENT-12746,CON-012702,Claire Petit,COO,buyer,1.7495047927124712,clic email 05-23 (0.125) · like LinkedIn 07-19 (1.6245047927124712)
ENT-20024,CON-036019,Nora Bernard,Talent Acquisition Specialist,utilisateur,2.6472563100871036,clic email 05-23 (0.075) · clic email 07-13 (2.5722563100871034)
ENT-05350,CON-023270,Elise Garcia,Charge de recrutement,utilisateur,2.475,clic email 05-23 (0.075) · clic email 07-12 (2.4)
ENT-00004,CON-037668,Antoine Martin,Head of HR Operations,buyer,0.125,clic email 05-23 (0.125)
ENT-12636,CON-053452,Bastien Fischer,Responsable Recrutement,champion,0.1,clic email 05-23 (0.1)
ENT-00166,CON-062401,Hugo Garcia,,sans_titre,1.0923900371802666,clic email 05-23 (0.0625) · clic email 06-10 (0.217637640824031) · like LinkedIn 07-19 (0.8122523963562356)
ENT-06469,CON-067590,Julie Fournier,Executive Assistant,bruit,0.0,clic email 05-23 (0.0)
ENT-16468,CON-018261,Lucas Fournier,Recruiter,utilisateur,0.075,clic email 05-23 (0.075)
ENT-03739,CON-005003,Nicolas Mercier,HRBP,champion,0.10717734625362929,clic email 05-24 (0.10717734625362929)
ENT-01828,CON-073765,Nicolas Faure,Talent Acquisition Specialist,utilisateur,3.186914738277501,like LinkedIn 05-24 (0.020095752422555492) · clic email 07-16 (3.166818985854946)
ENT-02394,CON-065822,Laura Faure,HR Business Partner,champion,0.10717734625362929,clic email 05-24 (0.10717734625362929)
ENT-06537,CON-009537,Bastien Lefebvre,Talent Acquisition Specialist,utilisateur,0.48735143781374135,clic email 06-19 (0.48735143781374135)
ENT-06537,CON-009536,Bastien Moreau,People Ops Coordinator,utilisateur,0.08038300969022197,clic email 05-24 (0.08038300969022197)
ENT-08675,CON-047277,Pauline Petit,HRBP,champion,0.10717734625362929,clic email 05-24 (0.10717734625362929)
ENT-18056,CON-062015,Anais Garcia,Recruiter,utilisateur,0.08038300969022197,clic email 05-24 (0.08038300969022197)
ENT-07266,CON-014581,Thomas Garcia,Head of Talent Acquisition,buyer,0.1339716828170366,clic email 05-24 (0.1339716828170366)
ENT-15500,CON-052483,Manon Chevalier,VP Human Resources,buyer,0.1339716828170366,clic email 05-24 (0.1339716828170366)
ENT-09902,CON-014529,Jonas Girard,Chief People Officer,buyer,0.1339716828170366,clic email 05-24 (0.1339716828170366)
ENT-09902,CON-014531,Julien Garcia,HR Intern,bruit,0.0,clic email 06-14 (0.0)
ENT-04127,CON-015781,Lea Laurent,Executive Assistant,bruit,0.0,clic email 05-24 (0.0) · clic email 05-28 (0.0)
ENT-18921,CON-010730,Hugo Leroy,People Ops Coordinator,utilisateur,3.47449555938565,clic email 05-24 (0.08038300969022197) · clic email 07-17 (3.394112549695428)
ENT-01304,CON-066752,Claire Fontaine,Chief People Officer,buyer,0.1339716828170366,clic email 05-24 (0.1339716828170366)
ENT-19767,CON-025824,Vincent Jansen,HR Manager,champion,0.6295076842313038,clic email 05-24 (0.10717734625362929) · commentaire LinkedIn 06-20 (0.5223303379776745)
ENT-12539,CON-035059,Sarah Girard,Chargee de recrutement,utilisateur,0.06028725726766647,commentaire LinkedIn 05-24 (0.06028725726766647)
ENT-06430,CON-069716,Elena Guerin,Executive Assistant,bruit,0.0,like LinkedIn 05-24 (0.0)
ENT-06430,CON-069179,Jan Meyer,Executive Assistant,bruit,0.0,clic email 07-21 (0.0)
ENT-14132,CON-065303,Lucas Petit,Office Manager,bruit,0.0,clic email 05-24 (0.0)
ENT-12867,CON-042247,Alexandre Garcia,Head of People,buyer,0.03349292070425915,like LinkedIn 05-24 (0.03349292070425915)
ENT-06125,CON-044149,Chloe Garcia,HR Officer,utilisateur,0.08038300969022197,clic email 05-24 (0.08038300969022197)
ENT-04199,CON-015676,Benjamin Boyer,COO,buyer,0.1339716828170366,clic email 05-24 (0.1339716828170366)
ENT-03659,CON-038472,Romain Faure,Office Manager,bruit,0.0,like LinkedIn 05-24 (0.0) · clic email 07-03 (0.0)
ENT-14496,CON-039999,Sanne Garcia,HR Assistant,utilisateur,0.08038300969022197,clic email 05-24 (0.08038300969022197)
ENT-00558,CON-011157,Anna Bernard,Charge de recrutement,utilisateur,0.08038300969022197,clic email 05-24 (0.08038300969022197)
ENT-06415,CON-006496,Sanne Smit,People Ops Manager,champion,0.20349745102471362,commentaire LinkedIn 05-24 (0.08038300969022198) · clic email 05-26 (0.12311444133449162)
ENT-11243,CON-035346,Marta Muller,HRBP,champion,0.48039054286835237,clic email 05-24 (0.10717734625362929) · clic email 06-11 (0.3732131966147231)
ENT-19848,CON-041073,Lucas Navarro,Charge de recrutement,utilisateur,3.637719759624955,clic email 07-18 (3.637719759624955)
ENT-19848,CON-041072,Alexandre Bernard,People Ops Manager,champion,0.24859870249093882,clic email 05-24 (0.10717734625362929) · clic email 05-28 (0.14142135623730953)
ENT-04285,CON-068019,Bastien Garnier,Executive Assistant,bruit,0.0,like LinkedIn 05-24 (0.0)
ENT-18342,CON-009906,Ines Weber,Chargee de recrutement,utilisateur,6.27392574190114,commentaire LinkedIn 07-16 (2.3751142393912095) · clic email 07-19 (3.898811502509931)
ENT-18342,CON-009905,Pierre Girard,Head of Talent Acquisition,buyer,0.1339716828170366,clic email 05-24 (0.1339716828170366)
ENT-01765,CON-009864,Greta Muller,Chargee de recrutement,utilisateur,0.08038300969022197,clic email 05-24 (0.08038300969022197)
ENT-13662,CON-021217,Marion Bonnet,HR Business Partner,champion,2.599207668339954,clic email 07-09 (2.599207668339954)
ENT-13662,CON-021216,Quentin Moreau,Office Manager,bruit,0.0,like LinkedIn 05-24 (0.0)
ENT-03624,CON-059306,Marion Michel,Compensation & Benefits Manager,champion,0.10717734625362929,clic email 05-24 (0.10717734625362929)
ENT-16053,CON-023305,Vincent Dubois,Chargee de recrutement,utilisateur,0.15538300969022195,clic email 05-24 (0.08038300969022197) · like LinkedIn 06-12 (0.075)
ENT-19857,CON-007187,Felix Rousseau,HR Intern,bruit,0.0,commentaire LinkedIn 05-24 (0.0) · clic email 07-10 (0.0)
ENT-17020,CON-059689,Marion Petit,Executive Assistant,bruit,0.0,clic email 05-24 (0.0)
ENT-13101,CON-039114,Bastien Michel,Compensation & Benefits Manager,champion,0.08038300969022198,commentaire LinkedIn 05-24 (0.08038300969022198)
ENT-05833,CON-009638,Sophie Roux,Head of HR Operations,buyer,0.1339716828170366,clic email 05-24 (0.1339716828170366)
ENT-07891,CON-040081,Alexandre Dupont,Charge de recrutement,utilisateur,0.08038300969022197,clic email 05-24 (0.08038300969022197)
ENT-07821,CON-051787,Camille Boyer,Talent Acquisition Manager,champion,0.10717734625362929,clic email 05-24 (0.10717734625362929)
ENT-07821,CON-075542,Marion Dubois,HRBP,champion,0.10717734625362929,clic email 05-24 (0.10717734625362929)
ENT-09031,CON-005081,Pierre Durand,Head of People,buyer,0.03349292070425915,like LinkedIn 05-24 (0.03349292070425915)
ENT-15932,CON-022266,Emma Rossi,HR Business Partner,champion,0.7386866480069497,commentaire LinkedIn 06-25 (0.7386866480069497)
ENT-15932,CON-022268,Jan Blanc,Head of HR Operations,buyer,0.10047876211277745,commentaire LinkedIn 05-24 (0.10047876211277745)
ENT-10836,CON-037172,Marion Faure,HR Intern,bruit,0.0,clic email 05-24 (0.0)
ENT-16718,CON-049427,Margaux Mercier,People Ops Coordinator,utilisateur,0.08038300969022197,clic email 05-24 (0.08038300969022197)
ENT-12476,CON-039575,Diego Petit,Compensation & Benefits Manager,champion,0.08038300969022198,commentaire LinkedIn 05-24 (0.08038300969022198)
ENT-06471,CON-009222,Julien Garcia,Directeur RH,buyer,0.18133782552048655,clic email 05-24 (0.1339716828170366) · like LinkedIn 05-29 (0.04736614270344993)
ENT-06578,CON-075258,Greta Fournier,Recruiter,utilisateur,0.44999999999999996,commentaire LinkedIn 06-22 (0.44999999999999996)
ENT-06578,CON-015829,Sophie Dupont,People Ops Manager,champion,0.10717734625362929,clic email 05-24 (0.10717734625362929)
ENT-09900,CON-017582,Sophie Navarro,,sans_titre,0.0669858414085183,clic email 05-24 (0.0669858414085183)
ENT-19865,CON-003113,Thomas Laurent,VP People,buyer,0.1339716828170366,clic email 05-24 (0.1339716828170366)
ENT-14483,CON-057340,Hugo Lefebvre,HR Manager,champion,2.2627416997969525,clic email 07-07 (2.2627416997969525)
ENT-14483,CON-057341,Sophie Roux,,sans_titre,0.0669858414085183,clic email 05-24 (0.0669858414085183)
ENT-08758,CON-056798,Emil Andre,Head of HR Operations,buyer,0.32987697769322366,clic email 06-06 (0.32987697769322366)
ENT-08758,CON-075071,Elena Fischer,Directeur RH,buyer,0.2871745887492588,clic email 06-04 (0.2871745887492588)
ENT-08758,CON-056800,Bastien Boyer,Head of HR Operations,buyer,0.03349292070425915,like LinkedIn 05-24 (0.03349292070425915)
ENT-12367,CON-022497,Benjamin Fournier,HRBP,champion,0.10717734625362929,clic email 05-24 (0.10717734625362929)
ENT-06101,CON-003207,Lucas Leroy,Responsable Recrutement,champion,0.10717734625362929,clic email 05-24 (0.10717734625362929)
ENT-14784,CON-054440,Elise Boyer,HR Assistant,utilisateur,0.08038300969022197,clic email 05-24 (0.08038300969022197)
ENT-13462,CON-064457,Greta Garnier,,sans_titre,0.08838834764831845,clic email 05-28 (0.08838834764831845)
ENT-13462,CON-005941,Guillaume Girard,Executive Assistant,bruit,0.0,clic email 05-24 (0.0)
ENT-03610,CON-061927,Claire Blanc,HRBP,champion,0.10717734625362929,clic email 05-24 (0.10717734625362929)
ENT-14656,CON-016500,Sanne Garcia,HR Assistant,utilisateur,0.44972633369369674,clic email 05-24 (0.08038300969022197) · clic email 06-15 (0.3693433240034748)
ENT-11032,CON-057875,Pierre Simon,Head of HR Operations,buyer,0.03349292070425915,like LinkedIn 05-24 (0.03349292070425915)
ENT-03331,CON-053660,Hugo Girard,Head of Talent Acquisition,buyer,7.598235615111496,clic email 05-24 (0.1339716828170366) · clic email 07-21 (7.464263932294459)
ENT-20045,CON-015338,Alexandre Michel,Head of Talent Acquisition,buyer,0.1339716828170366,clic email 05-24 (0.1339716828170366)
ENT-19806,CON-026746,Pablo Garnier,HR Manager,champion,0.10717734625362929,clic email 05-24 (0.10717734625362929)
ENT-07374,CON-040394,Felix Jansen,Chief People Officer,buyer,0.1339716828170366,clic email 05-24 (0.1339716828170366)
ENT-16393,CON-046393,Ines Dubois,Talent Acquisition Manager,champion,0.026794336563407323,like LinkedIn 05-24 (0.026794336563407323)
ENT-11998,CON-048122,Jonas Visser,Responsable Recrutement,champion,0.10717734625362929,clic email 05-24 (0.10717734625362929)
ENT-06352,CON-061985,Jan Dubois,Recruiter,utilisateur,0.08038300969022197,clic email 05-24 (0.08038300969022197)
ENT-17975,CON-029563,Hugo Laurent,Recruiter,utilisateur,0.08038300969022197,clic email 05-24 (0.08038300969022197)
ENT-09775,CON-053809,Ines Simon,COO,buyer,1.148698354997035,clic email 06-24 (1.148698354997035)
ENT-09775,CON-053811,Elena Lefebvre,Chargee de recrutement,utilisateur,0.08038300969022197,clic email 05-24 (0.08038300969022197)
ENT-18603,CON-056721,Nora Petit,Responsable Recrutement,champion,0.08038300969022198,commentaire LinkedIn 05-24 (0.08038300969022198)
ENT-14116,CON-067372,Maxime Fontaine,Chargee de recrutement,utilisateur,0.23038300969022196,clic email 05-24 (0.08038300969022197) · clic email 06-02 (0.15)
ENT-01597,CON-038326,Anna Lambert,CEO,buyer,1.148698354997035,clic email 06-24 (1.148698354997035)
ENT-01597,CON-038328,Jonas Meyer,Talent Acquisition Manager,champion,0.10717734625362929,clic email 05-24 (0.10717734625362929)
ENT-16541,CON-061174,Lea Roux,,sans_titre,0.0669858414085183,clic email 05-24 (0.0669858414085183)
ENT-09615,CON-039249,Pierre Smit,HR Intern,bruit,0.0,clic email 05-24 (0.0) · commentaire LinkedIn 06-28 (0.0)
ENT-16849,CON-025853,Quentin Rousseau,People Ops Coordinator,utilisateur,0.3958523732318682,clic email 06-16 (0.3958523732318682)
ENT-16849,CON-025856,Marion Leroy,COO,buyer,0.1339716828170366,clic email 05-24 (0.1339716828170366)
ENT-15440,CON-005990,Julien Martin,Responsable Recrutement,champion,0.10717734625362929,clic email 05-24 (0.10717734625362929)
ENT-06611,CON-047032,Jonas Bernard,Head of Talent Acquisition,buyer,0.1339716828170366,clic email 05-24 (0.1339716828170366)
ENT-07772,CON-027764,Diego Moreau,Chargee de recrutement,utilisateur,0.08038300969022197,clic email 05-24 (0.08038300969022197)
ENT-11367,CON-027797,Julien Roux,Compensation & Benefits Manager,champion,0.9189586839976281,clic email 06-24 (0.9189586839976281)
ENT-11367,CON-027798,Julien Laurent,VP Human Resources,buyer,0.03589682359365735,like LinkedIn 05-25 (0.03589682359365735)
ENT-05480,CON-062165,Pauline Smit,Responsable Recrutement,champion,0.9071773462536293,like LinkedIn 06-13 (0.10717734625362932) · clic email 06-22 (0.8)
ENT-05480,CON-062164,Benjamin Fischer,CEO,buyer,0.2871745887492588,clic email 06-04 (0.2871745887492588)
ENT-05480,CON-003776,Nicolas Girard,Charge de recrutement,utilisateur,0.08615237662477764,clic email 05-25 (0.08615237662477764)
ENT-09148,CON-005710,Greta Chevalier,HR Intern,bruit,0.0,clic email 05-25 (0.0)
ENT-04439,CON-029167,Bastien Dupont,Chargee de recrutement,utilisateur,0.848528137423857,clic email 06-27 (0.848528137423857)
ENT-04439,CON-029168,Pauline Jansen,Office Manager,bruit,0.0,clic email 05-25 (0.0)
ENT-04439,CON-029164,Lucas Vincent,HR Intern,bruit,0.0,clic email 06-04 (0.0)
ENT-20153,CON-004038,Lucas Garcia,Talent Acquisition Specialist,utilisateur,1.2,clic email 07-02 (1.2)
ENT-20153,CON-024888,Ines Mercier,Executive Assistant,bruit,0.0,clic email 05-25 (0.0)
ENT-00397,CON-028091,Maxime Ferrari,Directrice RH,buyer,0.1435872943746294,clic email 05-25 (0.1435872943746294)
ENT-18527,CON-004846,Marion Lefebvre,Executive Assistant,bruit,0.0,clic email 05-25 (0.0)
ENT-14582,CON-070342,Emil Garnier,Responsable Recrutement,champion,0.11486983549970352,clic email 05-25 (0.11486983549970352)
ENT-10394,CON-029519,Marion Michel,Head of People,buyer,0.1435872943746294,clic email 05-25 (0.1435872943746294)
ENT-04391,CON-055498,Marion Rousseau,COO,buyer,0.1435872943746294,clic email 05-25 (0.1435872943746294)
ENT-05888,CON-055774,Florian Vincent,Head of HR Operations,buyer,0.1435872943746294,clic email 05-25 (0.1435872943746294)
ENT-02940,CON-035295,Thomas Fontaine,Talent Acquisition Manager,champion,0.08615237662477765,commentaire LinkedIn 05-25 (0.08615237662477765)
ENT-06250,CON-028496,Guillaume Weber,Compensation & Benefits Manager,champion,0.17411011265922482,clic email 05-31 (0.17411011265922482)
ENT-06250,CON-059536,Vincent Boyer,Talent Acquisition Manager,champion,0.043527528164806206,like LinkedIn 05-31 (0.043527528164806206)
ENT-06250,CON-059540,Thomas Serrano,Executive Assistant,bruit,0.0,clic email 05-25 (0.0)
ENT-01568,CON-029113,Thomas Petit,Head of HR Operations,buyer,0.1435872943746294,clic email 05-25 (0.1435872943746294)
ENT-02476,CON-053697,Jan Girard,COO,buyer,0.10769047078097205,commentaire LinkedIn 05-25 (0.10769047078097205)
ENT-17310,CON-045133,Quentin Mercier,VP Human Resources,buyer,0.1435872943746294,clic email 05-25 (0.1435872943746294)
ENT-06706,CON-067238,Margaux Jansen,,sans_titre,0.2485703424839516,clic email 05-25 (0.0717936471873147) · clic email 06-07 (0.1767766952966369)
ENT-07807,CON-025123,Thomas Garnier,Chargee de recrutement,utilisateur,0.08615237662477764,clic email 05-25 (0.08615237662477764)
ENT-07465,CON-046779,Marta Chevalier,Recruiter,utilisateur,3.6663059918991223,clic email 06-28 (0.9094299399062389) · clic email 07-14 (2.7568760519928834)
ENT-07465,CON-051994,Lea Visser,Responsable Recrutement,champion,0.6964404506368993,clic email 06-20 (0.6964404506368993)
ENT-07465,CON-051993,Sarah Chevalier,Talent Acquisition Manager,champion,0.11486983549970352,clic email 05-25 (0.11486983549970352)
ENT-07465,CON-046780,Quentin Lefebvre,Recruiter,utilisateur,0.023083957750217175,like LinkedIn 05-26 (0.023083957750217175)
ENT-19015,CON-023558,Maxime Chevalier,Charge de recrutement,utilisateur,0.08615237662477764,clic email 05-25 (0.08615237662477764)
ENT-10938,CON-047846,Antoine Ferrari,People Ops Coordinator,utilisateur,0.08615237662477764,clic email 05-25 (0.08615237662477764)
ENT-18524,CON-011312,Nicolas Rossi,HRBP,champion,0.11486983549970352,clic email 05-25 (0.11486983549970352)
ENT-07624,CON-022764,Nicolas Ferrari,Executive Assistant,bruit,0.0,commentaire LinkedIn 05-25 (0.0)
ENT-17643,CON-048042,Greta Bonnet,HR Manager,champion,0.11486983549970352,clic email 05-25 (0.11486983549970352)
ENT-13659,CON-013524,Quentin Meyer,Directeur RH,buyer,0.10769047078097205,commentaire LinkedIn 05-25 (0.10769047078097205)
ENT-02537,CON-028234,Jonas Mercier,HR Director,buyer,0.10769047078097205,commentaire LinkedIn 05-25 (0.10769047078097205)
ENT-08617,CON-009730,Felix Simon,HR Intern,bruit,0.0,clic email 05-25 (0.0) · clic email 07-09 (0.0)
ENT-19866,CON-005769,Antoine Bernard,COO,buyer,0.1435872943746294,clic email 05-25 (0.1435872943746294)
ENT-01768,CON-003319,Diego Rousseau,Recruiter,utilisateur,0.08615237662477764,clic email 05-25 (0.08615237662477764)
ENT-11448,CON-012230,Alexandre Girard,Head of People,buyer,0.1435872943746294,clic email 05-25 (0.1435872943746294)
ENT-01712,CON-017469,Hugo Garcia,Head of HR Operations,buyer,3.4828065307316547,clic email 05-25 (0.1435872943746294) · like LinkedIn 06-25 (0.307786103336229) · clic email 07-08 (3.0314331330207964)
ENT-02336,CON-059836,Laura Vincent,Chargee de recrutement,utilisateur,0.08615237662477764,clic email 05-25 (0.08615237662477764)
ENT-09115,CON-019200,Camille Fontaine,People Ops Manager,champion,0.11486983549970352,clic email 05-25 (0.11486983549970352)
ENT-05894,CON-058952,Sarah Fischer,HR Assistant,utilisateur,1.358944582760563,clic email 05-25 (0.08615237662477764) · commentaire LinkedIn 07-07 (1.2727922061357855)
ENT-05894,CON-058953,Julie Martin,HR Business Partner,champion,0.5278031643091577,clic email 06-16 (0.5278031643091577)
ENT-05894,CON-070156,Nicolas Smit,HR Assistant,utilisateur,0.0989630933079671,clic email 05-27 (0.0989630933079671)
ENT-14379,CON-066806,Camille Dupont,Talent Acquisition Specialist,utilisateur,0.08615237662477764,clic email 05-25 (0.08615237662477764)
ENT-07018,CON-062267,Benjamin Fontaine,,sans_titre,0.15426289161062062,clic email 05-25 (0.0717936471873147) · clic email 05-27 (0.08246924442330592)
ENT-03710,CON-012666,Felix Chevalier,Recruiter,utilisateur,3.2529713624797236,clic email 05-25 (0.08615237662477764) · clic email 07-16 (3.166818985854946)
ENT-19883,CON-027042,Julie Lambert,Responsable Recrutement,champion,0.08615237662477765,commentaire LinkedIn 05-25 (0.08615237662477765)
ENT-08698,CON-044773,Laura Fischer,Office Manager,bruit,0.0,clic email 05-25 (0.0)
ENT-15056,CON-012738,Quentin Rousseau,Recruiter,utilisateur,0.08615237662477764,clic email 05-25 (0.08615237662477764)
ENT-07187,CON-000514,Julien Weber,Executive Assistant,bruit,0.0,commentaire LinkedIn 05-25 (0.0)
ENT-14368,CON-070018,Jan Guerin,HR Manager,champion,0.11486983549970352,clic email 05-25 (0.11486983549970352)
ENT-10855,CON-051146,Pauline Faure,Charge de recrutement,utilisateur,1.949405751254965,clic email 07-09 (1.949405751254965)
ENT-10855,CON-051144,Sarah Martin,Talent Acquisition Manager,champion,0.11486983549970352,clic email 05-25 (0.11486983549970352)
ENT-18707,CON-019179,Ines Fournier,Charge de recrutement,utilisateur,0.08615237662477764,clic email 05-25 (0.08615237662477764)
ENT-02544,CON-003439,Elena Moreau,Talent Acquisition Manager,champion,0.11486983549970352,clic email 05-25 (0.11486983549970352)
ENT-19583,CON-018095,Greta Garcia,Office Manager,bruit,0.0,clic email 05-25 (0.0)
ENT-19899,CON-000823,Julie Simon,VP People,buyer,2.0,clic email 07-01 (2.0)
ENT-19899,CON-071646,Maxime Leroy,HR Manager,champion,0.11486983549970352,clic email 05-25 (0.11486983549970352)
ENT-19899,CON-000822,Julie Andre,Office Manager,bruit,0.0,clic email 07-15 (0.0)
ENT-03748,CON-043773,Felix Bernard,HR Business Partner,champion,0.11486983549970352,clic email 05-25 (0.11486983549970352)
ENT-15954,CON-010195,Benjamin Blanc,Office Manager,bruit,0.0,commentaire LinkedIn 05-25 (0.0)
ENT-12216,CON-001606,Maxime Bernard,Recruiter,utilisateur,0.08615237662477764,clic email 05-25 (0.08615237662477764)
ENT-16736,CON-070088,Romain Laurent,HR Business Partner,champion,4.640353235093609,clic email 05-25 (0.11486983549970352) · clic email 07-17 (4.525483399593905)
ENT-12772,CON-000475,Greta Visser,Recruiter,utilisateur,3.7023340420935384,commentaire LinkedIn 05-25 (0.06461428246858322) · clic email 07-18 (3.637719759624955)
ENT-09719,CON-015553,Vincent Simon,Head of HR Operations,buyer,0.1435872943746294,clic email 05-25 (0.1435872943746294)
ENT-14297,CON-057480,Florian Leroy,Office Manager,bruit,0.0,clic email 05-25 (0.0)
ENT-14805,CON-063481,Pauline Bonnet,HR Director,buyer,0.1435872943746294,clic email 05-25 (0.1435872943746294)
ENT-19290,CON-026073,Benjamin Weber,Recruiter,utilisateur,1.2861281550435517,clic email 07-03 (1.2861281550435517)
ENT-19290,CON-001173,Jonas Michel,Charge de recrutement,utilisateur,0.08615237662477764,clic email 05-25 (0.08615237662477764)
ENT-12000,CON-015708,Romain Weber,Compensation & Benefits Manager,champion,1.3928809012737986,clic email 06-30 (1.3928809012737986)
ENT-12000,CON-015707,Romain Fournier,Head of HR Operations,buyer,0.1435872943746294,clic email 05-25 (0.1435872943746294)
ENT-09169,CON-070675,Femke Leroy,Responsable Recrutement,champion,0.6498019170849885,clic email 06-19 (0.6498019170849885)
ENT-09169,CON-070674,Benjamin Durand,Executive Assistant,bruit,0.0,clic email 05-25 (0.0) · clic email 05-28 (0.0)
ENT-14808,CON-052515,Anais Roux,HRBP,champion,0.11486983549970352,clic email 05-25 (0.11486983549970352)
ENT-04188,CON-058167,Julie Girard,Charge de recrutement,utilisateur,0.08615237662477764,clic email 05-25 (0.08615237662477764)
ENT-08465,CON-064950,Bastien Dubois,VP Human Resources,buyer,0.03589682359365735,like LinkedIn 05-25 (0.03589682359365735)
ENT-17039,CON-016403,Ines Serrano,Recruiter,utilisateur,0.20456923119910436,commentaire LinkedIn 05-25 (0.06461428246858322) · clic email 06-01 (0.13995494873052114)
ENT-17039,CON-020932,Margaux Serrano,Charge de recrutement,utilisateur,0.04948154665398355,like LinkedIn 06-06 (0.04948154665398355)
ENT-01670,CON-033230,Sanne Lambert,,sans_titre,0.07694652583405726,clic email 05-26 (0.07694652583405726)
ENT-05892,CON-062446,Nicolas Visser,Talent Acquisition Specialist,utilisateur,0.0923358310008687,clic email 05-26 (0.0923358310008687)
ENT-05892,CON-062448,Elena Serrano,Talent Acquisition Specialist,utilisateur,0.08615237662477764,like LinkedIn 06-14 (0.08615237662477764)
ENT-08815,CON-015269,Nicolas Roux,Compensation & Benefits Manager,champion,0.12311444133449162,clic email 05-26 (0.12311444133449162)
ENT-07341,CON-000895,Sarah Meyer,Recruiter,utilisateur,0.3958523732318682,clic email 06-16 (0.3958523732318682)
ENT-07341,CON-000896,Guillaume Garnier,Talent Acquisition Manager,champion,0.030778610333622905,like LinkedIn 05-26 (0.030778610333622905)
ENT-19537,CON-050714,Florian Laurent,Responsable Recrutement,champion,0.09233583100086871,commentaire LinkedIn 05-26 (0.09233583100086871)
ENT-10397,CON-034806,Femke Boyer,Chargee de recrutement,utilisateur,0.9747028756274827,clic email 06-29 (0.9747028756274827)
ENT-10397,CON-004560,Sanne Garcia,HR Manager,champion,0.12311444133449162,clic email 05-26 (0.12311444133449162)
ENT-05878,CON-049555,Jan Fischer,Compensation & Benefits Manager,champion,0.12311444133449162,clic email 05-26 (0.12311444133449162)
ENT-01090,CON-035584,Lea Lambert,Office Manager,bruit,0.0,clic email 05-26 (0.0)
ENT-01342,CON-023342,Anna Weber,HR Manager,champion,0.12311444133449162,clic email 05-26 (0.12311444133449162)
ENT-03648,CON-056928,Jan Garcia,Talent Acquisition Manager,champion,1.6029848386647356,clic email 05-26 (0.12311444133449162) · commentaire LinkedIn 06-17 (0.4242640687119286) · clic email 06-26 (1.0556063286183155)
ENT-11199,CON-060697,Quentin Rossi,Compensation & Benefits Manager,champion,0.09233583100086871,commentaire LinkedIn 05-26 (0.09233583100086871)
ENT-17356,CON-067798,Romain Fournier,Office Manager,bruit,0.0,clic email 05-26 (0.0)
ENT-13294,CON-022272,Julie Navarro,People Ops Coordinator,utilisateur,0.0923358310008687,clic email 05-26 (0.0923358310008687)
ENT-19447,CON-072230,Femke Lambert,,sans_titre,0.07694652583405726,clic email 05-26 (0.07694652583405726)
ENT-16145,CON-014573,Emil Moreau,Talent Acquisition Manager,champion,0.12311444133449162,clic email 05-26 (0.12311444133449162)
ENT-15316,CON-033190,Nora Dupont,CHRO,buyer,0.03847326291702863,like LinkedIn 05-26 (0.03847326291702863)
ENT-18495,CON-057562,Elena Mercier,Talent Acquisition Specialist,utilisateur,0.45471496995311944,clic email 06-18 (0.45471496995311944)
ENT-18495,CON-057561,Chloe Moreau,Executive Assistant,bruit,0.0,clic email 05-26 (0.0)
ENT-07264,CON-025611,Diego Visser,Head of HR Operations,buyer,0.11541978875108588,commentaire LinkedIn 05-26 (0.11541978875108588)
ENT-18898,CON-054089,Camille Bernard,,sans_titre,0.07694652583405726,clic email 05-26 (0.07694652583405726)
ENT-12139,CON-064659,Julien Chevalier,Talent Acquisition Manager,champion,1.6,clic email 07-01 (1.6)
ENT-12139,CON-040008,Elena Bernard,Executive Assistant,bruit,0.0,clic email 05-26 (0.0)
ENT-09157,CON-058712,Hugo Leroy,Office Manager,bruit,0.0,clic email 05-26 (0.0)
ENT-05455,CON-058299,Diego Blanc,HR Officer,utilisateur,0.0923358310008687,clic email 05-26 (0.0923358310008687)
ENT-15981,CON-037988,Emma Visser,Head of HR Operations,buyer,0.1538930516681145,clic email 05-26 (0.1538930516681145)
ENT-04804,CON-018085,Nicolas Petit,COO,buyer,0.1538930516681145,clic email 05-26 (0.1538930516681145)
ENT-14685,CON-015106,Lars Meyer,Talent Acquisition Specialist,utilisateur,0.17230475324955527,clic email 06-04 (0.17230475324955527)
ENT-14685,CON-045914,Sarah Fontaine,People Ops Manager,champion,0.12311444133449162,clic email 05-26 (0.12311444133449162)
ENT-02445,CON-035041,Camille Bonnet,People Ops Coordinator,utilisateur,0.06925187325065152,commentaire LinkedIn 05-26 (0.06925187325065152)
ENT-12768,CON-042694,Julien Serrano,Talent Acquisition Manager,champion,0.2550652324117811,clic email 05-26 (0.12311444133449162) · clic email 05-27 (0.13195079107728946)
ENT-10598,CON-036546,Laura Chevalier,HR Officer,utilisateur,0.2584571298743329,commentaire LinkedIn 06-14 (0.2584571298743329)
ENT-10598,CON-012888,Lea Roux,Charge de recrutement,utilisateur,0.06925187325065152,commentaire LinkedIn 05-26 (0.06925187325065152)
ENT-03993,CON-050145,Julie Bonnet,Chargee de recrutement,utilisateur,0.0923358310008687,clic email 05-26 (0.0923358310008687)
ENT-07486,CON-039075,Alexandre Faure,HR Director,buyer,0.1538930516681145,clic email 05-26 (0.1538930516681145)
ENT-09292,CON-018667,Marta Leroy,Directrice RH,buyer,0.8609998328546621,clic email 05-26 (0.1538930516681145) · like LinkedIn 07-07 (0.7071067811865476)
ENT-11437,CON-013095,Julien Navarro,,sans_titre,0.07694652583405726,clic email 05-26 (0.07694652583405726)
ENT-06034,CON-033933,Hugo Bonnet,HR Intern,bruit,0.0,clic email 05-26 (0.0)
ENT-16276,CON-018530,Alexandre Faure,Talent Acquisition Specialist,utilisateur,0.30446786535683296,clic email 05-26 (0.0923358310008687) · clic email 06-07 (0.21213203435596426)
ENT-09715,CON-042997,Anais Laurent,Chargee de recrutement,utilisateur,0.0923358310008687,clic email 05-26 (0.0923358310008687)
ENT-12019,CON-041364,Antoine Fontaine,People Ops Coordinator,utilisateur,0.0923358310008687,clic email 05-26 (0.0923358310008687)
ENT-09946,CON-002338,Julien Blanc,People Ops Coordinator,utilisateur,3.0470824230286677,clic email 05-26 (0.0923358310008687) · clic email 07-15 (2.954746592027799)
ENT-06500,CON-066366,Ines Chevalier,VP People,buyer,0.5358867312681466,clic email 06-13 (0.5358867312681466)
ENT-06500,CON-074812,Diego Weber,Compensation & Benefits Manager,champion,0.12311444133449162,clic email 05-26 (0.12311444133449162)
ENT-01566,CON-029242,Chloe Visser,Talent Acquisition Specialist,utilisateur,0.0923358310008687,clic email 05-26 (0.0923358310008687)
ENT-19919,CON-043829,Marta Andre,Head of HR Operations,buyer,0.1538930516681145,clic email 05-26 (0.1538930516681145)
ENT-17776,CON-075036,Margaux Garnier,VP Human Resources,buyer,0.1538930516681145,clic email 05-26 (0.1538930516681145)
ENT-09689,CON-072057,Emil Fontaine,Chargee de recrutement,utilisateur,0.0923358310008687,clic email 05-26 (0.0923358310008687)
ENT-07406,CON-061905,Chloe Fischer,Head of Talent Acquisition,buyer,0.2679433656340732,clic email 06-03 (0.2679433656340732)
ENT-07406,CON-061903,Lea Meyer,Directeur RH,buyer,0.1538930516681145,clic email 05-26 (0.1538930516681145)
ENT-09054,CON-005176,Benjamin Lambert,HR Intern,bruit,0.0,clic email 05-26 (0.0)
ENT-10731,CON-075528,Jan Boyer,CEO,buyer,0.18946457081379972,clic email 05-29 (0.18946457081379972)
ENT-10731,CON-009577,Elena Lambert,Responsable Recrutement,champion,0.12311444133449162,clic email 05-26 (0.12311444133449162)
ENT-13661,CON-054754,Anna Smit,Talent Acquisition Specialist,utilisateur,0.12498147712447336,clic email 05-26 (0.0923358310008687) · like LinkedIn 05-31 (0.03264564612360465)
ENT-14435,CON-050329,Greta Durand,Responsable Recrutement,champion,0.12311444133449162,clic email 05-26 (0.12311444133449162)
ENT-02754,CON-030259,Quentin Mercier,Charge de recrutement,utilisateur,0.0923358310008687,clic email 05-26 (0.0923358310008687)
ENT-08602,CON-018434,Hugo Moreau,Recruiter,utilisateur,2.4923358310008688,clic email 05-26 (0.0923358310008687) · clic email 07-12 (2.4)
ENT-10051,CON-020342,Romain Rousseau,CHRO,buyer,0.1538930516681145,clic email 05-26 (0.1538930516681145)
ENT-10250,CON-021062,Marta Meyer,Responsable Recrutement,champion,0.12311444133449162,clic email 05-26 (0.12311444133449162)
ENT-08159,CON-058259,Thomas Chevalier,HR Manager,champion,0.12311444133449162,clic email 05-26 (0.12311444133449162)
ENT-17112,CON-073494,Sarah Smit,Chief People Officer,buyer,0.1538930516681145,clic email 05-26 (0.1538930516681145)
ENT-07287,CON-008463,Marion Garcia,Head of Talent Acquisition,buyer,7.079824295120079,commentaire LinkedIn 05-26 (0.11541978875108588) · clic email 07-20 (6.964404506368993)
ENT-16245,CON-065481,Manon Roux,Talent Acquisition Specialist,utilisateur,0.0923358310008687,clic email 05-26 (0.0923358310008687)
ENT-04153,CON-007850,Maxime Lefebvre,Responsable Recrutement,champion,0.09233583100086871,commentaire LinkedIn 05-26 (0.09233583100086871)
ENT-18000,CON-046240,Vincent Petit,VP People,buyer,0.1538930516681145,clic email 05-26 (0.1538930516681145)
ENT-13742,CON-008606,Thomas Fournier,Head of HR Operations,buyer,0.1538930516681145,clic email 05-26 (0.1538930516681145)
ENT-02706,CON-044666,Marta Simon,Directeur RH,buyer,0.1538930516681145,clic email 05-26 (0.1538930516681145)
ENT-17332,CON-021510,Quentin Garnier,HRBP,champion,0.12311444133449162,clic email 05-26 (0.12311444133449162)
ENT-11650,CON-026144,Manon Boyer,HR Manager,champion,0.12311444133449162,clic email 05-26 (0.12311444133449162)
ENT-08373,CON-002849,Jan Simon,HR Business Partner,champion,0.12311444133449162,clic email 05-26 (0.12311444133449162)
ENT-01525,CON-059698,Sophie Navarro,Talent Acquisition Specialist,utilisateur,0.9747028756274827,clic email 06-29 (0.9747028756274827)
ENT-01525,CON-067560,Julien Vincent,Talent Acquisition Specialist,utilisateur,0.0923358310008687,clic email 05-26 (0.0923358310008687)
ENT-10927,CON-030009,Lea Fischer,HR Intern,bruit,0.0,clic email 05-26 (0.0) · clic email 05-28 (0.0)
ENT-03588,CON-040596,Anna Lefebvre,HR Intern,bruit,0.0,clic email 05-26 (0.0)
ENT-02698,CON-007736,Jonas Laurent,Recruiter,utilisateur,0.0923358310008687,clic email 05-26 (0.0923358310008687)
ENT-12509,CON-023387,Ines Meyer,People Ops Coordinator,utilisateur,0.06925187325065152,commentaire LinkedIn 05-26 (0.06925187325065152)
ENT-08280,CON-057095,Thomas Mercier,Head of HR Operations,buyer,0.1538930516681145,clic email 05-26 (0.1538930516681145)
ENT-13003,CON-000493,Elena Andre,Talent Acquisition Manager,champion,0.12311444133449162,clic email 05-26 (0.12311444133449162)
ENT-10708,CON-070967,Emil Dupont,Head of Talent Acquisition,buyer,0.1538930516681145,clic email 05-26 (0.1538930516681145)
ENT-10708,CON-036665,Marta Girard,Office Manager,bruit,0.0,clic email 07-13 (0.0)
ENT-06265,CON-074499,Claire Michel,VP Human Resources,buyer,0.1538930516681145,clic email 05-26 (0.1538930516681145)
ENT-10966,CON-035495,Margaux Lefebvre,Executive Assistant,bruit,0.0,clic email 05-26 (0.0) · like LinkedIn 07-05 (0.0)
ENT-08114,CON-009816,Anais Meyer,Responsable Recrutement,champion,0.12311444133449162,clic email 05-26 (0.12311444133449162)
ENT-03608,CON-016300,Sanne Andre,Head of Talent Acquisition,buyer,2.1435469250725863,clic email 07-03 (2.1435469250725863)
ENT-03608,CON-016299,Diego Simon,Charge de recrutement,utilisateur,0.023083957750217175,like LinkedIn 05-26 (0.023083957750217175)
ENT-04426,CON-024094,Pierre Blanc,People Ops Coordinator,utilisateur,0.0989630933079671,clic email 05-27 (0.0989630933079671)
ENT-00611,CON-010897,Lucas Martin,HR Officer,utilisateur,2.6712194033950705,clic email 05-27 (0.0989630933079671) · clic email 07-13 (2.5722563100871034)
ENT-00611,CON-076255,Emil Rousseau,HR Business Partner,champion,0.15000000000000002,commentaire LinkedIn 06-02 (0.15000000000000002)
ENT-15984,CON-030997,Camille Muller,Talent Acquisition Manager,champion,0.13195079107728946,clic email 05-27 (0.13195079107728946)
ENT-03333,CON-029835,Benjamin Fournier,CEO,buyer,0.16493848884661183,clic email 05-27 (0.16493848884661183)
ENT-06924,CON-017521,Anna Muller,Office Manager,bruit,0.0,like LinkedIn 05-27 (0.0)
ENT-02138,CON-063204,Lucas Rossi,,sans_titre,0.02061731110582648,like LinkedIn 05-27 (0.02061731110582648)
ENT-00877,CON-056018,Lucas Andre,Executive Assistant,bruit,0.0,clic email 05-27 (0.0)
ENT-01002,CON-039984,Maxime Vincent,CHRO,buyer,0.04123462221165296,like LinkedIn 05-27 (0.04123462221165296)
ENT-05673,CON-056791,Thomas Blanc,People Ops Manager,champion,0.13195079107728946,clic email 05-27 (0.13195079107728946)
ENT-00140,CON-068040,Lucas Meyer,HR Business Partner,champion,6.093853943072869,commentaire LinkedIn 06-20 (0.5223303379776745) · clic email 07-20 (5.571523605095194)
ENT-00140,CON-068038,Marion Blanc,,sans_titre,0.08246924442330592,clic email 05-27 (0.08246924442330592)
ENT-07782,CON-074847,Jonas Chevalier,,sans_titre,0.08246924442330592,clic email 05-27 (0.08246924442330592)
ENT-01134,CON-053363,Marta Muller,Charge de recrutement,utilisateur,0.0989630933079671,clic email 05-27 (0.0989630933079671)
ENT-08053,CON-038507,Marta Navarro,Compensation & Benefits Manager,champion,0.13195079107728946,clic email 05-27 (0.13195079107728946)
ENT-10168,CON-018837,Antoine Garcia,Office Manager,bruit,0.0,clic email 05-27 (0.0)
ENT-10168,CON-018836,Pauline Meyer,Office Manager,bruit,0.0,commentaire LinkedIn 06-22 (0.0)
ENT-06481,CON-002249,Jonas Garcia,Talent Acquisition Specialist,utilisateur,0.07422231998097531,commentaire LinkedIn 05-27 (0.07422231998097531)
ENT-13781,CON-055930,Antoine Guerin,Executive Assistant,bruit,0.0,clic email 05-27 (0.0)
ENT-00693,CON-006314,Margaux Dupont,HR Manager,champion,0.13195079107728946,clic email 05-27 (0.13195079107728946)
ENT-14501,CON-047429,Margaux Lambert,Directeur RH,buyer,4.2870938501451725,clic email 07-13 (4.2870938501451725)
ENT-14501,CON-047427,Romain Bonnet,Responsable Recrutement,champion,0.13195079107728946,clic email 05-27 (0.13195079107728946)
ENT-12050,CON-008492,Sanne Jansen,Head of People,buyer,3.1963716218674083,clic email 05-27 (0.16493848884661183) · clic email 07-08 (3.0314331330207964)
ENT-03895,CON-075128,Bastien Chevalier,CEO,buyer,0.435275281648062,like LinkedIn 06-30 (0.435275281648062)
ENT-03895,CON-074169,Marta Bernard,HR Assistant,utilisateur,0.0989630933079671,clic email 05-27 (0.0989630933079671)
ENT-11936,CON-043385,Vincent Michel,HR Officer,utilisateur,3.166818985854946,clic email 07-16 (3.166818985854946)
ENT-11936,CON-008706,Benjamin Fournier,,sans_titre,0.08246924442330592,clic email 05-27 (0.08246924442330592)
ENT-05479,CON-012965,Romain Andre,People Ops Manager,champion,3.6758347359905117,clic email 07-14 (3.6758347359905117)
ENT-05479,CON-005817,Jan Michel,HR Assistant,utilisateur,0.7634413329791964,commentaire LinkedIn 05-27 (0.07422231998097531) · clic email 06-24 (0.6892190129982211)
ENT-20404,CON-015854,Thomas Durand,HR Intern,bruit,0.0,clic email 05-27 (0.0)
ENT-11965,CON-027410,Sophie Ferrari,HRBP,champion,0.13195079107728946,clic email 05-27 (0.13195079107728946)
ENT-03065,CON-014290,Lars Vincent,Chief People Officer,buyer,0.16493848884661183,clic email 05-27 (0.16493848884661183)
ENT-05504,CON-057212,Pauline Fontaine,,sans_titre,0.08246924442330592,clic email 05-27 (0.08246924442330592)
ENT-01522,CON-028017,Florian Meyer,VP People,buyer,0.04123462221165296,like LinkedIn 05-27 (0.04123462221165296)
ENT-09512,CON-003257,Nicolas Smit,CHRO,buyer,3.0314331330207964,clic email 07-08 (3.0314331330207964)
ENT-09512,CON-003259,Elena Jansen,Charge de recrutement,utilisateur,0.0989630933079671,clic email 05-27 (0.0989630933079671)
ENT-07145,CON-049321,Lea Jansen,Talent Acquisition Specialist,utilisateur,0.024740773326991775,like LinkedIn 05-27 (0.024740773326991775)
ENT-12514,CON-008819,Jonas Guerin,Directrice RH,buyer,5.698088871704034,like LinkedIn 05-27 (0.04123462221165296) · clic email 07-17 (5.656854249492381)
ENT-02735,CON-028886,Margaux Michel,Recruiter,utilisateur,0.0989630933079671,clic email 05-27 (0.0989630933079671)
ENT-00162,CON-043013,Sophie Girard,Directrice RH,buyer,0.04123462221165296,like LinkedIn 05-27 (0.04123462221165296)
ENT-17505,CON-063142,Ines Garcia,Talent Acquisition Specialist,utilisateur,0.07422231998097531,commentaire LinkedIn 05-27 (0.07422231998097531)
ENT-08931,CON-066098,Sarah Durand,People Ops Coordinator,utilisateur,0.0989630933079671,clic email 05-27 (0.0989630933079671)
ENT-01931,CON-014110,Lea Jansen,Chargee de recrutement,utilisateur,0.024740773326991775,like LinkedIn 05-27 (0.024740773326991775)
ENT-03463,CON-037953,Sarah Rousseau,Talent Acquisition Manager,champion,6.84201983840873,clic email 05-27 (0.13195079107728946) · commentaire LinkedIn 06-26 (0.7917047464637367) · clic email 06-30 (1.3928809012737986) · clic email 07-17 (4.525483399593905)
ENT-12616,CON-015874,Vincent Garnier,Head of People,buyer,1.6649384888466119,clic email 05-27 (0.16493848884661183) · commentaire LinkedIn 07-01 (1.5)
ENT-15936,CON-004653,Laura Dubois,Office Manager,bruit,0.0,commentaire LinkedIn 05-27 (0.0)
ENT-10773,CON-068629,Julie Vincent,Office Manager,bruit,0.0,clic email 05-27 (0.0) · like LinkedIn 06-06 (0.0)
ENT-09014,CON-072167,Femke Fournier,HR Assistant,utilisateur,0.0989630933079671,clic email 05-27 (0.0989630933079671)
ENT-19499,CON-074432,Romain Navarro,People Ops Coordinator,utilisateur,0.0989630933079671,clic email 05-27 (0.0989630933079671)
ENT-01935,CON-047078,Benjamin Faure,People Ops Manager,champion,0.13195079107728946,clic email 05-27 (0.13195079107728946)
ENT-19753,CON-025784,Romain Blanc,Talent Acquisition Specialist,utilisateur,0.0989630933079671,clic email 05-27 (0.0989630933079671)
ENT-18279,CON-076258,Julie Muller,HR Manager,champion,0.13195079107728946,clic email 05-27 (0.13195079107728946)
ENT-18279,CON-044451,Antoine Muller,Executive Assistant,bruit,0.0,clic email 06-18 (0.0)
ENT-08787,CON-016851,Quentin Rousseau,Chief People Officer,buyer,0.16493848884661183,clic email 05-27 (0.16493848884661183)
ENT-16213,CON-029097,Hugo Jansen,VP Human Resources,buyer,0.16493848884661183,clic email 05-27 (0.16493848884661183)
ENT-16688,CON-030311,Florian Lefebvre,HR Manager,champion,1.1313708498984762,clic email 06-27 (1.1313708498984762)
ENT-16688,CON-069106,Marion Vincent,People Ops Manager,champion,0.9236555375410261,clic email 05-27 (0.13195079107728946) · commentaire LinkedIn 06-26 (0.7917047464637367)
ENT-19539,CON-070538,Antoine Dupont,Office Manager,bruit,0.0,clic email 05-27 (0.0)
ENT-08350,CON-039022,Benjamin Muller,HR Business Partner,champion,0.13195079107728946,clic email 05-27 (0.13195079107728946)
ENT-19369,CON-073428,Antoine Serrano,People Ops Manager,champion,0.13195079107728946,clic email 05-27 (0.13195079107728946)
ENT-12431,CON-029913,Florian Fischer,Charge de recrutement,utilisateur,0.0989630933079671,clic email 05-27 (0.0989630933079671)
ENT-00164,CON-075226,Sarah Roux,Talent Acquisition Specialist,utilisateur,0.0989630933079671,clic email 05-27 (0.0989630933079671)
ENT-05010,CON-058718,Nora Garcia,People Ops Coordinator,utilisateur,2.6464786300680787,commentaire LinkedIn 05-27 (0.07422231998097531) · clic email 07-13 (2.5722563100871034)
ENT-16241,CON-008290,Julien Boyer,HRBP,champion,1.7319507910772896,clic email 05-27 (0.13195079107728946) · clic email 07-02 (1.6)
ENT-16241,CON-046959,Quentin Vincent,Charge de recrutement,utilisateur,0.15909902576697318,commentaire LinkedIn 06-07 (0.15909902576697318)
ENT-04810,CON-013632,Marion Lefebvre,Recruiter,utilisateur,0.0989630933079671,clic email 05-27 (0.0989630933079671)
ENT-15959,CON-043714,Sophie Meyer,CEO,buyer,0.12370386663495887,commentaire LinkedIn 05-27 (0.12370386663495887)
ENT-02541,CON-025990,Alexandre Meyer,Talent Acquisition Manager,champion,0.13195079107728946,clic email 05-27 (0.13195079107728946)
ENT-05804,CON-027631,Elena Rossi,Talent Acquisition Specialist,utilisateur,0.0989630933079671,clic email 05-27 (0.0989630933079671)
ENT-15361,CON-060949,Hugo Fournier,HRBP,champion,4.075834735990512,clic email 06-12 (0.4) · clic email 07-14 (3.6758347359905117)
ENT-15361,CON-050983,Anais Dubois,Office Manager,bruit,0.0,clic email 05-27 (0.0)
ENT-10176,CON-034795,Sarah Boyer,,sans_titre,0.08246924442330592,clic email 05-27 (0.08246924442330592)
ENT-08440,CON-060027,Anna Rousseau,Chargee de recrutement,utilisateur,0.0989630933079671,clic email 05-27 (0.0989630933079671)
ENT-02953,CON-049283,Anna Ferrari,HRBP,champion,0.5656854249492381,clic email 06-17 (0.5656854249492381)
ENT-02953,CON-075337,Greta Meyer,,sans_titre,0.5,clic email 06-22 (0.5)
ENT-02953,CON-049284,Elise Chevalier,Head of Talent Acquisition,buyer,0.16493848884661183,clic email 05-27 (0.16493848884661183)
ENT-05436,CON-022484,Julie Andre,HR Officer,utilisateur,0.9197640460693695,clic email 05-30 (0.12183785945343534) · clic email 06-06 (0.1979261866159342) · clic email 06-22 (0.6)
ENT-05436,CON-022485,Nicolas Roux,HR Assistant,utilisateur,0.0989630933079671,clic email 05-27 (0.0989630933079671)
ENT-03963,CON-031975,Sanne Meyer,Charge de recrutement,utilisateur,0.3,like LinkedIn 07-02 (0.3)
ENT-03963,CON-031974,Julien Ferrari,Compensation & Benefits Manager,champion,0.13195079107728946,clic email 05-27 (0.13195079107728946)
ENT-03115,CON-020878,Diego Serrano,Head of Talent Acquisition,buyer,0.16493848884661183,clic email 05-27 (0.16493848884661183)
ENT-06655,CON-066642,Manon Andre,,sans_titre,0.02061731110582648,like LinkedIn 05-27 (0.02061731110582648)
ENT-04766,CON-018127,Diego Rossi,HR Assistant,utilisateur,2.1140621252376897,like LinkedIn 05-27 (0.024740773326991775) · clic email 07-10 (2.089321351910698)
ENT-09428,CON-065370,Emma Simon,HR Intern,bruit,0.0,clic email 05-27 (0.0)
ENT-19425,CON-020020,Sanne Roux,People Ops Manager,champion,0.13195079107728946,clic email 05-27 (0.13195079107728946)
ENT-11398,CON-001794,Alexandre Leroy,Charge de recrutement,utilisateur,1.0736659689354497,clic email 05-27 (0.0989630933079671) · clic email 06-29 (0.9747028756274827)
ENT-01847,CON-025253,Diego Garcia,Chief People Officer,buyer,1.5157165665103982,clic email 06-28 (1.5157165665103982)
ENT-01847,CON-019540,Vincent Durand,HR Business Partner,champion,0.13195079107728946,clic email 05-27 (0.13195079107728946)
ENT-14928,CON-005290,Alexandre Lambert,VP Human Resources,buyer,0.1767766952966369,clic email 05-28 (0.1767766952966369)
ENT-16550,CON-059553,Femke Faure,Chief People Officer,buyer,0.25,clic email 06-02 (0.25)
ENT-16550,CON-059552,Guillaume Martin,Charge de recrutement,utilisateur,0.10606601717798213,clic email 05-28 (0.10606601717798213)
ENT-01481,CON-025783,Laura Jansen,Talent Acquisition Specialist,utilisateur,0.10606601717798213,clic email 05-28 (0.10606601717798213)
ENT-02523,CON-061792,Camille Faure,Talent Acquisition Manager,champion,3.6758347359905117,clic email 07-14 (3.6758347359905117)
ENT-02523,CON-061791,Diego Petit,HR Intern,bruit,0.0,like LinkedIn 05-28 (0.0)
ENT-11302,CON-073875,Benjamin Moreau,Recruiter,utilisateur,0.10606601717798213,clic email 05-28 (0.10606601717798213)
ENT-08733,CON-047622,Marion Andre,HR Assistant,utilisateur,0.10606601717798213,clic email 05-28 (0.10606601717798213)
ENT-03153,CON-030751,Manon Lefebvre,HR Manager,champion,2.285322769895856,like LinkedIn 06-20 (0.17411011265922482) · clic email 07-06 (2.111212657236631)
ENT-03153,CON-030824,Pauline Michel,Charge de recrutement,utilisateur,0.10606601717798213,clic email 05-28 (0.10606601717798213)
ENT-14070,CON-049322,Julie Fournier,Executive Assistant,bruit,0.0,clic email 05-28 (0.0)
ENT-18197,CON-042436,Anais Andre,COO,buyer,0.1767766952966369,clic email 05-28 (0.1767766952966369)
ENT-15215,CON-019285,Vincent Bonnet,Office Manager,bruit,0.0,clic email 05-28 (0.0)
ENT-06727,CON-072020,Emil Andre,Office Manager,bruit,0.0,clic email 05-28 (0.0)
ENT-11106,CON-039895,Femke Dupont,Head of Talent Acquisition,buyer,0.1767766952966369,clic email 05-28 (0.1767766952966369)
ENT-08529,CON-016900,Manon Laurent,HR Intern,bruit,0.0,clic email 05-28 (0.0)
ENT-19811,CON-043979,Margaux Rousseau,,sans_titre,0.08838834764831845,clic email 05-28 (0.08838834764831845)
ENT-14583,CON-073904,Ines Boyer,HR Assistant,utilisateur,0.10606601717798213,clic email 05-28 (0.10606601717798213)
ENT-14583,CON-073903,Guillaume Chevalier,Office Manager,bruit,0.0,clic email 06-10 (0.0)
ENT-07110,CON-000212,Guillaume Durand,HR Officer,utilisateur,0.10606601717798213,clic email 05-28 (0.10606601717798213)
ENT-01001,CON-049600,Julien Roux,Head of People,buyer,0.1767766952966369,clic email 05-28 (0.1767766952966369)
ENT-05328,CON-049370,Claire Bonnet,HR Officer,utilisateur,0.07954951288348659,commentaire LinkedIn 05-28 (0.07954951288348659)
ENT-06724,CON-043489,Emma Bonnet,HR Officer,utilisateur,0.10606601717798213,clic email 05-28 (0.10606601717798213)
ENT-20390,CON-064902,Quentin Girard,,sans_titre,0.08838834764831845,clic email 05-28 (0.08838834764831845)
ENT-20390,CON-064903,Manon Vincent,HR Intern,bruit,0.0,clic email 06-15 (0.0)
ENT-15183,CON-037488,Elena Chevalier,HR Assistant,utilisateur,0.07954951288348659,commentaire LinkedIn 05-28 (0.07954951288348659)
ENT-14185,CON-002448,Alexandre Vincent,COO,buyer,0.1767766952966369,clic email 05-28 (0.1767766952966369)
ENT-05782,CON-015898,Guillaume Durand,Chief People Officer,buyer,0.1767766952966369,clic email 05-28 (0.1767766952966369)
ENT-05427,CON-008477,Julie Faure,HRBP,champion,1.1161242318647924,clic email 05-28 (0.14142135623730953) · commentaire LinkedIn 06-29 (0.9747028756274828)
ENT-12720,CON-061840,Florian Leroy,People Ops Manager,champion,0.03535533905932738,like LinkedIn 05-28 (0.03535533905932738)
ENT-12643,CON-073723,Romain Serrano,HR Business Partner,champion,0.14142135623730953,clic email 05-28 (0.14142135623730953)
ENT-13826,CON-028577,Elena Mercier,HRBP,champion,0.14142135623730953,clic email 05-28 (0.14142135623730953)
ENT-12343,CON-070783,Sophie Jansen,CHRO,buyer,0.1767766952966369,clic email 05-28 (0.1767766952966369)
ENT-02414,CON-063738,Sanne Lambert,People Ops Coordinator,utilisateur,0.10606601717798213,clic email 05-28 (0.10606601717798213)
ENT-03598,CON-048948,Hugo Simon,,sans_titre,0.08838834764831845,clic email 05-28 (0.08838834764831845)
ENT-15975,CON-076201,Alexandre Dubois,CHRO,buyer,0.652912922472093,commentaire LinkedIn 06-20 (0.652912922472093)
ENT-15975,CON-047509,Sophie Leroy,Executive Assistant,bruit,0.0,clic email 05-28 (0.0)
ENT-10786,CON-044043,Femke Bernard,Chargee de recrutement,utilisateur,0.10606601717798213,clic email 05-28 (0.10606601717798213)
ENT-01041,CON-058038,Pauline Andre,,sans_titre,0.08838834764831845,clic email 05-28 (0.08838834764831845)
ENT-01590,CON-030538,Emma Lambert,HR Officer,utilisateur,0.10606601717798213,clic email 05-28 (0.10606601717798213)
ENT-15499,CON-073956,Camille Leroy,CHRO,buyer,0.13258252147247768,commentaire LinkedIn 05-28 (0.13258252147247768)
ENT-15510,CON-043555,Sarah Girard,Charge de recrutement,utilisateur,0.10606601717798213,clic email 05-28 (0.10606601717798213)
ENT-19099,CON-050972,Manon Petit,Talent Acquisition Manager,champion,0.14142135623730953,clic email 05-28 (0.14142135623730953)
ENT-19284,CON-064283,Pierre Leroy,People Ops Manager,champion,1.1263368869132424,clic email 05-28 (0.14142135623730953) · clic email 06-25 (0.984915530675933)
ENT-20203,CON-070930,Vincent Meyer,Talent Acquisition Manager,champion,0.14142135623730953,clic email 05-28 (0.14142135623730953)
ENT-15545,CON-036675,Florian Bernard,Talent Acquisition Manager,champion,0.14142135623730953,clic email 05-28 (0.14142135623730953)
ENT-12055,CON-068865,Florian Chevalier,Head of HR Operations,buyer,0.1767766952966369,clic email 05-28 (0.1767766952966369)
ENT-00793,CON-063837,Florian Martin,People Ops Coordinator,utilisateur,0.10606601717798213,clic email 05-28 (0.10606601717798213)
ENT-00561,CON-057148,Bastien Lambert,Head of Talent Acquisition,buyer,0.1767766952966369,clic email 05-28 (0.1767766952966369)
ENT-14858,CON-042642,Romain Rossi,HR Assistant,utilisateur,1.2,clic email 07-01 (1.2)
ENT-14858,CON-042641,Vincent Muller,Talent Acquisition Manager,champion,0.03535533905932738,like LinkedIn 05-28 (0.03535533905932738)
ENT-03920,CON-003772,Antoine Mercier,Recruiter,utilisateur,0.07954951288348659,commentaire LinkedIn 05-28 (0.07954951288348659)
ENT-16229,CON-035651,Julie Garcia,Office Manager,bruit,0.0,clic email 05-28 (0.0)
ENT-10339,CON-050347,Laura Lambert,HR Assistant,utilisateur,0.16698494690469978,clic email 05-28 (0.10606601717798213) · like LinkedIn 06-09 (0.06091892972671767)
ENT-16698,CON-044058,Thomas Muller,HR Officer,utilisateur,0.07954951288348659,commentaire LinkedIn 05-28 (0.07954951288348659)
ENT-12993,CON-054636,Julie Guerin,Directrice RH,buyer,0.1767766952966369,clic email 05-28 (0.1767766952966369)
ENT-00047,CON-070742,Femke Durand,Executive Assistant,bruit,0.0,like LinkedIn 05-28 (0.0)
ENT-13434,CON-020308,Greta Garcia,Head of HR Operations,buyer,0.1767766952966369,clic email 05-28 (0.1767766952966369)
ENT-18847,CON-056695,Emil Simon,VP People,buyer,0.1767766952966369,clic email 05-28 (0.1767766952966369)
ENT-04323,CON-013460,Hugo Serrano,HR Assistant,utilisateur,0.10606601717798213,clic email 05-28 (0.10606601717798213)
ENT-01667,CON-052007,Jan Andre,Talent Acquisition Specialist,utilisateur,0.026516504294495532,like LinkedIn 05-28 (0.026516504294495532)
ENT-15245,CON-039454,Pierre Weber,HR Intern,bruit,0.0,clic email 05-28 (0.0)
ENT-16246,CON-051981,Julien Moreau,HR Officer,utilisateur,3.166818985854946,clic email 07-16 (3.166818985854946)
ENT-16246,CON-040343,Sophie Jansen,HR Manager,champion,0.2347246553909903,clic email 05-28 (0.14142135623730953) · like LinkedIn 06-11 (0.09330329915368077)
ENT-07550,CON-056053,Lea Muller,Compensation & Benefits Manager,champion,0.14142135623730953,clic email 05-28 (0.14142135623730953)
ENT-15720,CON-014829,Diego Leroy,Head of Talent Acquisition,buyer,0.1767766952966369,clic email 05-28 (0.1767766952966369)
ENT-15536,CON-044819,Hugo Chevalier,Charge de recrutement,utilisateur,0.10606601717798213,clic email 05-28 (0.10606601717798213)
ENT-15536,CON-074636,Benjamin Fournier,Executive Assistant,bruit,0.0,clic email 06-24 (0.0)
ENT-04599,CON-009929,Emma Petit,People Ops Manager,champion,0.14142135623730953,clic email 05-28 (0.14142135623730953)
ENT-05601,CON-040017,Diego Dubois,Talent Acquisition Manager,champion,0.14142135623730953,clic email 05-28 (0.14142135623730953)
ENT-05129,CON-041677,Jonas Rossi,Head of Talent Acquisition,buyer,0.1767766952966369,clic email 05-28 (0.1767766952966369)
ENT-05451,CON-031844,Elise Lambert,,sans_titre,0.09473228540689986,clic email 05-29 (0.09473228540689986)
ENT-03800,CON-056874,Claire Blanc,HR Officer,utilisateur,0.11367874248827983,clic email 05-29 (0.11367874248827983)
ENT-17994,CON-067068,Pablo Bernard,HRBP,champion,3.1372772295688236,clic email 05-29 (0.15157165665103978) · clic email 07-11 (2.9857055729177837)
ENT-04877,CON-031613,Emil Lefebvre,Head of HR Operations,buyer,0.18946457081379972,clic email 05-29 (0.18946457081379972)
ENT-08833,CON-023783,Anna Roux,Responsable Recrutement,champion,0.15157165665103978,clic email 05-29 (0.15157165665103978)
ENT-12059,CON-033601,Sarah Petit,People Ops Coordinator,utilisateur,0.11367874248827983,clic email 05-29 (0.11367874248827983)
ENT-11423,CON-026365,Ines Fischer,HR Assistant,utilisateur,0.11367874248827983,clic email 05-29 (0.11367874248827983)
ENT-01945,CON-014484,Benjamin Moreau,HR Manager,champion,0.15157165665103978,clic email 05-29 (0.15157165665103978)
ENT-09887,CON-045442,Marion Guerin,Head of HR Operations,buyer,1.0717734625362931,clic email 06-23 (1.0717734625362931)
ENT-09887,CON-045441,Lea Faure,Head of HR Operations,buyer,0.18946457081379972,clic email 05-29 (0.18946457081379972)
ENT-13567,CON-046397,Emma Smit,Directrice RH,buyer,0.18946457081379972,clic email 05-29 (0.18946457081379972)
ENT-04124,CON-003119,Anais Rousseau,Talent Acquisition Manager,champion,0.037892914162759944,like LinkedIn 05-29 (0.037892914162759944)
ENT-11614,CON-039828,Felix Garcia,People Ops Coordinator,utilisateur,0.11367874248827983,clic email 05-29 (0.11367874248827983)
ENT-19125,CON-046610,Thomas Fournier,Talent Acquisition Manager,champion,0.15157165665103978,clic email 05-29 (0.15157165665103978)
ENT-09617,CON-009082,Julie Garcia,Recruiter,utilisateur,0.11367874248827983,clic email 05-29 (0.11367874248827983)
ENT-08750,CON-067661,Sophie Boyer,Chief People Officer,buyer,0.18946457081379972,clic email 05-29 (0.18946457081379972)
ENT-03455,CON-004124,Hugo Visser,Recruiter,utilisateur,0.11367874248827983,clic email 05-29 (0.11367874248827983)
ENT-02644,CON-024848,Marta Fontaine,People Ops Coordinator,utilisateur,0.11367874248827983,clic email 05-29 (0.11367874248827983)
ENT-09037,CON-032297,Sanne Rossi,Office Manager,bruit,0.0,commentaire LinkedIn 05-29 (0.0)
ENT-19646,CON-005381,Anna Muller,People Ops Manager,champion,0.26390158215457893,clic email 06-06 (0.26390158215457893)
ENT-19646,CON-047640,Benjamin Rossi,HR Manager,champion,0.15157165665103978,clic email 05-29 (0.15157165665103978)
ENT-16608,CON-042628,Lea Blanc,Charge de recrutement,utilisateur,0.11367874248827983,clic email 05-29 (0.11367874248827983)
ENT-14546,CON-036239,Nicolas Martin,CEO,buyer,0.18946457081379972,clic email 05-29 (0.18946457081379972)
ENT-13535,CON-035550,Femke Roux,HRBP,champion,1.3928809012737986,clic email 06-30 (1.3928809012737986)
ENT-13535,CON-035548,Emma Andre,Chargee de recrutement,utilisateur,0.11367874248827983,clic email 05-29 (0.11367874248827983)
ENT-01916,CON-059481,Elena Ferrari,Responsable Recrutement,champion,0.15157165665103978,clic email 05-29 (0.15157165665103978)
ENT-03961,CON-047660,Emma Michel,Charge de recrutement,utilisateur,0.11367874248827983,clic email 05-29 (0.11367874248827983)
ENT-01233,CON-068934,Lea Martin,People Ops Manager,champion,1.1692637640612362,like LinkedIn 05-29 (0.037892914162759944) · clic email 06-27 (1.1313708498984762)
ENT-05218,CON-020941,Ines Serrano,Head of HR Operations,buyer,0.14209842811034978,commentaire LinkedIn 05-29 (0.14209842811034978)
ENT-02881,CON-040056,Nicolas Fontaine,HR Intern,bruit,0.0,clic email 05-29 (0.0)
ENT-09265,CON-012732,Hugo Weber,,sans_titre,0.3535533905932738,clic email 06-17 (0.3535533905932738)
ENT-09265,CON-076506,Femke Weber,Chargee de recrutement,utilisateur,0.11367874248827983,clic email 05-29 (0.11367874248827983)
ENT-08370,CON-024536,Emma Fournier,Charge de recrutement,utilisateur,0.16076601938044394,clic email 06-03 (0.16076601938044394)
ENT-08370,CON-024535,Chloe Visser,HR Assistant,utilisateur,0.11367874248827983,clic email 05-29 (0.11367874248827983)
ENT-14175,CON-031039,Quentin Mercier,HRBP,champion,0.11367874248827985,commentaire LinkedIn 05-29 (0.11367874248827985)
ENT-13520,CON-027174,Alexandre Smit,Compensation & Benefits Manager,champion,0.11367874248827985,commentaire LinkedIn 05-29 (0.11367874248827985)
ENT-02298,CON-053021,Florian Meyer,HR Officer,utilisateur,0.11367874248827983,clic email 05-29 (0.11367874248827983)
ENT-16288,CON-028898,Margaux Rousseau,Chargee de recrutement,utilisateur,0.11367874248827983,clic email 05-29 (0.11367874248827983)
ENT-04847,CON-054589,Pierre Roux,Chargee de recrutement,utilisateur,0.6430640775217759,clic email 06-23 (0.6430640775217759)
ENT-04847,CON-045557,Pierre Faure,Directeur RH,buyer,0.14209842811034978,commentaire LinkedIn 05-29 (0.14209842811034978)
ENT-00653,CON-067158,Quentin Rousseau,HR Officer,utilisateur,1.1946606759553486,clic email 06-02 (0.15) · clic email 06-30 (1.0446606759553487)
ENT-00653,CON-067156,Alexandre Lefebvre,Talent Acquisition Manager,champion,0.11367874248827985,commentaire LinkedIn 05-29 (0.11367874248827985)
ENT-00649,CON-044049,Julien Leroy,Recruiter,utilisateur,0.11367874248827983,clic email 05-29 (0.11367874248827983)
ENT-03447,CON-036924,Benjamin Martin,Recruiter,utilisateur,0.11367874248827983,clic email 05-29 (0.11367874248827983)
ENT-16635,CON-019774,Sanne Roux,Chargee de recrutement,utilisateur,0.32893477577308056,commentaire LinkedIn 05-29 (0.08525905686620987) · clic email 06-09 (0.24367571890687068)
ENT-07070,CON-040720,Anais Boyer,Chargee de recrutement,utilisateur,1.8188598798124778,clic email 07-08 (1.8188598798124778)
ENT-07070,CON-040721,Sarah Fischer,Chargee de recrutement,utilisateur,0.11367874248827983,clic email 05-29 (0.11367874248827983)
ENT-09407,CON-030698,Lucas Girard,,sans_titre,0.09473228540689986,clic email 05-29 (0.09473228540689986)
ENT-02555,CON-046157,Elise Dubois,People Ops Coordinator,utilisateur,0.08525905686620987,commentaire LinkedIn 05-29 (0.08525905686620987)
ENT-02555,CON-046156,Anna Ferrari,HR Intern,bruit,0.0,clic email 07-16 (0.0)
ENT-20405,CON-035260,Jonas Jansen,Executive Assistant,bruit,0.0,commentaire LinkedIn 05-29 (0.0)
ENT-11409,CON-005562,Benjamin Lefebvre,HR Assistant,utilisateur,0.11367874248827983,clic email 05-29 (0.11367874248827983)
ENT-00780,CON-043356,Benjamin Moreau,HRBP,champion,0.15157165665103978,clic email 05-29 (0.15157165665103978)
ENT-06113,CON-019279,Emil Bonnet,Office Manager,bruit,0.0,clic email 05-29 (0.0)
ENT-09342,CON-046634,Claire Simon,Recruiter,utilisateur,0.11367874248827983,clic email 05-29 (0.11367874248827983)
ENT-16435,CON-035241,Felix Meyer,Talent Acquisition Manager,champion,2.599207668339954,clic email 07-09 (2.599207668339954)
ENT-16435,CON-035238,Guillaume Moreau,HRBP,champion,0.11367874248827985,commentaire LinkedIn 05-29 (0.11367874248827985)
ENT-18788,CON-036275,Romain Moreau,COO,buyer,0.04736614270344993,like LinkedIn 05-29 (0.04736614270344993)
ENT-03533,CON-017147,Claire Laurent,HRBP,champion,0.4594793419988141,clic email 06-14 (0.4594793419988141)
ENT-03533,CON-017150,Guillaume Roux,HR Officer,utilisateur,0.11367874248827983,clic email 05-29 (0.11367874248827983)
ENT-09869,CON-045046,Vincent Guerin,HR Business Partner,champion,0.15157165665103978,clic email 05-29 (0.15157165665103978)
ENT-08173,CON-047680,Elena Fournier,HR Business Partner,champion,0.15157165665103978,clic email 05-29 (0.15157165665103978)
ENT-13844,CON-026103,Maxime Dubois,,sans_titre,2.7337481069526883,clic email 05-29 (0.09473228540689986) · clic email 07-16 (2.6390158215457884)
ENT-03717,CON-011405,Julien Dupont,Chargee de recrutement,utilisateur,0.11367874248827983,clic email 05-29 (0.11367874248827983)
ENT-01432,CON-020842,Chloe Leroy,People Ops Manager,champion,1.9698310613518661,clic email 07-05 (1.9698310613518661)
ENT-01432,CON-020844,Guillaume Ferrari,Chargee de recrutement,utilisateur,0.11367874248827983,clic email 05-29 (0.11367874248827983)
ENT-02599,CON-047117,Laura Martin,Recruiter,utilisateur,0.11367874248827983,clic email 05-29 (0.11367874248827983)
ENT-09994,CON-021539,Pauline Michel,HR Manager,champion,1.299603834169977,clic email 06-29 (1.299603834169977)
ENT-09994,CON-028043,Sanne Mercier,Executive Assistant,bruit,0.0,clic email 05-29 (0.0)
ENT-09934,CON-019761,Sanne Martin,HR Business Partner,champion,0.2436757189068707,commentaire LinkedIn 06-09 (0.2436757189068707)
ENT-09934,CON-019762,Greta Rousseau,Talent Acquisition Manager,champion,0.15157165665103978,clic email 05-29 (0.15157165665103978)
ENT-11233,CON-038200,Chloe Navarro,Office Manager,bruit,0.0,clic email 05-29 (0.0)
ENT-14924,CON-026441,Ines Dubois,HRBP,champion,1.3641449098593585,clic email 05-29 (0.15157165665103978) · clic email 06-28 (1.2125732532083187)
ENT-19393,CON-003485,Jan Petit,HR Assistant,utilisateur,0.11367874248827983,clic email 05-29 (0.11367874248827983)
ENT-13309,CON-062505,Claire Martin,Responsable Recrutement,champion,0.15157165665103978,clic email 05-29 (0.15157165665103978)
ENT-05418,CON-056648,Sanne Michel,HR Manager,champion,0.16245047927124712,clic email 05-30 (0.16245047927124712)
ENT-11876,CON-068334,Emma Michel,Charge de recrutement,utilisateur,0.3712882920511188,commentaire LinkedIn 05-30 (0.09137839459007649) · clic email 06-11 (0.2799098974610423)
ENT-01015,CON-021183,Quentin Lefebvre,Charge de recrutement,utilisateur,0.12183785945343534,clic email 05-30 (0.12183785945343534)
ENT-18545,CON-059437,Benjamin Meyer,Directeur RH,buyer,0.2030630990890589,clic email 05-30 (0.2030630990890589)
ENT-14489,CON-009381,Lucas Leroy,HR Assistant,utilisateur,1.0446606759553487,clic email 06-30 (1.0446606759553487)
ENT-14489,CON-009382,Pablo Boyer,HR Intern,bruit,0.0,commentaire LinkedIn 05-30 (0.0)
ENT-11345,CON-018729,Sanne Roux,VP Human Resources,buyer,5.127640752468724,clic email 05-30 (0.2030630990890589) · clic email 07-15 (4.924577653379665)
ENT-14147,CON-034367,Margaux Simon,Talent Acquisition Specialist,utilisateur,0.040191504845110984,like LinkedIn 06-03 (0.040191504845110984)
ENT-14147,CON-034366,Felix Faure,HR Intern,bruit,0.0,clic email 05-30 (0.0)
ENT-13585,CON-029553,Benjamin Dupont,Head of HR Operations,buyer,0.2030630990890589,clic email 05-30 (0.2030630990890589)
ENT-18541,CON-050203,Greta Weber,Directeur RH,buyer,0.050765774772264724,like LinkedIn 05-30 (0.050765774772264724)
ENT-19960,CON-017067,Julien Bonnet,Head of HR Operations,buyer,1.3517614540860938,clic email 05-30 (0.2030630990890589) · like LinkedIn 07-14 (1.1486983549970349)
ENT-15109,CON-058781,Alexandre Lambert,Office Manager,bruit,0.0,like LinkedIn 05-30 (0.0)
ENT-11782,CON-060636,Marion Lefebvre,COO,buyer,1.5665108866898894,commentaire LinkedIn 05-30 (0.15229732431679416) · clic email 06-27 (1.4142135623730951)
ENT-14307,CON-051053,Thomas Durand,People Ops Coordinator,utilisateur,0.12183785945343534,clic email 05-30 (0.12183785945343534)
ENT-09332,CON-063444,Anais Lefebvre,Talent Acquisition Manager,champion,0.16245047927124712,clic email 05-30 (0.16245047927124712)
ENT-00473,CON-049774,Julie Jansen,Chief People Officer,buyer,4.0,clic email 07-12 (4.0)
ENT-00473,CON-071003,Elena Rossi,Head of HR Operations,buyer,1.5157165665103982,clic email 06-28 (1.5157165665103982)
ENT-00473,CON-049773,Nora Dupont,Recruiter,utilisateur,0.12183785945343534,clic email 05-30 (0.12183785945343534)
ENT-00584,CON-017060,Greta Serrano,Chargee de recrutement,utilisateur,0.12183785945343534,clic email 05-30 (0.12183785945343534)
ENT-04541,CON-012934,Hugo Dupont,Responsable Recrutement,champion,0.16245047927124712,clic email 05-30 (0.16245047927124712)
ENT-12729,CON-052073,Sanne Rossi,Directrice RH,buyer,0.2030630990890589,clic email 05-30 (0.2030630990890589)
ENT-07254,CON-023145,Nicolas Ferrari,HR Manager,champion,0.8182783100903347,commentaire LinkedIn 05-30 (0.12183785945343535) · clic email 06-20 (0.6964404506368993)
ENT-16394,CON-063767,Sophie Lefebvre,People Ops Manager,champion,1.714837540058069,clic email 07-03 (1.714837540058069)
ENT-16394,CON-063768,Claire Rossi,Head of Talent Acquisition,buyer,0.050765774772264724,like LinkedIn 05-30 (0.050765774772264724)
ENT-01003,CON-050623,Camille Rossi,HR Assistant,utilisateur,0.12183785945343534,clic email 05-30 (0.12183785945343534)
ENT-04753,CON-073378,Quentin Rossi,HR Director,buyer,0.2030630990890589,clic email 05-30 (0.2030630990890589)
ENT-06422,CON-058748,Margaux Guerin,Directrice RH,buyer,0.32987697769322366,clic email 06-06 (0.32987697769322366)
ENT-06422,CON-066506,Florian Moreau,Recruiter,utilisateur,0.030459464863358834,like LinkedIn 05-30 (0.030459464863358834)
ENT-18491,CON-016414,Quentin Mercier,HR Business Partner,champion,0.12183785945343535,commentaire LinkedIn 05-30 (0.12183785945343535)
ENT-05217,CON-037197,Thomas Garnier,Responsable Recrutement,champion,0.16245047927124712,clic email 05-30 (0.16245047927124712)
ENT-15320,CON-001485,Pauline Faure,,sans_titre,2.2973967099940698,clic email 07-14 (2.2973967099940698)
ENT-15320,CON-001486,Sarah Moreau,HR Business Partner,champion,0.16245047927124712,clic email 05-30 (0.16245047927124712)
ENT-08394,CON-002372,Chloe Fournier,COO,buyer,1.8275678918015301,clic email 05-30 (0.2030630990890589) · clic email 06-29 (1.6245047927124712)
ENT-12579,CON-064312,Nicolas Chevalier,VP People,buyer,1.4142135623730951,clic email 06-27 (1.4142135623730951)
ENT-12579,CON-064313,Vincent Moreau,HRBP,champion,0.04061261981781178,like LinkedIn 05-30 (0.04061261981781178)
ENT-05604,CON-015013,Jonas Faure,HR Officer,utilisateur,0.12183785945343534,clic email 05-30 (0.12183785945343534)
ENT-12231,CON-044064,Greta Weber,HR Assistant,utilisateur,0.030459464863358834,like LinkedIn 05-30 (0.030459464863358834)
ENT-06794,CON-055496,Manon Blanc,Responsable Recrutement,champion,0.7464263932294459,clic email 06-21 (0.7464263932294459)
ENT-06794,CON-055495,Femke Weber,CEO,buyer,0.2030630990890589,clic email 05-30 (0.2030630990890589)
ENT-19145,CON-046745,Antoine Bernard,Recruiter,utilisateur,0.12183785945343534,clic email 05-30 (0.12183785945343534)
ENT-08950,CON-037713,Lea Guerin,HR Manager,champion,0.04061261981781178,like LinkedIn 05-30 (0.04061261981781178)
ENT-02653,CON-064890,Elena Laurent,Chief People Officer,buyer,0.2030630990890589,clic email 05-30 (0.2030630990890589)
ENT-00682,CON-074010,Romain Moreau,HR Manager,champion,0.04061261981781178,like LinkedIn 05-30 (0.04061261981781178)
ENT-03571,CON-035228,Anna Muller,Talent Acquisition Manager,champion,2.9482122818188445,clic email 05-30 (0.16245047927124712) · clic email 07-10 (2.785761802547597)
ENT-09489,CON-002262,Laura Weber,HRBP,champion,0.16245047927124712,clic email 05-30 (0.16245047927124712)
ENT-05153,CON-051536,Anais Fournier,Responsable Recrutement,champion,0.04061261981781178,like LinkedIn 05-30 (0.04061261981781178)
ENT-00986,CON-026400,Pablo Rossi,Recruiter,utilisateur,0.13995494873052114,clic email 06-01 (0.13995494873052114)
ENT-00986,CON-026402,Maxime Muller,Chief People Officer,buyer,0.050765774772264724,like LinkedIn 05-30 (0.050765774772264724)
ENT-18798,CON-042741,Sarah Visser,People Ops Coordinator,utilisateur,0.12183785945343534,clic email 05-30 (0.12183785945343534)
ENT-10199,CON-033549,Anna Boyer,Compensation & Benefits Manager,champion,1.7624504792712472,clic email 05-30 (0.16245047927124712) · clic email 07-02 (1.6)
ENT-15031,CON-025754,Marta Muller,Responsable Recrutement,champion,0.16245047927124712,clic email 05-30 (0.16245047927124712)
ENT-19602,CON-062821,Nora Bernard,Charge de recrutement,utilisateur,0.12183785945343534,clic email 05-30 (0.12183785945343534)
ENT-06441,CON-054543,Alexandre Bonnet,Chargee de recrutement,utilisateur,0.030459464863358834,like LinkedIn 05-30 (0.030459464863358834)
ENT-14174,CON-015714,Manon Girard,Compensation & Benefits Manager,champion,0.16245047927124712,clic email 05-30 (0.16245047927124712)
ENT-02044,CON-016731,Pierre Weber,,sans_titre,0.025382887386132362,like LinkedIn 05-30 (0.025382887386132362)
ENT-02582,CON-038930,Hugo Weber,Executive Assistant,bruit,0.0,clic email 05-30 (0.0)
ENT-18600,CON-073781,Romain Lambert,Talent Acquisition Specialist,utilisateur,0.6,clic email 06-22 (0.6)
ENT-18600,CON-050756,Romain Simon,Executive Assistant,bruit,0.0,commentaire LinkedIn 05-30 (0.0)
ENT-14905,CON-019254,Maxime Blanc,Charge de recrutement,utilisateur,1.3218378594534352,clic email 05-30 (0.12183785945343534) · clic email 07-02 (1.2)
ENT-04992,CON-033158,Elise Fischer,Head of Talent Acquisition,buyer,0.2030630990890589,clic email 05-30 (0.2030630990890589)
ENT-10754,CON-053471,Bastien Laurent,Talent Acquisition Specialist,utilisateur,0.12183785945343534,clic email 05-30 (0.12183785945343534)
ENT-09206,CON-058223,Alexandre Garcia,Responsable Recrutement,champion,0.16245047927124712,clic email 05-30 (0.16245047927124712)
ENT-10093,CON-031329,Chloe Martin,HR Officer,utilisateur,0.12183785945343534,clic email 05-30 (0.12183785945343534)
ENT-17581,CON-052737,Nora Bonnet,HR Assistant,utilisateur,0.12183785945343534,clic email 05-30 (0.12183785945343534)
ENT-07816,CON-038376,Benjamin Moreau,People Ops Manager,champion,0.16245047927124712,clic email 05-30 (0.16245047927124712)
ENT-00106,CON-006739,Quentin Garnier,VP People,buyer,0.17494368591315143,commentaire LinkedIn 06-01 (0.17494368591315143)
ENT-00106,CON-028654,Claire Guerin,HRBP,champion,0.04061261981781178,like LinkedIn 05-30 (0.04061261981781178)
ENT-13965,CON-056871,Manon Dubois,Charge de recrutement,utilisateur,0.12183785945343534,clic email 05-30 (0.12183785945343534)
ENT-12866,CON-015511,Diego Lefebvre,HR Officer,utilisateur,1.3218378594534352,clic email 05-30 (0.12183785945343534) · clic email 07-01 (1.2)
ENT-05927,CON-019260,Camille Simon,Compensation & Benefits Manager,champion,0.12183785945343535,commentaire LinkedIn 05-30 (0.12183785945343535)
ENT-17840,CON-073560,Margaux Laurent,HR Director,buyer,0.9330329915368074,like LinkedIn 07-11 (0.9330329915368074)
ENT-17840,CON-074199,Benjamin Laurent,HR Officer,utilisateur,0.6892190129982211,clic email 06-24 (0.6892190129982211)
ENT-17840,CON-040260,Felix Moreau,HR Business Partner,champion,0.16245047927124712,clic email 05-30 (0.16245047927124712)
ENT-14436,CON-070424,Claire Muller,Executive Assistant,bruit,0.0,like LinkedIn 05-30 (0.0) · clic email 06-22 (0.0)
ENT-07284,CON-045556,Bastien Durand,,sans_titre,0.4550778037859966,commentaire LinkedIn 05-30 (0.07614866215839708) · clic email 06-18 (0.37892914162759955)
ENT-07576,CON-054896,Lucas Garcia,HRBP,champion,0.12183785945343535,commentaire LinkedIn 05-30 (0.12183785945343535)
ENT-16949,CON-054392,Nicolas Simon,Chargee de recrutement,utilisateur,0.6441681974311098,clic email 05-30 (0.12183785945343534) · clic email 06-20 (0.5223303379776744)
ENT-19341,CON-003341,Lucas Girard,HR Intern,bruit,0.0,clic email 05-30 (0.0)
ENT-13392,CON-061558,Femke Serrano,Responsable Recrutement,champion,0.9624504792712472,clic email 05-30 (0.16245047927124712) · like LinkedIn 07-12 (0.8)
ENT-09228,CON-015344,Maxime Fischer,People Ops Coordinator,utilisateur,0.12183785945343534,clic email 05-30 (0.12183785945343534)
ENT-08134,CON-073536,Manon Jansen,Responsable Recrutement,champion,5.360865815951155,clic email 05-30 (0.16245047927124712) · clic email 07-19 (5.198415336679908)
ENT-13074,CON-057471,Claire Faure,HR Officer,utilisateur,0.5178109026771002,like LinkedIn 05-30 (0.030459464863358834) · clic email 06-19 (0.48735143781374135)
ENT-13651,CON-029594,Pablo Vincent,VP People,buyer,0.2030630990890589,clic email 05-30 (0.2030630990890589)
ENT-13785,CON-006836,Florian Fontaine,HR Assistant,utilisateur,0.12183785945343534,clic email 05-30 (0.12183785945343534)
ENT-18768,CON-022157,Femke Ferrari,HR Intern,bruit,0.0,clic email 05-30 (0.0)
ENT-18768,CON-022156,Felix Garcia,Executive Assistant,bruit,0.0,clic email 06-19 (0.0)
ENT-04974,CON-076535,Jan Simon,Recruiter,utilisateur,0.12183785945343534,clic email 05-30 (0.12183785945343534)
ENT-05965,CON-040009,Bastien Weber,Head of HR Operations,buyer,0.2030630990890589,clic email 05-30 (0.2030630990890589)
ENT-01289,CON-056962,Pierre Faure,Responsable Recrutement,champion,0.17411011265922482,clic email 05-31 (0.17411011265922482)
ENT-00470,CON-010065,Nicolas Lambert,CEO,buyer,0.5358867312681466,clic email 06-13 (0.5358867312681466)
ENT-00470,CON-010066,Anna Rossi,HR Intern,bruit,0.0,clic email 05-31 (0.0)
ENT-17293,CON-074348,Ines Moreau,Executive Assistant,bruit,0.0,like LinkedIn 05-31 (0.0)
ENT-07195,CON-059205,Laura Simon,HR Intern,bruit,0.0,clic email 05-31 (0.0)
ENT-12502,CON-067436,Marta Bonnet,VP People,buyer,0.16322823061802325,commentaire LinkedIn 05-31 (0.16322823061802325)
ENT-11107,CON-001741,Anais Bonnet,Directrice RH,buyer,0.05440941020600775,like LinkedIn 05-31 (0.05440941020600775)
ENT-11107,CON-001742,Camille Lambert,HR Intern,bruit,0.0,commentaire LinkedIn 06-01 (0.0)
ENT-20471,CON-072029,Guillaume Rousseau,People Ops Manager,champion,2.959871915206822,clic email 05-31 (0.17411011265922482) · clic email 07-10 (2.785761802547597)
ENT-04739,CON-029876,Marion Dubois,Directrice RH,buyer,3.7321319661472296,clic email 07-11 (3.7321319661472296)
ENT-04739,CON-029877,Nora Dupont,Recruiter,utilisateur,1.949405751254965,clic email 07-09 (1.949405751254965)
ENT-04739,CON-029875,Elena Rousseau,Talent Acquisition Specialist,utilisateur,0.1305825844944186,clic email 05-31 (0.1305825844944186)
ENT-02749,CON-051863,Claire Ferrari,Office Manager,bruit,0.0,clic email 05-31 (0.0)
ENT-05611,CON-049874,Lars Mercier,Compensation & Benefits Manager,champion,0.30314331330207955,clic email 06-08 (0.30314331330207955)
ENT-05611,CON-062173,Lars Bonnet,,sans_titre,0.1088188204120155,clic email 05-31 (0.1088188204120155)
ENT-17628,CON-019090,Emma Navarro,HR Officer,utilisateur,1.3641449098593583,commentaire LinkedIn 07-08 (1.3641449098593583)
ENT-17628,CON-019091,Femke Garnier,HR Intern,bruit,0.0,like LinkedIn 05-31 (0.0)
ENT-02051,CON-032751,Guillaume Dubois,Directrice RH,buyer,2.4912124905896285,clic email 05-31 (0.217637640824031) · commentaire LinkedIn 07-08 (2.2735748497655974)
ENT-02051,CON-032752,Benjamin Fontaine,,sans_titre,0.37892914162759944,clic email 06-08 (0.18946457081379972) · clic email 06-08 (0.18946457081379972)
ENT-08800,CON-035116,Julie Rossi,Talent Acquisition Manager,champion,0.043527528164806206,like LinkedIn 05-31 (0.043527528164806206)
ENT-18383,CON-046612,Greta Fournier,VP People,buyer,2.030630990890589,like LinkedIn 06-29 (0.4061261981781178) · clic email 06-29 (1.6245047927124712)
ENT-18383,CON-025010,Thomas Roux,HR Assistant,utilisateur,0.1305825844944186,clic email 05-31 (0.1305825844944186)
ENT-05261,CON-042321,Nicolas Meyer,HR Assistant,utilisateur,0.09793693837081394,commentaire LinkedIn 05-31 (0.09793693837081394)
ENT-18730,CON-073471,Benjamin Visser,HR Director,buyer,0.217637640824031,clic email 05-31 (0.217637640824031)
ENT-06832,CON-051938,Pierre Weber,HR Officer,utilisateur,0.1305825844944186,clic email 05-31 (0.1305825844944186)
ENT-09344,CON-073137,Claire Boyer,HR Manager,champion,0.17411011265922482,clic email 05-31 (0.17411011265922482)
ENT-09344,CON-033396,Chloe Michel,Executive Assistant,bruit,0.0,clic email 06-13 (0.0)
ENT-16938,CON-023765,Vincent Visser,Charge de recrutement,utilisateur,0.1305825844944186,clic email 05-31 (0.1305825844944186)
ENT-08141,CON-048179,Emma Leroy,Compensation & Benefits Manager,champion,0.17411011265922482,clic email 05-31 (0.17411011265922482)
ENT-07921,CON-044022,Benjamin Durand,Head of Talent Acquisition,buyer,0.435275281648062,clic email 06-10 (0.435275281648062)
ENT-07921,CON-044021,Romain Garcia,COO,buyer,0.217637640824031,clic email 05-31 (0.217637640824031)
ENT-15269,CON-048889,Margaux Roux,Office Manager,bruit,0.0,clic email 05-31 (0.0) · clic email 06-13 (0.0)
ENT-05298,CON-032111,Anna Durand,People Ops Coordinator,utilisateur,0.1305825844944186,clic email 05-31 (0.1305825844944186)
ENT-16250,CON-007107,Camille Laurent,VP People,buyer,0.217637640824031,clic email 05-31 (0.217637640824031)
ENT-16250,CON-007105,Jan Rousseau,Talent Acquisition Manager,champion,0.13058258449441862,commentaire LinkedIn 05-31 (0.13058258449441862)
ENT-00039,CON-065043,Maxime Jansen,Head of Talent Acquisition,buyer,0.05440941020600775,like LinkedIn 05-31 (0.05440941020600775)
ENT-03056,CON-005393,Romain Weber,Chief People Officer,buyer,7.0710678118654755,clic email 06-27 (1.4142135623730951) · clic email 07-17 (5.656854249492381)
ENT-03056,CON-005391,Emil Mercier,HR Officer,utilisateur,0.1305825844944186,clic email 05-31 (0.1305825844944186)
ENT-12201,CON-063381,Greta Vincent,Charge de recrutement,utilisateur,2.5784380259964417,clic email 07-02 (1.2) · clic email 07-04 (1.3784380259964417)
ENT-12201,CON-063382,Nora Smit,Responsable Recrutement,champion,0.17411011265922482,clic email 05-31 (0.17411011265922482)
ENT-16350,CON-072086,Pierre Petit,HR Intern,bruit,0.0,clic email 05-31 (0.0)
ENT-13539,CON-002288,Bastien Michel,Charge de recrutement,utilisateur,0.1305825844944186,clic email 05-31 (0.1305825844944186)
ENT-01316,CON-064302,Anna Petit,Recruiter,utilisateur,0.1305825844944186,clic email 05-31 (0.1305825844944186)
ENT-10119,CON-014205,Marion Durand,HR Director,buyer,0.2679433656340732,clic email 06-03 (0.2679433656340732)
ENT-10119,CON-055590,Pauline Smit,Executive Assistant,bruit,0.0,clic email 05-31 (0.0)
ENT-17247,CON-069944,Anna Girard,HR Manager,champion,4.850293012833274,clic email 07-18 (4.850293012833274)
ENT-17247,CON-069943,Pauline Smit,Office Manager,bruit,0.0,clic email 05-31 (0.0)
ENT-10843,CON-036718,Julien Faure,HR Officer,utilisateur,1.0400125244006575,clic email 05-31 (0.1305825844944186) · clic email 06-28 (0.9094299399062389)
ENT-17742,CON-065717,Margaux Michel,Office Manager,bruit,0.0,clic email 05-31 (0.0)
ENT-06940,CON-059667,Margaux Durand,Head of HR Operations,buyer,1.8421424335365022,clic email 05-31 (0.217637640824031) · like LinkedIn 07-19 (1.6245047927124712)
ENT-04449,CON-038012,Chloe Navarro,Head of Talent Acquisition,buyer,0.217637640824031,clic email 05-31 (0.217637640824031)
ENT-19426,CON-059093,Greta Laurent,Compensation & Benefits Manager,champion,0.17411011265922482,clic email 05-31 (0.17411011265922482)
ENT-19909,CON-035641,Nicolas Meyer,Chargee de recrutement,utilisateur,0.1305825844944186,clic email 05-31 (0.1305825844944186)
ENT-02292,CON-037870,Guillaume Visser,HR Officer,utilisateur,0.1305825844944186,clic email 05-31 (0.1305825844944186)
ENT-05066,CON-042479,Anais Guerin,HR Manager,champion,0.17411011265922482,clic email 05-31 (0.17411011265922482)
ENT-06175,CON-004212,Maxime Durand,HRBP,champion,0.17411011265922482,clic email 05-31 (0.17411011265922482)
ENT-08559,CON-030831,Thomas Blanc,People Ops Coordinator,utilisateur,0.1305825844944186,clic email 05-31 (0.1305825844944186)
ENT-13666,CON-046331,Elise Simon,Talent Acquisition Specialist,utilisateur,0.1305825844944186,clic email 05-31 (0.1305825844944186)
ENT-04751,CON-011348,Greta Fischer,Head of Talent Acquisition,buyer,0.217637640824031,clic email 05-31 (0.217637640824031)
ENT-05753,CON-062233,Jonas Lefebvre,,sans_titre,0.1088188204120155,clic email 05-31 (0.1088188204120155)
ENT-19571,CON-036318,Elena Ferrari,People Ops Manager,champion,0.17411011265922482,clic email 05-31 (0.17411011265922482)
ENT-14401,CON-052434,Marion Rossi,Talent Acquisition Specialist,utilisateur,0.45471496995311944,like LinkedIn 07-08 (0.45471496995311944)
ENT-14401,CON-071718,Greta Dupont,,sans_titre,0.1088188204120155,clic email 05-31 (0.1088188204120155)
ENT-17066,CON-020883,Chloe Visser,HR Manager,champion,0.17411011265922482,clic email 05-31 (0.17411011265922482)
ENT-17702,CON-070039,Felix Guerin,VP Human Resources,buyer,0.217637640824031,clic email 05-31 (0.217637640824031)
ENT-04352,CON-065533,Marta Smit,Chargee de recrutement,utilisateur,2.604901956210708,like LinkedIn 05-31 (0.03264564612360465) · clic email 07-13 (2.5722563100871034)
ENT-12416,CON-010509,Jan Dubois,People Ops Coordinator,utilisateur,0.1305825844944186,clic email 05-31 (0.1305825844944186)
ENT-12416,CON-010513,Sophie Fournier,Talent Acquisition Manager,champion,0.1,like LinkedIn 06-12 (0.1)
ENT-12416,CON-010510,Guillaume Andre,Office Manager,bruit,0.0,clic email 06-10 (0.0)
ENT-06926,CON-024398,Manon Meyer,Responsable Recrutement,champion,0.17411011265922482,clic email 05-31 (0.17411011265922482)
ENT-20143,CON-016199,Manon Durand,,sans_titre,0.1088188204120155,clic email 05-31 (0.1088188204120155)
ENT-18591,CON-034421,Maxime Boyer,HRBP,champion,3.8499448486497365,clic email 05-31 (0.17411011265922482) · clic email 07-14 (3.6758347359905117)
ENT-08439,CON-005861,Maxime Fournier,Charge de recrutement,utilisateur,0.2805825844944186,clic email 05-31 (0.1305825844944186) · clic email 06-02 (0.15)
ENT-10650,CON-063065,Sophie Fontaine,People Ops Coordinator,utilisateur,0.1305825844944186,clic email 05-31 (0.1305825844944186)
ENT-15099,CON-036390,Laura Muller,Head of HR Operations,buyer,0.217637640824031,clic email 05-31 (0.217637640824031)
ENT-06434,CON-056029,Alexandre Fontaine,HRBP,champion,3.1598156855770085,clic email 05-31 (0.17411011265922482) · clic email 07-11 (2.9857055729177837)
ENT-18516,CON-023128,Jonas Visser,People Ops Manager,champion,0.17411011265922482,clic email 05-31 (0.17411011265922482)
ENT-00749,CON-039211,Sophie Serrano,Recruiter,utilisateur,1.16441110399175,clic email 05-31 (0.1305825844944186) · commentaire LinkedIn 07-04 (1.0338285194973313)
ENT-16656,CON-004855,Bastien Jansen,Recruiter,utilisateur,0.1305825844944186,clic email 05-31 (0.1305825844944186)
ENT-06873,CON-023606,Julie Bonnet,Head of HR Operations,buyer,0.217637640824031,clic email 05-31 (0.217637640824031)
ENT-09508,CON-045761,Sanne Rossi,Compensation & Benefits Manager,champion,3.429675080116138,clic email 07-13 (3.429675080116138)
ENT-09508,CON-045758,Florian Muller,Charge de recrutement,utilisateur,0.1305825844944186,clic email 05-31 (0.1305825844944186)
ENT-09508,CON-045762,Femke Mercier,HR Intern,bruit,0.0,clic email 06-27 (0.0)
ENT-02576,CON-045182,Maxime Fournier,Office Manager,bruit,0.0,clic email 05-31 (0.0)
ENT-02217,CON-012491,Sarah Lambert,,sans_titre,0.1088188204120155,clic email 05-31 (0.1088188204120155)
ENT-06825,CON-020257,Claire Rousseau,Chargee de recrutement,utilisateur,1.2,clic email 07-01 (1.2)
ENT-06825,CON-020258,Emil Martin,HR Assistant,utilisateur,0.1305825844944186,clic email 05-31 (0.1305825844944186)
ENT-00151,CON-039285,Elena Chevalier,Talent Acquisition Specialist,utilisateur,0.13995494873052114,clic email 06-01 (0.13995494873052114)
ENT-13456,CON-062309,Maxime Dubois,HRBP,champion,2.1956346339239485,clic email 06-05 (0.24622888266898324) · commentaire LinkedIn 07-09 (1.9494057512549654)
ENT-13456,CON-009950,Sophie Chevalier,Compensation & Benefits Manager,champion,0.18660659830736154,clic email 06-01 (0.18660659830736154)
ENT-04453,CON-057878,Sarah Martin,VP Human Resources,buyer,0.05831456197105048,like LinkedIn 06-01 (0.05831456197105048)
ENT-08860,CON-028161,Jan Ferrari,HR Officer,utilisateur,0.13995494873052114,clic email 06-01 (0.13995494873052114)
ENT-00872,CON-007001,Maxime Visser,Talent Acquisition Manager,champion,0.5656854249492381,like LinkedIn 07-07 (0.5656854249492381)
ENT-00872,CON-007000,Julie Faure,Office Manager,bruit,0.0,clic email 06-01 (0.0)
ENT-09520,CON-037104,Ines Faure,Charge de recrutement,utilisateur,0.13995494873052114,clic email 06-01 (0.13995494873052114)
ENT-13938,CON-000764,Nora Visser,Responsable Recrutement,champion,0.18660659830736154,clic email 06-01 (0.18660659830736154)
ENT-18057,CON-052447,Claire Rossi,HR Manager,champion,0.13995494873052117,commentaire LinkedIn 06-01 (0.13995494873052117)
ENT-06630,CON-067737,Pauline Garcia,Directeur RH,buyer,0.17494368591315143,commentaire LinkedIn 06-01 (0.17494368591315143)
ENT-07298,CON-073257,Jan Petit,HRBP,champion,0.18660659830736154,clic email 06-01 (0.18660659830736154)
ENT-15744,CON-066629,Florian Ferrari,HR Intern,bruit,0.0,like LinkedIn 06-01 (0.0)
ENT-05767,CON-016557,Jan Roux,COO,buyer,0.2332582478842019,clic email 06-01 (0.2332582478842019)
ENT-15062,CON-004505,Elise Bernard,People Ops Manager,champion,0.5399549487305212,commentaire LinkedIn 06-01 (0.13995494873052117) · clic email 06-12 (0.4)
ENT-17841,CON-017042,Julie Vincent,,sans_titre,0.11662912394210095,clic email 06-01 (0.11662912394210095)
ENT-15162,CON-064209,Emil Fournier,Charge de recrutement,utilisateur,1.0493848886367598,clic email 06-01 (0.13995494873052114) · like LinkedIn 07-18 (0.9094299399062388)
ENT-15162,CON-064210,Elise Michel,Office Manager,bruit,0.0,like LinkedIn 06-05 (0.0)
ENT-06930,CON-047498,Marta Blanc,Head of People,buyer,0.17494368591315143,commentaire LinkedIn 06-01 (0.17494368591315143)
ENT-08757,CON-055646,Margaux Lambert,Chargee de recrutement,utilisateur,0.3693433240034748,clic email 06-15 (0.3693433240034748)
ENT-08757,CON-055645,Vincent Serrano,HR Manager,champion,0.18660659830736154,clic email 06-01 (0.18660659830736154)
ENT-01145,CON-049519,Marta Andre,,sans_titre,0.11662912394210095,clic email 06-01 (0.11662912394210095)
ENT-08461,CON-028710,Bastien Meyer,People Ops Manager,champion,0.7464263932294459,clic email 06-21 (0.7464263932294459)
ENT-08461,CON-028714,Emma Martin,HRBP,champion,0.7144097626165193,clic email 06-01 (0.18660659830736154) · like LinkedIn 07-06 (0.5278031643091577)
ENT-08461,CON-028713,Elise Jansen,Head of People,buyer,0.435275281648062,clic email 06-10 (0.435275281648062)
ENT-09376,CON-031185,Lea Dubois,HR Assistant,utilisateur,0.13995494873052114,clic email 06-01 (0.13995494873052114)
ENT-08704,CON-075759,Thomas Jansen,COO,buyer,0.2332582478842019,clic email 06-01 (0.2332582478842019)
ENT-11659,CON-043755,Maxime Petit,Head of People,buyer,0.2332582478842019,clic email 06-01 (0.2332582478842019)
ENT-07441,CON-050816,Sanne Weber,HR Director,buyer,0.37892914162759944,clic email 06-08 (0.37892914162759944)
ENT-07441,CON-003982,Thomas Ferrari,Chargee de recrutement,utilisateur,0.10496621154789085,commentaire LinkedIn 06-01 (0.10496621154789085)
ENT-16571,CON-006121,Ines Fontaine,Directeur RH,buyer,0.2332582478842019,clic email 06-01 (0.2332582478842019)
ENT-17803,CON-066592,Pablo Ferrari,HR Director,buyer,4.780407947415396,clic email 06-01 (0.2332582478842019) · commentaire LinkedIn 07-18 (4.547149699531194)
ENT-13448,CON-016401,Anna Muller,Chargee de recrutement,utilisateur,0.244921160278412,clic email 06-01 (0.13995494873052114) · commentaire LinkedIn 06-01 (0.10496621154789085)
ENT-04179,CON-014869,Camille Simon,Head of HR Operations,buyer,0.5743491774985175,clic email 06-14 (0.5743491774985175)
ENT-04179,CON-037664,Sophie Garnier,HR Assistant,utilisateur,0.13995494873052114,clic email 06-01 (0.13995494873052114)
ENT-10802,CON-016017,Thomas Moreau,HR Business Partner,champion,0.18660659830736154,clic email 06-01 (0.18660659830736154)
ENT-06861,CON-068006,Sanne Rossi,Chargee de recrutement,utilisateur,0.6,clic email 06-22 (0.6)
ENT-06861,CON-068007,Pierre Visser,Head of HR Operations,buyer,0.5868116384774757,clic email 06-01 (0.2332582478842019) · like LinkedIn 06-27 (0.3535533905932738)
ENT-09898,CON-029800,Laura Faure,HR Director,buyer,0.2332582478842019,clic email 06-01 (0.2332582478842019)
ENT-16819,CON-070494,Guillaume Dupont,Directrice RH,buyer,0.2332582478842019,clic email 06-01 (0.2332582478842019)
ENT-03712,CON-011856,Anna Lambert,Recruiter,utilisateur,0.13995494873052114,clic email 06-01 (0.13995494873052114)
ENT-09065,CON-045136,Pierre Mercier,People Ops Manager,champion,0.18660659830736154,clic email 06-01 (0.18660659830736154)
ENT-06805,CON-055100,Sarah Simon,Head of Talent Acquisition,buyer,5.656854249492381,clic email 07-17 (5.656854249492381)
ENT-06805,CON-058054,Anna Rossi,CEO,buyer,0.8038300969022198,commentaire LinkedIn 06-23 (0.8038300969022198)
ENT-06805,CON-058053,Alexandre Dubois,HR Officer,utilisateur,0.10496621154789085,commentaire LinkedIn 06-01 (0.10496621154789085)
ENT-06805,CON-055101,Jonas Roux,Office Manager,bruit,0.0,clic email 06-02 (0.0)
ENT-18148,CON-063655,Alexandre Andre,People Ops Coordinator,utilisateur,3.306773934585467,clic email 06-01 (0.13995494873052114) · clic email 07-16 (3.166818985854946)
ENT-19524,CON-041482,Lea Jansen,Head of HR Operations,buyer,0.2332582478842019,clic email 06-01 (0.2332582478842019)
ENT-05284,CON-033579,Elena Visser,Chargee de recrutement,utilisateur,0.13995494873052114,clic email 06-01 (0.13995494873052114)
ENT-12052,CON-020313,Quentin Meyer,Head of HR Operations,buyer,0.307786103336229,clic email 06-05 (0.307786103336229)
ENT-12052,CON-020314,Felix Smit,Recruiter,utilisateur,0.10496621154789085,commentaire LinkedIn 06-01 (0.10496621154789085)
ENT-15846,CON-070171,Thomas Chevalier,HR Assistant,utilisateur,0.2961539061714675,like LinkedIn 06-01 (0.034988737182630285) · clic email 06-10 (0.2611651689888372)
ENT-04749,CON-009210,Anais Serrano,Charge de recrutement,utilisateur,0.16076601938044394,clic email 06-03 (0.16076601938044394)
ENT-04749,CON-009211,Jan Bernard,Chargee de recrutement,utilisateur,0.13995494873052114,clic email 06-01 (0.13995494873052114)
ENT-12590,CON-032383,Lars Fournier,HR Assistant,utilisateur,0.13995494873052114,clic email 06-01 (0.13995494873052114)
ENT-05326,CON-040544,Antoine Leroy,HR Officer,utilisateur,3.898811502509931,clic email 07-19 (3.898811502509931)
ENT-05326,CON-040541,Laura Ferrari,Head of HR Operations,buyer,2.4622888266898326,clic email 07-05 (2.4622888266898326)
ENT-05326,CON-074592,Bastien Vincent,Head of HR Operations,buyer,0.7332582478842019,clic email 06-01 (0.2332582478842019) · clic email 06-12 (0.5)
ENT-11073,CON-075873,Emma Lambert,Compensation & Benefits Manager,champion,0.8574187700290345,like LinkedIn 07-13 (0.8574187700290345)
ENT-11073,CON-075875,Julien Navarro,Chargee de recrutement,utilisateur,0.5948085321047147,like LinkedIn 06-01 (0.034988737182630285) · clic email 06-21 (0.5598197949220844)
ENT-11073,CON-016962,Manon Serrano,HR Manager,champion,0.4594793419988141,clic email 06-14 (0.4594793419988141)
ENT-06043,CON-022071,Laura Faure,HR Officer,utilisateur,0.6430640775217759,clic email 06-23 (0.6430640775217759)
ENT-06043,CON-022075,Guillaume Fournier,Chargee de recrutement,utilisateur,0.13995494873052114,clic email 06-01 (0.13995494873052114)
ENT-01885,CON-049524,Florian Petit,Recruiter,utilisateur,0.13995494873052114,clic email 06-01 (0.13995494873052114)
ENT-12395,CON-002938,Julien Fontaine,CEO,buyer,0.37892914162759955,like LinkedIn 06-28 (0.37892914162759955)
ENT-12395,CON-008067,Alexandre Blanc,Talent Acquisition Manager,champion,0.18660659830736154,clic email 06-01 (0.18660659830736154)
ENT-08244,CON-073653,Jonas Fournier,People Ops Manager,champion,0.18660659830736154,clic email 06-01 (0.18660659830736154)
ENT-08581,CON-061967,Alexandre Serrano,Talent Acquisition Manager,champion,0.4,clic email 06-12 (0.4)
ENT-08581,CON-061966,Pablo Fischer,HR Officer,utilisateur,0.13995494873052114,clic email 06-01 (0.13995494873052114)
ENT-08307,CON-023970,Julien Faure,HR Business Partner,champion,0.18660659830736154,clic email 06-01 (0.18660659830736154)
ENT-04701,CON-061279,Maxime Rossi,HR Officer,utilisateur,0.13995494873052114,clic email 06-01 (0.13995494873052114)
ENT-03866,CON-050491,Nora Visser,HR Business Partner,champion,0.18660659830736154,clic email 06-01 (0.18660659830736154)
ENT-12717,CON-048544,Quentin Fischer,HR Director,buyer,0.05831456197105048,like LinkedIn 06-01 (0.05831456197105048)
ENT-18219,CON-061247,Pauline Martin,Charge de recrutement,utilisateur,0.13995494873052114,clic email 06-01 (0.13995494873052114)
ENT-00511,CON-021439,Laura Vincent,HR Business Partner,champion,0.6153159833218789,clic email 06-01 (0.18660659830736154) · clic email 06-13 (0.4287093850145173)
ENT-19380,CON-053978,Pierre Simon,Talent Acquisition Manager,champion,0.18660659830736154,clic email 06-01 (0.18660659830736154)
ENT-18862,CON-037008,Thomas Dubois,Directeur RH,buyer,0.2332582478842019,clic email 06-01 (0.2332582478842019)
ENT-15312,CON-001288,Vincent Chevalier,People Ops Coordinator,utilisateur,0.10496621154789085,commentaire LinkedIn 06-01 (0.10496621154789085)
ENT-08076,CON-015756,Emma Serrano,People Ops Manager,champion,0.18660659830736154,clic email 06-01 (0.18660659830736154)
ENT-12218,CON-059321,Lars Leroy,Directrice RH,buyer,2.637232512602984,commentaire LinkedIn 06-01 (0.17494368591315143) · clic email 07-05 (2.4622888266898326)
ENT-13669,CON-055925,Felix Serrano,Office Manager,bruit,0.0,clic email 06-01 (0.0) · clic email 06-22 (0.0)
ENT-18455,CON-026457,Femke Lambert,CHRO,buyer,0.2332582478842019,clic email 06-01 (0.2332582478842019)
ENT-02810,CON-065011,Hugo Muller,HR Officer,utilisateur,1.4773732960138994,clic email 07-05 (1.4773732960138994)
ENT-02810,CON-065013,Hugo Fischer,People Ops Coordinator,utilisateur,0.13995494873052114,clic email 06-01 (0.13995494873052114)
ENT-03037,CON-044564,Nicolas Michel,Chargee de recrutement,utilisateur,0.13995494873052114,clic email 06-01 (0.13995494873052114)
ENT-06998,CON-051909,Lars Faure,HR Officer,utilisateur,0.13995494873052114,clic email 06-01 (0.13995494873052114)
ENT-01324,CON-055191,Alexandre Blanc,Head of Talent Acquisition,buyer,0.2332582478842019,clic email 06-01 (0.2332582478842019)
ENT-03651,CON-027375,Greta Chevalier,HR Intern,bruit,0.0,clic email 06-01 (0.0)
ENT-14063,CON-065989,Jonas Bernard,People Ops Manager,champion,0.22973967099940704,clic email 06-04 (0.22973967099940704)
ENT-14063,CON-065986,Maxime Simon,Recruiter,utilisateur,0.13995494873052114,clic email 06-01 (0.13995494873052114)
ENT-02000,CON-012912,Julien Lefebvre,HR Assistant,utilisateur,2.7122112588176246,clic email 06-01 (0.13995494873052114) · clic email 07-13 (2.5722563100871034)
ENT-10965,CON-012410,Sanne Moreau,CHRO,buyer,0.2332582478842019,clic email 06-01 (0.2332582478842019)
ENT-07253,CON-036752,Vincent Navarro,Talent Acquisition Manager,champion,0.046651649576840384,like LinkedIn 06-01 (0.046651649576840384)
ENT-09018,CON-074580,Pablo Garcia,Talent Acquisition Specialist,utilisateur,0.32153203876088793,clic email 06-13 (0.32153203876088793)
ENT-09018,CON-074581,Pablo Muller,HR Intern,bruit,0.0,clic email 06-01 (0.0)
ENT-05184,CON-055582,Benjamin Martin,Head of People,buyer,0.2332582478842019,clic email 06-01 (0.2332582478842019)
ENT-18863,CON-000941,Sophie Faure,Responsable Recrutement,champion,0.18660659830736154,clic email 06-01 (0.18660659830736154)
ENT-03179,CON-066227,Nora Weber,Talent Acquisition Manager,champion,0.18660659830736154,clic email 06-01 (0.18660659830736154)
ENT-14386,CON-057835,Sarah Vincent,HR Assistant,utilisateur,0.10496621154789085,commentaire LinkedIn 06-01 (0.10496621154789085)
ENT-04257,CON-021974,Thomas Martin,Talent Acquisition Manager,champion,0.18660659830736154,clic email 06-01 (0.18660659830736154)
ENT-06961,CON-034175,Sanne Garnier,Talent Acquisition Specialist,utilisateur,0.13995494873052114,clic email 06-01 (0.13995494873052114)
ENT-00128,CON-038094,Quentin Mercier,HR Officer,utilisateur,0.034988737182630285,like LinkedIn 06-01 (0.034988737182630285)
ENT-14832,CON-014867,Lars Bernard,Executive Assistant,bruit,0.0,clic email 06-01 (0.0)
ENT-06846,CON-053381,Camille Muller,,sans_titre,0.2332582478842019,clic email 06-11 (0.2332582478842019)
ENT-06846,CON-053382,Pablo Navarro,,sans_titre,0.11662912394210095,clic email 06-01 (0.11662912394210095)
ENT-19128,CON-060829,Sophie Michel,Head of Talent Acquisition,buyer,1.406126198178118,clic email 06-22 (1.0) · like LinkedIn 06-29 (0.4061261981781178)
ENT-19128,CON-060831,Marion Martin,Head of Talent Acquisition,buyer,0.25,clic email 06-02 (0.25)
ENT-14588,CON-026688,Claire Visser,Talent Acquisition Manager,champion,0.2,clic email 06-02 (0.2)
ENT-11762,CON-044159,Pauline Navarro,Directrice RH,buyer,2.2973967099940698,clic email 07-04 (2.2973967099940698)
ENT-11762,CON-053644,Maxime Dubois,HR Assistant,utilisateur,0.36934332400347486,like LinkedIn 07-05 (0.36934332400347486)
ENT-11762,CON-044162,Laura Fischer,Executive Assistant,bruit,0.0,clic email 06-02 (0.0)
ENT-08421,CON-038143,Anna Visser,HRBP,champion,0.2,clic email 06-02 (0.2)
ENT-11098,CON-023894,Jonas Jansen,VP People,buyer,0.5764564612360465,clic email 06-02 (0.25) · commentaire LinkedIn 06-10 (0.3264564612360465)
ENT-16325,CON-027590,Emma Vincent,Recruiter,utilisateur,2.239279179688338,clic email 07-11 (2.239279179688338)
ENT-16325,CON-027588,Anais Guerin,HR Intern,bruit,0.0,clic email 06-02 (0.0)
ENT-07252,CON-042652,Alexandre Martin,Chargee de recrutement,utilisateur,0.11249999999999999,commentaire LinkedIn 06-02 (0.11249999999999999)
ENT-05151,CON-028719,Anais Chevalier,HRBP,champion,0.2,clic email 06-02 (0.2)
ENT-03928,CON-063616,Camille Smit,,sans_titre,0.125,clic email 06-02 (0.125)
ENT-11181,CON-074138,Emil Blanc,Office Manager,bruit,0.0,clic email 06-02 (0.0)
ENT-03634,CON-029169,Lucas Garcia,Responsable Recrutement,champion,0.2,clic email 06-02 (0.2)
ENT-10889,CON-039871,Benjamin Blanc,Head of Talent Acquisition,buyer,0.0625,like LinkedIn 06-02 (0.0625)
ENT-00375,CON-044918,Pablo Boyer,HR Intern,bruit,0.0,clic email 06-02 (0.0) · clic email 06-04 (0.0)
ENT-02982,CON-027873,Marta Garnier,Charge de recrutement,utilisateur,1.9291922325653275,commentaire LinkedIn 07-13 (1.9291922325653275)
ENT-02982,CON-027870,Julien Leroy,VP Human Resources,buyer,0.25,clic email 06-02 (0.25)
ENT-06514,CON-049311,Julie Martin,Executive Assistant,bruit,0.0,clic email 06-02 (0.0) · commentaire LinkedIn 06-08 (0.0)
ENT-02154,CON-006818,Claire Visser,Head of HR Operations,buyer,0.25,clic email 06-02 (0.25)
ENT-17184,CON-004435,Jonas Guerin,Office Manager,bruit,0.0,commentaire LinkedIn 06-02 (0.0)
ENT-15332,CON-064613,Lars Faure,HR Manager,champion,0.2,clic email 06-02 (0.2)
ENT-07466,CON-051522,Margaux Petit,HR Assistant,utilisateur,0.11249999999999999,commentaire LinkedIn 06-02 (0.11249999999999999)
ENT-00079,CON-000062,Diego Rossi,HR Assistant,utilisateur,2.9241086268824477,commentaire LinkedIn 07-19 (2.9241086268824477)
ENT-00079,CON-068868,Lars Jansen,Charge de recrutement,utilisateur,2.3892791796883377,clic email 06-02 (0.15) · clic email 07-11 (2.239279179688338)
ENT-03850,CON-005917,Elena Vincent,Charge de recrutement,utilisateur,4.048811502509931,clic email 06-02 (0.15) · clic email 07-19 (3.898811502509931)
ENT-12068,CON-064120,Julien Mercier,VP Human Resources,buyer,0.25,clic email 06-02 (0.25)
ENT-12068,CON-066990,Felix Petit,HR Director,buyer,0.25,like LinkedIn 06-22 (0.25)
ENT-09917,CON-057485,Margaux Visser,Office Manager,bruit,0.0,like LinkedIn 06-02 (0.0) · clic email 06-22 (0.0)
ENT-18747,CON-027605,Lucas Ferrari,,sans_titre,1.410771205727292,clic email 06-28 (0.7578582832551991) · commentaire LinkedIn 06-30 (0.652912922472093)
ENT-18747,CON-046646,Maxime Faure,Compensation & Benefits Manager,champion,0.2,clic email 06-02 (0.2)
ENT-10124,CON-075152,Nicolas Blanc,COO,buyer,0.25,clic email 06-02 (0.25)
ENT-08242,CON-012357,Antoine Moreau,Office Manager,bruit,0.0,like LinkedIn 06-02 (0.0) · clic email 06-03 (0.0)
ENT-18191,CON-046943,Manon Serrano,Charge de recrutement,utilisateur,0.15,clic email 06-02 (0.15)
ENT-03167,CON-022556,Felix Michel,,sans_titre,0.03125,like LinkedIn 06-02 (0.03125)
ENT-03301,CON-037519,Laura Weber,Responsable Recrutement,champion,0.35000000000000003,clic email 06-02 (0.2) · commentaire LinkedIn 06-02 (0.15000000000000002)
ENT-05244,CON-033143,Felix Petit,,sans_titre,0.25,like LinkedIn 07-02 (0.25)
ENT-05244,CON-003551,Vincent Chevalier,HR Officer,utilisateur,0.15,clic email 06-02 (0.15)
ENT-06658,CON-020671,Elise Andre,COO,buyer,0.25,clic email 06-02 (0.25)
ENT-07235,CON-021796,Anais Garcia,Compensation & Benefits Manager,champion,0.7464263932294459,clic email 06-21 (0.7464263932294459)
ENT-07235,CON-020443,Laura Durand,Head of HR Operations,buyer,0.25,clic email 06-02 (0.25)
ENT-10874,CON-057181,Jan Durand,Recruiter,utilisateur,0.0375,like LinkedIn 06-02 (0.0375)
ENT-04246,CON-050622,Elise Dubois,Chargee de recrutement,utilisateur,0.15,clic email 06-02 (0.15)
ENT-00543,CON-008713,Laura Meyer,People Ops Coordinator,utilisateur,3.506612549695428,commentaire LinkedIn 06-02 (0.11249999999999999) · clic email 07-17 (3.394112549695428)
ENT-16507,CON-012541,Marta Rossi,Office Manager,bruit,0.0,clic email 06-02 (0.0)
ENT-19786,CON-019994,Bastien Serrano,HR Manager,champion,0.15000000000000002,commentaire LinkedIn 06-02 (0.15000000000000002)
ENT-15348,CON-040354,Benjamin Meyer,Recruiter,utilisateur,0.0375,like LinkedIn 06-02 (0.0375)
ENT-12048,CON-061758,Emil Petit,Recruiter,utilisateur,0.15,clic email 06-02 (0.15)
ENT-19322,CON-040223,Claire Bernard,Responsable Recrutement,champion,0.2,clic email 06-02 (0.2)
ENT-11749,CON-062128,Lucas Rossi,CHRO,buyer,0.25,clic email 06-02 (0.25)
ENT-01652,CON-049394,Pierre Smit,Recruiter,utilisateur,0.0375,like LinkedIn 06-02 (0.0375)
ENT-01283,CON-004841,Manon Martin,HR Intern,bruit,0.0,like LinkedIn 06-02 (0.0)
ENT-10410,CON-018264,Sanne Bonnet,Head of HR Operations,buyer,0.25,clic email 06-02 (0.25)
ENT-18609,CON-023241,Claire Jansen,Talent Acquisition Specialist,utilisateur,0.15,clic email 06-02 (0.15)
ENT-04180,CON-007122,Jonas Chevalier,,sans_titre,0.30177669529663687,clic email 06-02 (0.125) · clic email 06-07 (0.1767766952966369)
ENT-02323,CON-048240,Emma Dubois,Executive Assistant,bruit,0.0,commentaire LinkedIn 06-02 (0.0)
ENT-01666,CON-011841,Lea Roux,HR Intern,bruit,0.0,clic email 06-02 (0.0)
ENT-09256,CON-071159,Anais Muller,HR Assistant,utilisateur,0.5598197949220844,clic email 06-21 (0.5598197949220844)
ENT-09256,CON-071157,Femke Fournier,Executive Assistant,bruit,0.0,clic email 06-02 (0.0)
ENT-13066,CON-013743,Claire Guerin,HR Assistant,utilisateur,0.15,clic email 06-02 (0.15)
ENT-01741,CON-004474,Jonas Navarro,Chargee de recrutement,utilisateur,0.15,clic email 06-02 (0.15)
ENT-08662,CON-072887,Benjamin Chevalier,HRBP,champion,0.2,clic email 06-02 (0.2)
ENT-20433,CON-069379,Julien Mercier,Chargee de recrutement,utilisateur,0.15,clic email 06-02 (0.15)
ENT-01974,CON-008768,Claire Visser,Compensation & Benefits Manager,champion,1.034915530675933,like LinkedIn 06-02 (0.05) · clic email 06-25 (0.984915530675933)
ENT-06304,CON-046437,Lea Garcia,People Ops Coordinator,utilisateur,0.15,clic email 06-02 (0.15)
ENT-03834,CON-060699,Elena Garcia,Chief People Officer,buyer,0.25,clic email 06-02 (0.25)
ENT-03663,CON-027151,Felix Fournier,People Ops Coordinator,utilisateur,0.15,clic email 06-02 (0.15)
ENT-07190,CON-037707,Maxime Serrano,Responsable Recrutement,champion,0.2,clic email 06-02 (0.2)
ENT-07190,CON-037706,Emma Muller,Talent Acquisition Specialist,utilisateur,0.1846716620017374,clic email 06-05 (0.1846716620017374)
ENT-03713,CON-028112,Elise Girard,Head of HR Operations,buyer,0.25,clic email 06-02 (0.25)
ENT-18632,CON-049623,Laura Laurent,Chargee de recrutement,utilisateur,0.6,like LinkedIn 07-12 (0.6)
ENT-18632,CON-032578,Greta Faure,CEO,buyer,0.2679433656340732,clic email 06-03 (0.2679433656340732)
ENT-11803,CON-073856,Thomas Fontaine,People Ops Manager,champion,0.21435469250725858,clic email 06-03 (0.21435469250725858)
ENT-14624,CON-034541,Antoine Martin,Head of HR Operations,buyer,0.9375364047046423,like LinkedIn 06-03 (0.0669858414085183) · clic email 06-20 (0.870550563296124)
ENT-16206,CON-048016,Pauline Fontaine,HR Business Partner,champion,0.21435469250725858,clic email 06-03 (0.21435469250725858)
ENT-13542,CON-033223,Alexandre Fischer,People Ops Coordinator,utilisateur,0.040191504845110984,like LinkedIn 06-03 (0.040191504845110984)
ENT-09200,CON-011932,Elise Smit,Talent Acquisition Specialist,utilisateur,0.040191504845110984,like LinkedIn 06-03 (0.040191504845110984)
ENT-01012,CON-072081,Anna Guerin,Talent Acquisition Specialist,utilisateur,0.040191504845110984,like LinkedIn 06-03 (0.040191504845110984)
ENT-16013,CON-072253,Greta Muller,People Ops Coordinator,utilisateur,2.4,clic email 07-12 (2.4)
ENT-16013,CON-072254,Anna Leroy,VP People,buyer,0.2679433656340732,clic email 06-03 (0.2679433656340732)
ENT-16013,CON-072255,Romain Bernard,VP Human Resources,buyer,0.2030630990890589,like LinkedIn 06-19 (0.2030630990890589)
ENT-11689,CON-034154,Emil Fischer,HR Assistant,utilisateur,0.6429048525130073,commentaire LinkedIn 06-03 (0.12057451453533294) · clic email 06-20 (0.5223303379776744)
ENT-07134,CON-028272,Nicolas Navarro,People Ops Coordinator,utilisateur,0.16076601938044394,clic email 06-03 (0.16076601938044394)
ENT-20350,CON-054593,Lea Bonnet,Chargee de recrutement,utilisateur,1.3607660193804438,clic email 06-03 (0.16076601938044394) · clic email 07-01 (1.2)
ENT-12569,CON-034758,Camille Blanc,Office Manager,bruit,0.0,clic email 06-03 (0.0)
ENT-06479,CON-035439,Nora Faure,Talent Acquisition Specialist,utilisateur,0.16076601938044394,clic email 06-03 (0.16076601938044394)
ENT-16527,CON-039268,Sanne Navarro,Charge de recrutement,utilisateur,0.16076601938044394,clic email 06-03 (0.16076601938044394)
ENT-16527,CON-039270,Pauline Muller,Executive Assistant,bruit,0.0,clic email 06-12 (0.0)
ENT-00918,CON-052638,Lucas Michel,Executive Assistant,bruit,0.0,clic email 06-03 (0.0)
ENT-17225,CON-037115,Jonas Girard,HRBP,champion,0.21435469250725858,clic email 06-03 (0.21435469250725858)
ENT-02917,CON-056350,Pablo Michel,Executive Assistant,bruit,0.0,clic email 06-03 (0.0)
ENT-13208,CON-024393,Julie Bonnet,HR Manager,champion,2.639501198923896,clic email 06-03 (0.21435469250725858) · clic email 07-08 (2.4251465064166373)
ENT-13067,CON-005812,Anna Fontaine,Office Manager,bruit,0.0,clic email 06-03 (0.0)
ENT-09080,CON-004476,Diego Faure,Head of Talent Acquisition,buyer,0.2679433656340732,clic email 06-03 (0.2679433656340732)
ENT-18397,CON-001303,Felix Dupont,Recruiter,utilisateur,0.040191504845110984,like LinkedIn 06-03 (0.040191504845110984)
ENT-05458,CON-017991,Marta Dubois,Talent Acquisition Specialist,utilisateur,1.9796258991929216,clic email 06-03 (0.16076601938044394) · clic email 07-08 (1.8188598798124778)
ENT-19704,CON-041529,Margaux Leroy,Office Manager,bruit,0.0,clic email 06-03 (0.0)
ENT-10970,CON-056876,Felix Lambert,Talent Acquisition Manager,champion,0.7800401174564967,clic email 06-03 (0.21435469250725858) · clic email 06-17 (0.5656854249492381)
ENT-10970,CON-056875,Bastien Andre,HR Intern,bruit,0.0,clic email 06-08 (0.0)
ENT-12448,CON-032312,Maxime Michel,CHRO,buyer,0.2679433656340732,clic email 06-03 (0.2679433656340732)
ENT-12448,CON-007262,Sanne Fontaine,Executive Assistant,bruit,0.0,clic email 06-15 (0.0)
ENT-00530,CON-069831,Pierre Lefebvre,HR Officer,utilisateur,0.16076601938044394,clic email 06-03 (0.16076601938044394)
ENT-16913,CON-053117,Anais Fischer,Executive Assistant,bruit,0.0,clic email 06-03 (0.0)
ENT-18252,CON-054569,Lea Muller,Head of HR Operations,buyer,0.37477194474474734,like LinkedIn 06-03 (0.0669858414085183) · clic email 06-05 (0.307786103336229)
ENT-09254,CON-069066,Anais Garnier,Chargee de recrutement,utilisateur,0.16076601938044394,clic email 06-03 (0.16076601938044394)
ENT-19718,CON-009041,Laura Weber,Head of Talent Acquisition,buyer,0.2679433656340732,clic email 06-03 (0.2679433656340732)
ENT-14929,CON-075602,Nora Boyer,Head of HR Operations,buyer,0.2679433656340732,clic email 06-03 (0.2679433656340732)
ENT-14876,CON-039225,Sarah Mercier,Office Manager,bruit,0.0,like LinkedIn 06-03 (0.0)
ENT-08692,CON-063152,Emma Boyer,Compensation & Benefits Manager,champion,0.21435469250725858,clic email 06-03 (0.21435469250725858)
ENT-17978,CON-009310,Florian Faure,HR Intern,bruit,0.0,clic email 06-03 (0.0)
ENT-16141,CON-062263,Hugo Serrano,HR Business Partner,champion,2.4000000000000004,commentaire LinkedIn 07-12 (2.4000000000000004)
ENT-16141,CON-061920,Claire Bernard,Compensation & Benefits Manager,champion,0.21435469250725858,clic email 06-03 (0.21435469250725858)
ENT-08612,CON-068139,Emil Laurent,Charge de recrutement,utilisateur,4.478558359376676,clic email 07-21 (4.478558359376676)
ENT-08612,CON-068138,Marion Mercier,HR Business Partner,champion,0.21435469250725858,clic email 06-03 (0.21435469250725858)
ENT-08437,CON-010106,Pauline Weber,Chargee de recrutement,utilisateur,0.4044417382873146,clic email 06-03 (0.16076601938044394) · clic email 06-09 (0.24367571890687068)
ENT-13273,CON-022558,Nora Smit,HR Officer,utilisateur,0.040191504845110984,like LinkedIn 06-03 (0.040191504845110984)
ENT-18751,CON-037075,Felix Michel,People Ops Coordinator,utilisateur,0.16076601938044394,clic email 06-03 (0.16076601938044394)
ENT-10136,CON-054123,Manon Meyer,HR Officer,utilisateur,0.040191504845110984,like LinkedIn 06-03 (0.040191504845110984)
ENT-02479,CON-022212,Sarah Roux,People Ops Coordinator,utilisateur,0.16076601938044394,clic email 06-03 (0.16076601938044394)
ENT-19794,CON-054960,Anais Faure,HR Officer,utilisateur,0.12057451453533294,commentaire LinkedIn 06-03 (0.12057451453533294)
ENT-03513,CON-052664,Florian Weber,,sans_titre,0.1339716828170366,clic email 06-03 (0.1339716828170366)
ENT-12777,CON-074202,Quentin Navarro,People Ops Manager,champion,0.21435469250725858,clic email 06-03 (0.21435469250725858)
ENT-09486,CON-037125,Guillaume Simon,HRBP,champion,0.053588673126814645,like LinkedIn 06-03 (0.053588673126814645)
ENT-20142,CON-053260,Julie Navarro,HR Business Partner,champion,0.21435469250725858,clic email 06-03 (0.21435469250725858)
ENT-16364,CON-044100,Anais Lambert,Office Manager,bruit,0.0,clic email 06-03 (0.0)
ENT-15993,CON-006809,Florian Jansen,HR Assistant,utilisateur,1.5979478105492324,commentaire LinkedIn 06-03 (0.12057451453533294) · clic email 07-05 (1.4773732960138994)
ENT-10056,CON-028256,Emma Michel,Charge de recrutement,utilisateur,0.3410362274648396,commentaire LinkedIn 06-18 (0.3410362274648396)
ENT-10056,CON-074106,Laura Guerin,,sans_titre,0.10047876211277745,commentaire LinkedIn 06-03 (0.10047876211277745)
ENT-02965,CON-010133,Lea Lefebvre,COO,buyer,1.0606601717798214,commentaire LinkedIn 06-27 (1.0606601717798214)
ENT-02965,CON-065620,Manon Ferrari,People Ops Manager,champion,0.16076601938044396,commentaire LinkedIn 06-03 (0.16076601938044396)
ENT-08066,CON-041925,Manon Roux,HRBP,champion,0.49245776533796654,like LinkedIn 07-05 (0.49245776533796654)
ENT-08066,CON-041922,Alexandre Girard,HR Intern,bruit,0.0,clic email 06-03 (0.0)
ENT-08579,CON-035472,Romain Moreau,Head of People,buyer,2.8284271247461903,clic email 07-07 (2.8284271247461903)
ENT-08579,CON-074002,Benjamin Bernard,HR Business Partner,champion,0.21435469250725858,clic email 06-03 (0.21435469250725858)
ENT-00554,CON-044370,Thomas Leroy,HR Officer,utilisateur,0.040191504845110984,like LinkedIn 06-03 (0.040191504845110984)
ENT-05770,CON-051558,Greta Fischer,Executive Assistant,bruit,0.0,clic email 06-03 (0.0)
ENT-08446,CON-045260,Lea Rousseau,HRBP,champion,0.21435469250725858,clic email 06-03 (0.21435469250725858)
ENT-14388,CON-076349,Elena Visser,Charge de recrutement,utilisateur,0.16076601938044394,clic email 06-03 (0.16076601938044394)
ENT-03707,CON-000450,Sarah Rousseau,HRBP,champion,0.21435469250725858,clic email 06-03 (0.21435469250725858)
ENT-15132,CON-006221,Marion Rossi,Talent Acquisition Specialist,utilisateur,0.16076601938044394,clic email 06-03 (0.16076601938044394)
ENT-04719,CON-063068,Anna Roux,HR Director,buyer,0.2679433656340732,clic email 06-03 (0.2679433656340732)
ENT-10372,CON-003615,Lea Guerin,VP People,buyer,3.9822022531844965,clic email 06-12 (0.5) · clic email 07-10 (3.4822022531844965)
ENT-10372,CON-037690,Nora Fournier,,sans_titre,2.4622888266898326,clic email 07-15 (2.4622888266898326)
ENT-10372,CON-037694,Camille Laurent,Compensation & Benefits Manager,champion,1.305480962557701,like LinkedIn 06-20 (0.17411011265922482) · clic email 06-27 (1.1313708498984762)
ENT-10372,CON-037693,Felix Leroy,VP Human Resources,buyer,0.2679433656340732,clic email 06-03 (0.2679433656340732)
ENT-06546,CON-067406,Florian Simon,HR Manager,champion,0.21435469250725858,clic email 06-03 (0.21435469250725858)
ENT-03450,CON-072667,Romain Rousseau,Executive Assistant,bruit,0.0,clic email 06-03 (0.0) · commentaire LinkedIn 06-13 (0.0)
ENT-09068,CON-065019,Julie Visser,Chargee de recrutement,utilisateur,0.16076601938044394,clic email 06-03 (0.16076601938044394)
ENT-19081,CON-072885,Pierre Fontaine,VP People,buyer,1.6245047927124712,clic email 06-29 (1.6245047927124712)
ENT-19081,CON-039796,Thomas Muller,Head of Talent Acquisition,buyer,0.2679433656340732,clic email 06-03 (0.2679433656340732)
ENT-00955,CON-009997,Claire Guerin,Chargee de recrutement,utilisateur,0.17230475324955527,clic email 06-04 (0.17230475324955527)
ENT-00688,CON-025807,Pablo Fischer,Talent Acquisition Manager,champion,1.21465520167534,clic email 06-04 (0.22973967099940704) · clic email 06-25 (0.984915530675933)
ENT-18281,CON-027348,Lea Meyer,Chargee de recrutement,utilisateur,0.17230475324955527,clic email 06-04 (0.17230475324955527)
ENT-15533,CON-065125,Laura Simon,VP People,buyer,0.2871745887492588,clic email 06-04 (0.2871745887492588)
ENT-03788,CON-023066,Florian Girard,Head of HR Operations,buyer,0.2871745887492588,clic email 06-04 (0.2871745887492588)
ENT-11577,CON-063028,Pierre Leroy,,sans_titre,0.1435872943746294,clic email 06-04 (0.1435872943746294)
ENT-17426,CON-055427,Antoine Chevalier,CEO,buyer,2.0282757153415067,clic email 06-04 (0.2871745887492588) · clic email 06-30 (1.741101126592248)
ENT-04634,CON-009141,Jonas Guerin,Talent Acquisition Manager,champion,0.05743491774985176,like LinkedIn 06-04 (0.05743491774985176)
ENT-11452,CON-075554,Greta Smit,Compensation & Benefits Manager,champion,2.4251465064166373,clic email 07-08 (2.4251465064166373)
ENT-11452,CON-075556,Sarah Bernard,Charge de recrutement,utilisateur,0.6430640775217759,clic email 06-23 (0.6430640775217759)
ENT-11452,CON-063421,Florian Moreau,Talent Acquisition Specialist,utilisateur,0.17230475324955527,clic email 06-04 (0.17230475324955527)
ENT-09415,CON-031673,Bastien Meyer,Head of Talent Acquisition,buyer,0.4410676404173733,clic email 06-04 (0.2871745887492588) · like LinkedIn 06-15 (0.1538930516681145)
ENT-10120,CON-010501,Hugo Ferrari,Executive Assistant,bruit,0.0,like LinkedIn 06-04 (0.0)
ENT-07582,CON-059474,Antoine Blanc,VP People,buyer,1.741101126592248,clic email 06-30 (1.741101126592248)
ENT-07582,CON-059475,Elena Visser,People Ops Coordinator,utilisateur,0.6223047532495553,clic email 06-04 (0.17230475324955527) · commentaire LinkedIn 06-22 (0.44999999999999996)
ENT-17060,CON-039435,Nora Bernard,COO,buyer,0.2871745887492588,clic email 06-04 (0.2871745887492588)
ENT-14827,CON-004938,Laura Boyer,Chief People Officer,buyer,0.2871745887492588,clic email 06-04 (0.2871745887492588)
ENT-12305,CON-024578,Alexandre Bonnet,HRBP,champion,0.22973967099940704,clic email 06-04 (0.22973967099940704)
ENT-08027,CON-054364,Jonas Lefebvre,HRBP,champion,2.199570732351273,clic email 06-04 (0.22973967099940704) · clic email 07-05 (1.9698310613518661)
ENT-19675,CON-023060,Anna Vincent,Charge de recrutement,utilisateur,2.089321351910698,clic email 07-10 (2.089321351910698)
ENT-19675,CON-073309,Benjamin Andre,People Ops Coordinator,utilisateur,0.17230475324955527,clic email 06-04 (0.17230475324955527)
ENT-10562,CON-067180,Julie Michel,HRBP,champion,1.9698310613518661,clic email 07-05 (1.9698310613518661)
ENT-10562,CON-019908,Sophie Blanc,People Ops Coordinator,utilisateur,0.17230475324955527,clic email 06-04 (0.17230475324955527)
ENT-20459,CON-071081,Florian Fischer,HR Intern,bruit,0.0,like LinkedIn 06-04 (0.0)
ENT-19454,CON-000214,Anna Roux,Responsable Recrutement,champion,0.22973967099940704,clic email 06-04 (0.22973967099940704)
ENT-04486,CON-042125,Florian Muller,HR Officer,utilisateur,0.17230475324955527,clic email 06-04 (0.17230475324955527)
ENT-06360,CON-025045,Bastien Bernard,HR Manager,champion,0.05743491774985176,like LinkedIn 06-04 (0.05743491774985176)
ENT-03950,CON-055655,Ines Dupont,Executive Assistant,bruit,0.0,clic email 06-04 (0.0)
ENT-12780,CON-003756,Felix Moreau,Talent Acquisition Specialist,utilisateur,0.17230475324955527,clic email 06-04 (0.17230475324955527)
ENT-15823,CON-046502,Femke Bonnet,Office Manager,bruit,0.0,clic email 06-04 (0.0)
ENT-02948,CON-007913,Romain Chevalier,VP Human Resources,buyer,0.2871745887492588,clic email 06-04 (0.2871745887492588)
ENT-06731,CON-048585,Pierre Roux,Office Manager,bruit,0.0,clic email 06-04 (0.0)
ENT-12526,CON-002319,Pierre Meyer,COO,buyer,0.2871745887492588,clic email 06-04 (0.2871745887492588)
ENT-13644,CON-070752,Emma Jansen,Compensation & Benefits Manager,champion,0.1723047532495553,commentaire LinkedIn 06-04 (0.1723047532495553)
ENT-15585,CON-061097,Claire Navarro,Compensation & Benefits Manager,champion,0.22973967099940704,clic email 06-04 (0.22973967099940704)
ENT-11941,CON-052561,Diego Dubois,Directrice RH,buyer,0.2153809415619441,commentaire LinkedIn 06-04 (0.2153809415619441)
ENT-02023,CON-062393,Camille Jansen,Charge de recrutement,utilisateur,0.7660833130973577,clic email 06-04 (0.17230475324955527) · commentaire LinkedIn 06-26 (0.5937785598478024)
ENT-06333,CON-076373,Nicolas Roux,Head of HR Operations,buyer,0.2871745887492588,clic email 06-04 (0.2871745887492588)
ENT-09838,CON-040412,Pauline Girard,HR Intern,bruit,0.0,clic email 06-04 (0.0)
ENT-11904,CON-007606,Lucas Bonnet,Charge de recrutement,utilisateur,0.12922856493716645,commentaire LinkedIn 06-04 (0.12922856493716645)
ENT-09044,CON-026084,Camille Girard,HR Intern,bruit,0.0,clic email 06-04 (0.0) · clic email 07-02 (0.0)
ENT-04629,CON-013079,Sanne Dubois,HR Business Partner,champion,0.22973967099940704,clic email 06-04 (0.22973967099940704)
ENT-04927,CON-060172,Pierre Mercier,COO,buyer,0.2871745887492588,clic email 06-04 (0.2871745887492588)
ENT-09787,CON-026941,Nora Leroy,People Ops Manager,champion,0.29129689166665285,clic email 06-04 (0.22973967099940704) · like LinkedIn 06-05 (0.06155722066724581)
ENT-03350,CON-044845,Claire Roux,HRBP,champion,0.22973967099940704,clic email 06-04 (0.22973967099940704)
ENT-10933,CON-014801,Quentin Faure,Office Manager,bruit,0.0,like LinkedIn 06-04 (0.0)
ENT-10933,CON-031029,Elena Garcia,HR Intern,bruit,0.0,clic email 07-02 (0.0)
ENT-10360,CON-037545,Sanne Faure,Chargee de recrutement,utilisateur,0.17230475324955527,clic email 06-04 (0.17230475324955527)
ENT-05144,CON-011290,Maxime Garnier,CHRO,buyer,0.2871745887492588,clic email 06-04 (0.2871745887492588)
ENT-07909,CON-035402,Maxime Smit,Executive Assistant,bruit,0.0,clic email 06-04 (0.0) · clic email 06-09 (0.0)
ENT-17956,CON-044226,Julien Serrano,Talent Acquisition Manager,champion,0.1723047532495553,commentaire LinkedIn 06-04 (0.1723047532495553)
ENT-14760,CON-031660,Laura Visser,Chief People Officer,buyer,2.0282757153415067,clic email 06-04 (0.2871745887492588) · clic email 06-30 (1.741101126592248)
ENT-04691,CON-056588,Nicolas Simon,HR Business Partner,champion,0.22973967099940704,clic email 06-04 (0.22973967099940704)
ENT-01821,CON-020607,Sanne Vincent,HR Officer,utilisateur,0.17230475324955527,clic email 06-04 (0.17230475324955527)
ENT-14980,CON-042968,Jan Muller,HR Manager,champion,0.22973967099940704,clic email 06-04 (0.22973967099940704)
ENT-15307,CON-039722,Maxime Bonnet,Recruiter,utilisateur,0.21213203435596426,clic email 06-07 (0.21213203435596426)
ENT-15307,CON-073775,Emma Mercier,Recruiter,utilisateur,0.17230475324955527,clic email 06-04 (0.17230475324955527)
ENT-11964,CON-021444,Felix Serrano,Head of People,buyer,0.2871745887492588,clic email 06-04 (0.2871745887492588)
ENT-06512,CON-047892,Elise Weber,People Ops Coordinator,utilisateur,0.17230475324955527,clic email 06-04 (0.17230475324955527)
ENT-10028,CON-022443,Jonas Dupont,Chief People Officer,buyer,0.2871745887492588,clic email 06-04 (0.2871745887492588)
ENT-12307,CON-034846,Lars Garcia,HR Assistant,utilisateur,0.17230475324955527,clic email 06-04 (0.17230475324955527)
ENT-15961,CON-071641,Margaux Petit,HR Officer,utilisateur,0.17230475324955527,clic email 06-04 (0.17230475324955527)
ENT-19014,CON-005095,Lars Chevalier,HR Assistant,utilisateur,0.12922856493716645,commentaire LinkedIn 06-04 (0.12922856493716645)
ENT-02125,CON-028644,Elena Blanc,Head of Talent Acquisition,buyer,0.2871745887492588,clic email 06-04 (0.2871745887492588)
ENT-09525,CON-046090,Greta Durand,Charge de recrutement,utilisateur,0.17230475324955527,clic email 06-04 (0.17230475324955527)
ENT-09726,CON-006671,Antoine Petit,Head of People,buyer,0.2871745887492588,clic email 06-04 (0.2871745887492588)
ENT-01205,CON-001974,Ines Chevalier,Talent Acquisition Specialist,utilisateur,0.17230475324955527,clic email 06-04 (0.17230475324955527)
ENT-12099,CON-058553,Anna Lefebvre,Chief People Officer,buyer,0.2871745887492588,clic email 06-04 (0.2871745887492588)
ENT-00496,CON-003036,Alexandre Michel,People Ops Coordinator,utilisateur,0.17230475324955527,clic email 06-04 (0.17230475324955527)
ENT-08936,CON-012069,Maxime Dupont,People Ops Coordinator,utilisateur,0.17230475324955527,clic email 06-04 (0.17230475324955527)
ENT-11325,CON-068472,Sophie Boyer,Office Manager,bruit,0.0,clic email 06-04 (0.0)
ENT-06581,CON-021220,Lars Leroy,,sans_titre,0.10769047078097205,commentaire LinkedIn 06-04 (0.10769047078097205)
ENT-08540,CON-070883,Sanne Leroy,People Ops Coordinator,utilisateur,0.17230475324955527,clic email 06-04 (0.17230475324955527)
ENT-13819,CON-013416,Marta Lefebvre,Charge de recrutement,utilisateur,0.17230475324955527,clic email 06-04 (0.17230475324955527)
ENT-15544,CON-040978,Jonas Navarro,Responsable Recrutement,champion,0.22973967099940704,clic email 06-04 (0.22973967099940704)
ENT-17686,CON-055746,Jonas Ferrari,VP Human Resources,buyer,0.2871745887492588,clic email 06-04 (0.2871745887492588)
ENT-08273,CON-003491,Elena Chevalier,HR Intern,bruit,0.0,clic email 06-04 (0.0)
ENT-18952,CON-068463,Julie Dupont,Directrice RH,buyer,1.5261646978705823,clic email 06-05 (0.307786103336229) · commentaire LinkedIn 06-29 (1.2183785945343533)
ENT-18952,CON-062260,Maxime Smit,HR Manager,champion,0.4287093850145173,clic email 06-13 (0.4287093850145173)
ENT-05614,CON-054055,Marta Girard,People Ops Coordinator,utilisateur,0.1846716620017374,clic email 06-05 (0.1846716620017374)
ENT-20333,CON-039838,Chloe Moreau,HR Assistant,utilisateur,0.1846716620017374,clic email 06-05 (0.1846716620017374)
ENT-08419,CON-031963,Nora Michel,Head of HR Operations,buyer,0.307786103336229,clic email 06-05 (0.307786103336229)
ENT-08419,CON-031966,Sarah Roux,Directeur RH,buyer,0.307786103336229,clic email 06-05 (0.307786103336229)
ENT-08419,CON-031965,Lucas Lefebvre,Talent Acquisition Manager,champion,0.30314331330207955,clic email 06-08 (0.30314331330207955)
ENT-07713,CON-003760,Emil Fournier,HR Manager,champion,0.24622888266898324,clic email 06-05 (0.24622888266898324)
ENT-14301,CON-036959,Sarah Petit,People Ops Manager,champion,0.24622888266898324,clic email 06-05 (0.24622888266898324)
ENT-05037,CON-014404,Nicolas Roux,Recruiter,utilisateur,0.1846716620017374,clic email 06-05 (0.1846716620017374)
ENT-10011,CON-064272,Greta Navarro,Head of HR Operations,buyer,0.307786103336229,clic email 06-05 (0.307786103336229)
ENT-02467,CON-053972,Marion Rossi,Directeur RH,buyer,0.307786103336229,clic email 06-05 (0.307786103336229)
ENT-19956,CON-053039,Marion Petit,Recruiter,utilisateur,0.1846716620017374,clic email 06-05 (0.1846716620017374)
ENT-08666,CON-050092,Lea Roux,HRBP,champion,0.24622888266898324,clic email 06-05 (0.24622888266898324)
ENT-12821,CON-009811,Sarah Martin,HR Assistant,utilisateur,0.1846716620017374,clic email 06-05 (0.1846716620017374)
ENT-18648,CON-058555,Florian Faure,,sans_titre,0.1538930516681145,clic email 06-05 (0.1538930516681145)
ENT-06069,CON-021103,Bastien Martin,Recruiter,utilisateur,0.1846716620017374,clic email 06-05 (0.1846716620017374)
ENT-18213,CON-057411,Lea Ferrari,Office Manager,bruit,0.0,commentaire LinkedIn 06-05 (0.0)
ENT-03657,CON-024790,Jan Roux,Head of HR Operations,buyer,7.772050035630688,clic email 06-05 (0.307786103336229) · clic email 07-21 (7.464263932294459)
ENT-01124,CON-010514,Sanne Rossi,People Ops Coordinator,utilisateur,0.1846716620017374,clic email 06-05 (0.1846716620017374)
ENT-09981,CON-047852,Thomas Laurent,HR Manager,champion,0.24622888266898324,clic email 06-05 (0.24622888266898324)
ENT-14516,CON-040860,Quentin Simon,HR Assistant,utilisateur,0.1846716620017374,clic email 06-05 (0.1846716620017374)
ENT-13419,CON-070804,Nicolas Durand,Recruiter,utilisateur,0.13850374650130304,commentaire LinkedIn 06-05 (0.13850374650130304)
ENT-02135,CON-070929,Femke Rossi,COO,buyer,0.307786103336229,clic email 06-05 (0.307786103336229)
ENT-10400,CON-024696,Julie Girard,Talent Acquisition Manager,champion,0.18467166200173743,commentaire LinkedIn 06-05 (0.18467166200173743)
ENT-04338,CON-055718,Pauline Fournier,HR Assistant,utilisateur,0.1846716620017374,clic email 06-05 (0.1846716620017374)
ENT-05608,CON-014890,Emma Chevalier,Office Manager,bruit,0.0,clic email 06-05 (0.0)
ENT-16658,CON-035434,Jan Dubois,,sans_titre,0.1538930516681145,clic email 06-05 (0.1538930516681145)
ENT-13368,CON-031422,Julien Moreau,HRBP,champion,0.18467166200173743,commentaire LinkedIn 06-05 (0.18467166200173743)
ENT-12850,CON-006731,Romain Garcia,Head of HR Operations,buyer,0.307786103336229,clic email 06-05 (0.307786103336229)
ENT-15169,CON-045078,Camille Fournier,Talent Acquisition Specialist,utilisateur,2.003531541814215,clic email 06-05 (0.1846716620017374) · clic email 07-08 (1.8188598798124778)
ENT-14976,CON-036568,Jan Vincent,Executive Assistant,bruit,0.0,clic email 06-05 (0.0)
ENT-04784,CON-040320,Maxime Martin,HR Officer,utilisateur,0.1846716620017374,clic email 06-05 (0.1846716620017374)
ENT-16542,CON-010138,Nora Michel,Chargee de recrutement,utilisateur,0.1846716620017374,clic email 06-05 (0.1846716620017374)
ENT-01880,CON-056492,Emma Smit,People Ops Coordinator,utilisateur,0.13850374650130304,commentaire LinkedIn 06-05 (0.13850374650130304)
ENT-10725,CON-059775,Hugo Rossi,VP People,buyer,0.307786103336229,clic email 06-05 (0.307786103336229)
ENT-17594,CON-044206,Sarah Durand,HR Director,buyer,0.307786103336229,clic email 06-05 (0.307786103336229)
ENT-15600,CON-066886,Vincent Martin,Compensation & Benefits Manager,champion,0.24622888266898324,clic email 06-05 (0.24622888266898324)
ENT-09607,CON-055849,Sanne Martin,VP People,buyer,0.23083957750217177,commentaire LinkedIn 06-05 (0.23083957750217177)
ENT-11567,CON-008943,Hugo Andre,HR Officer,utilisateur,0.1846716620017374,clic email 06-05 (0.1846716620017374)
ENT-05478,CON-040575,Elise Faure,Head of Talent Acquisition,buyer,0.23083957750217177,commentaire LinkedIn 06-05 (0.23083957750217177)
ENT-08317,CON-036489,Quentin Blanc,People Ops Coordinator,utilisateur,0.1846716620017374,clic email 06-05 (0.1846716620017374)
ENT-20132,CON-005943,Romain Garnier,Chargee de recrutement,utilisateur,0.04616791550043435,like LinkedIn 06-05 (0.04616791550043435)
ENT-18758,CON-047979,Quentin Girard,Charge de recrutement,utilisateur,0.04616791550043435,like LinkedIn 06-05 (0.04616791550043435)
ENT-10224,CON-021201,Pierre Smit,People Ops Manager,champion,0.18467166200173743,commentaire LinkedIn 06-05 (0.18467166200173743)
ENT-01131,CON-037976,Romain Blanc,Head of HR Operations,buyer,0.8122523963562356,clic email 06-19 (0.8122523963562356)
ENT-01131,CON-037978,Chloe Muller,Executive Assistant,bruit,0.0,like LinkedIn 06-05 (0.0)
ENT-09767,CON-072073,Emil Mercier,Talent Acquisition Manager,champion,0.24622888266898324,clic email 06-05 (0.24622888266898324)
ENT-06429,CON-020668,Pauline Moreau,Charge de recrutement,utilisateur,0.04616791550043435,like LinkedIn 06-05 (0.04616791550043435)
ENT-01873,CON-041937,Ines Vincent,HRBP,champion,0.42033899532820806,clic email 06-05 (0.24622888266898324) · like LinkedIn 06-20 (0.17411011265922482)
ENT-16844,CON-051011,Lucas Visser,Talent Acquisition Manager,champion,1.9698310613518661,clic email 07-05 (1.9698310613518661)
ENT-16844,CON-051010,Pablo Moreau,,sans_titre,0.11541978875108588,commentaire LinkedIn 06-05 (0.11541978875108588)
ENT-19191,CON-015019,Lea Guerin,Executive Assistant,bruit,0.0,clic email 06-05 (0.0)
ENT-01063,CON-036914,Claire Martin,Head of Talent Acquisition,buyer,4.242640687119286,commentaire LinkedIn 07-17 (4.242640687119286)
ENT-01063,CON-036912,Femke Dubois,Chargee de recrutement,utilisateur,0.1846716620017374,clic email 06-05 (0.1846716620017374)
ENT-17368,CON-041943,Diego Bonnet,Chargee de recrutement,utilisateur,0.1846716620017374,clic email 06-05 (0.1846716620017374)
ENT-13507,CON-065971,Benjamin Serrano,Directeur RH,buyer,0.307786103336229,clic email 06-05 (0.307786103336229)
ENT-10793,CON-020946,Vincent Chevalier,Responsable Recrutement,champion,0.24622888266898324,clic email 06-05 (0.24622888266898324)
ENT-00855,CON-027578,Sarah Girard,People Ops Coordinator,utilisateur,0.31525424649615597,clic email 06-05 (0.1846716620017374) · like LinkedIn 06-20 (0.1305825844944186)
ENT-04831,CON-000618,Jan Girard,People Ops Coordinator,utilisateur,0.1846716620017374,clic email 06-05 (0.1846716620017374)
ENT-13111,CON-044141,Hugo Rossi,HR Officer,utilisateur,0.38259784861767154,clic email 06-05 (0.1846716620017374) · like LinkedIn 06-26 (0.1979261866159341)
ENT-02686,CON-022032,Jonas Muller,HRBP,champion,0.6498019170849885,clic email 06-19 (0.6498019170849885)
ENT-02686,CON-060133,Benjamin Bonnet,Chargee de recrutement,utilisateur,0.1846716620017374,clic email 06-05 (0.1846716620017374)
ENT-02686,CON-060132,Chloe Jansen,Executive Assistant,bruit,0.0,clic email 06-14 (0.0)
ENT-19554,CON-073939,Nora Petit,,sans_titre,3.185573893846509,clic email 07-06 (1.3195079107728942) · clic email 07-11 (1.8660659830736148)
ENT-19554,CON-063519,Jan Garnier,HR Director,buyer,0.307786103336229,clic email 06-05 (0.307786103336229)
ENT-05847,CON-016295,Lea Mercier,Chargee de recrutement,utilisateur,0.1846716620017374,clic email 06-05 (0.1846716620017374)
ENT-10823,CON-045010,Quentin Muller,People Ops Coordinator,utilisateur,0.1846716620017374,clic email 06-05 (0.1846716620017374)
ENT-09805,CON-043593,Hugo Mercier,Talent Acquisition Manager,champion,0.18467166200173743,commentaire LinkedIn 06-05 (0.18467166200173743)
ENT-08743,CON-006186,Emma Vincent,Head of People,buyer,0.307786103336229,clic email 06-05 (0.307786103336229)
ENT-19338,CON-035969,Alexandre Muller,HR Assistant,utilisateur,0.8009688239927504,commentaire LinkedIn 06-13 (0.24114902907066593) · clic email 06-21 (0.5598197949220844)
ENT-19338,CON-035968,Quentin Laurent,HR Director,buyer,0.307786103336229,clic email 06-05 (0.307786103336229)
ENT-15625,CON-013311,Emma Garnier,HR Assistant,utilisateur,0.1846716620017374,clic email 06-05 (0.1846716620017374)
ENT-18141,CON-019739,Benjamin Weber,Chargee de recrutement,utilisateur,0.1846716620017374,clic email 06-05 (0.1846716620017374)
ENT-09526,CON-039854,Emma Mercier,HR Manager,champion,0.24622888266898324,clic email 06-05 (0.24622888266898324)
ENT-09963,CON-064548,Elena Mercier,HR Officer,utilisateur,0.1979261866159342,clic email 06-06 (0.1979261866159342)
ENT-19152,CON-037981,Emma Girard,Talent Acquisition Specialist,utilisateur,0.1979261866159342,clic email 06-06 (0.1979261866159342)
ENT-17327,CON-031721,Margaux Jansen,Directrice RH,buyer,0.32987697769322366,clic email 06-06 (0.32987697769322366)
ENT-17327,CON-031724,Elena Weber,,sans_titre,0.217637640824031,clic email 06-10 (0.217637640824031)
ENT-15358,CON-047148,Emma Fischer,COO,buyer,1.649384888466118,clic email 06-06 (0.32987697769322366) · clic email 06-26 (1.3195079107728942)
ENT-14716,CON-011763,Elena Andre,CEO,buyer,5.607908620784801,clic email 06-06 (0.32987697769322366) · clic email 07-16 (5.278031643091577)
ENT-15963,CON-043997,Jan Michel,Talent Acquisition Specialist,utilisateur,0.1979261866159342,clic email 06-06 (0.1979261866159342)
ENT-13856,CON-043845,Elena Dupont,,sans_titre,1.579152051219707,clic email 06-06 (0.16493848884661183) · clic email 07-07 (1.4142135623730951)
ENT-13612,CON-034226,Laura Lambert,Charge de recrutement,utilisateur,0.1979261866159342,clic email 06-06 (0.1979261866159342)
ENT-11314,CON-064072,Sanne Guerin,Directrice RH,buyer,0.1088188204120155,like LinkedIn 06-10 (0.1088188204120155)
ENT-11314,CON-048037,Nicolas Moreau,HR Intern,bruit,0.0,clic email 06-06 (0.0) · commentaire LinkedIn 07-07 (0.0)
ENT-00417,CON-039877,Manon Martin,Head of HR Operations,buyer,0.32987697769322366,clic email 06-06 (0.32987697769322366)
ENT-14331,CON-021460,Greta Moreau,Charge de recrutement,utilisateur,0.14844463996195062,commentaire LinkedIn 06-06 (0.14844463996195062)
ENT-01550,CON-005366,Pierre Weber,People Ops Manager,champion,0.26390158215457893,clic email 06-06 (0.26390158215457893)
ENT-20149,CON-023752,Romain Weber,HR Intern,bruit,0.0,clic email 06-06 (0.0)
ENT-10139,CON-061398,Romain Fischer,,sans_titre,0.04123462221165296,like LinkedIn 06-06 (0.04123462221165296)
ENT-02403,CON-004689,Marta Girard,Recruiter,utilisateur,0.1979261866159342,clic email 06-06 (0.1979261866159342)
ENT-08884,CON-045212,Guillaume Mercier,HR Business Partner,champion,0.9531205951528001,clic email 06-06 (0.26390158215457893) · commentaire LinkedIn 06-24 (0.6892190129982212)
ENT-07207,CON-046124,Pablo Moreau,Head of HR Operations,buyer,0.32987697769322366,clic email 06-06 (0.32987697769322366)
ENT-07207,CON-046125,Pierre Ferrari,HR Assistant,utilisateur,0.31819805153394637,commentaire LinkedIn 06-17 (0.31819805153394637)
ENT-07207,CON-009972,Emil Lambert,People Ops Manager,champion,0.11486983549970352,like LinkedIn 06-14 (0.11486983549970352)
ENT-00499,CON-053584,Chloe Dupont,Responsable Recrutement,champion,4.178642703821397,commentaire LinkedIn 07-20 (4.178642703821397)
ENT-00499,CON-053581,Florian Leroy,Chief People Officer,buyer,0.32987697769322366,clic email 06-06 (0.32987697769322366)
ENT-17974,CON-054143,Marion Durand,HRBP,champion,0.26390158215457893,clic email 06-06 (0.26390158215457893)
ENT-05083,CON-045142,Maxime Simon,Chief People Officer,buyer,0.32987697769322366,clic email 06-06 (0.32987697769322366)
ENT-14769,CON-038604,Nicolas Dupont,Head of People,buyer,0.32987697769322366,clic email 06-06 (0.32987697769322366)
ENT-01389,CON-055603,Jan Lefebvre,Charge de recrutement,utilisateur,0.1979261866159342,clic email 06-06 (0.1979261866159342)
ENT-01216,CON-049084,Ines Simon,,sans_titre,0.12370386663495887,commentaire LinkedIn 06-06 (0.12370386663495887)
ENT-06420,CON-063650,Nicolas Fontaine,Responsable Recrutement,champion,0.19792618661593422,commentaire LinkedIn 06-06 (0.19792618661593422)
ENT-16326,CON-033128,Bastien Fournier,Talent Acquisition Specialist,utilisateur,0.25095919520492527,clic email 06-06 (0.1979261866159342) · like LinkedIn 06-07 (0.053033008588991064)
ENT-03880,CON-045970,Julie Blanc,HR Director,buyer,0.32987697769322366,clic email 06-06 (0.32987697769322366)
ENT-08004,CON-046378,Margaux Rousseau,Recruiter,utilisateur,0.1979261866159342,clic email 06-06 (0.1979261866159342)
ENT-19582,CON-044039,Chloe Blanc,HR Manager,champion,0.06597539553864473,like LinkedIn 06-06 (0.06597539553864473)
ENT-03103,CON-003325,Julie Vincent,Executive Assistant,bruit,0.0,clic email 06-06 (0.0)
ENT-20436,CON-030409,Romain Garnier,COO,buyer,1.4142135623730951,clic email 06-27 (1.4142135623730951)
ENT-20436,CON-030410,Jan Roux,HR Intern,bruit,0.0,clic email 06-06 (0.0)
ENT-10172,CON-067818,Chloe Mercier,CHRO,buyer,0.24740773326991775,commentaire LinkedIn 06-06 (0.24740773326991775)
ENT-16954,CON-054043,Femke Laurent,CHRO,buyer,0.24740773326991775,commentaire LinkedIn 06-06 (0.24740773326991775)
ENT-00904,CON-005060,Quentin Vincent,Chargee de recrutement,utilisateur,0.1979261866159342,clic email 06-06 (0.1979261866159342)
ENT-01514,CON-031461,Quentin Serrano,Executive Assistant,bruit,0.0,clic email 06-06 (0.0) · clic email 07-09 (0.0)
ENT-10500,CON-046938,Marion Lefebvre,People Ops Coordinator,utilisateur,0.14844463996195062,commentaire LinkedIn 06-06 (0.14844463996195062)
ENT-06592,CON-007740,Emma Dubois,HR Officer,utilisateur,0.8999999999999999,commentaire LinkedIn 07-01 (0.8999999999999999)
ENT-06592,CON-007739,Sophie Rousseau,HR Business Partner,champion,0.26390158215457893,clic email 06-06 (0.26390158215457893)
ENT-07497,CON-009621,Benjamin Visser,HR Business Partner,champion,0.26390158215457893,clic email 06-06 (0.26390158215457893)
ENT-07497,CON-009625,Maxime Visser,HR Intern,bruit,0.0,like LinkedIn 07-09 (0.0) · clic email 07-11 (0.0)
ENT-20235,CON-019100,Julien Michel,Compensation & Benefits Manager,champion,0.26390158215457893,clic email 06-06 (0.26390158215457893)
ENT-15675,CON-017401,Pierre Smit,Chargee de recrutement,utilisateur,0.1979261866159342,clic email 06-06 (0.1979261866159342)
ENT-05705,CON-073801,Guillaume Faure,Executive Assistant,bruit,0.0,clic email 06-06 (0.0)
ENT-05560,CON-040877,Margaux Michel,CEO,buyer,0.4665164957684038,clic email 06-11 (0.4665164957684038)
ENT-05560,CON-012866,Pierre Bernard,HR Assistant,utilisateur,0.14844463996195062,commentaire LinkedIn 06-06 (0.14844463996195062)
ENT-08282,CON-053874,Sarah Roux,People Ops Manager,champion,0.26390158215457893,clic email 06-06 (0.26390158215457893)
ENT-06744,CON-018871,Pablo Chevalier,VP Human Resources,buyer,0.32987697769322366,clic email 06-06 (0.32987697769322366)
ENT-12138,CON-021354,Pablo Meyer,Charge de recrutement,utilisateur,0.1979261866159342,clic email 06-06 (0.1979261866159342)
ENT-10819,CON-048602,Emil Blanc,Talent Acquisition Manager,champion,0.26390158215457893,clic email 06-06 (0.26390158215457893)
ENT-09706,CON-011317,Ines Navarro,Head of HR Operations,buyer,0.32987697769322366,clic email 06-06 (0.32987697769322366)
ENT-10016,CON-066655,Laura Martin,Office Manager,bruit,0.0,clic email 06-06 (0.0)
ENT-01200,CON-030594,Chloe Bernard,Charge de recrutement,utilisateur,0.1979261866159342,clic email 06-06 (0.1979261866159342)
ENT-03986,CON-028038,Lars Leroy,Head of Talent Acquisition,buyer,0.32987697769322366,clic email 06-06 (0.32987697769322366)
ENT-03986,CON-028041,Jan Jansen,Office Manager,bruit,0.0,commentaire LinkedIn 06-06 (0.0)
ENT-19453,CON-041237,Nicolas Visser,Recruiter,utilisateur,3.835645946240889,clic email 06-06 (0.1979261866159342) · clic email 07-18 (3.637719759624955)
ENT-12589,CON-046929,Claire Dupont,Talent Acquisition Specialist,utilisateur,0.1979261866159342,clic email 06-06 (0.1979261866159342)
ENT-09825,CON-002105,Pauline Weber,Chargee de recrutement,utilisateur,0.1979261866159342,clic email 06-06 (0.1979261866159342)
ENT-05948,CON-021778,Diego Rossi,HR Officer,utilisateur,0.1979261866159342,clic email 06-06 (0.1979261866159342)
ENT-12338,CON-036992,Jonas Weber,,sans_titre,0.16493848884661183,clic email 06-06 (0.16493848884661183)
ENT-04818,CON-071818,Hugo Lefebvre,People Ops Coordinator,utilisateur,0.14844463996195062,commentaire LinkedIn 06-06 (0.14844463996195062)
ENT-15627,CON-032376,Lars Lefebvre,HR Business Partner,champion,0.19792618661593422,commentaire LinkedIn 06-06 (0.19792618661593422)
ENT-13700,CON-032369,Sarah Muller,Head of Talent Acquisition,buyer,0.32987697769322366,clic email 06-06 (0.32987697769322366)
ENT-03094,CON-045118,Nicolas Blanc,Head of HR Operations,buyer,0.32987697769322366,clic email 06-06 (0.32987697769322366)
ENT-19161,CON-072094,Guillaume Jansen,HR Assistant,utilisateur,0.44160190552280487,clic email 06-06 (0.1979261866159342) · clic email 06-09 (0.24367571890687068)
ENT-00027,CON-037103,Anais Boyer,Directrice RH,buyer,0.24740773326991775,commentaire LinkedIn 06-06 (0.24740773326991775)
ENT-07935,CON-027509,Quentin Jansen,Chief People Officer,buyer,0.32987697769322366,clic email 06-06 (0.32987697769322366)
ENT-08807,CON-050002,Greta Guerin,Responsable Recrutement,champion,0.19792618661593422,commentaire LinkedIn 06-06 (0.19792618661593422)
ENT-06186,CON-049098,Lars Dubois,CHRO,buyer,0.32987697769322366,clic email 06-06 (0.32987697769322366)
ENT-16443,CON-050901,Claire Fischer,HR Business Partner,champion,0.19792618661593422,commentaire LinkedIn 06-06 (0.19792618661593422)
ENT-02985,CON-020051,Margaux Serrano,Head of HR Operations,buyer,0.08246924442330592,like LinkedIn 06-06 (0.08246924442330592)
ENT-18133,CON-068439,Antoine Garnier,Executive Assistant,bruit,0.0,clic email 06-06 (0.0)
ENT-15363,CON-042160,Guillaume Rossi,Head of People,buyer,0.32987697769322366,clic email 06-06 (0.32987697769322366)
ENT-15495,CON-015366,Julie Michel,Talent Acquisition Manager,champion,0.26390158215457893,clic email 06-06 (0.26390158215457893)
ENT-17693,CON-041082,Chloe Laurent,HR Officer,utilisateur,0.1979261866159342,clic email 06-06 (0.1979261866159342)
ENT-06652,CON-045558,Nora Smit,CHRO,buyer,3.3204578092091954,clic email 06-06 (0.32987697769322366) · clic email 06-08 (0.37892914162759944) · commentaire LinkedIn 07-10 (2.6116516898883724)
ENT-09804,CON-005471,Femke Bonnet,Compensation & Benefits Manager,champion,0.26390158215457893,clic email 06-06 (0.26390158215457893)
ENT-07946,CON-039772,Elena Rousseau,Office Manager,bruit,0.0,clic email 06-06 (0.0)
ENT-01683,CON-024340,Thomas Petit,HR Officer,utilisateur,0.21213203435596426,clic email 06-07 (0.21213203435596426)
ENT-02829,CON-010845,Hugo Durand,Office Manager,bruit,0.0,commentaire LinkedIn 06-07 (0.0)
ENT-14273,CON-047576,Maxime Vincent,HR Officer,utilisateur,0.21213203435596426,clic email 06-07 (0.21213203435596426)
ENT-04472,CON-053127,Bastien Vincent,HR Manager,champion,0.28284271247461906,clic email 06-07 (0.28284271247461906)
ENT-12980,CON-015838,Claire Muller,Chargee de recrutement,utilisateur,0.053033008588991064,like LinkedIn 06-07 (0.053033008588991064)
ENT-19860,CON-038168,Sarah Rossi,Charge de recrutement,utilisateur,0.21213203435596426,clic email 06-07 (0.21213203435596426)
ENT-20499,CON-036794,Sarah Michel,People Ops Coordinator,utilisateur,0.15909902576697318,commentaire LinkedIn 06-07 (0.15909902576697318)
ENT-17158,CON-041395,Ines Mercier,Head of Talent Acquisition,buyer,0.26516504294495535,commentaire LinkedIn 06-07 (0.26516504294495535)
ENT-08527,CON-009781,Pablo Blanc,Office Manager,bruit,0.0,like LinkedIn 06-07 (0.0)
ENT-05135,CON-015694,Anna Rossi,HR Manager,champion,3.712517792590757,clic email 06-07 (0.28284271247461906) · clic email 07-13 (3.429675080116138)
ENT-04389,CON-075661,Lea Girard,Recruiter,utilisateur,0.21213203435596426,clic email 06-07 (0.21213203435596426)
ENT-11477,CON-046308,Lucas Navarro,Talent Acquisition Specialist,utilisateur,1.697056274847714,clic email 07-07 (1.697056274847714)
ENT-11477,CON-046309,Pierre Boyer,Compensation & Benefits Manager,champion,0.28284271247461906,clic email 06-07 (0.28284271247461906)
ENT-11236,CON-007046,Jonas Muller,Recruiter,utilisateur,0.21213203435596426,clic email 06-07 (0.21213203435596426)
ENT-06384,CON-015064,Sarah Rossi,People Ops Coordinator,utilisateur,0.21213203435596426,clic email 06-07 (0.21213203435596426)
ENT-12876,CON-023844,Manon Visser,People Ops Manager,champion,3.2,clic email 07-12 (3.2)
ENT-12876,CON-004352,Emma Garcia,Talent Acquisition Specialist,utilisateur,0.21213203435596426,clic email 06-07 (0.21213203435596426)
ENT-09546,CON-004167,Julien Leroy,Recruiter,utilisateur,0.5121320343559642,clic email 06-07 (0.21213203435596426) · like LinkedIn 07-01 (0.3)
ENT-14066,CON-048113,Margaux Lambert,Responsable Recrutement,champion,0.28284271247461906,clic email 06-07 (0.28284271247461906)
ENT-04958,CON-075344,Lars Visser,CHRO,buyer,6.328031308986548,commentaire LinkedIn 06-07 (0.26516504294495535) · clic email 07-18 (6.062866266041592)
ENT-06391,CON-044045,Antoine Ferrari,Responsable Recrutement,champion,0.28284271247461906,clic email 06-07 (0.28284271247461906)
ENT-17855,CON-009826,Margaux Moreau,HR Manager,champion,0.07071067811865477,like LinkedIn 06-07 (0.07071067811865477)
ENT-01330,CON-059384,Hugo Dupont,Compensation & Benefits Manager,champion,0.28284271247461906,clic email 06-07 (0.28284271247461906)
ENT-20267,CON-033372,Alexandre Durand,Office Manager,bruit,0.0,clic email 06-07 (0.0)
ENT-16887,CON-014333,Ines Boyer,VP Human Resources,buyer,0.7578582832551991,clic email 06-18 (0.7578582832551991)
ENT-16887,CON-061081,Sanne Moreau,Executive Assistant,bruit,0.0,clic email 06-07 (0.0)
ENT-13773,CON-011703,Jan Fournier,HR Manager,champion,0.28284271247461906,clic email 06-07 (0.28284271247461906)
ENT-17197,CON-049590,Maxime Moreau,Office Manager,bruit,0.0,clic email 06-07 (0.0)
ENT-02370,CON-041179,Jonas Rossi,Executive Assistant,bruit,0.0,clic email 06-07 (0.0) · clic email 07-01 (0.0) · clic email 07-18 (0.0)
ENT-10080,CON-021711,Camille Rousseau,Head of People,buyer,3.1198214806691147,like LinkedIn 06-07 (0.08838834764831845) · clic email 07-08 (3.0314331330207964)
ENT-14852,CON-033608,Anais Muller,Head of HR Operations,buyer,0.3535533905932738,clic email 06-07 (0.3535533905932738)
ENT-14360,CON-042109,Thomas Fischer,Head of HR Operations,buyer,0.3535533905932738,clic email 06-07 (0.3535533905932738)
ENT-19118,CON-062859,Sanne Muller,Talent Acquisition Specialist,utilisateur,0.21213203435596426,clic email 06-07 (0.21213203435596426)
ENT-03200,CON-042204,Anna Simon,Chargee de recrutement,utilisateur,0.053033008588991064,like LinkedIn 06-07 (0.053033008588991064)
ENT-05845,CON-012002,Bastien Boyer,Charge de recrutement,utilisateur,0.21213203435596426,clic email 06-07 (0.21213203435596426)
ENT-10345,CON-018660,Romain Guerin,People Ops Coordinator,utilisateur,0.21213203435596426,clic email 06-07 (0.21213203435596426)
ENT-10321,CON-055021,Laura Dubois,CEO,buyer,0.3535533905932738,clic email 06-07 (0.3535533905932738)
ENT-09817,CON-035815,Guillaume Jansen,Head of People,buyer,10.147881033156409,clic email 07-15 (4.924577653379665) · commentaire LinkedIn 07-20 (5.223303379776745)
ENT-09817,CON-035816,Manon Faure,Chargee de recrutement,utilisateur,0.21213203435596426,clic email 06-07 (0.21213203435596426)
ENT-07384,CON-025628,Felix Garcia,HR Officer,utilisateur,0.5814753583594391,clic email 06-07 (0.21213203435596426) · like LinkedIn 07-05 (0.36934332400347486)
ENT-04841,CON-002826,Pierre Faure,Chargee de recrutement,utilisateur,0.21213203435596426,clic email 06-07 (0.21213203435596426)
ENT-00703,CON-060178,Pauline Lefebvre,Talent Acquisition Specialist,utilisateur,0.21213203435596426,clic email 06-07 (0.21213203435596426)
ENT-13887,CON-029646,Felix Chevalier,HR Manager,champion,0.28284271247461906,clic email 06-07 (0.28284271247461906)
ENT-13060,CON-010415,Sanne Fontaine,Recruiter,utilisateur,0.21213203435596426,clic email 06-07 (0.21213203435596426)
ENT-02577,CON-022976,Sanne Martin,HR Director,buyer,0.3535533905932738,clic email 06-07 (0.3535533905932738)
ENT-17778,CON-017854,Nora Rossi,Head of HR Operations,buyer,0.3535533905932738,clic email 06-07 (0.3535533905932738)
ENT-19477,CON-008283,Romain Meyer,HRBP,champion,2.39405536971125,clic email 06-07 (0.28284271247461906) · clic email 07-06 (2.111212657236631)
ENT-11421,CON-038759,Jan Dupont,Compensation & Benefits Manager,champion,0.28284271247461906,clic email 06-07 (0.28284271247461906)
ENT-11421,CON-038762,Manon Guerin,Executive Assistant,bruit,0.0,clic email 06-25 (0.0)
ENT-02866,CON-037877,Pablo Petit,Charge de recrutement,utilisateur,0.21213203435596426,clic email 06-07 (0.21213203435596426)
ENT-03214,CON-040538,Pauline Smit,Head of Talent Acquisition,buyer,0.3535533905932738,clic email 06-07 (0.3535533905932738)
ENT-14413,CON-070625,Marta Lambert,Talent Acquisition Manager,champion,0.07071067811865477,like LinkedIn 06-07 (0.07071067811865477)
ENT-14037,CON-048557,Nora Michel,Charge de recrutement,utilisateur,0.21213203435596426,clic email 06-07 (0.21213203435596426)
ENT-05069,CON-037796,Laura Ferrari,People Ops Coordinator,utilisateur,0.21213203435596426,clic email 06-07 (0.21213203435596426)
ENT-14936,CON-074488,Jan Girard,Head of People,buyer,1.0064663130653668,clic email 06-07 (0.3535533905932738) · commentaire LinkedIn 06-20 (0.652912922472093)
ENT-10329,CON-028270,Laura Petit,Chargee de recrutement,utilisateur,2.4,clic email 07-12 (2.4)
ENT-10329,CON-055215,Manon Simon,Directeur RH,buyer,0.3535533905932738,clic email 06-07 (0.3535533905932738)
ENT-14939,CON-003432,Pierre Mercier,HR Business Partner,champion,0.2121320343559643,commentaire LinkedIn 06-07 (0.2121320343559643)
ENT-04359,CON-051614,Anais Garnier,Compensation & Benefits Manager,champion,0.28284271247461906,clic email 06-07 (0.28284271247461906)
ENT-18722,CON-071138,Thomas Weber,Head of HR Operations,buyer,0.3535533905932738,clic email 06-07 (0.3535533905932738)
ENT-07706,CON-033226,Bastien Laurent,People Ops Coordinator,utilisateur,0.48735143781374135,clic email 06-19 (0.48735143781374135)
ENT-07706,CON-033227,Camille Vincent,Office Manager,bruit,0.0,clic email 06-07 (0.0)
ENT-08182,CON-063050,Sophie Smit,Responsable Recrutement,champion,5.571523605095194,clic email 07-20 (5.571523605095194)
ENT-08182,CON-063053,Emma Leroy,HR Intern,bruit,0.0,clic email 06-07 (0.0)
ENT-18556,CON-062410,Guillaume Fontaine,Responsable Recrutement,champion,0.28284271247461906,clic email 06-07 (0.28284271247461906)
ENT-15742,CON-003569,Laura Weber,Compensation & Benefits Manager,champion,0.28284271247461906,clic email 06-07 (0.28284271247461906)
ENT-12263,CON-064806,Claire Serrano,Head of Talent Acquisition,buyer,4.859958462933095,commentaire LinkedIn 06-07 (0.26516504294495535) · clic email 07-14 (4.5947934199881395)
ENT-19219,CON-056111,Margaux Lambert,People Ops Manager,champion,0.28284271247461906,clic email 06-07 (0.28284271247461906)
ENT-03255,CON-052600,Lars Chevalier,Chargee de recrutement,utilisateur,0.056839371244139916,like LinkedIn 06-08 (0.056839371244139916)
ENT-10382,CON-008488,Camille Rossi,,sans_titre,0.18946457081379972,clic email 06-08 (0.18946457081379972)
ENT-18650,CON-055828,Sanne Petit,,sans_titre,0.37892914162759944,clic email 06-08 (0.18946457081379972) · clic email 06-08 (0.18946457081379972)
ENT-07328,CON-030765,Elise Simon,Executive Assistant,bruit,0.0,clic email 06-08 (0.0)
ENT-01241,CON-003507,Florian Muller,Head of People,buyer,1.6984370524004937,clic email 06-08 (0.37892914162759944) · clic email 06-26 (1.3195079107728942)
ENT-19521,CON-072658,Jonas Petit,People Ops Coordinator,utilisateur,0.3693433240034748,clic email 06-15 (0.3693433240034748)
ENT-19521,CON-072656,Quentin Fontaine,HR Assistant,utilisateur,0.056839371244139916,like LinkedIn 06-08 (0.056839371244139916)
ENT-03025,CON-046112,Emil Visser,People Ops Coordinator,utilisateur,0.22735748497655967,clic email 06-08 (0.22735748497655967)
ENT-02045,CON-022363,Julie Smit,Responsable Recrutement,champion,5.077650497809834,commentaire LinkedIn 06-08 (0.2273574849765597) · clic email 07-18 (4.850293012833274)
ENT-18960,CON-062931,Margaux Rossi,Talent Acquisition Manager,champion,0.30314331330207955,clic email 06-08 (0.30314331330207955)
ENT-11457,CON-059729,Pauline Jansen,People Ops Manager,champion,0.30314331330207955,clic email 06-08 (0.30314331330207955)
ENT-11778,CON-060603,Elena Muller,Chargee de recrutement,utilisateur,0.22735748497655967,clic email 06-08 (0.22735748497655967)
ENT-08835,CON-034874,Hugo Bernard,,sans_titre,0.18946457081379972,clic email 06-08 (0.18946457081379972)
ENT-20511,CON-076103,Elena Dubois,HR Officer,utilisateur,0.22735748497655967,clic email 06-08 (0.22735748497655967)
ENT-04275,CON-032254,Ines Roux,CHRO,buyer,0.37892914162759944,clic email 06-08 (0.37892914162759944)
ENT-12856,CON-045614,Sanne Navarro,Head of HR Operations,buyer,2.581593566214769,commentaire LinkedIn 06-08 (0.28419685622069957) · clic email 07-04 (2.2973967099940698)
ENT-12856,CON-055119,Elise Fischer,Talent Acquisition Specialist,utilisateur,0.0923358310008687,like LinkedIn 06-15 (0.0923358310008687)
ENT-12433,CON-024485,Claire Blanc,CEO,buyer,1.6245047927124712,like LinkedIn 07-19 (1.6245047927124712)
ENT-12433,CON-024483,Jan Durand,Responsable Recrutement,champion,0.30314331330207955,clic email 06-08 (0.30314331330207955)
ENT-11475,CON-014172,Ines Garcia,,sans_titre,0.18946457081379972,clic email 06-08 (0.18946457081379972)
ENT-08444,CON-012008,Claire Fournier,Head of Talent Acquisition,buyer,0.37892914162759944,clic email 06-08 (0.37892914162759944)
ENT-06603,CON-004064,Margaux Fournier,VP People,buyer,0.37892914162759944,clic email 06-08 (0.37892914162759944)
ENT-17229,CON-025868,Elise Blanc,HR Manager,champion,0.30314331330207955,clic email 06-08 (0.30314331330207955)
ENT-02633,CON-026013,Antoine Dubois,CEO,buyer,0.37892914162759944,clic email 06-08 (0.37892914162759944)
ENT-16270,CON-040885,Marion Visser,Chargee de recrutement,utilisateur,0.056839371244139916,like LinkedIn 06-08 (0.056839371244139916)
ENT-12667,CON-070911,Lucas Andre,Executive Assistant,bruit,0.0,clic email 06-08 (0.0)
ENT-11218,CON-009792,Elise Lambert,Chargee de recrutement,utilisateur,0.22735748497655967,clic email 06-08 (0.22735748497655967)
ENT-05277,CON-037025,Femke Bonnet,HR Assistant,utilisateur,0.22735748497655967,clic email 06-08 (0.22735748497655967)
ENT-18660,CON-012508,Guillaume Roux,Chief People Officer,buyer,0.37892914162759944,clic email 06-08 (0.37892914162759944)
ENT-02554,CON-048572,Sarah Roux,HRBP,champion,0.30314331330207955,clic email 06-08 (0.30314331330207955)
ENT-02554,CON-048570,Lars Chevalier,Head of Talent Acquisition,buyer,0.1538930516681145,like LinkedIn 06-15 (0.1538930516681145)
ENT-12909,CON-027158,Manon Muller,HR Business Partner,champion,0.30314331330207955,clic email 06-08 (0.30314331330207955)
ENT-04772,CON-066762,Marta Fontaine,,sans_titre,0.18946457081379972,clic email 06-08 (0.18946457081379972)
ENT-15731,CON-010140,Julie Garnier,HR Intern,bruit,0.0,clic email 06-08 (0.0)
ENT-06503,CON-015070,Sophie Jansen,Recruiter,utilisateur,0.056839371244139916,like LinkedIn 06-08 (0.056839371244139916)
ENT-00896,CON-058370,Elena Bonnet,HR Officer,utilisateur,0.22735748497655967,clic email 06-08 (0.22735748497655967)
ENT-11546,CON-046173,Lucas Navarro,Responsable Recrutement,champion,0.30314331330207955,clic email 06-08 (0.30314331330207955)
ENT-11546,CON-046174,Pierre Bonnet,Executive Assistant,bruit,0.0,clic email 06-12 (0.0) · commentaire LinkedIn 07-07 (0.0)
ENT-11601,CON-005438,Marion Durand,Recruiter,utilisateur,1.2820724549296791,clic email 06-08 (0.22735748497655967) · clic email 06-22 (0.6) · like LinkedIn 07-08 (0.45471496995311944)
ENT-10033,CON-063873,Emma Simon,Compensation & Benefits Manager,champion,0.30314331330207955,clic email 06-08 (0.30314331330207955)
ENT-06796,CON-007253,Manon Jansen,Charge de recrutement,utilisateur,0.22735748497655967,clic email 06-08 (0.22735748497655967)
ENT-17799,CON-004252,Felix Guerin,Talent Acquisition Specialist,utilisateur,0.848528137423857,clic email 06-27 (0.848528137423857)
ENT-17799,CON-004251,Nicolas Rossi,Chief People Officer,buyer,0.37892914162759944,clic email 06-08 (0.37892914162759944)
ENT-16045,CON-061899,Romain Ferrari,Head of HR Operations,buyer,0.37892914162759944,clic email 06-08 (0.37892914162759944)
ENT-08640,CON-000074,Nora Rossi,Talent Acquisition Specialist,utilisateur,0.056839371244139916,like LinkedIn 06-08 (0.056839371244139916)
ENT-07042,CON-013015,Nicolas Fontaine,HR Officer,utilisateur,0.22735748497655967,clic email 06-08 (0.22735748497655967)
ENT-01523,CON-056072,Alexandre Smit,People Ops Coordinator,utilisateur,0.17051811373241973,commentaire LinkedIn 06-08 (0.17051811373241973)
ENT-05523,CON-018003,Sanne Meyer,HR Assistant,utilisateur,4.406000188797956,clic email 06-08 (0.22735748497655967) · clic email 07-20 (4.178642703821396)
ENT-08121,CON-045798,Lea Visser,Talent Acquisition Specialist,utilisateur,0.22735748497655967,clic email 06-08 (0.22735748497655967)
ENT-11774,CON-051601,Jonas Serrano,,sans_titre,0.18946457081379972,clic email 06-08 (0.18946457081379972)
ENT-03871,CON-055675,Hugo Navarro,CHRO,buyer,0.4061261981781178,clic email 06-09 (0.4061261981781178)
ENT-03871,CON-042383,Bastien Girard,HR Business Partner,champion,0.30314331330207955,clic email 06-08 (0.30314331330207955)
ENT-19436,CON-027240,Lucas Girard,Chargee de recrutement,utilisateur,0.22735748497655967,clic email 06-08 (0.22735748497655967)
ENT-19961,CON-031819,Maxime Guerin,People Ops Manager,champion,0.2273574849765597,commentaire LinkedIn 06-08 (0.2273574849765597)
ENT-16210,CON-057307,Lea Faure,Responsable Recrutement,champion,0.30314331330207955,clic email 06-08 (0.30314331330207955)
ENT-07663,CON-063059,Camille Meyer,Recruiter,utilisateur,2.7996137950636633,clic email 06-08 (0.22735748497655967) · clic email 07-13 (2.5722563100871034)
ENT-10150,CON-035215,Sarah Rossi,Charge de recrutement,utilisateur,0.22735748497655967,clic email 06-08 (0.22735748497655967)
ENT-00932,CON-071845,Florian Blanc,HR Intern,bruit,0.0,clic email 06-08 (0.0)
ENT-18236,CON-044306,Lucas Fontaine,Office Manager,bruit,0.0,like LinkedIn 06-08 (0.0)
ENT-16263,CON-055558,Claire Martin,,sans_titre,0.18946457081379972,clic email 06-08 (0.18946457081379972)
ENT-15393,CON-031108,Thomas Andre,Charge de recrutement,utilisateur,0.17051811373241973,commentaire LinkedIn 06-08 (0.17051811373241973)
ENT-12282,CON-014419,Vincent Rossi,Head of Talent Acquisition,buyer,0.757858283255199,clic email 06-08 (0.37892914162759944) · like LinkedIn 06-28 (0.37892914162759955)
ENT-02597,CON-047658,Emil Jansen,Responsable Recrutement,champion,0.2273574849765597,commentaire LinkedIn 06-08 (0.2273574849765597)
ENT-04954,CON-061955,Nicolas Dubois,Talent Acquisition Manager,champion,2.5363547233145414,clic email 06-08 (0.30314331330207955) · clic email 06-19 (0.6498019170849885) · commentaire LinkedIn 07-06 (1.5834094929274733)
ENT-20072,CON-047006,Guillaume Faure,Charge de recrutement,utilisateur,0.22735748497655967,clic email 06-08 (0.22735748497655967)
ENT-11784,CON-067455,Benjamin Smit,,sans_titre,0.18946457081379972,clic email 06-08 (0.18946457081379972)
ENT-01853,CON-024768,Lucas Faure,People Ops Manager,champion,0.30314331330207955,clic email 06-08 (0.30314331330207955)
ENT-15584,CON-072093,Alexandre Boyer,Responsable Recrutement,champion,3.9033195199719137,clic email 06-08 (0.30314331330207955) · clic email 06-30 (1.3928809012737986) · clic email 07-03 (1.714837540058069) · like LinkedIn 07-05 (0.49245776533796654)
ENT-15584,CON-027235,Nora Fischer,HR Business Partner,champion,0.49245776533796654,like LinkedIn 07-05 (0.49245776533796654)
ENT-06275,CON-056049,Chloe Roux,Chargee de recrutement,utilisateur,0.22735748497655967,clic email 06-08 (0.22735748497655967)
ENT-10352,CON-023600,Anna Lefebvre,,sans_titre,0.5,clic email 06-22 (0.5)
ENT-10352,CON-073215,Nora Fournier,Office Manager,bruit,0.0,clic email 06-08 (0.0)
ENT-06886,CON-045417,Sarah Weber,People Ops Coordinator,utilisateur,0.22735748497655967,clic email 06-08 (0.22735748497655967)
ENT-02665,CON-043858,Lea Dubois,HR Manager,champion,12.51136297522781,clic email 06-08 (0.30314331330207955) · clic email 07-06 (2.111212657236631) · clic email 07-17 (4.525483399593905) · clic email 07-20 (5.571523605095194)
ENT-19002,CON-026124,Pierre Petit,Office Manager,bruit,0.0,clic email 06-08 (0.0)
ENT-16448,CON-037510,Lars Petit,Responsable Recrutement,champion,0.30314331330207955,clic email 06-08 (0.30314331330207955)
ENT-08448,CON-033084,Guillaume Garcia,,sans_titre,0.43946457081379975,clic email 06-08 (0.18946457081379972) · clic email 06-12 (0.25)
ENT-12148,CON-030402,Romain Mercier,HR Assistant,utilisateur,0.17051811373241973,commentaire LinkedIn 06-08 (0.17051811373241973)
ENT-08017,CON-065640,Sanne Rousseau,HR Business Partner,champion,0.30314331330207955,clic email 06-08 (0.30314331330207955)
ENT-08017,CON-047637,Elena Michel,Executive Assistant,bruit,0.0,clic email 06-12 (0.0)
ENT-19719,CON-045145,Vincent Roux,HR Manager,champion,1.9698310613518661,clic email 07-05 (1.9698310613518661)
ENT-19719,CON-045146,Julien Meyer,HR Manager,champion,0.30314331330207955,clic email 06-08 (0.30314331330207955)
ENT-03013,CON-008424,Pierre Moreau,COO,buyer,0.37892914162759944,clic email 06-08 (0.37892914162759944)
ENT-02382,CON-016444,Elise Petit,Responsable Recrutement,champion,0.6498019170849885,clic email 06-19 (0.6498019170849885)
ENT-02382,CON-016440,Pauline Lambert,People Ops Coordinator,utilisateur,0.22735748497655967,clic email 06-08 (0.22735748497655967)
ENT-08748,CON-028146,Emma Vincent,Charge de recrutement,utilisateur,0.22735748497655967,clic email 06-08 (0.22735748497655967)
ENT-01097,CON-014547,Nora Rossi,Responsable Recrutement,champion,0.2273574849765597,commentaire LinkedIn 06-08 (0.2273574849765597)
ENT-05379,CON-074374,Manon Rossi,Office Manager,bruit,0.0,like LinkedIn 06-08 (0.0)
ENT-06368,CON-069373,Benjamin Dupont,VP Human Resources,buyer,0.37892914162759944,clic email 06-08 (0.37892914162759944)
ENT-00416,CON-047557,Elise Faure,HR Assistant,utilisateur,0.22735748497655967,clic email 06-08 (0.22735748497655967)
ENT-08580,CON-073411,Sanne Andre,Office Manager,bruit,0.0,clic email 06-08 (0.0)
ENT-19079,CON-017283,Julien Dupont,Talent Acquisition Specialist,utilisateur,0.22735748497655967,clic email 06-08 (0.22735748497655967)
ENT-10582,CON-051867,Nicolas Weber,HR Officer,utilisateur,0.18275678918015298,commentaire LinkedIn 06-09 (0.18275678918015298)
ENT-06712,CON-051747,Benjamin Laurent,,sans_titre,0.6091892972671766,commentaire LinkedIn 06-29 (0.6091892972671766)
ENT-06712,CON-029129,Quentin Bonnet,Office Manager,bruit,0.0,like LinkedIn 06-09 (0.0)
ENT-03505,CON-028734,Diego Rousseau,CEO,buyer,0.4061261981781178,clic email 06-09 (0.4061261981781178)
ENT-14254,CON-071519,Alexandre Lambert,HRBP,champion,0.32490095854249423,clic email 06-09 (0.32490095854249423)
ENT-02978,CON-066938,Lea Visser,Head of HR Operations,buyer,0.7578582832551991,like LinkedIn 07-08 (0.7578582832551991)
ENT-02978,CON-042267,Jan Chevalier,HRBP,champion,0.32490095854249423,clic email 06-09 (0.32490095854249423)
ENT-15965,CON-000886,Marion Lefebvre,Office Manager,bruit,0.0,clic email 06-09 (0.0)
ENT-17318,CON-074825,Emil Laurent,HRBP,champion,0.32490095854249423,clic email 06-09 (0.32490095854249423)
ENT-12273,CON-010926,Nicolas Dupont,Charge de recrutement,utilisateur,0.18275678918015298,commentaire LinkedIn 06-09 (0.18275678918015298)
ENT-13182,CON-027607,Vincent Girard,HR Director,buyer,0.10153154954452945,like LinkedIn 06-09 (0.10153154954452945)
ENT-01884,CON-062801,Nora Garnier,Charge de recrutement,utilisateur,0.24367571890687068,clic email 06-09 (0.24367571890687068)
ENT-03860,CON-049229,Manon Laurent,HR Officer,utilisateur,0.18275678918015298,commentaire LinkedIn 06-09 (0.18275678918015298)
ENT-19803,CON-058957,Elise Bonnet,Talent Acquisition Specialist,utilisateur,0.24367571890687068,clic email 06-09 (0.24367571890687068)
ENT-18926,CON-013518,Anna Simon,People Ops Manager,champion,0.32490095854249423,clic email 06-09 (0.32490095854249423)
ENT-18360,CON-038918,Anna Garcia,HR Officer,utilisateur,0.7386866480069496,clic email 06-25 (0.7386866480069496)
ENT-18360,CON-038916,Nora Rossi,HR Director,buyer,0.4061261981781178,clic email 06-09 (0.4061261981781178)
ENT-05532,CON-059282,Lucas Fournier,Chargee de recrutement,utilisateur,0.24367571890687068,clic email 06-09 (0.24367571890687068)
ENT-11215,CON-073836,Emma Roux,HR Intern,bruit,0.0,clic email 06-09 (0.0) · like LinkedIn 07-18 (0.0)
ENT-18394,CON-068819,Julien Visser,HR Director,buyer,2.0,clic email 07-02 (2.0)
ENT-18394,CON-012059,Florian Laurent,Talent Acquisition Manager,champion,0.08122523963562356,like LinkedIn 06-09 (0.08122523963562356)
ENT-08960,CON-011739,Camille Guerin,HR Business Partner,champion,3.7545760386586324,clic email 06-09 (0.32490095854249423) · clic email 07-13 (3.429675080116138)
ENT-03141,CON-016309,Vincent Ferrari,CHRO,buyer,0.4061261981781178,clic email 06-09 (0.4061261981781178)
ENT-18328,CON-031653,Marta Boyer,Charge de recrutement,utilisateur,0.24367571890687068,clic email 06-09 (0.24367571890687068)
ENT-16828,CON-029791,Alexandre Moreau,People Ops Manager,champion,0.32490095854249423,clic email 06-09 (0.32490095854249423)
ENT-03273,CON-066007,Sanne Boyer,,sans_titre,0.050765774772264724,like LinkedIn 06-09 (0.050765774772264724)
ENT-11701,CON-061163,Claire Dupont,Executive Assistant,bruit,0.0,clic email 06-09 (0.0)
ENT-02877,CON-028801,Julie Girard,Office Manager,bruit,0.0,clic email 06-09 (0.0)
ENT-09633,CON-075869,Ines Durand,HRBP,champion,0.32490095854249423,clic email 06-09 (0.32490095854249423)
ENT-09633,CON-046465,Jan Rossi,Chargee de recrutement,utilisateur,0.1305825844944186,like LinkedIn 06-20 (0.1305825844944186)
ENT-03791,CON-001542,Felix Bonnet,Chargee de recrutement,utilisateur,0.24367571890687068,clic email 06-09 (0.24367571890687068)
ENT-05502,CON-016685,Lea Dupont,Charge de recrutement,utilisateur,0.18275678918015298,commentaire LinkedIn 06-09 (0.18275678918015298)
ENT-09186,CON-068650,Bastien Vincent,Charge de recrutement,utilisateur,0.24367571890687068,clic email 06-09 (0.24367571890687068)
ENT-19869,CON-052984,Anna Durand,COO,buyer,0.8122523963562356,clic email 06-19 (0.8122523963562356)
ENT-19869,CON-052985,Julien Faure,Talent Acquisition Manager,champion,0.32490095854249423,clic email 06-09 (0.32490095854249423)
ENT-10530,CON-041826,Thomas Dubois,People Ops Coordinator,utilisateur,0.24367571890687068,clic email 06-09 (0.24367571890687068)
ENT-18517,CON-020911,Julie Andre,HRBP,champion,0.32490095854249423,clic email 06-09 (0.32490095854249423)
ENT-04642,CON-069461,Quentin Leroy,Talent Acquisition Specialist,utilisateur,0.24367571890687068,clic email 06-09 (0.24367571890687068)
ENT-00226,CON-062431,Hugo Visser,Talent Acquisition Specialist,utilisateur,1.0353804653706071,clic email 06-09 (0.24367571890687068) · clic email 06-26 (0.7917047464637365)
ENT-00769,CON-025314,Guillaume Jansen,Charge de recrutement,utilisateur,0.24367571890687068,clic email 06-09 (0.24367571890687068)
ENT-19962,CON-023530,Manon Muller,VP People,buyer,0.3045946486335883,commentaire LinkedIn 06-09 (0.3045946486335883)
ENT-13489,CON-015610,Julie Laurent,HR Assistant,utilisateur,0.24367571890687068,clic email 06-09 (0.24367571890687068)
ENT-12650,CON-005605,Pierre Faure,COO,buyer,0.4061261981781178,clic email 06-09 (0.4061261981781178)
ENT-00324,CON-058336,Lucas Mercier,Compensation & Benefits Manager,champion,0.2436757189068707,commentaire LinkedIn 06-09 (0.2436757189068707)
ENT-05118,CON-069528,Nicolas Dubois,Head of People,buyer,0.4061261981781178,clic email 06-09 (0.4061261981781178)
ENT-04182,CON-059694,Greta Roux,Directrice RH,buyer,0.4061261981781178,clic email 06-09 (0.4061261981781178)
ENT-07422,CON-070922,Julie Mercier,HRBP,champion,0.32490095854249423,clic email 06-09 (0.32490095854249423)
ENT-16694,CON-010117,Hugo Vincent,Chargee de recrutement,utilisateur,0.24367571890687068,clic email 06-09 (0.24367571890687068)
ENT-14880,CON-029330,Hugo Moreau,VP Human Resources,buyer,0.4061261981781178,clic email 06-09 (0.4061261981781178)
ENT-11473,CON-046059,Jan Vincent,HRBP,champion,0.08122523963562356,like LinkedIn 06-09 (0.08122523963562356)
ENT-19397,CON-015471,Lea Smit,CEO,buyer,0.4061261981781178,clic email 06-09 (0.4061261981781178)
ENT-03256,CON-046195,Vincent Visser,COO,buyer,0.4061261981781178,clic email 06-09 (0.4061261981781178)
ENT-10238,CON-005693,Laura Jansen,Head of HR Operations,buyer,0.4061261981781178,clic email 06-09 (0.4061261981781178)
ENT-13866,CON-068700,Lucas Leroy,,sans_titre,0.050765774772264724,like LinkedIn 06-09 (0.050765774772264724)
ENT-05665,CON-023741,Sophie Ferrari,Executive Assistant,bruit,0.0,clic email 06-09 (0.0)
ENT-09521,CON-033742,Lars Mercier,Talent Acquisition Manager,champion,0.32490095854249423,clic email 06-09 (0.32490095854249423)
ENT-07492,CON-052063,Guillaume Faure,Talent Acquisition Manager,champion,0.32490095854249423,clic email 06-09 (0.32490095854249423)
ENT-19761,CON-056340,Femke Meyer,HR Business Partner,champion,0.32490095854249423,clic email 06-09 (0.32490095854249423)
ENT-10898,CON-069977,Bastien Navarro,People Ops Manager,champion,0.08122523963562356,like LinkedIn 06-09 (0.08122523963562356)
ENT-16855,CON-049240,Quentin Lefebvre,Talent Acquisition Manager,champion,0.32490095854249423,clic email 06-09 (0.32490095854249423)
ENT-02983,CON-054113,Anais Michel,Chargee de recrutement,utilisateur,0.24367571890687068,clic email 06-09 (0.24367571890687068)
ENT-09248,CON-028063,Diego Smit,HR Intern,bruit,0.0,clic email 06-09 (0.0)
ENT-07966,CON-044624,Maxime Meyer,VP Human Resources,buyer,0.10153154954452945,like LinkedIn 06-09 (0.10153154954452945)
ENT-10027,CON-026587,Jonas Mercier,HR Business Partner,champion,0.32490095854249423,clic email 06-09 (0.32490095854249423)
ENT-10566,CON-035659,Julien Rossi,HR Intern,bruit,0.0,clic email 06-09 (0.0)
ENT-19789,CON-038051,Jonas Muller,Office Manager,bruit,0.0,clic email 06-09 (0.0)
ENT-17564,CON-026041,Diego Faure,Head of HR Operations,buyer,0.435275281648062,clic email 06-10 (0.435275281648062)
ENT-10230,CON-037467,Diego Chevalier,Directeur RH,buyer,0.435275281648062,clic email 06-10 (0.435275281648062)
ENT-18011,CON-008306,Bastien Girard,People Ops Coordinator,utilisateur,0.0652912922472093,like LinkedIn 06-10 (0.0652912922472093)
ENT-02595,CON-025827,Laura Bernard,Office Manager,bruit,0.0,clic email 06-10 (0.0) · commentaire LinkedIn 07-16 (0.0)
ENT-02839,CON-026076,Guillaume Bonnet,Recruiter,utilisateur,0.2611651689888372,clic email 06-10 (0.2611651689888372)
ENT-14545,CON-009528,Emma Laurent,COO,buyer,0.435275281648062,clic email 06-10 (0.435275281648062)
ENT-15673,CON-032897,Ines Jansen,Talent Acquisition Manager,champion,0.34822022531844965,clic email 06-10 (0.34822022531844965)
ENT-15240,CON-050291,Lea Serrano,People Ops Manager,champion,0.34822022531844965,clic email 06-10 (0.34822022531844965)
ENT-15240,CON-013466,Lea Bonnet,Recruiter,utilisateur,0.3,like LinkedIn 07-02 (0.3)
ENT-07622,CON-029596,Nora Dupont,HR Manager,champion,2.9857055729177837,clic email 07-11 (2.9857055729177837)
ENT-07622,CON-046919,Chloe Chevalier,HR Business Partner,champion,0.34822022531844965,clic email 06-10 (0.34822022531844965)
ENT-13747,CON-074691,Guillaume Fournier,HR Director,buyer,0.435275281648062,clic email 06-10 (0.435275281648062)
ENT-08085,CON-048426,Elena Smit,Charge de recrutement,utilisateur,0.2611651689888372,clic email 06-10 (0.2611651689888372)
ENT-03369,CON-022703,Julien Muller,HR Assistant,utilisateur,0.2611651689888372,clic email 06-10 (0.2611651689888372)
ENT-03124,CON-011172,Laura Simon,HR Business Partner,champion,0.34822022531844965,clic email 06-10 (0.34822022531844965)
ENT-12280,CON-035325,Thomas Jansen,HR Director,buyer,4.348239417956447,clic email 06-10 (0.435275281648062) · commentaire LinkedIn 06-14 (0.4307618831238882) · clic email 07-10 (3.4822022531844965)
ENT-16086,CON-058324,Anais Blanc,Head of Talent Acquisition,buyer,0.1088188204120155,like LinkedIn 06-10 (0.1088188204120155)
ENT-08021,CON-030858,Anna Rossi,Responsable Recrutement,champion,0.34822022531844965,clic email 06-10 (0.34822022531844965)
ENT-17077,CON-021497,Emil Andre,Responsable Recrutement,champion,0.34822022531844965,clic email 06-10 (0.34822022531844965)
ENT-17077,CON-021499,Marion Durand,Office Manager,bruit,0.0,like LinkedIn 07-09 (0.0)
ENT-20370,CON-070973,Julien Jansen,HR Manager,champion,3.3029668173462494,clic email 06-10 (0.34822022531844965) · commentaire LinkedIn 07-15 (2.9547465920277998)
ENT-20370,CON-054511,Sanne Laurent,Responsable Recrutement,champion,1.6,clic email 07-02 (1.6)
ENT-03929,CON-036351,Camille Serrano,,sans_titre,2.4622888266898326,clic email 07-15 (2.4622888266898326)
ENT-03929,CON-036352,Sanne Lefebvre,Responsable Recrutement,champion,2.2627416997969525,clic email 07-07 (2.2627416997969525)
ENT-03929,CON-001230,Thomas Garnier,Responsable Recrutement,champion,0.26116516898883724,commentaire LinkedIn 06-10 (0.26116516898883724)
ENT-00392,CON-062283,Ines Jansen,HRBP,champion,0.34822022531844965,clic email 06-10 (0.34822022531844965)
ENT-00628,CON-029740,Benjamin Navarro,People Ops Coordinator,utilisateur,0.2611651689888372,clic email 06-10 (0.2611651689888372)
ENT-20262,CON-057110,Jonas Roux,Talent Acquisition Specialist,utilisateur,3.898811502509931,clic email 07-19 (3.898811502509931)
ENT-20262,CON-057113,Elise Ferrari,HR Manager,champion,0.34822022531844965,clic email 06-10 (0.34822022531844965)
ENT-02905,CON-042692,Julie Fischer,Office Manager,bruit,0.0,clic email 06-10 (0.0)
ENT-15044,CON-065133,Sanne Lefebvre,Charge de recrutement,utilisateur,0.2611651689888372,clic email 06-10 (0.2611651689888372)
ENT-07884,CON-026523,Greta Fournier,,sans_titre,0.217637640824031,clic email 06-10 (0.217637640824031)
ENT-00465,CON-059413,Emma Laurent,People Ops Coordinator,utilisateur,0.0652912922472093,like LinkedIn 06-10 (0.0652912922472093)
ENT-09396,CON-020623,Anais Rousseau,Charge de recrutement,utilisateur,0.45471496995311944,clic email 06-18 (0.45471496995311944)
ENT-09396,CON-020621,Maxime Ferrari,HRBP,champion,0.34822022531844965,clic email 06-10 (0.34822022531844965)
ENT-11299,CON-064367,Laura Roux,People Ops Coordinator,utilisateur,7.572755253516824,clic email 07-17 (3.394112549695428) · clic email 07-20 (4.178642703821396)
ENT-11299,CON-000385,Romain Ferrari,Talent Acquisition Manager,champion,3.6758347359905117,clic email 07-14 (3.6758347359905117)
ENT-11299,CON-064370,Jonas Mercier,HR Manager,champion,1.714837540058069,clic email 07-03 (1.714837540058069)
ENT-11299,CON-064368,Quentin Lambert,HR Officer,utilisateur,0.3452011897082516,like LinkedIn 06-10 (0.0652912922472093) · clic email 06-11 (0.2799098974610423)
ENT-04099,CON-015986,Emma Visser,Compensation & Benefits Manager,champion,0.34822022531844965,clic email 06-10 (0.34822022531844965)
ENT-11828,CON-053428,Hugo Mercier,CHRO,buyer,0.1088188204120155,like LinkedIn 06-10 (0.1088188204120155)
ENT-06349,CON-008411,Nora Martin,Chargee de recrutement,utilisateur,0.2611651689888372,clic email 06-10 (0.2611651689888372)
ENT-14693,CON-006877,Sarah Garnier,Executive Assistant,bruit,0.0,clic email 06-10 (0.0)
ENT-16268,CON-019913,Sanne Faure,Head of Talent Acquisition,buyer,0.9711620129162086,clic email 06-10 (0.435275281648062) · clic email 06-13 (0.5358867312681466)
ENT-06318,CON-070619,Vincent Smit,Head of HR Operations,buyer,0.435275281648062,clic email 06-10 (0.435275281648062)
ENT-07741,CON-000552,Lea Moreau,Head of HR Operations,buyer,0.1088188204120155,like LinkedIn 06-10 (0.1088188204120155)
ENT-15061,CON-068519,Lea Navarro,Directrice RH,buyer,0.435275281648062,clic email 06-10 (0.435275281648062)
ENT-11929,CON-053443,Femke Muller,,sans_titre,0.217637640824031,clic email 06-10 (0.217637640824031)
ENT-20440,CON-004836,Nora Faure,People Ops Coordinator,utilisateur,0.2611651689888372,clic email 06-10 (0.2611651689888372)
ENT-06885,CON-042714,Emma Martin,Responsable Recrutement,champion,0.08705505632961241,like LinkedIn 06-10 (0.08705505632961241)
ENT-05664,CON-026142,Ines Muller,People Ops Manager,champion,0.08705505632961241,like LinkedIn 06-10 (0.08705505632961241)
ENT-04318,CON-073604,Laura Smit,HR Intern,bruit,0.0,clic email 06-10 (0.0)
ENT-06863,CON-003979,Nicolas Rousseau,Head of Talent Acquisition,buyer,0.3264564612360465,commentaire LinkedIn 06-10 (0.3264564612360465)
ENT-15594,CON-053002,Greta Bonnet,Charge de recrutement,utilisateur,0.2611651689888372,clic email 06-10 (0.2611651689888372)
ENT-03630,CON-058145,Nicolas Rousseau,Responsable Recrutement,champion,0.34822022531844965,clic email 06-10 (0.34822022531844965)
ENT-18701,CON-047478,Ines Bonnet,HR Officer,utilisateur,0.0652912922472093,like LinkedIn 06-10 (0.0652912922472093)
ENT-12645,CON-044079,Marion Serrano,Charge de recrutement,utilisateur,0.19587387674162787,commentaire LinkedIn 06-10 (0.19587387674162787)
ENT-03816,CON-072807,Femke Meyer,HR Manager,champion,0.34822022531844965,clic email 06-10 (0.34822022531844965)
ENT-11431,CON-001213,Sophie Simon,COO,buyer,0.435275281648062,clic email 06-10 (0.435275281648062)
ENT-11431,CON-051827,Marta Lambert,HR Assistant,utilisateur,0.1979261866159341,like LinkedIn 06-26 (0.1979261866159341)
ENT-09246,CON-061074,Julien Moreau,People Ops Coordinator,utilisateur,0.9094299399062389,clic email 06-28 (0.9094299399062389)
ENT-09246,CON-061077,Diego Rousseau,Head of HR Operations,buyer,0.6597539553864471,clic email 06-16 (0.6597539553864471)
ENT-09246,CON-061075,Manon Michel,Office Manager,bruit,0.0,clic email 06-10 (0.0)
ENT-14028,CON-038453,Elena Navarro,CEO,buyer,0.5303300858899107,commentaire LinkedIn 06-17 (0.5303300858899107)
ENT-14028,CON-038452,Camille Visser,HR Manager,champion,0.34822022531844965,clic email 06-10 (0.34822022531844965)
ENT-11785,CON-059727,Alexandre Visser,Recruiter,utilisateur,0.2611651689888372,clic email 06-10 (0.2611651689888372)
ENT-17621,CON-009325,Nicolas Bernard,COO,buyer,3.2343742562584845,clic email 06-10 (0.435275281648062) · commentaire LinkedIn 07-11 (2.7990989746104225)
ENT-08145,CON-046960,Pierre Lambert,Head of People,buyer,0.435275281648062,clic email 06-10 (0.435275281648062)
ENT-18973,CON-020926,Julie Andre,Directrice RH,buyer,0.3264564612360465,commentaire LinkedIn 06-10 (0.3264564612360465)
ENT-09646,CON-010278,Elena Dupont,Charge de recrutement,utilisateur,4.159976671498768,clic email 06-10 (0.2611651689888372) · clic email 07-19 (3.898811502509931)
ENT-07568,CON-012511,Camille Dupont,Directrice RH,buyer,0.3264564612360465,commentaire LinkedIn 06-10 (0.3264564612360465)
ENT-00475,CON-067169,Anais Navarro,Talent Acquisition Specialist,utilisateur,0.19587387674162787,commentaire LinkedIn 06-10 (0.19587387674162787)
ENT-19830,CON-039133,Femke Jansen,People Ops Manager,champion,0.26116516898883724,commentaire LinkedIn 06-10 (0.26116516898883724)
ENT-15115,CON-059341,Sanne Michel,Talent Acquisition Specialist,utilisateur,0.2611651689888372,clic email 06-10 (0.2611651689888372)
ENT-10005,CON-008460,Elise Andre,Chargee de recrutement,utilisateur,0.19587387674162787,commentaire LinkedIn 06-10 (0.19587387674162787)
ENT-11582,CON-000591,Sanne Fontaine,HR Director,buyer,0.435275281648062,clic email 06-10 (0.435275281648062)
ENT-05369,CON-054531,Sanne Jansen,People Ops Coordinator,utilisateur,0.2611651689888372,clic email 06-10 (0.2611651689888372)
ENT-03030,CON-032227,Lars Leroy,Talent Acquisition Specialist,utilisateur,0.2611651689888372,clic email 06-10 (0.2611651689888372)
ENT-17501,CON-042469,Antoine Serrano,Talent Acquisition Specialist,utilisateur,0.2611651689888372,clic email 06-10 (0.2611651689888372)
ENT-07848,CON-007638,Lucas Lefebvre,HR Officer,utilisateur,0.4017477569144776,clic email 06-11 (0.2799098974610423) · like LinkedIn 06-19 (0.12183785945343534)
ENT-14676,CON-001369,Emil Vincent,People Ops Manager,champion,3.293303299153681,like LinkedIn 06-11 (0.09330329915368077) · clic email 07-12 (3.2)
ENT-15646,CON-007305,Quentin Dupont,Head of Talent Acquisition,buyer,0.4665164957684038,clic email 06-11 (0.4665164957684038)
ENT-03638,CON-063145,Vincent Garnier,Talent Acquisition Manager,champion,0.09330329915368077,like LinkedIn 06-11 (0.09330329915368077)
ENT-14835,CON-072334,Julie Fischer,Chargee de recrutement,utilisateur,0.2799098974610423,clic email 06-11 (0.2799098974610423)
ENT-02305,CON-037243,Julie Laurent,HR Business Partner,champion,0.3732131966147231,clic email 06-11 (0.3732131966147231)
ENT-12197,CON-019804,Marta Lambert,Recruiter,utilisateur,0.2099324230957817,commentaire LinkedIn 06-11 (0.2099324230957817)
ENT-13555,CON-034419,Chloe Rousseau,Compensation & Benefits Manager,champion,0.6964404506368993,clic email 06-20 (0.6964404506368993)
ENT-13555,CON-034418,Romain Lambert,Charge de recrutement,utilisateur,0.2799098974610423,clic email 06-11 (0.2799098974610423)
ENT-04362,CON-010328,Benjamin Moreau,HR Intern,bruit,0.0,clic email 06-11 (0.0)
ENT-03316,CON-048738,Sarah Girard,Head of Talent Acquisition,buyer,0.4665164957684038,clic email 06-11 (0.4665164957684038)
ENT-17992,CON-023638,Quentin Fournier,Executive Assistant,bruit,0.0,clic email 06-11 (0.0)
ENT-11921,CON-002940,Florian Durand,HR Officer,utilisateur,0.2799098974610423,clic email 06-11 (0.2799098974610423)
ENT-18717,CON-027255,Pierre Faure,People Ops Manager,champion,0.3732131966147231,clic email 06-11 (0.3732131966147231)
ENT-10849,CON-071829,Quentin Boyer,Charge de recrutement,utilisateur,0.2799098974610423,clic email 06-11 (0.2799098974610423)
ENT-19240,CON-033769,Lea Garcia,Compensation & Benefits Manager,champion,0.27990989746104233,commentaire LinkedIn 06-11 (0.27990989746104233)
ENT-08327,CON-043893,Romain Girard,HRBP,champion,0.3732131966147231,clic email 06-11 (0.3732131966147231)
ENT-14032,CON-062948,Elise Meyer,HRBP,champion,0.27990989746104233,commentaire LinkedIn 06-11 (0.27990989746104233)
ENT-05240,CON-041347,Laura Fischer,HR Assistant,utilisateur,2.239279179688338,clic email 07-11 (2.239279179688338)
ENT-05240,CON-040337,Jonas Laurent,Office Manager,bruit,0.0,clic email 06-11 (0.0)
ENT-01388,CON-040694,Diego Petit,VP Human Resources,buyer,0.4665164957684038,clic email 06-11 (0.4665164957684038)
ENT-19489,CON-063925,Alexandre Faure,Talent Acquisition Specialist,utilisateur,0.2799098974610423,clic email 06-11 (0.2799098974610423)
ENT-13570,CON-026470,Bastien Mercier,HR Business Partner,champion,0.3732131966147231,clic email 06-11 (0.3732131966147231)
ENT-13355,CON-033013,Julie Girard,Directeur RH,buyer,0.4665164957684038,clic email 06-11 (0.4665164957684038)
ENT-00528,CON-050022,Manon Blanc,VP People,buyer,0.4665164957684038,clic email 06-11 (0.4665164957684038)
ENT-16238,CON-051488,Pierre Bonnet,HR Business Partner,champion,0.3732131966147231,clic email 06-11 (0.3732131966147231)
ENT-12944,CON-076186,Hugo Vincent,People Ops Manager,champion,0.09330329915368077,like LinkedIn 06-11 (0.09330329915368077)
ENT-00502,CON-056510,Pauline Andre,Talent Acquisition Manager,champion,0.6062866266041593,clic email 06-18 (0.6062866266041593)
ENT-00502,CON-051361,Jan Smit,Head of HR Operations,buyer,0.4665164957684038,clic email 06-11 (0.4665164957684038)
ENT-00502,CON-075523,Vincent Leroy,Executive Assistant,bruit,0.0,clic email 06-28 (0.0)
ENT-08188,CON-029491,Florian Fournier,Recruiter,utilisateur,0.2799098974610423,clic email 06-11 (0.2799098974610423)
ENT-07589,CON-060959,Hugo Muller,Executive Assistant,bruit,0.0,like LinkedIn 06-11 (0.0)
ENT-18081,CON-069419,Julien Fournier,,sans_titre,0.2332582478842019,clic email 06-11 (0.2332582478842019)
ENT-01635,CON-000560,Pablo Rossi,HR Manager,champion,0.3732131966147231,clic email 06-11 (0.3732131966147231)
ENT-20253,CON-004884,Ines Garcia,Chargee de recrutement,utilisateur,0.2099324230957817,commentaire LinkedIn 06-11 (0.2099324230957817)
ENT-20253,CON-011233,Emil Garnier,HR Intern,bruit,0.0,commentaire LinkedIn 06-26 (0.0) · clic email 06-27 (0.0)
ENT-10880,CON-013792,Quentin Rousseau,VP Human Resources,buyer,0.4665164957684038,clic email 06-11 (0.4665164957684038)
ENT-13928,CON-045154,Marion Roux,Chargee de recrutement,utilisateur,1.0446606759553487,clic email 06-30 (1.0446606759553487)
ENT-13928,CON-045155,Lucas Guerin,Compensation & Benefits Manager,champion,0.3732131966147231,clic email 06-11 (0.3732131966147231)
ENT-10003,CON-040737,Pierre Fournier,HR Intern,bruit,0.0,like LinkedIn 06-11 (0.0)
ENT-19827,CON-011075,Femke Durand,Talent Acquisition Specialist,utilisateur,0.2099324230957817,commentaire LinkedIn 06-11 (0.2099324230957817)
ENT-19948,CON-014729,Margaux Serrano,Chargee de recrutement,utilisateur,0.7672613352747837,clic email 06-11 (0.2799098974610423) · clic email 06-19 (0.48735143781374135)
ENT-13306,CON-027183,Chloe Jansen,Talent Acquisition Manager,champion,0.3732131966147231,clic email 06-11 (0.3732131966147231)
ENT-15313,CON-008545,Anais Meyer,Charge de recrutement,utilisateur,0.8022402354387166,clic email 06-11 (0.2799098974610423) · clic email 06-20 (0.5223303379776744)
ENT-14813,CON-009915,Julie Andre,Responsable Recrutement,champion,0.3732131966147231,clic email 06-11 (0.3732131966147231)
ENT-04910,CON-042895,Guillaume Ferrari,Office Manager,bruit,0.0,clic email 06-11 (0.0)
ENT-18503,CON-075442,Sophie Serrano,HR Business Partner,champion,0.09330329915368077,like LinkedIn 06-11 (0.09330329915368077)
ENT-06973,CON-034151,Quentin Martin,HRBP,champion,0.3732131966147231,clic email 06-11 (0.3732131966147231)
ENT-08774,CON-024405,Claire Fournier,Head of Talent Acquisition,buyer,0.4665164957684038,clic email 06-11 (0.4665164957684038)
ENT-16192,CON-068750,Julie Laurent,Directeur RH,buyer,0.11662912394210095,like LinkedIn 06-11 (0.11662912394210095)
ENT-18645,CON-000603,Julien Faure,People Ops Coordinator,utilisateur,0.9747028756274827,clic email 06-29 (0.9747028756274827)
ENT-18645,CON-036043,Benjamin Roux,Responsable Recrutement,champion,0.4594793419988141,clic email 06-14 (0.4594793419988141)
ENT-18645,CON-000602,Marion Serrano,Executive Assistant,bruit,0.0,clic email 06-11 (0.0)
ENT-08828,CON-014397,Maxime Michel,HR Intern,bruit,0.0,commentaire LinkedIn 06-11 (0.0)
ENT-20065,CON-047073,Camille Rousseau,CEO,buyer,4.636981221971475,commentaire LinkedIn 06-11 (0.34988737182630286) · clic email 07-13 (4.2870938501451725)
ENT-20065,CON-047071,Pauline Michel,Charge de recrutement,utilisateur,0.7386866480069496,clic email 06-25 (0.7386866480069496)
ENT-02657,CON-032137,Elena Fontaine,HR Officer,utilisateur,0.2799098974610423,clic email 06-11 (0.2799098974610423)
ENT-19473,CON-051331,Lars Blanc,Charge de recrutement,utilisateur,3.446728883315988,clic email 06-11 (0.2799098974610423) · clic email 07-16 (3.166818985854946)
ENT-15145,CON-067385,Thomas Chevalier,HR Intern,bruit,0.0,commentaire LinkedIn 06-11 (0.0)
ENT-15609,CON-074567,Laura Blanc,HR Assistant,utilisateur,0.7917047464637365,clic email 06-26 (0.7917047464637365)
ENT-15609,CON-004825,Anais Simon,HRBP,champion,0.3732131966147231,clic email 06-11 (0.3732131966147231)
ENT-20111,CON-017732,Guillaume Fournier,Charge de recrutement,utilisateur,0.2799098974610423,clic email 06-11 (0.2799098974610423)
ENT-12700,CON-003848,Claire Smit,People Ops Coordinator,utilisateur,0.2799098974610423,clic email 06-11 (0.2799098974610423)
ENT-19606,CON-072702,Antoine Laurent,HR Director,buyer,1.2311444133449163,like LinkedIn 07-15 (1.2311444133449163)
ENT-19606,CON-073103,Emma Visser,,sans_titre,0.05831456197105048,like LinkedIn 06-11 (0.05831456197105048)
ENT-03931,CON-003611,Vincent Fischer,HR Manager,champion,0.3732131966147231,clic email 06-11 (0.3732131966147231)
ENT-14040,CON-073247,Lea Rousseau,HRBP,champion,0.3732131966147231,clic email 06-11 (0.3732131966147231)
ENT-08657,CON-052119,Laura Dupont,Responsable Recrutement,champion,0.09330329915368077,like LinkedIn 06-11 (0.09330329915368077)
ENT-16686,CON-042596,Julien Navarro,People Ops Coordinator,utilisateur,0.2799098974610423,clic email 06-11 (0.2799098974610423)
ENT-04915,CON-053500,Vincent Lefebvre,HRBP,champion,0.3732131966147231,clic email 06-11 (0.3732131966147231)
ENT-18892,CON-007630,Sophie Durand,People Ops Manager,champion,0.3732131966147231,clic email 06-11 (0.3732131966147231)
ENT-01193,CON-063103,Lea Girard,HRBP,champion,0.3732131966147231,clic email 06-11 (0.3732131966147231)
ENT-05022,CON-023585,Vincent Michel,Chargee de recrutement,utilisateur,0.2099324230957817,commentaire LinkedIn 06-11 (0.2099324230957817)
ENT-10671,CON-014343,Lucas Leroy,Office Manager,bruit,0.0,like LinkedIn 06-11 (0.0)
ENT-14962,CON-009387,Hugo Garcia,HR Manager,champion,0.3732131966147231,clic email 06-11 (0.3732131966147231)
ENT-14962,CON-009388,Lars Girard,HR Intern,bruit,0.0,clic email 06-17 (0.0)
ENT-08598,CON-054726,Greta Andre,HRBP,champion,0.09330329915368077,like LinkedIn 06-11 (0.09330329915368077)
ENT-09656,CON-061577,Jan Vincent,Responsable Recrutement,champion,0.3732131966147231,clic email 06-11 (0.3732131966147231)
ENT-16191,CON-014306,Maxime Rossi,Executive Assistant,bruit,0.0,clic email 06-11 (0.0)
ENT-12315,CON-074065,Ines Visser,HR Assistant,utilisateur,0.06997747436526057,like LinkedIn 06-11 (0.06997747436526057)
ENT-16289,CON-030770,Jonas Meyer,HR Business Partner,champion,0.3732131966147231,clic email 06-11 (0.3732131966147231)
ENT-12557,CON-035342,Diego Lambert,Head of HR Operations,buyer,0.5358867312681466,clic email 06-13 (0.5358867312681466)
ENT-12557,CON-035341,Marta Boyer,HR Assistant,utilisateur,0.2799098974610423,clic email 06-11 (0.2799098974610423)
ENT-05787,CON-012991,Pablo Leroy,HR Manager,champion,0.3732131966147231,clic email 06-11 (0.3732131966147231)
ENT-17227,CON-059959,Camille Garcia,Recruiter,utilisateur,0.2799098974610423,clic email 06-11 (0.2799098974610423)
ENT-13797,CON-068147,Sophie Fournier,VP People,buyer,0.4665164957684038,clic email 06-11 (0.4665164957684038)
ENT-12682,CON-064640,Florian Jansen,HR Assistant,utilisateur,0.3,clic email 06-12 (0.3)
ENT-10218,CON-007213,Pablo Roux,COO,buyer,0.5,clic email 06-12 (0.5)
ENT-04410,CON-071940,Sophie Moreau,HRBP,champion,0.8,clic email 06-22 (0.8)
ENT-04410,CON-071939,Pierre Garnier,Compensation & Benefits Manager,champion,0.4,clic email 06-12 (0.4)
ENT-00107,CON-038641,Alexandre Dupont,HRBP,champion,0.4,clic email 06-12 (0.4)
ENT-10572,CON-074313,Marta Lefebvre,Talent Acquisition Manager,champion,0.4,clic email 06-12 (0.4)
ENT-14775,CON-002978,Elena Meyer,HR Assistant,utilisateur,0.3,clic email 06-12 (0.3)
ENT-11733,CON-071986,Femke Weber,VP People,buyer,0.5,clic email 06-12 (0.5)
ENT-18176,CON-050285,Camille Muller,HR Manager,champion,0.4,clic email 06-12 (0.4)
ENT-20029,CON-058644,Alexandre Garnier,Chargee de recrutement,utilisateur,0.075,like LinkedIn 06-12 (0.075)
ENT-13762,CON-043429,Elena Lefebvre,HR Director,buyer,0.125,like LinkedIn 06-12 (0.125)
ENT-00969,CON-032400,Jonas Smit,Talent Acquisition Manager,champion,0.4,clic email 06-12 (0.4)
ENT-04811,CON-038492,Sarah Durand,Talent Acquisition Specialist,utilisateur,0.48735143781374135,clic email 06-19 (0.48735143781374135)
ENT-04811,CON-050362,Guillaume Petit,,sans_titre,0.25,clic email 06-12 (0.25)
ENT-00183,CON-038566,Maxime Michel,Recruiter,utilisateur,0.3,clic email 06-12 (0.3)
ENT-15310,CON-074064,Sophie Faure,Compensation & Benefits Manager,champion,1.2485281374238573,clic email 06-12 (0.4) · commentaire LinkedIn 06-27 (0.8485281374238572)
ENT-17477,CON-039897,Jan Moreau,HR Business Partner,champion,0.4,clic email 06-12 (0.4)
ENT-18449,CON-074778,Thomas Blanc,HR Assistant,utilisateur,0.5169142597486658,commentaire LinkedIn 06-24 (0.5169142597486658)
ENT-18449,CON-033636,Florian Jansen,Executive Assistant,bruit,0.0,clic email 06-12 (0.0)
ENT-11050,CON-055588,Julien Roux,Executive Assistant,bruit,0.0,clic email 06-12 (0.0)
ENT-05234,CON-071594,Quentin Boyer,Head of People,buyer,0.5,clic email 06-12 (0.5)
ENT-04583,CON-002295,Sarah Laurent,Responsable Recrutement,champion,0.4,clic email 06-12 (0.4)
ENT-07500,CON-074914,Bastien Smit,Charge de recrutement,utilisateur,2.8722563100871032,clic email 06-12 (0.3) · clic email 07-13 (2.5722563100871034)
ENT-07699,CON-075549,Greta Lambert,Talent Acquisition Specialist,utilisateur,2.954746592027799,clic email 07-15 (2.954746592027799)
ENT-07699,CON-049908,Julien Fischer,HR Intern,bruit,0.0,clic email 06-12 (0.0) · clic email 07-18 (0.0)
ENT-03658,CON-060490,Claire Moreau,Responsable Recrutement,champion,0.4,clic email 06-12 (0.4)
ENT-10182,CON-037393,Maxime Bernard,COO,buyer,0.5,clic email 06-12 (0.5)
ENT-03320,CON-047606,Nicolas Smit,,sans_titre,3.2490095854249423,clic email 07-19 (3.2490095854249423)
ENT-03320,CON-047605,Manon Fischer,Head of Talent Acquisition,buyer,0.5,clic email 06-12 (0.5)
ENT-07955,CON-050704,Felix Ferrari,Head of People,buyer,0.5,clic email 06-12 (0.5)
ENT-19503,CON-032302,Pauline Rousseau,HR Manager,champion,0.9,like LinkedIn 06-12 (0.1) · clic email 06-22 (0.8)
ENT-10374,CON-023551,Anais Fournier,Chief People Officer,buyer,0.5,clic email 06-12 (0.5)
ENT-07764,CON-058154,Manon Martin,,sans_titre,0.0625,like LinkedIn 06-12 (0.0625)
ENT-06241,CON-031810,Marion Chevalier,,sans_titre,0.0625,like LinkedIn 06-12 (0.0625)
ENT-19785,CON-001568,Jonas Moreau,Compensation & Benefits Manager,champion,0.30000000000000004,commentaire LinkedIn 06-12 (0.30000000000000004)
ENT-03307,CON-057323,Pablo Boyer,Chargee de recrutement,utilisateur,1.209429939906239,clic email 06-12 (0.3) · clic email 06-28 (0.9094299399062389)
ENT-08987,CON-004278,Anna Serrano,HR Officer,utilisateur,0.3,clic email 06-12 (0.3)
ENT-12827,CON-015995,Pauline Serrano,HRBP,champion,0.4,clic email 06-12 (0.4)
ENT-00667,CON-059284,Pierre Visser,CEO,buyer,0.5,clic email 06-12 (0.5)
ENT-12354,CON-052384,Pauline Simon,People Ops Manager,champion,2.111212657236631,clic email 07-06 (2.111212657236631)
ENT-12354,CON-052383,Jan Dubois,,sans_titre,0.25,clic email 06-12 (0.25)
ENT-01007,CON-028672,Emma Guerin,HR Business Partner,champion,0.4,clic email 06-12 (0.4)
ENT-01586,CON-006674,Nora Bernard,Head of Talent Acquisition,buyer,0.5,clic email 06-12 (0.5)
ENT-09243,CON-027440,Julien Petit,Charge de recrutement,utilisateur,0.3,clic email 06-12 (0.3)
ENT-03932,CON-075378,Lucas Leroy,Recruiter,utilisateur,1.8938598798124777,like LinkedIn 06-12 (0.075) · clic email 07-08 (1.8188598798124778)
ENT-06024,CON-045169,Claire Navarro,Charge de recrutement,utilisateur,1.4773732960138994,clic email 07-05 (1.4773732960138994)
ENT-06024,CON-034830,Pauline Roux,Head of People,buyer,0.5,clic email 06-12 (0.5)
ENT-18889,CON-073792,Pablo Bernard,HR Assistant,utilisateur,0.3,clic email 06-12 (0.3)
ENT-15290,CON-015564,Alexandre Faure,CEO,buyer,0.5,clic email 06-12 (0.5)
ENT-06919,CON-013996,Marion Bernard,Responsable Recrutement,champion,0.1,like LinkedIn 06-12 (0.1)
ENT-00718,CON-026817,Laura Bernard,CEO,buyer,4.2870938501451725,clic email 07-13 (4.2870938501451725)
ENT-00718,CON-026819,Lea Simon,People Ops Manager,champion,0.4,clic email 06-12 (0.4)
ENT-15289,CON-009924,Jan Muller,HRBP,champion,0.4,clic email 06-12 (0.4)
ENT-13033,CON-021895,Hugo Garcia,Recruiter,utilisateur,0.3,clic email 06-12 (0.3)
ENT-09182,CON-025412,Anais Petit,,sans_titre,0.25,clic email 06-12 (0.25)
ENT-12614,CON-043502,Chloe Visser,Head of Talent Acquisition,buyer,0.5,clic email 06-12 (0.5)
ENT-11241,CON-068856,Emil Garnier,HRBP,champion,1.299603834169977,clic email 06-29 (1.299603834169977)
ENT-11241,CON-037628,Elise Bernard,Head of HR Operations,buyer,0.5,clic email 06-12 (0.5)
ENT-14554,CON-045211,Lars Bonnet,HR Manager,champion,1.2125732532083184,like LinkedIn 07-18 (1.2125732532083184)
ENT-14554,CON-045208,Pablo Ferrari,People Ops Coordinator,utilisateur,0.3,clic email 06-12 (0.3)
ENT-00033,CON-066068,Pablo Meyer,Compensation & Benefits Manager,champion,0.4,clic email 06-12 (0.4)
ENT-11121,CON-058591,Chloe Blanc,HR Business Partner,champion,0.4,clic email 06-12 (0.4)
ENT-08193,CON-075309,Anna Martin,Head of HR Operations,buyer,0.5,clic email 06-12 (0.5)
ENT-07248,CON-018895,Guillaume Vincent,,sans_titre,0.25,clic email 06-12 (0.25)
ENT-05409,CON-038980,Elise Bernard,Head of HR Operations,buyer,0.5,clic email 06-12 (0.5)
ENT-19739,CON-052350,Margaux Visser,Compensation & Benefits Manager,champion,0.1,like LinkedIn 06-12 (0.1)
ENT-16951,CON-055819,Anna Weber,Office Manager,bruit,0.0,commentaire LinkedIn 06-13 (0.0)
ENT-07092,CON-018075,Jan Boyer,Office Manager,bruit,0.0,clic email 06-13 (0.0)
ENT-05806,CON-043771,Hugo Garcia,HR Director,buyer,0.5358867312681466,clic email 06-13 (0.5358867312681466)
ENT-04013,CON-064864,Anais Martin,HRBP,champion,0.4287093850145173,clic email 06-13 (0.4287093850145173)
ENT-05932,CON-031737,Emil Boyer,Talent Acquisition Specialist,utilisateur,0.32153203876088793,clic email 06-13 (0.32153203876088793)
ENT-14318,CON-040030,Sarah Bonnet,Responsable Recrutement,champion,0.4287093850145173,clic email 06-13 (0.4287093850145173)
ENT-17529,CON-025709,Jonas Faure,Directrice RH,buyer,1.5358867312681466,clic email 06-13 (0.5358867312681466) · clic email 06-22 (1.0)
ENT-04247,CON-006556,Hugo Andre,Office Manager,bruit,0.0,clic email 06-13 (0.0)
ENT-04606,CON-021753,Claire Jansen,HR Manager,champion,0.4287093850145173,clic email 06-13 (0.4287093850145173)
ENT-18125,CON-044419,Florian Rossi,HR Intern,bruit,0.0,clic email 06-13 (0.0)
ENT-02437,CON-046818,Lucas Muller,People Ops Coordinator,utilisateur,0.24114902907066593,commentaire LinkedIn 06-13 (0.24114902907066593)
ENT-05096,CON-000050,Greta Fournier,Charge de recrutement,utilisateur,0.32153203876088793,clic email 06-13 (0.32153203876088793)
ENT-10930,CON-065845,Pablo Rousseau,Head of People,buyer,0.9666486143920348,clic email 06-13 (0.5358867312681466) · commentaire LinkedIn 06-14 (0.4307618831238882)
ENT-01291,CON-044134,Diego Smit,HR Manager,champion,0.4287093850145173,clic email 06-13 (0.4287093850145173)
ENT-03029,CON-042014,Marion Boyer,HR Business Partner,champion,1.9698310613518661,clic email 07-05 (1.9698310613518661)
ENT-03029,CON-042016,Emil Boyer,HR Intern,bruit,0.0,clic email 06-13 (0.0)
ENT-06559,CON-060501,Vincent Lefebvre,Talent Acquisition Specialist,utilisateur,0.32153203876088793,clic email 06-13 (0.32153203876088793)
ENT-08703,CON-039012,Pierre Muller,Compensation & Benefits Manager,champion,0.4287093850145173,clic email 06-13 (0.4287093850145173)
ENT-03361,CON-017087,Sanne Jansen,,sans_titre,0.2679433656340733,clic email 06-13 (0.2679433656340733)
ENT-04457,CON-069836,Elena Petit,HR Manager,champion,0.4287093850145173,clic email 06-13 (0.4287093850145173)
ENT-12469,CON-032010,Camille Simon,Talent Acquisition Specialist,utilisateur,0.32153203876088793,clic email 06-13 (0.32153203876088793)
ENT-10662,CON-030957,Laura Dubois,Head of HR Operations,buyer,0.5358867312681466,clic email 06-13 (0.5358867312681466)
ENT-16000,CON-057609,Alexandre Petit,VP People,buyer,5.460464384647812,clic email 06-13 (0.5358867312681466) · clic email 07-15 (4.924577653379665)
ENT-19978,CON-012636,Ines Chevalier,People Ops Coordinator,utilisateur,0.32153203876088793,clic email 06-13 (0.32153203876088793)
ENT-16125,CON-031443,Sanne Simon,HR Officer,utilisateur,0.08038300969022198,like LinkedIn 06-13 (0.08038300969022198)
ENT-19544,CON-059023,Felix Rousseau,Executive Assistant,bruit,0.0,like LinkedIn 06-13 (0.0) · clic email 06-26 (0.0)
ENT-09788,CON-067403,Camille Garcia,Executive Assistant,bruit,0.0,clic email 06-13 (0.0) · like LinkedIn 07-20 (0.0)
ENT-05575,CON-027012,Anais Leroy,HR Director,buyer,0.5358867312681466,clic email 06-13 (0.5358867312681466)
ENT-04358,CON-024918,Nora Jansen,Head of HR Operations,buyer,0.5358867312681466,clic email 06-13 (0.5358867312681466)
ENT-19828,CON-032381,Elena Garnier,Head of Talent Acquisition,buyer,0.5358867312681466,clic email 06-13 (0.5358867312681466)
ENT-16621,CON-029967,Pauline Chevalier,HR Director,buyer,0.5358867312681466,clic email 06-13 (0.5358867312681466)
ENT-05620,CON-036181,Pablo Faure,People Ops Manager,champion,0.4287093850145173,clic email 06-13 (0.4287093850145173)
ENT-01169,CON-034438,Emma Serrano,Talent Acquisition Specialist,utilisateur,0.24114902907066593,commentaire LinkedIn 06-13 (0.24114902907066593)
ENT-15919,CON-001949,Manon Dubois,Talent Acquisition Manager,champion,0.4287093850145173,clic email 06-13 (0.4287093850145173)
ENT-03090,CON-061836,Anna Chevalier,Head of Talent Acquisition,buyer,0.4019150484511099,commentaire LinkedIn 06-13 (0.4019150484511099)
ENT-19764,CON-014055,Florian Mercier,Charge de recrutement,utilisateur,0.32153203876088793,clic email 06-13 (0.32153203876088793)
ENT-06758,CON-039804,Jonas Meyer,HR Officer,utilisateur,3.1339820278660464,commentaire LinkedIn 07-20 (3.1339820278660464)
ENT-06758,CON-039802,Julie Lambert,Chargee de recrutement,utilisateur,0.32153203876088793,clic email 06-13 (0.32153203876088793)
ENT-08504,CON-022135,Laura Rossi,Office Manager,bruit,0.0,clic email 06-13 (0.0)
ENT-12403,CON-048350,Julien Dupont,Talent Acquisition Specialist,utilisateur,0.32153203876088793,clic email 06-13 (0.32153203876088793)
ENT-11082,CON-040890,Jan Guerin,,sans_titre,0.2679433656340733,clic email 06-13 (0.2679433656340733)
ENT-13630,CON-000013,Claire Dubois,CHRO,buyer,0.5358867312681466,clic email 06-13 (0.5358867312681466)
ENT-13630,CON-000012,Romain Moreau,HR Assistant,utilisateur,0.5223303379776744,clic email 06-20 (0.5223303379776744)
ENT-03516,CON-071339,Pierre Moreau,Charge de recrutement,utilisateur,0.32153203876088793,clic email 06-13 (0.32153203876088793)
ENT-14488,CON-048348,Felix Rossi,Charge de recrutement,utilisateur,0.5799891686352208,clic email 06-13 (0.32153203876088793) · commentaire LinkedIn 06-14 (0.2584571298743329)
ENT-02001,CON-022670,Pablo Bernard,Responsable Recrutement,champion,0.4287093850145173,clic email 06-13 (0.4287093850145173)
ENT-00372,CON-015981,Felix Bernard,HRBP,champion,0.4287093850145173,clic email 06-13 (0.4287093850145173)
ENT-12358,CON-054546,Anna Michel,Office Manager,bruit,0.0,clic email 06-13 (0.0)
ENT-05717,CON-062169,Pauline Meyer,HR Intern,bruit,0.0,like LinkedIn 06-13 (0.0)
ENT-06178,CON-012569,Lars Garnier,Head of Talent Acquisition,buyer,0.4019150484511099,commentaire LinkedIn 06-13 (0.4019150484511099)
ENT-18310,CON-025509,Hugo Lambert,CEO,buyer,0.4019150484511099,commentaire LinkedIn 06-13 (0.4019150484511099)
ENT-16023,CON-047037,Romain Fischer,Talent Acquisition Specialist,utilisateur,0.5223303379776744,clic email 06-20 (0.5223303379776744)
ENT-16023,CON-018644,Benjamin Fontaine,Compensation & Benefits Manager,champion,0.4287093850145173,clic email 06-13 (0.4287093850145173)
ENT-10043,CON-005037,Bastien Muller,HR Business Partner,champion,0.321532038760888,commentaire LinkedIn 06-13 (0.321532038760888)
ENT-10565,CON-013101,Felix Chevalier,Responsable Recrutement,champion,2.4251465064166373,clic email 07-08 (2.4251465064166373)
ENT-10565,CON-070236,Elise Fontaine,People Ops Coordinator,utilisateur,0.32153203876088793,clic email 06-13 (0.32153203876088793)
ENT-14899,CON-030748,Lars Blanc,HRBP,champion,0.4594793419988141,clic email 06-14 (0.4594793419988141)
ENT-16726,CON-020661,Benjamin Dubois,HR Business Partner,champion,0.4594793419988141,clic email 06-14 (0.4594793419988141)
ENT-00679,CON-032496,Pablo Boyer,Recruiter,utilisateur,0.08615237662477764,like LinkedIn 06-14 (0.08615237662477764)
ENT-16633,CON-012272,Alexandre Petit,Chargee de recrutement,utilisateur,0.34460950649911054,clic email 06-14 (0.34460950649911054)
ENT-20162,CON-043508,Nicolas Serrano,Charge de recrutement,utilisateur,0.4242640687119285,clic email 06-17 (0.4242640687119285)
ENT-20162,CON-043509,Florian Faure,,sans_titre,0.2871745887492588,clic email 06-14 (0.2871745887492588)
ENT-18826,CON-024826,Margaux Michel,HRBP,champion,0.4594793419988141,clic email 06-14 (0.4594793419988141)
ENT-03061,CON-006567,Chloe Bernard,Talent Acquisition Specialist,utilisateur,0.34460950649911054,clic email 06-14 (0.34460950649911054)
ENT-04039,CON-023481,Nora Chevalier,HR Officer,utilisateur,0.34460950649911054,clic email 06-14 (0.34460950649911054)
ENT-13457,CON-001896,Ines Chevalier,Talent Acquisition Manager,champion,0.4594793419988141,clic email 06-14 (0.4594793419988141)
ENT-18876,CON-013520,Marion Dubois,HR Director,buyer,0.5743491774985175,clic email 06-14 (0.5743491774985175)
ENT-06002,CON-059422,Sophie Fournier,COO,buyer,0.4307618831238882,commentaire LinkedIn 06-14 (0.4307618831238882)
ENT-07964,CON-072201,Greta Roux,Directrice RH,buyer,0.5743491774985175,clic email 06-14 (0.5743491774985175)
ENT-18590,CON-027062,Jonas Rossi,Recruiter,utilisateur,0.2584571298743329,commentaire LinkedIn 06-14 (0.2584571298743329)
ENT-00195,CON-045166,Benjamin Faure,HR Officer,utilisateur,0.34460950649911054,clic email 06-14 (0.34460950649911054)
ENT-19793,CON-000267,Diego Faure,People Ops Manager,champion,4.984962741592719,clic email 06-14 (0.4594793419988141) · clic email 07-17 (4.525483399593905)
ENT-15971,CON-036957,Sophie Faure,HR Intern,bruit,0.0,commentaire LinkedIn 06-14 (0.0)
ENT-16354,CON-045939,Ines Muller,Charge de recrutement,utilisateur,0.08615237662477764,like LinkedIn 06-14 (0.08615237662477764)
ENT-17412,CON-001461,Nora Vincent,Talent Acquisition Manager,champion,0.5656854249492381,like LinkedIn 07-07 (0.5656854249492381)
ENT-17412,CON-001458,Nicolas Bonnet,Charge de recrutement,utilisateur,0.34460950649911054,clic email 06-14 (0.34460950649911054)
ENT-09006,CON-048886,Marion Smit,Head of Talent Acquisition,buyer,3.921901502706541,clic email 06-29 (1.6245047927124712) · clic email 07-04 (2.2973967099940698)
ENT-09006,CON-061446,Pauline Fournier,HRBP,champion,0.4594793419988141,clic email 06-14 (0.4594793419988141)
ENT-09006,CON-048887,Claire Navarro,Executive Assistant,bruit,0.0,clic email 07-14 (0.0)
ENT-02711,CON-061059,Margaux Guerin,,sans_titre,0.7315476025737618,like LinkedIn 06-14 (0.0717936471873147) · clic email 06-26 (0.6597539553864471)
ENT-00059,CON-003584,Sanne Visser,HR Assistant,utilisateur,0.34460950649911054,clic email 06-14 (0.34460950649911054)
ENT-12252,CON-071880,Chloe Bernard,Charge de recrutement,utilisateur,0.34460950649911054,clic email 06-14 (0.34460950649911054)
ENT-13947,CON-045797,Julien Smit,People Ops Manager,champion,0.4594793419988141,clic email 06-14 (0.4594793419988141)
ENT-09896,CON-007326,Emma Martin,Talent Acquisition Specialist,utilisateur,0.34460950649911054,clic email 06-14 (0.34460950649911054)
ENT-02173,CON-070313,Elena Garcia,HRBP,champion,0.3446095064991106,commentaire LinkedIn 06-14 (0.3446095064991106)
ENT-09673,CON-047757,Julie Leroy,People Ops Coordinator,utilisateur,0.34460950649911054,clic email 06-14 (0.34460950649911054)
ENT-20290,CON-075217,Vincent Lambert,Office Manager,bruit,0.0,clic email 06-14 (0.0)
ENT-11896,CON-074578,Hugo Garcia,VP People,buyer,0.5743491774985175,clic email 06-14 (0.5743491774985175)
ENT-09356,CON-033121,Greta Bonnet,HR Manager,champion,4.681904656472076,clic email 06-14 (0.4594793419988141) · clic email 07-16 (4.222425314473262)
ENT-08224,CON-047014,Marta Visser,,sans_titre,1.7013881511223539,clic email 06-14 (0.2871745887492588) · clic email 07-07 (1.4142135623730951)
ENT-04763,CON-054196,Anna Navarro,Chargee de recrutement,utilisateur,0.34460950649911054,clic email 06-14 (0.34460950649911054)
ENT-03842,CON-059933,Lea Fontaine,Talent Acquisition Manager,champion,0.4594793419988141,clic email 06-14 (0.4594793419988141)
ENT-03927,CON-042869,Nora Moreau,Talent Acquisition Manager,champion,0.4594793419988141,clic email 06-14 (0.4594793419988141)
ENT-19926,CON-006769,Lars Blanc,HR Manager,champion,3.6758347359905117,clic email 07-14 (3.6758347359905117)
ENT-19926,CON-006768,Julie Garnier,HR Assistant,utilisateur,0.34460950649911054,clic email 06-14 (0.34460950649911054)
ENT-16976,CON-004232,Maxime Garcia,HR Assistant,utilisateur,0.34460950649911054,clic email 06-14 (0.34460950649911054)
ENT-10967,CON-001957,Manon Faure,Executive Assistant,bruit,0.0,clic email 06-14 (0.0)
ENT-19783,CON-005265,Emil Navarro,HRBP,champion,0.4594793419988141,clic email 06-14 (0.4594793419988141)
ENT-12008,CON-031021,Bastien Lambert,HR Officer,utilisateur,0.34460950649911054,clic email 06-14 (0.34460950649911054)
ENT-13109,CON-039967,Benjamin Fontaine,Office Manager,bruit,0.0,clic email 06-14 (0.0)
ENT-12037,CON-071714,Emma Garnier,Recruiter,utilisateur,0.34460950649911054,clic email 06-14 (0.34460950649911054)
ENT-17852,CON-065597,Anna Girard,HRBP,champion,0.11486983549970352,like LinkedIn 06-14 (0.11486983549970352)
ENT-07229,CON-053302,Antoine Fontaine,People Ops Coordinator,utilisateur,0.34460950649911054,clic email 06-14 (0.34460950649911054)
ENT-16876,CON-034976,Femke Moreau,,sans_titre,0.2871745887492588,clic email 06-14 (0.2871745887492588)
ENT-16905,CON-065034,Pauline Fischer,HR Director,buyer,0.5743491774985175,clic email 06-14 (0.5743491774985175)
ENT-04938,CON-052853,Alexandre Fischer,HR Manager,champion,0.4594793419988141,clic email 06-14 (0.4594793419988141)
ENT-05025,CON-014295,Chloe Navarro,People Ops Coordinator,utilisateur,0.34460950649911054,clic email 06-14 (0.34460950649911054)
ENT-18766,CON-018046,Greta Smit,HR Business Partner,champion,0.4594793419988141,clic email 06-14 (0.4594793419988141)
ENT-16914,CON-007005,Camille Andre,HR Officer,utilisateur,0.34460950649911054,clic email 06-14 (0.34460950649911054)
ENT-20171,CON-014489,Bastien Boyer,Recruiter,utilisateur,0.34460950649911054,clic email 06-14 (0.34460950649911054)
ENT-03486,CON-020468,Pablo Dubois,Compensation & Benefits Manager,champion,0.4594793419988141,clic email 06-14 (0.4594793419988141)
ENT-12154,CON-036999,Jan Lambert,HR Officer,utilisateur,0.34460950649911054,clic email 06-14 (0.34460950649911054)
ENT-14620,CON-054241,Sophie Fontaine,Office Manager,bruit,0.0,like LinkedIn 06-14 (0.0)
ENT-11336,CON-051883,Nicolas Vincent,Compensation & Benefits Manager,champion,0.4594793419988141,clic email 06-14 (0.4594793419988141)
ENT-13537,CON-057243,Alexandre Girard,People Ops Manager,champion,0.4594793419988141,clic email 06-14 (0.4594793419988141)
ENT-06693,CON-035099,Pauline Simon,Recruiter,utilisateur,0.2584571298743329,commentaire LinkedIn 06-14 (0.2584571298743329)
ENT-17600,CON-053367,Elena Guerin,Executive Assistant,bruit,0.0,clic email 06-14 (0.0)
ENT-17390,CON-070962,Anais Fournier,VP Human Resources,buyer,0.1435872943746294,like LinkedIn 06-14 (0.1435872943746294)
ENT-05547,CON-027172,Margaux Ferrari,Charge de recrutement,utilisateur,0.34460950649911054,clic email 06-14 (0.34460950649911054)
ENT-12409,CON-072786,Lucas Rousseau,Recruiter,utilisateur,0.34460950649911054,clic email 06-14 (0.34460950649911054)
ENT-02694,CON-005953,Anna Meyer,Head of People,buyer,0.615572206672458,clic email 06-15 (0.615572206672458)
ENT-10496,CON-040633,Claire Bonnet,Office Manager,bruit,0.0,clic email 06-15 (0.0)
ENT-02690,CON-055512,Pierre Fontaine,People Ops Coordinator,utilisateur,0.3693433240034748,clic email 06-15 (0.3693433240034748)
ENT-02627,CON-031656,Romain Navarro,Charge de recrutement,utilisateur,0.0923358310008687,like LinkedIn 06-15 (0.0923358310008687)
ENT-08577,CON-051455,Romain Fournier,Talent Acquisition Manager,champion,3.09166543367792,clic email 06-15 (0.4924577653379665) · clic email 07-09 (2.599207668339954)
ENT-06038,CON-058760,Claire Girard,CEO,buyer,0.1538930516681145,like LinkedIn 06-15 (0.1538930516681145)
ENT-10944,CON-051179,Manon Mercier,HRBP,champion,0.4924577653379665,clic email 06-15 (0.4924577653379665)
ENT-18085,CON-057494,Margaux Moreau,HR Manager,champion,1.2000000000000002,commentaire LinkedIn 07-02 (1.2000000000000002)
ENT-18085,CON-057493,Romain Moreau,Office Manager,bruit,0.0,clic email 06-15 (0.0)
ENT-08521,CON-046946,Claire Durand,Charge de recrutement,utilisateur,0.3693433240034748,clic email 06-15 (0.3693433240034748)
ENT-07035,CON-010576,Alexandre Jansen,Compensation & Benefits Manager,champion,0.12311444133449162,like LinkedIn 06-15 (0.12311444133449162)
ENT-18803,CON-000253,Sarah Ferrari,Head of HR Operations,buyer,0.1538930516681145,like LinkedIn 06-15 (0.1538930516681145)
ENT-02589,CON-015660,Maxime Smit,VP People,buyer,0.615572206672458,clic email 06-15 (0.615572206672458)
ENT-13942,CON-048250,Sophie Lefebvre,Head of Talent Acquisition,buyer,1.231144413344916,clic email 06-25 (1.231144413344916)
ENT-13942,CON-035513,Lea Lefebvre,Head of HR Operations,buyer,0.615572206672458,clic email 06-15 (0.615572206672458)
ENT-13942,CON-035516,Jan Bernard,Office Manager,bruit,0.0,clic email 06-16 (0.0)
ENT-19307,CON-032847,Bastien Fournier,Charge de recrutement,utilisateur,0.0923358310008687,like LinkedIn 06-15 (0.0923358310008687)
ENT-19307,CON-032851,Manon Dubois,Executive Assistant,bruit,0.0,like LinkedIn 06-16 (0.0)
ENT-01343,CON-054379,Claire Girard,Head of People,buyer,1.9060396154388597,like LinkedIn 06-16 (0.16493848884661177) · clic email 06-30 (1.741101126592248)
ENT-01343,CON-073525,Bastien Ferrari,Responsable Recrutement,champion,0.12311444133449162,like LinkedIn 06-15 (0.12311444133449162)
ENT-17810,CON-002219,Lea Laurent,HR Director,buyer,0.615572206672458,clic email 06-15 (0.615572206672458)
ENT-04033,CON-071494,Lars Muller,HRBP,champion,0.4924577653379665,clic email 06-15 (0.4924577653379665)
ENT-03057,CON-019510,Lea Moreau,HRBP,champion,0.4924577653379665,clic email 06-15 (0.4924577653379665)
ENT-19281,CON-018195,Thomas Martin,HR Intern,bruit,0.0,clic email 06-15 (0.0)
ENT-15968,CON-065425,Sanne Michel,Recruiter,utilisateur,0.3693433240034748,clic email 06-15 (0.3693433240034748)
ENT-03494,CON-064417,Lucas Fischer,Responsable Recrutement,champion,0.4924577653379665,clic email 06-15 (0.4924577653379665)
ENT-07866,CON-028128,Camille Chevalier,HR Intern,bruit,0.0,clic email 06-15 (0.0)
ENT-00891,CON-027204,Antoine Durand,VP Human Resources,buyer,1.231144413344916,clic email 06-25 (1.231144413344916)
ENT-00891,CON-051288,Nicolas Girard,HRBP,champion,0.12311444133449162,like LinkedIn 06-15 (0.12311444133449162)
ENT-19771,CON-003428,Emil Garcia,HR Intern,bruit,0.0,commentaire LinkedIn 06-15 (0.0)
ENT-04316,CON-019594,Nora Moreau,Talent Acquisition Manager,champion,0.12311444133449162,like LinkedIn 06-15 (0.12311444133449162)
ENT-08424,CON-034156,Camille Smit,People Ops Coordinator,utilisateur,0.0923358310008687,like LinkedIn 06-15 (0.0923358310008687)
ENT-11125,CON-026108,Romain Boyer,Talent Acquisition Manager,champion,1.7231144413344917,like LinkedIn 06-15 (0.12311444133449162) · clic email 07-02 (1.6)
ENT-00744,CON-061004,Ines Smit,Chargee de recrutement,utilisateur,0.5223303379776744,clic email 06-20 (0.5223303379776744)
ENT-00744,CON-061002,Pierre Moreau,People Ops Coordinator,utilisateur,0.3693433240034748,clic email 06-15 (0.3693433240034748)
ENT-18750,CON-025137,Manon Ferrari,People Ops Manager,champion,1.9698310613518664,clic email 06-15 (0.4924577653379665) · commentaire LinkedIn 07-05 (1.4773732960138999)
ENT-18750,CON-025135,Hugo Durand,HR Intern,bruit,0.0,like LinkedIn 07-18 (0.0)
ENT-14897,CON-025287,Sanne Mercier,HR Officer,utilisateur,0.3693433240034748,clic email 06-15 (0.3693433240034748)
ENT-14522,CON-066256,Romain Smit,Directeur RH,buyer,0.615572206672458,clic email 06-15 (0.615572206672458)
ENT-10240,CON-065049,Sanne Guerin,HR Manager,champion,0.4924577653379665,clic email 06-15 (0.4924577653379665)
ENT-16485,CON-053197,Benjamin Rossi,HR Officer,utilisateur,0.3693433240034748,clic email 06-15 (0.3693433240034748)
ENT-15988,CON-053058,Lars Mercier,People Ops Manager,champion,0.12311444133449162,like LinkedIn 06-15 (0.12311444133449162)
ENT-15955,CON-017564,Hugo Fournier,People Ops Manager,champion,0.4924577653379665,clic email 06-15 (0.4924577653379665)
ENT-09082,CON-006384,Femke Rossi,HR Assistant,utilisateur,3.637719759624955,clic email 07-18 (3.637719759624955)
ENT-09082,CON-029255,Romain Martin,,sans_titre,3.4630548358454805,clic email 07-06 (1.3195079107728942) · clic email 07-13 (2.1435469250725863)
ENT-09082,CON-006385,Sarah Roux,COO,buyer,0.1538930516681145,like LinkedIn 06-15 (0.1538930516681145)
ENT-08702,CON-073250,Nicolas Martin,HR Assistant,utilisateur,0.3693433240034748,clic email 06-15 (0.3693433240034748)
ENT-15589,CON-000360,Sanne Boyer,HR Officer,utilisateur,0.0923358310008687,like LinkedIn 06-15 (0.0923358310008687)
ENT-07181,CON-004431,Lea Boyer,Directrice RH,buyer,2.029785769045553,clic email 06-15 (0.615572206672458) · clic email 06-27 (1.4142135623730951)
ENT-13634,CON-073110,Romain Navarro,Directeur RH,buyer,0.46167915500434353,commentaire LinkedIn 06-15 (0.46167915500434353)
ENT-11653,CON-056425,Chloe Vincent,HR Manager,champion,0.4924577653379665,clic email 06-15 (0.4924577653379665)
ENT-16795,CON-039736,Marta Fontaine,HR Officer,utilisateur,0.3693433240034748,clic email 06-15 (0.3693433240034748)
ENT-18834,CON-065402,Sanne Mercier,Chargee de recrutement,utilisateur,0.3693433240034748,clic email 06-15 (0.3693433240034748)
ENT-17767,CON-039336,Elise Fontaine,Head of Talent Acquisition,buyer,0.615572206672458,clic email 06-15 (0.615572206672458)
ENT-02811,CON-072315,Lars Ferrari,Compensation & Benefits Manager,champion,0.4924577653379665,clic email 06-15 (0.4924577653379665)
ENT-02120,CON-072034,Quentin Rossi,People Ops Coordinator,utilisateur,0.3693433240034748,clic email 06-15 (0.3693433240034748)
ENT-04912,CON-054428,Felix Fournier,People Ops Coordinator,utilisateur,0.3693433240034748,clic email 06-15 (0.3693433240034748)
ENT-02381,CON-019664,Florian Muller,Talent Acquisition Specialist,utilisateur,0.2770074930026061,commentaire LinkedIn 06-15 (0.2770074930026061)
ENT-14533,CON-065376,Julien Ferrari,,sans_titre,1.624504792712471,clic email 07-09 (1.624504792712471)
ENT-14533,CON-004592,Benjamin Serrano,HRBP,champion,0.4924577653379665,clic email 06-15 (0.4924577653379665)
ENT-08714,CON-018713,Ines Guerin,Talent Acquisition Specialist,utilisateur,0.3693433240034748,clic email 06-15 (0.3693433240034748)
ENT-01506,CON-049921,Anais Bonnet,Charge de recrutement,utilisateur,0.3958523732318682,clic email 06-16 (0.3958523732318682)
ENT-15392,CON-010602,Diego Moreau,HR Manager,champion,0.39585237323186834,commentaire LinkedIn 06-16 (0.39585237323186834)
ENT-15400,CON-024784,Romain Petit,Responsable Recrutement,champion,0.5278031643091577,clic email 06-16 (0.5278031643091577)
ENT-15522,CON-071808,Ines Ferrari,Head of People,buyer,0.6597539553864471,clic email 06-16 (0.6597539553864471)
ENT-06695,CON-032322,Sophie Vincent,Recruiter,utilisateur,0.3958523732318682,clic email 06-16 (0.3958523732318682)
ENT-00045,CON-062416,Antoine Fischer,,sans_titre,0.435275281648062,clic email 06-20 (0.435275281648062)
ENT-00045,CON-062418,Felix Fischer,Charge de recrutement,utilisateur,0.3958523732318682,clic email 06-16 (0.3958523732318682)
ENT-04603,CON-014182,Bastien Mercier,HR Manager,champion,0.5278031643091577,clic email 06-16 (0.5278031643091577)
ENT-03193,CON-075413,Laura Weber,Charge de recrutement,utilisateur,0.3958523732318682,clic email 06-16 (0.3958523732318682)
ENT-14882,CON-071395,Elena Fournier,HR Manager,champion,0.5278031643091577,clic email 06-16 (0.5278031643091577)
ENT-03696,CON-031445,Claire Visser,,sans_titre,0.32987697769322355,clic email 06-16 (0.32987697769322355)
ENT-15177,CON-041473,Emil Boyer,HRBP,champion,0.5278031643091577,clic email 06-16 (0.5278031643091577)
ENT-15177,CON-045284,Romain Chevalier,,sans_titre,0.2871745887492587,like LinkedIn 07-04 (0.2871745887492587)
ENT-06148,CON-072291,Florian Lambert,Chargee de recrutement,utilisateur,0.2968892799239012,commentaire LinkedIn 06-16 (0.2968892799239012)
ENT-06768,CON-032412,Alexandre Smit,Chargee de recrutement,utilisateur,0.3958523732318682,clic email 06-16 (0.3958523732318682)
ENT-11892,CON-035153,Maxime Visser,Chargee de recrutement,utilisateur,0.2968892799239012,commentaire LinkedIn 06-16 (0.2968892799239012)
ENT-14004,CON-035552,Anna Fischer,Talent Acquisition Specialist,utilisateur,0.3958523732318682,clic email 06-16 (0.3958523732318682)
ENT-07892,CON-055985,Emil Andre,Talent Acquisition Manager,champion,0.5278031643091577,clic email 06-16 (0.5278031643091577)
ENT-16040,CON-002579,Marta Chevalier,Office Manager,bruit,0.0,clic email 06-16 (0.0)
ENT-16907,CON-051395,Nora Andre,Executive Assistant,bruit,0.0,clic email 06-16 (0.0)
ENT-07471,CON-015420,Diego Andre,Executive Assistant,bruit,0.0,clic email 06-16 (0.0)
ENT-13996,CON-033252,Emma Jansen,Head of HR Operations,buyer,0.6597539553864471,clic email 06-16 (0.6597539553864471)
ENT-03040,CON-061178,Pablo Laurent,Compensation & Benefits Manager,champion,0.5278031643091577,clic email 06-16 (0.5278031643091577)
ENT-15928,CON-013976,Nicolas Andre,Talent Acquisition Manager,champion,5.053286563903063,clic email 06-16 (0.5278031643091577) · clic email 07-17 (4.525483399593905)
ENT-18549,CON-006391,Sarah Ferrari,Recruiter,utilisateur,0.3958523732318682,clic email 06-16 (0.3958523732318682)
ENT-16995,CON-040581,Jan Rossi,VP Human Resources,buyer,0.6597539553864471,clic email 06-16 (0.6597539553864471)
ENT-13168,CON-046323,Anais Guerin,Charge de recrutement,utilisateur,0.2968892799239012,commentaire LinkedIn 06-16 (0.2968892799239012)
ENT-01405,CON-007473,Diego Simon,HR Assistant,utilisateur,0.3958523732318682,clic email 06-16 (0.3958523732318682)
ENT-09728,CON-061879,Jan Roux,HR Manager,champion,0.13195079107728944,like LinkedIn 06-16 (0.13195079107728944)
ENT-20056,CON-062472,Lea Ferrari,People Ops Manager,champion,0.5278031643091577,clic email 06-16 (0.5278031643091577)
ENT-02685,CON-039541,Pauline Muller,COO,buyer,0.4948154665398353,commentaire LinkedIn 06-16 (0.4948154665398353)
ENT-05742,CON-040479,Chloe Blanc,Compensation & Benefits Manager,champion,0.13195079107728944,like LinkedIn 06-16 (0.13195079107728944)
ENT-17143,CON-040551,Bastien Serrano,HR Manager,champion,0.39585237323186834,commentaire LinkedIn 06-16 (0.39585237323186834)
ENT-10340,CON-048418,Maxime Fontaine,HR Officer,utilisateur,0.3958523732318682,clic email 06-16 (0.3958523732318682)
ENT-14222,CON-044320,Maxime Muller,Responsable Recrutement,champion,0.5278031643091577,clic email 06-16 (0.5278031643091577)
ENT-19778,CON-041438,Emil Petit,Talent Acquisition Manager,champion,0.5278031643091577,clic email 06-16 (0.5278031643091577)
ENT-15224,CON-044354,Pablo Fischer,Talent Acquisition Manager,champion,0.5278031643091577,clic email 06-16 (0.5278031643091577)
ENT-00525,CON-035616,Nora Bernard,CEO,buyer,0.6597539553864471,clic email 06-16 (0.6597539553864471)
ENT-08474,CON-037307,Nicolas Dubois,Compensation & Benefits Manager,champion,0.5278031643091577,clic email 06-16 (0.5278031643091577)
ENT-18615,CON-042866,Manon Smit,Chargee de recrutement,utilisateur,0.3958523732318682,clic email 06-16 (0.3958523732318682)
ENT-18595,CON-048032,Ines Vincent,People Ops Manager,champion,0.39585237323186834,commentaire LinkedIn 06-16 (0.39585237323186834)
ENT-10165,CON-038464,Nicolas Laurent,VP People,buyer,0.16493848884661177,like LinkedIn 06-16 (0.16493848884661177)
ENT-13969,CON-053825,Emil Lefebvre,VP People,buyer,0.6597539553864471,clic email 06-16 (0.6597539553864471)
ENT-05600,CON-034463,Lucas Guerin,Chargee de recrutement,utilisateur,0.2968892799239012,commentaire LinkedIn 06-16 (0.2968892799239012)
ENT-14909,CON-021048,Lucas Bernard,Talent Acquisition Specialist,utilisateur,0.3958523732318682,clic email 06-16 (0.3958523732318682)
ENT-05568,CON-017711,Quentin Chevalier,HR Business Partner,champion,0.5278031643091577,clic email 06-16 (0.5278031643091577)
ENT-09529,CON-060367,Nora Meyer,People Ops Manager,champion,1.8379173679952558,clic email 07-04 (1.8379173679952558)
ENT-09529,CON-060368,Jan Dupont,Head of HR Operations,buyer,0.7071067811865476,clic email 06-17 (0.7071067811865476)
ENT-06082,CON-072469,Marion Fontaine,Talent Acquisition Specialist,utilisateur,0.4242640687119285,clic email 06-17 (0.4242640687119285)
ENT-11320,CON-004109,Emil Leroy,Head of HR Operations,buyer,1.5157165665103982,clic email 06-28 (1.5157165665103982)
ENT-11320,CON-004112,Laura Jansen,VP Human Resources,buyer,0.7071067811865476,clic email 06-17 (0.7071067811865476)
ENT-13919,CON-069614,Anais Moreau,Responsable Recrutement,champion,0.5656854249492381,clic email 06-17 (0.5656854249492381)
ENT-14757,CON-043130,Sarah Lefebvre,Chargee de recrutement,utilisateur,1.5181980515339464,commentaire LinkedIn 06-17 (0.31819805153394637) · clic email 07-01 (1.2)
ENT-13848,CON-051049,Lucas Garcia,Head of Talent Acquisition,buyer,0.5303300858899107,commentaire LinkedIn 06-17 (0.5303300858899107)
ENT-16796,CON-044893,Hugo Mercier,HR Assistant,utilisateur,1.7103922237554803,clic email 06-17 (0.4242640687119285) · clic email 07-03 (1.2861281550435517)
ENT-16796,CON-014915,Femke Smit,HR Intern,bruit,0.0,clic email 07-18 (0.0) · clic email 07-19 (0.0)
ENT-04454,CON-050590,Emma Faure,HR Assistant,utilisateur,0.4242640687119285,clic email 06-17 (0.4242640687119285)
ENT-04454,CON-050589,Margaux Mercier,HR Intern,bruit,0.0,commentaire LinkedIn 06-24 (0.0)
ENT-15821,CON-011451,Marta Guerin,People Ops Manager,champion,0.5656854249492381,clic email 06-17 (0.5656854249492381)
ENT-06105,CON-023064,Pauline Lambert,Head of Talent Acquisition,buyer,0.7071067811865476,clic email 06-17 (0.7071067811865476)
ENT-18033,CON-009404,Margaux Simon,HR Intern,bruit,0.0,clic email 06-17 (0.0)
ENT-08564,CON-031253,Thomas Dupont,Charge de recrutement,utilisateur,0.4242640687119285,clic email 06-17 (0.4242640687119285)
ENT-19994,CON-030788,Antoine Lefebvre,Head of Talent Acquisition,buyer,6.498019170849885,clic email 07-19 (6.498019170849885)
ENT-19994,CON-030789,Lucas Visser,Executive Assistant,bruit,0.0,like LinkedIn 06-17 (0.0)
ENT-12269,CON-076455,Marta Blanc,Head of HR Operations,buyer,3.4822022531844965,clic email 07-10 (3.4822022531844965)
ENT-12269,CON-076457,Pierre Andre,HRBP,champion,0.4242640687119286,commentaire LinkedIn 06-17 (0.4242640687119286)
ENT-14384,CON-013012,Sarah Rossi,Talent Acquisition Specialist,utilisateur,0.4242640687119285,clic email 06-17 (0.4242640687119285)
ENT-17226,CON-056429,Sarah Guerin,Talent Acquisition Specialist,utilisateur,0.4242640687119285,clic email 06-17 (0.4242640687119285)
ENT-05249,CON-004876,Felix Guerin,VP People,buyer,2.8284271247461903,clic email 06-17 (0.7071067811865476) · commentaire LinkedIn 07-07 (2.121320343559643)
ENT-16732,CON-040217,Marion Muller,Talent Acquisition Specialist,utilisateur,3.3790106607397274,clic email 06-17 (0.4242640687119285) · clic email 07-15 (2.954746592027799)
ENT-11628,CON-009998,Marta Girard,Talent Acquisition Manager,champion,0.5656854249492381,clic email 06-17 (0.5656854249492381)
ENT-03743,CON-019912,Emil Garcia,Head of HR Operations,buyer,0.7071067811865476,clic email 06-17 (0.7071067811865476)
ENT-10687,CON-069958,Jan Andre,Talent Acquisition Specialist,utilisateur,0.4242640687119285,clic email 06-17 (0.4242640687119285)
ENT-10186,CON-043687,Ines Leroy,Compensation & Benefits Manager,champion,2.4251465064166373,clic email 07-08 (2.4251465064166373)
ENT-10186,CON-043689,Claire Navarro,Talent Acquisition Specialist,utilisateur,0.31819805153394637,commentaire LinkedIn 06-17 (0.31819805153394637)
ENT-16705,CON-064322,Romain Mercier,Head of Talent Acquisition,buyer,0.7071067811865476,clic email 06-17 (0.7071067811865476)
ENT-15191,CON-002899,Guillaume Dubois,Talent Acquisition Manager,champion,0.5656854249492381,clic email 06-17 (0.5656854249492381)
ENT-17428,CON-039925,Chloe Guerin,HR Officer,utilisateur,0.4242640687119285,clic email 06-17 (0.4242640687119285)
ENT-01306,CON-006976,Lucas Mercier,VP Human Resources,buyer,0.7071067811865476,clic email 06-17 (0.7071067811865476)
ENT-00538,CON-026675,Chloe Durand,Office Manager,bruit,0.0,clic email 06-17 (0.0)
ENT-04627,CON-019534,Marta Rossi,HR Manager,champion,0.5656854249492381,clic email 06-17 (0.5656854249492381)
ENT-14982,CON-070519,Jan Andre,People Ops Manager,champion,0.5656854249492381,clic email 06-17 (0.5656854249492381)
ENT-19587,CON-048625,Benjamin Navarro,HR Officer,utilisateur,0.4242640687119285,clic email 06-17 (0.4242640687119285)
ENT-05524,CON-045225,Sophie Martin,Chargee de recrutement,utilisateur,0.4242640687119285,clic email 06-17 (0.4242640687119285)
ENT-18037,CON-040718,Pauline Dubois,,sans_titre,0.3535533905932738,clic email 06-17 (0.3535533905932738)
ENT-09112,CON-054009,Anais Lefebvre,HR Officer,utilisateur,1.3888601849945923,clic email 06-17 (0.4242640687119285) · clic email 06-23 (0.6430640775217759) · like LinkedIn 07-03 (0.32153203876088793)
ENT-05093,CON-006866,Quentin Visser,HR Business Partner,champion,0.5656854249492381,clic email 06-17 (0.5656854249492381)
ENT-17761,CON-054902,Florian Laurent,People Ops Manager,champion,0.5656854249492381,clic email 06-17 (0.5656854249492381)
ENT-17423,CON-032788,Maxime Leroy,Head of Talent Acquisition,buyer,0.7071067811865476,clic email 06-17 (0.7071067811865476)
ENT-04226,CON-015328,Claire Blanc,HR Director,buyer,0.7071067811865476,clic email 06-17 (0.7071067811865476)
ENT-12953,CON-031032,Elena Andre,Office Manager,bruit,0.0,like LinkedIn 06-17 (0.0) · clic email 07-08 (0.0)
ENT-19053,CON-025222,Manon Lefebvre,Talent Acquisition Manager,champion,0.5656854249492381,clic email 06-17 (0.5656854249492381)
ENT-09912,CON-029725,Julie Martin,,sans_titre,2.8284271247461903,clic email 07-17 (2.8284271247461903)
ENT-09912,CON-029724,Antoine Girard,HRBP,champion,0.5656854249492381,clic email 06-17 (0.5656854249492381)
ENT-03802,CON-001394,Benjamin Bonnet,HR Manager,champion,0.5656854249492381,clic email 06-17 (0.5656854249492381)
ENT-18848,CON-070065,Camille Muller,HRBP,champion,0.8295870071038169,clic email 06-17 (0.5656854249492381) · like LinkedIn 06-26 (0.2639015821545789)
ENT-13349,CON-013594,Julie Jansen,People Ops Coordinator,utilisateur,0.4242640687119285,clic email 06-17 (0.4242640687119285)
ENT-00330,CON-014816,Hugo Garcia,HR Assistant,utilisateur,0.4242640687119285,clic email 06-17 (0.4242640687119285)
ENT-00192,CON-018739,Emma Fournier,,sans_titre,0.3535533905932738,clic email 06-17 (0.3535533905932738)
ENT-05324,CON-052326,Femke Simon,HR Manager,champion,0.5656854249492381,clic email 06-17 (0.5656854249492381)
ENT-13461,CON-009295,Pauline Vincent,Talent Acquisition Manager,champion,0.5656854249492381,clic email 06-17 (0.5656854249492381)
ENT-16773,CON-063597,Benjamin Girard,CHRO,buyer,0.7071067811865476,clic email 06-17 (0.7071067811865476)
ENT-10497,CON-047099,Emma Petit,Head of HR Operations,buyer,0.7071067811865476,clic email 06-17 (0.7071067811865476)
ENT-08818,CON-024515,Sarah Jansen,Chargee de recrutement,utilisateur,0.4242640687119285,clic email 06-17 (0.4242640687119285)
ENT-08818,CON-069404,Ines Simon,Responsable Recrutement,champion,0.30314331330207966,like LinkedIn 06-28 (0.30314331330207966)
ENT-02116,CON-068198,Femke Moreau,Talent Acquisition Manager,champion,0.5656854249492381,clic email 06-17 (0.5656854249492381)
ENT-13858,CON-015968,Anais Meyer,HR Assistant,utilisateur,0.10606601717798213,like LinkedIn 06-17 (0.10606601717798213)
ENT-13614,CON-021967,Anais Petit,,sans_titre,0.3535533905932738,clic email 06-17 (0.3535533905932738)
ENT-07123,CON-012310,Emma Rousseau,,sans_titre,0.3535533905932738,clic email 06-17 (0.3535533905932738)
ENT-15501,CON-018368,Florian Bonnet,HR Business Partner,champion,0.5656854249492381,clic email 06-17 (0.5656854249492381)
ENT-08392,CON-036114,Marion Bonnet,Responsable Recrutement,champion,2.1656854249492383,clic email 06-17 (0.5656854249492381) · clic email 07-02 (1.6)
ENT-16947,CON-074979,Anais Leroy,Directrice RH,buyer,1.0717734625362931,like LinkedIn 07-13 (1.0717734625362931)
ENT-16947,CON-074980,Lucas Vincent,Talent Acquisition Manager,champion,0.5656854249492381,clic email 06-17 (0.5656854249492381)
ENT-00806,CON-022573,Antoine Mercier,Talent Acquisition Specialist,utilisateur,0.4242640687119285,clic email 06-17 (0.4242640687119285)
ENT-18028,CON-052457,Nicolas Guerin,Responsable Recrutement,champion,0.5656854249492381,clic email 06-17 (0.5656854249492381)
ENT-10926,CON-009478,Maxime Boyer,Charge de recrutement,utilisateur,0.900856022386924,commentaire LinkedIn 06-18 (0.3410362274648396) · clic email 06-21 (0.5598197949220844)
ENT-00678,CON-048802,Alexandre Fournier,HR Assistant,utilisateur,0.45471496995311944,clic email 06-18 (0.45471496995311944)
ENT-12901,CON-065721,Vincent Bernard,Executive Assistant,bruit,0.0,like LinkedIn 06-18 (0.0)
ENT-19327,CON-038912,Felix Moreau,Talent Acquisition Manager,champion,4.222425314473262,clic email 07-16 (4.222425314473262)
ENT-19327,CON-012027,Maxime Faure,,sans_titre,0.09473228540689989,like LinkedIn 06-18 (0.09473228540689989)
ENT-19999,CON-046809,Thomas Guerin,Responsable Recrutement,champion,0.45471496995311955,commentaire LinkedIn 06-18 (0.45471496995311955)
ENT-16047,CON-049530,Sarah Visser,Recruiter,utilisateur,1.0145347648752039,clic email 06-18 (0.45471496995311944) · clic email 06-21 (0.5598197949220844)
ENT-07684,CON-018869,Maxime Jansen,HR Officer,utilisateur,0.45471496995311944,clic email 06-18 (0.45471496995311944)
ENT-16256,CON-020237,Pierre Moreau,Executive Assistant,bruit,0.0,clic email 06-18 (0.0)
ENT-04378,CON-018365,Manon Rousseau,HR Business Partner,champion,0.6062866266041593,clic email 06-18 (0.6062866266041593)
ENT-11767,CON-050053,Pierre Garcia,Directrice RH,buyer,0.7578582832551991,clic email 06-18 (0.7578582832551991)
ENT-09505,CON-024680,Florian Jansen,Talent Acquisition Specialist,utilisateur,3.394112549695428,clic email 07-17 (3.394112549695428)
ENT-09505,CON-044186,Laura Garcia,,sans_titre,3.178028116238022,clic email 06-18 (0.37892914162759955) · commentaire LinkedIn 07-21 (2.7990989746104225)
ENT-13678,CON-062452,Lucas Visser,Head of Talent Acquisition,buyer,0.7578582832551991,clic email 06-18 (0.7578582832551991)
ENT-06713,CON-057306,Emma Girard,Recruiter,utilisateur,0.45471496995311944,clic email 06-18 (0.45471496995311944)
ENT-13709,CON-025627,Bastien Petit,VP People,buyer,0.7578582832551991,clic email 06-18 (0.7578582832551991)
ENT-10445,CON-042448,Lucas Simon,HR Assistant,utilisateur,0.45471496995311944,clic email 06-18 (0.45471496995311944)
ENT-15901,CON-047408,Hugo Rousseau,,sans_titre,0.37892914162759955,clic email 06-18 (0.37892914162759955)
ENT-08778,CON-060969,Florian Fournier,Office Manager,bruit,0.0,like LinkedIn 06-18 (0.0)
ENT-18115,CON-035199,Julie Laurent,HR Manager,champion,0.6062866266041593,clic email 06-18 (0.6062866266041593)
ENT-14469,CON-033464,Emma Jansen,People Ops Coordinator,utilisateur,0.11367874248827986,like LinkedIn 06-18 (0.11367874248827986)
ENT-03224,CON-020271,Sophie Vincent,HR Intern,bruit,0.0,clic email 06-18 (0.0)
ENT-09499,CON-043729,Manon Vincent,CEO,buyer,0.7578582832551991,clic email 06-18 (0.7578582832551991)
ENT-15688,CON-042727,Nora Serrano,HRBP,champion,0.45471496995311955,commentaire LinkedIn 06-18 (0.45471496995311955)
ENT-03907,CON-071730,Claire Rossi,HR Business Partner,champion,0.6062866266041593,clic email 06-18 (0.6062866266041593)
ENT-07096,CON-007385,Pierre Jansen,Charge de recrutement,utilisateur,1.3032431073769764,clic email 06-18 (0.45471496995311944) · like LinkedIn 07-17 (0.848528137423857)
ENT-10622,CON-026691,Sophie Visser,,sans_titre,0.37892914162759955,clic email 06-18 (0.37892914162759955)
ENT-17720,CON-007866,Marion Simon,Directeur RH,buyer,0.7578582832551991,clic email 06-18 (0.7578582832551991)
ENT-12739,CON-043095,Julien Ferrari,HR Assistant,utilisateur,0.45471496995311944,clic email 06-18 (0.45471496995311944)
ENT-07234,CON-056767,Emil Bernard,Directrice RH,buyer,0.18946457081379978,like LinkedIn 06-18 (0.18946457081379978)
ENT-13245,CON-046549,Quentin Lefebvre,Charge de recrutement,utilisateur,1.949405751254965,clic email 07-09 (1.949405751254965)
ENT-13245,CON-046550,Guillaume Smit,Responsable Recrutement,champion,0.15157165665103983,like LinkedIn 06-18 (0.15157165665103983)
ENT-12427,CON-019854,Emil Meyer,HR Intern,bruit,0.0,like LinkedIn 06-18 (0.0)
ENT-20403,CON-046984,Sophie Bernard,,sans_titre,0.2841968562206997,commentaire LinkedIn 06-18 (0.2841968562206997)
ENT-16748,CON-028456,Lars Fischer,Head of HR Operations,buyer,0.7578582832551991,clic email 06-18 (0.7578582832551991)
ENT-12006,CON-065604,Anais Michel,Office Manager,bruit,0.0,commentaire LinkedIn 06-18 (0.0)
ENT-01495,CON-013271,Pablo Dupont,,sans_titre,0.37892914162759955,clic email 06-18 (0.37892914162759955)
ENT-16363,CON-042546,Sophie Ferrari,Talent Acquisition Specialist,utilisateur,0.3410362274648396,commentaire LinkedIn 06-18 (0.3410362274648396)
ENT-12254,CON-013776,Elise Laurent,Talent Acquisition Manager,champion,0.6062866266041593,clic email 06-18 (0.6062866266041593)
ENT-09057,CON-041957,Claire Navarro,Head of HR Operations,buyer,0.7578582832551991,clic email 06-18 (0.7578582832551991)
ENT-04024,CON-008574,Emma Garcia,Office Manager,bruit,0.0,commentaire LinkedIn 06-18 (0.0)
ENT-01837,CON-030527,Anna Chevalier,HR Manager,champion,1.9698310613518661,clic email 07-05 (1.9698310613518661)
ENT-01837,CON-030528,Jonas Simon,Charge de recrutement,utilisateur,0.45471496995311944,clic email 06-18 (0.45471496995311944)
ENT-08037,CON-064757,Quentin Petit,COO,buyer,0.18946457081379978,like LinkedIn 06-18 (0.18946457081379978)
ENT-20301,CON-008086,Elise Faure,Compensation & Benefits Manager,champion,0.6062866266041593,clic email 06-18 (0.6062866266041593)
ENT-11310,CON-056982,Felix Bernard,Talent Acquisition Manager,champion,0.6062866266041593,clic email 06-18 (0.6062866266041593)
ENT-11145,CON-025794,Felix Girard,People Ops Coordinator,utilisateur,0.45471496995311944,clic email 06-18 (0.45471496995311944)
ENT-14594,CON-046845,Pauline Girard,Compensation & Benefits Manager,champion,4.525483399593905,clic email 07-17 (4.525483399593905)
ENT-14594,CON-046844,Bastien Andre,Charge de recrutement,utilisateur,0.45471496995311944,clic email 06-18 (0.45471496995311944)
ENT-10782,CON-041097,Romain Laurent,HR Assistant,utilisateur,0.45471496995311944,clic email 06-18 (0.45471496995311944)
ENT-20341,CON-055294,Florian Navarro,People Ops Coordinator,utilisateur,1.6547149699531194,clic email 06-18 (0.45471496995311944) · clic email 07-01 (1.2)
ENT-18571,CON-045581,Bastien Michel,People Ops Coordinator,utilisateur,0.45471496995311944,clic email 06-18 (0.45471496995311944)
ENT-11338,CON-062609,Sophie Petit,Talent Acquisition Specialist,utilisateur,1.697056274847714,clic email 07-07 (1.697056274847714)
ENT-11338,CON-062611,Nora Fischer,Chargee de recrutement,utilisateur,0.45471496995311944,clic email 06-18 (0.45471496995311944)
ENT-16154,CON-012656,Marion Leroy,Executive Assistant,bruit,0.0,clic email 06-18 (0.0)
ENT-01363,CON-009410,Felix Faure,People Ops Coordinator,utilisateur,4.178642703821396,clic email 07-20 (4.178642703821396)
ENT-01363,CON-047165,Julie Blanc,Executive Assistant,bruit,0.0,clic email 06-18 (0.0)
ENT-06656,CON-012546,Julien Vincent,Recruiter,utilisateur,0.45471496995311944,clic email 06-18 (0.45471496995311944)
ENT-13590,CON-040528,Benjamin Mercier,People Ops Manager,champion,1.1371533548987298,commentaire LinkedIn 06-19 (0.4873514378137414) · clic email 06-19 (0.6498019170849885)
ENT-06722,CON-002852,Pierre Serrano,HR Manager,champion,0.6498019170849885,clic email 06-19 (0.6498019170849885)
ENT-13935,CON-065116,Hugo Dupont,CHRO,buyer,3.9585237323186826,commentaire LinkedIn 07-16 (3.9585237323186826)
ENT-13935,CON-065117,Julien Boyer,HRBP,champion,0.6498019170849885,clic email 06-19 (0.6498019170849885)
ENT-19037,CON-076377,Felix Lambert,Head of Talent Acquisition,buyer,0.6091892972671766,commentaire LinkedIn 06-19 (0.6091892972671766)
ENT-10379,CON-000527,Sophie Fischer,Head of Talent Acquisition,buyer,0.2030630990890589,like LinkedIn 06-19 (0.2030630990890589)
ENT-17150,CON-053992,Quentin Visser,,sans_titre,0.4061261981781178,clic email 06-19 (0.4061261981781178)
ENT-07493,CON-027825,Julien Dubois,Talent Acquisition Specialist,utilisateur,0.48735143781374135,clic email 06-19 (0.48735143781374135)
ENT-01936,CON-075339,Camille Jansen,People Ops Manager,champion,4.566934569531062,clic email 06-19 (0.6498019170849885) · clic email 07-10 (2.785761802547597) · like LinkedIn 07-17 (1.1313708498984762)
ENT-06916,CON-047957,Claire Martin,,sans_titre,0.4061261981781178,clic email 06-19 (0.4061261981781178)
ENT-00008,CON-058539,Claire Faure,HRBP,champion,5.198415336679908,clic email 07-19 (5.198415336679908)
ENT-00008,CON-058538,Chloe Garcia,Responsable Recrutement,champion,0.6498019170849885,clic email 06-19 (0.6498019170849885)
ENT-17063,CON-046167,Claire Dubois,HR Assistant,utilisateur,0.48735143781374135,clic email 06-19 (0.48735143781374135)
ENT-08229,CON-041133,Alexandre Serrano,Charge de recrutement,utilisateur,0.48735143781374135,clic email 06-19 (0.48735143781374135)
ENT-05651,CON-068153,Camille Weber,Office Manager,bruit,0.0,clic email 06-19 (0.0) · commentaire LinkedIn 06-30 (0.0)
ENT-17834,CON-042984,Anna Guerin,Talent Acquisition Specialist,utilisateur,0.36551357836030596,commentaire LinkedIn 06-19 (0.36551357836030596)
ENT-00774,CON-026360,Camille Serrano,People Ops Coordinator,utilisateur,0.9747028756274827,clic email 06-19 (0.48735143781374135) · clic email 06-19 (0.48735143781374135)
ENT-19392,CON-005334,Guillaume Boyer,People Ops Coordinator,utilisateur,1.2861281550435517,clic email 07-03 (1.2861281550435517)
ENT-19392,CON-005335,Anais Faure,HR Officer,utilisateur,0.48735143781374135,clic email 06-19 (0.48735143781374135)
ENT-19836,CON-010046,Nora Rossi,Talent Acquisition Manager,champion,0.6498019170849885,clic email 06-19 (0.6498019170849885)
ENT-05471,CON-011410,Thomas Navarro,HR Intern,bruit,0.0,clic email 06-19 (0.0)
ENT-07011,CON-000804,Marta Navarro,HRBP,champion,0.6498019170849885,clic email 06-19 (0.6498019170849885)
ENT-15085,CON-029209,Vincent Simon,,sans_titre,0.3045946486335883,commentaire LinkedIn 06-19 (0.3045946486335883)
ENT-14812,CON-010497,Maxime Lefebvre,HR Assistant,utilisateur,1.5953814098241659,clic email 06-19 (0.48735143781374135) · commentaire LinkedIn 07-05 (1.1080299720104245)
ENT-20154,CON-041550,Pauline Rossi,Talent Acquisition Specialist,utilisateur,0.48735143781374135,clic email 06-19 (0.48735143781374135)
ENT-02270,CON-033144,Claire Mercier,HR Intern,bruit,0.0,clic email 06-19 (0.0)
ENT-02908,CON-007900,Benjamin Blanc,Chargee de recrutement,utilisateur,0.48735143781374135,clic email 06-19 (0.48735143781374135)
ENT-04063,CON-045453,Benjamin Bonnet,Office Manager,bruit,0.0,like LinkedIn 06-19 (0.0)
ENT-05708,CON-012786,Sophie Bernard,Office Manager,bruit,0.0,like LinkedIn 06-19 (0.0)
ENT-10488,CON-023722,Felix Smit,Office Manager,bruit,0.0,clic email 06-19 (0.0)
ENT-05255,CON-010252,Julien Meyer,VP People,buyer,0.8122523963562356,clic email 06-19 (0.8122523963562356)
ENT-12674,CON-020031,Jonas Petit,COO,buyer,0.8122523963562356,clic email 06-19 (0.8122523963562356)
ENT-02056,CON-025870,Alexandre Bernard,Recruiter,utilisateur,0.48735143781374135,clic email 06-19 (0.48735143781374135)
ENT-07993,CON-055245,Pauline Simon,HR Intern,bruit,0.0,like LinkedIn 06-19 (0.0)
ENT-02195,CON-001272,Femke Dupont,Head of Talent Acquisition,buyer,2.2973967099940698,clic email 07-04 (2.2973967099940698)
ENT-02195,CON-011566,Emil Guerin,VP Human Resources,buyer,0.8122523963562356,clic email 06-19 (0.8122523963562356)
ENT-17868,CON-045072,Maxime Dupont,HR Manager,champion,1.507220687114023,clic email 06-19 (0.6498019170849885) · like LinkedIn 07-13 (0.8574187700290345)
ENT-16728,CON-023554,Margaux Smit,Chargee de recrutement,utilisateur,0.48735143781374135,clic email 06-19 (0.48735143781374135)
ENT-17495,CON-019458,Femke Chevalier,Head of People,buyer,0.6091892972671766,commentaire LinkedIn 06-19 (0.6091892972671766)
ENT-14283,CON-046729,Camille Smit,Recruiter,utilisateur,2.4,clic email 07-12 (2.4)
ENT-14283,CON-046730,Nicolas Petit,Charge de recrutement,utilisateur,0.48735143781374135,clic email 06-19 (0.48735143781374135)
ENT-13121,CON-051470,Camille Martin,Office Manager,bruit,0.0,clic email 06-19 (0.0)
ENT-00789,CON-072082,Maxime Mercier,Talent Acquisition Specialist,utilisateur,0.48735143781374135,clic email 06-19 (0.48735143781374135)
ENT-19887,CON-052965,Lars Serrano,HR Assistant,utilisateur,0.48735143781374135,clic email 06-19 (0.48735143781374135)
ENT-09616,CON-048895,Julie Rousseau,Head of HR Operations,buyer,0.8122523963562356,clic email 06-19 (0.8122523963562356)
ENT-04601,CON-076133,Pauline Fischer,Chargee de recrutement,utilisateur,0.48735143781374135,clic email 06-19 (0.48735143781374135)
ENT-02882,CON-055112,Anais Andre,HR Manager,champion,0.6498019170849885,clic email 06-19 (0.6498019170849885)
ENT-18386,CON-018243,Elise Michel,People Ops Coordinator,utilisateur,0.48735143781374135,clic email 06-19 (0.48735143781374135)
ENT-19784,CON-051137,Diego Moreau,Responsable Recrutement,champion,0.6498019170849885,clic email 06-19 (0.6498019170849885)
ENT-02867,CON-013357,Lea Rousseau,Office Manager,bruit,0.0,clic email 06-19 (0.0) · commentaire LinkedIn 06-19 (0.0)
ENT-06836,CON-017349,Nicolas Serrano,Recruiter,utilisateur,0.48735143781374135,clic email 06-19 (0.48735143781374135)
ENT-12219,CON-014713,Jonas Laurent,VP Human Resources,buyer,0.8122523963562356,clic email 06-19 (0.8122523963562356)
ENT-03100,CON-040520,Sanne Petit,HR Business Partner,champion,0.6498019170849885,clic email 06-19 (0.6498019170849885)
ENT-07795,CON-016672,Florian Vincent,HRBP,champion,0.6498019170849885,clic email 06-19 (0.6498019170849885)
ENT-02070,CON-037418,Elena Andre,Directrice RH,buyer,0.8122523963562356,clic email 06-19 (0.8122523963562356)
ENT-04752,CON-002478,Claire Rossi,HR Officer,utilisateur,1.2749435182665447,commentaire LinkedIn 06-19 (0.36551357836030596) · clic email 06-28 (0.9094299399062389)
ENT-03826,CON-053820,Greta Garnier,Chargee de recrutement,utilisateur,0.48735143781374135,clic email 06-19 (0.48735143781374135)
ENT-09510,CON-012130,Jan Smit,Head of People,buyer,0.8122523963562356,clic email 06-19 (0.8122523963562356)
ENT-20480,CON-058486,Marta Laurent,HR Intern,bruit,0.0,clic email 06-19 (0.0)
ENT-14721,CON-036944,Quentin Visser,HR Assistant,utilisateur,0.48735143781374135,clic email 06-19 (0.48735143781374135)
ENT-14374,CON-044185,Femke Jansen,,sans_titre,2.6390158215457884,clic email 07-16 (2.6390158215457884)
ENT-14374,CON-044184,Jan Navarro,VP People,buyer,0.8122523963562356,clic email 06-19 (0.8122523963562356)
ENT-15380,CON-073130,Nicolas Weber,Head of Talent Acquisition,buyer,0.8122523963562356,clic email 06-19 (0.8122523963562356)
ENT-11552,CON-044121,Pauline Garcia,HR Assistant,utilisateur,0.48735143781374135,clic email 06-19 (0.48735143781374135)
ENT-04823,CON-072494,Ines Faure,Head of Talent Acquisition,buyer,0.8122523963562356,clic email 06-19 (0.8122523963562356)
ENT-17195,CON-040448,Nicolas Chevalier,HR Manager,champion,0.4873514378137414,commentaire LinkedIn 06-19 (0.4873514378137414)
ENT-06196,CON-016492,Vincent Dupont,HR Assistant,utilisateur,0.48735143781374135,clic email 06-19 (0.48735143781374135)
ENT-06196,CON-006387,Sophie Faure,Responsable Recrutement,champion,0.34822022531844965,like LinkedIn 06-30 (0.34822022531844965)
ENT-16528,CON-025470,Jan Leroy,Chargee de recrutement,utilisateur,0.48735143781374135,clic email 06-19 (0.48735143781374135)
ENT-13581,CON-066903,Sanne Martin,HR Manager,champion,0.6498019170849885,clic email 06-19 (0.6498019170849885)
ENT-03574,CON-018608,Chloe Roux,Office Manager,bruit,0.0,clic email 06-19 (0.0)
ENT-09097,CON-014514,Jonas Smit,Office Manager,bruit,0.0,clic email 06-19 (0.0)
ENT-13841,CON-025220,Thomas Faure,Chargee de recrutement,utilisateur,0.5223303379776744,clic email 06-20 (0.5223303379776744)
ENT-18676,CON-060919,Pauline Andre,VP People,buyer,0.217637640824031,like LinkedIn 06-20 (0.217637640824031)
ENT-01605,CON-003647,Marta Roux,,sans_titre,0.435275281648062,clic email 06-20 (0.435275281648062)
ENT-10471,CON-053289,Elena Fontaine,People Ops Coordinator,utilisateur,0.5223303379776744,clic email 06-20 (0.5223303379776744)
ENT-13190,CON-072554,Manon Girard,Compensation & Benefits Manager,champion,0.6964404506368993,clic email 06-20 (0.6964404506368993)
ENT-19845,CON-076519,Quentin Vincent,Head of HR Operations,buyer,0.870550563296124,clic email 06-20 (0.870550563296124)
ENT-05595,CON-007683,Sophie Meyer,Head of People,buyer,0.870550563296124,clic email 06-20 (0.870550563296124)
ENT-11671,CON-056403,Laura Jansen,HR Assistant,utilisateur,1.808458493021226,clic email 06-20 (0.5223303379776744) · clic email 07-03 (1.2861281550435517)
ENT-09172,CON-007499,Anais Leroy,HRBP,champion,0.6964404506368993,clic email 06-20 (0.6964404506368993)
ENT-16536,CON-035271,Guillaume Serrano,HR Business Partner,champion,4.525483399593905,clic email 07-17 (4.525483399593905)
ENT-16536,CON-074804,Sarah Laurent,Executive Assistant,bruit,0.0,clic email 06-20 (0.0)
ENT-08291,CON-054669,Julie Martin,Head of HR Operations,buyer,0.870550563296124,clic email 06-20 (0.870550563296124)
ENT-00618,CON-018041,Chloe Faure,Chargee de recrutement,utilisateur,2.3411902177901522,clic email 06-20 (0.5223303379776744) · clic email 07-08 (1.8188598798124778)
ENT-12442,CON-033300,Quentin Dupont,HR Intern,bruit,0.0,clic email 06-20 (0.0)
ENT-18489,CON-011924,Diego Lefebvre,,sans_titre,3.2637024063942524,clic email 06-20 (0.435275281648062) · clic email 07-17 (2.8284271247461903)
ENT-13905,CON-015877,Sophie Martin,CHRO,buyer,0.870550563296124,clic email 06-20 (0.870550563296124)
ENT-10651,CON-025393,Sanne Simon,HR Manager,champion,0.6964404506368993,clic email 06-20 (0.6964404506368993)
ENT-03477,CON-051168,Marion Dupont,People Ops Manager,champion,0.6964404506368993,clic email 06-20 (0.6964404506368993)
ENT-17849,CON-010271,Pablo Fischer,People Ops Coordinator,utilisateur,0.39174775348325575,commentaire LinkedIn 06-20 (0.39174775348325575)
ENT-16409,CON-039968,Chloe Fontaine,Charge de recrutement,utilisateur,2.7917477534832558,commentaire LinkedIn 06-20 (0.39174775348325575) · clic email 07-12 (2.4)
ENT-16409,CON-039969,Diego Dupont,HR Assistant,utilisateur,2.728289819718716,commentaire LinkedIn 07-18 (2.728289819718716)
ENT-10752,CON-013133,Pierre Smit,People Ops Manager,champion,3.2,clic email 07-12 (3.2)
ENT-10752,CON-013128,Laura Simon,,sans_titre,0.1088188204120155,like LinkedIn 06-20 (0.1088188204120155)
ENT-06583,CON-064323,Romain Michel,Charge de recrutement,utilisateur,0.5223303379776744,clic email 06-20 (0.5223303379776744)
ENT-06882,CON-019694,Pablo Meyer,HR Manager,champion,1.0315288826882594,like LinkedIn 06-20 (0.17411011265922482) · clic email 06-23 (0.8574187700290345)
ENT-06322,CON-006697,Pierre Serrano,Compensation & Benefits Manager,champion,0.5223303379776745,commentaire LinkedIn 06-20 (0.5223303379776745)
ENT-01645,CON-076335,Elena Leroy,Head of Talent Acquisition,buyer,3.0314331330207964,clic email 07-08 (3.0314331330207964)
ENT-01645,CON-048024,Pablo Chevalier,HRBP,champion,0.17411011265922482,like LinkedIn 06-20 (0.17411011265922482)
ENT-01645,CON-048025,Nicolas Dubois,HR Intern,bruit,0.0,clic email 07-04 (0.0)
ENT-02141,CON-014704,Anais Chevalier,Talent Acquisition Specialist,utilisateur,0.5223303379776744,clic email 06-20 (0.5223303379776744)
ENT-13005,CON-066487,Lea Serrano,Directrice RH,buyer,0.870550563296124,clic email 06-20 (0.870550563296124)
ENT-00218,CON-058717,Margaux Meyer,Charge de recrutement,utilisateur,0.5223303379776744,clic email 06-20 (0.5223303379776744)
ENT-19614,CON-035018,Quentin Serrano,People Ops Coordinator,utilisateur,0.5223303379776744,clic email 06-20 (0.5223303379776744)
ENT-13643,CON-058243,Jonas Faure,Compensation & Benefits Manager,champion,0.6964404506368993,clic email 06-20 (0.6964404506368993)
ENT-13086,CON-074331,Nora Boyer,People Ops Manager,champion,0.6964404506368993,clic email 06-20 (0.6964404506368993)
ENT-14528,CON-007065,Julien Visser,Executive Assistant,bruit,0.0,commentaire LinkedIn 06-20 (0.0) · clic email 06-27 (0.0)
ENT-05670,CON-001607,Claire Moreau,HR Business Partner,champion,0.17411011265922482,like LinkedIn 06-20 (0.17411011265922482)
ENT-01135,CON-015601,Benjamin Mercier,Head of Talent Acquisition,buyer,0.870550563296124,clic email 06-20 (0.870550563296124)
ENT-18767,CON-057813,Sophie Navarro,Office Manager,bruit,0.0,clic email 06-20 (0.0)
ENT-02925,CON-033745,Florian Bernard,Chargee de recrutement,utilisateur,0.5223303379776744,clic email 06-20 (0.5223303379776744)
ENT-16085,CON-033953,Anna Navarro,Charge de recrutement,utilisateur,0.5223303379776744,clic email 06-20 (0.5223303379776744)
ENT-06271,CON-007842,Diego Jansen,HR Business Partner,champion,0.6964404506368993,clic email 06-20 (0.6964404506368993)
ENT-19445,CON-054806,Julie Bernard,Chief People Officer,buyer,2.1435469250725863,clic email 07-03 (2.1435469250725863)
ENT-19445,CON-054807,Emma Roux,HR Officer,utilisateur,0.5223303379776744,clic email 06-20 (0.5223303379776744)
ENT-09582,CON-011237,Vincent Serrano,Talent Acquisition Specialist,utilisateur,0.5223303379776744,clic email 06-20 (0.5223303379776744)
ENT-08631,CON-042787,Benjamin Guerin,Head of HR Operations,buyer,0.870550563296124,clic email 06-20 (0.870550563296124)
ENT-08420,CON-040685,Jonas Garnier,HR Assistant,utilisateur,0.5223303379776744,clic email 06-20 (0.5223303379776744)
ENT-11816,CON-057940,Laura Faure,HR Business Partner,champion,2.2371678780357436,commentaire LinkedIn 06-20 (0.5223303379776745) · clic email 07-03 (1.714837540058069)
ENT-20188,CON-011853,Jan Mercier,COO,buyer,0.870550563296124,clic email 06-20 (0.870550563296124)
ENT-00102,CON-041289,Pauline Girard,HR Manager,champion,0.6964404506368993,clic email 06-20 (0.6964404506368993)
ENT-11709,CON-074212,Camille Navarro,HR Business Partner,champion,5.546733463470173,clic email 06-20 (0.6964404506368993) · clic email 07-18 (4.850293012833274)
ENT-04624,CON-057018,Lucas Smit,Chargee de recrutement,utilisateur,0.5223303379776744,clic email 06-20 (0.5223303379776744)
ENT-16220,CON-013395,Sarah Laurent,COO,buyer,0.9330329915368074,clic email 06-21 (0.9330329915368074)
ENT-11541,CON-066634,Benjamin Weber,,sans_titre,2.4622888266898326,clic email 07-15 (2.4622888266898326)
ENT-11541,CON-075110,Emil Martin,Executive Assistant,bruit,0.0,clic email 06-21 (0.0)
ENT-04088,CON-067513,Greta Visser,Responsable Recrutement,champion,1.6653850772270742,clic email 06-21 (0.7464263932294459) · clic email 06-24 (0.9189586839976281)
ENT-01064,CON-046414,Lars Garnier,Charge de recrutement,utilisateur,0.5598197949220844,clic email 06-21 (0.5598197949220844)
ENT-00405,CON-053624,Femke Rousseau,Compensation & Benefits Manager,champion,1.9698310613518661,clic email 07-05 (1.9698310613518661)
ENT-00405,CON-053625,Femke Visser,People Ops Coordinator,utilisateur,0.5598197949220844,clic email 06-21 (0.5598197949220844)
ENT-16788,CON-005875,Ines Leroy,Recruiter,utilisateur,0.1399549487305211,like LinkedIn 06-21 (0.1399549487305211)
ENT-17969,CON-068993,Bastien Rossi,Head of Talent Acquisition,buyer,0.9330329915368074,clic email 06-21 (0.9330329915368074)
ENT-12532,CON-056120,Margaux Vincent,VP People,buyer,0.9330329915368074,clic email 06-21 (0.9330329915368074)
ENT-09798,CON-072509,Quentin Dubois,People Ops Manager,champion,0.18660659830736148,like LinkedIn 06-21 (0.18660659830736148)
ENT-12668,CON-006092,Antoine Lambert,HR Assistant,utilisateur,0.1399549487305211,like LinkedIn 06-21 (0.1399549487305211)
ENT-08325,CON-031691,Lars Andre,Responsable Recrutement,champion,0.7464263932294459,clic email 06-21 (0.7464263932294459)
ENT-14426,CON-008245,Anna Dubois,Charge de recrutement,utilisateur,0.5598197949220844,clic email 06-21 (0.5598197949220844)
ENT-07592,CON-011302,Felix Bernard,Directrice RH,buyer,0.9330329915368074,clic email 06-21 (0.9330329915368074)
ENT-02443,CON-011169,Bastien Rossi,Office Manager,bruit,0.0,clic email 06-21 (0.0)
ENT-00593,CON-008214,Marion Bernard,Directrice RH,buyer,0.9330329915368074,clic email 06-21 (0.9330329915368074)
ENT-19376,CON-003188,Benjamin Muller,Responsable Recrutement,champion,0.7464263932294459,clic email 06-21 (0.7464263932294459)
ENT-02184,CON-062084,Pierre Ferrari,Chargee de recrutement,utilisateur,0.5598197949220844,clic email 06-21 (0.5598197949220844)
ENT-18918,CON-034902,Sanne Mercier,Chargee de recrutement,utilisateur,2.9241086268824477,commentaire LinkedIn 07-19 (2.9241086268824477)
ENT-18918,CON-038997,Hugo Lambert,VP Human Resources,buyer,1.7230475324955523,commentaire LinkedIn 07-04 (1.7230475324955523)
ENT-18918,CON-034900,Pierre Jansen,HR Officer,utilisateur,0.5598197949220844,clic email 06-21 (0.5598197949220844)
ENT-04914,CON-045041,Alexandre Bernard,Chief People Officer,buyer,0.9330329915368074,clic email 06-21 (0.9330329915368074)
ENT-10854,CON-011538,Nicolas Petit,Compensation & Benefits Manager,champion,4.422261129219958,clic email 06-21 (0.7464263932294459) · clic email 07-14 (3.6758347359905117)
ENT-07271,CON-033345,Guillaume Boyer,Charge de recrutement,utilisateur,0.4198648461915633,commentaire LinkedIn 06-21 (0.4198648461915633)
ENT-15890,CON-038302,Anais Boyer,Chargee de recrutement,utilisateur,0.5598197949220844,clic email 06-21 (0.5598197949220844)
ENT-18668,CON-057525,Anna Smit,Talent Acquisition Specialist,utilisateur,0.1399549487305211,like LinkedIn 06-21 (0.1399549487305211)
ENT-13300,CON-005894,Nora Leroy,Talent Acquisition Specialist,utilisateur,0.5598197949220844,clic email 06-21 (0.5598197949220844)
ENT-11790,CON-055438,Bastien Boyer,People Ops Manager,champion,0.7464263932294459,clic email 06-21 (0.7464263932294459)
ENT-07464,CON-016918,Pierre Durand,Executive Assistant,bruit,0.0,clic email 06-21 (0.0)
ENT-02160,CON-010653,Lars Leroy,Directrice RH,buyer,5.80654736967422,clic email 06-21 (0.9330329915368074) · commentaire LinkedIn 07-19 (4.873514378137413)
ENT-06608,CON-075061,Elena Boyer,Chargee de recrutement,utilisateur,0.5598197949220844,clic email 06-21 (0.5598197949220844)
ENT-13031,CON-018323,Julie Garnier,HR Intern,bruit,0.0,clic email 06-21 (0.0)
ENT-04569,CON-071455,Vincent Chevalier,People Ops Coordinator,utilisateur,0.5598197949220844,clic email 06-21 (0.5598197949220844)
ENT-02392,CON-052227,Guillaume Visser,People Ops Coordinator,utilisateur,2.7568760519928834,clic email 07-14 (2.7568760519928834)
ENT-02392,CON-003427,Jonas Andre,Talent Acquisition Manager,champion,0.7464263932294459,clic email 06-21 (0.7464263932294459)
ENT-15336,CON-053387,Quentin Chevalier,COO,buyer,0.9330329915368074,clic email 06-21 (0.9330329915368074)
ENT-03522,CON-052280,Hugo Durand,HR Intern,bruit,0.0,clic email 06-21 (0.0)
ENT-03047,CON-071995,Manon Chevalier,Executive Assistant,bruit,0.0,clic email 06-21 (0.0)
ENT-15184,CON-071161,Antoine Blanc,People Ops Coordinator,utilisateur,0.5598197949220844,clic email 06-21 (0.5598197949220844)
ENT-18344,CON-055884,Romain Fontaine,Talent Acquisition Specialist,utilisateur,0.5598197949220844,clic email 06-21 (0.5598197949220844)
ENT-19095,CON-001933,Laura Roux,,sans_titre,0.3498873718263028,commentaire LinkedIn 06-21 (0.3498873718263028)
ENT-12323,CON-076342,Felix Muller,Directrice RH,buyer,0.9330329915368074,clic email 06-21 (0.9330329915368074)
ENT-06122,CON-058375,Nora Fournier,HR Business Partner,champion,0.7464263932294459,clic email 06-21 (0.7464263932294459)
ENT-09105,CON-002431,Benjamin Andre,Talent Acquisition Specialist,utilisateur,0.5598197949220844,clic email 06-21 (0.5598197949220844)
ENT-13909,CON-032927,Claire Garnier,HR Assistant,utilisateur,0.5598197949220844,clic email 06-21 (0.5598197949220844)
ENT-12430,CON-065004,Chloe Andre,HR Assistant,utilisateur,0.5598197949220844,clic email 06-21 (0.5598197949220844)
ENT-06817,CON-065348,Hugo Garnier,Charge de recrutement,utilisateur,0.1399549487305211,like LinkedIn 06-21 (0.1399549487305211)
ENT-15593,CON-070127,Julie Navarro,Compensation & Benefits Manager,champion,1.3179774482058377,like LinkedIn 06-21 (0.18660659830736148) · clic email 06-27 (1.1313708498984762)
ENT-03431,CON-048091,Nicolas Navarro,Talent Acquisition Manager,champion,0.18660659830736148,like LinkedIn 06-21 (0.18660659830736148)
ENT-01927,CON-064137,Vincent Visser,HR Manager,champion,0.7464263932294459,clic email 06-21 (0.7464263932294459)
ENT-13153,CON-017318,Antoine Jansen,HR Manager,champion,0.7464263932294459,clic email 06-21 (0.7464263932294459)
ENT-16274,CON-063717,Anna Jansen,VP People,buyer,0.6997747436526056,commentaire LinkedIn 06-21 (0.6997747436526056)
ENT-11807,CON-027748,Hugo Smit,Compensation & Benefits Manager,champion,0.7464263932294459,clic email 06-21 (0.7464263932294459)
ENT-02358,CON-068869,Alexandre Chevalier,People Ops Coordinator,utilisateur,0.1399549487305211,like LinkedIn 06-21 (0.1399549487305211)
ENT-16984,CON-011666,Vincent Durand,Directeur RH,buyer,0.9330329915368074,clic email 06-21 (0.9330329915368074)
ENT-17664,CON-011937,Elena Petit,HR Officer,utilisateur,0.5598197949220844,clic email 06-21 (0.5598197949220844)
ENT-07484,CON-020127,Camille Durand,Chargee de recrutement,utilisateur,0.5598197949220844,clic email 06-21 (0.5598197949220844)
ENT-09294,CON-019130,Lars Fournier,CEO,buyer,0.9330329915368074,clic email 06-21 (0.9330329915368074)
ENT-19285,CON-053153,Pauline Ferrari,HR Business Partner,champion,1.9698310613518661,clic email 07-05 (1.9698310613518661)
ENT-19285,CON-020693,Laura Mercier,Executive Assistant,bruit,0.0,like LinkedIn 06-21 (0.0)
ENT-06535,CON-021981,Elena Serrano,HR Manager,champion,0.7464263932294459,clic email 06-21 (0.7464263932294459)
ENT-10636,CON-027096,Marta Jansen,Head of Talent Acquisition,buyer,0.9330329915368074,clic email 06-21 (0.9330329915368074)
ENT-12368,CON-032936,Bastien Simon,Head of Talent Acquisition,buyer,3.7154605010686983,like LinkedIn 06-21 (0.23325824788420185) · clic email 07-10 (3.4822022531844965)
ENT-18012,CON-073301,Emil Durand,HR Business Partner,champion,0.7464263932294459,clic email 06-21 (0.7464263932294459)
ENT-03162,CON-001202,Ines Girard,HR Business Partner,champion,0.18660659830736148,like LinkedIn 06-21 (0.18660659830736148)
ENT-06452,CON-027087,Lars Michel,HR Intern,bruit,0.0,clic email 06-21 (0.0)
ENT-09272,CON-054000,Sarah Fischer,Head of People,buyer,0.23325824788420185,like LinkedIn 06-21 (0.23325824788420185)
ENT-07836,CON-051047,Lars Rousseau,Charge de recrutement,utilisateur,0.6892190129982211,clic email 06-24 (0.6892190129982211)
ENT-07836,CON-009497,Julie Lefebvre,HR Intern,bruit,0.0,clic email 06-21 (0.0)
ENT-13988,CON-075638,Diego Guerin,,sans_titre,0.4665164957684037,clic email 06-21 (0.4665164957684037)
ENT-05909,CON-014089,Quentin Navarro,Chief People Officer,buyer,0.9330329915368074,clic email 06-21 (0.9330329915368074)
ENT-01926,CON-061865,Sophie Lambert,HR Assistant,utilisateur,0.5598197949220844,clic email 06-21 (0.5598197949220844)
ENT-11956,CON-042947,Chloe Guerin,,sans_titre,0.4665164957684037,clic email 06-21 (0.4665164957684037)
ENT-17246,CON-049613,Jonas Faure,Compensation & Benefits Manager,champion,0.6000000000000001,commentaire LinkedIn 06-22 (0.6000000000000001)
ENT-20063,CON-000579,Bastien Durand,HRBP,champion,0.8,clic email 06-22 (0.8)
ENT-07443,CON-030516,Manon Faure,HR Officer,utilisateur,0.6,clic email 06-22 (0.6)
ENT-19723,CON-012672,Diego Dupont,Responsable Recrutement,champion,1.8,like LinkedIn 06-22 (0.2) · clic email 07-02 (1.6)
ENT-03972,CON-056842,Femke Girard,HR Business Partner,champion,0.6000000000000001,commentaire LinkedIn 06-22 (0.6000000000000001)
ENT-01698,CON-056186,Ines Simon,,sans_titre,2.6116516898883724,commentaire LinkedIn 07-20 (2.6116516898883724)
ENT-01698,CON-032615,Julie Serrano,HR Business Partner,champion,0.2,like LinkedIn 06-22 (0.2)
ENT-13696,CON-043224,Anna Andre,HR Business Partner,champion,0.6000000000000001,commentaire LinkedIn 06-22 (0.6000000000000001)
ENT-19515,CON-064039,Anna Leroy,Recruiter,utilisateur,0.15,like LinkedIn 06-22 (0.15)
ENT-01319,CON-072621,Julie Laurent,HR Business Partner,champion,2.9857055729177837,clic email 07-11 (2.9857055729177837)
ENT-01319,CON-072622,Quentin Leroy,Talent Acquisition Specialist,utilisateur,0.15,like LinkedIn 06-22 (0.15)
ENT-00967,CON-057444,Sophie Serrano,HR Business Partner,champion,0.6000000000000001,commentaire LinkedIn 06-22 (0.6000000000000001)
ENT-14842,CON-023285,Antoine Vincent,Office Manager,bruit,0.0,clic email 06-22 (0.0)
ENT-04674,CON-015422,Benjamin Andre,HR Intern,bruit,0.0,clic email 06-22 (0.0)
ENT-01714,CON-016346,Manon Petit,Talent Acquisition Specialist,utilisateur,0.6,clic email 06-22 (0.6)
ENT-02619,CON-021814,Maxime Vincent,People Ops Coordinator,utilisateur,0.6,clic email 06-22 (0.6)
ENT-18311,CON-026796,Camille Bernard,Charge de recrutement,utilisateur,0.6,clic email 06-22 (0.6)
ENT-04553,CON-040539,Jan Blanc,Compensation & Benefits Manager,champion,0.8,clic email 06-22 (0.8)
ENT-11510,CON-001085,Guillaume Garcia,Recruiter,utilisateur,0.6,clic email 06-22 (0.6)
ENT-08797,CON-072498,Felix Mercier,Talent Acquisition Specialist,utilisateur,0.6,clic email 06-22 (0.6)
ENT-02348,CON-023300,Elena Roux,Chargee de recrutement,utilisateur,5.943518300950393,clic email 06-22 (0.6) · clic email 07-09 (1.949405751254965) · clic email 07-17 (3.394112549695428)
ENT-16578,CON-021993,Chloe Leroy,People Ops Manager,champion,3.6758347359905117,clic email 07-14 (3.6758347359905117)
ENT-16578,CON-021992,Pauline Jansen,Talent Acquisition Specialist,utilisateur,1.8188598798124778,clic email 07-08 (1.8188598798124778)
ENT-16578,CON-021996,Camille Navarro,VP People,buyer,1.148698354997035,clic email 06-24 (1.148698354997035)
ENT-16578,CON-021997,Chloe Andre,Head of Talent Acquisition,buyer,0.25,like LinkedIn 06-22 (0.25)
ENT-14712,CON-065744,Lea Muller,Head of Talent Acquisition,buyer,1.0,clic email 06-22 (1.0)
ENT-14712,CON-065745,Jan Fontaine,Responsable Recrutement,champion,0.4287093850145173,like LinkedIn 07-03 (0.4287093850145173)
ENT-02451,CON-021838,Sarah Faure,Head of HR Operations,buyer,1.0,clic email 06-22 (1.0)
ENT-20269,CON-024472,Pablo Rossi,Talent Acquisition Specialist,utilisateur,0.8999999999999999,commentaire LinkedIn 07-01 (0.8999999999999999)
ENT-20269,CON-024474,Manon Guerin,HR Intern,bruit,0.0,like LinkedIn 06-22 (0.0)
ENT-00302,CON-049221,Felix Serrano,VP People,buyer,0.75,commentaire LinkedIn 06-22 (0.75)
ENT-14295,CON-073710,Pierre Faure,Recruiter,utilisateur,0.6,clic email 06-22 (0.6)
ENT-11015,CON-022491,Claire Serrano,Talent Acquisition Manager,champion,0.8,clic email 06-22 (0.8)
ENT-18978,CON-012211,Guillaume Michel,Responsable Recrutement,champion,0.8,clic email 06-22 (0.8)
ENT-09367,CON-059316,Elise Chevalier,Head of HR Operations,buyer,1.0,clic email 06-22 (1.0)
ENT-01479,CON-020396,Chloe Leroy,Responsable Recrutement,champion,0.2,like LinkedIn 06-22 (0.2)
ENT-01851,CON-035891,Marion Blanc,Chargee de recrutement,utilisateur,0.6,clic email 06-22 (0.6)
ENT-18678,CON-046445,Guillaume Chevalier,HR Manager,champion,0.8,clic email 06-22 (0.8)
ENT-06480,CON-066259,Sophie Bernard,HRBP,champion,0.2,like LinkedIn 06-22 (0.2)
ENT-20019,CON-004440,Florian Roux,Head of Talent Acquisition,buyer,0.75,commentaire LinkedIn 06-22 (0.75)
ENT-02275,CON-018776,Felix Petit,Executive Assistant,bruit,0.0,clic email 06-22 (0.0)
ENT-00427,CON-002563,Hugo Rousseau,Office Manager,bruit,0.0,clic email 06-22 (0.0)
ENT-10277,CON-059034,Manon Dubois,People Ops Coordinator,utilisateur,2.689321351910698,clic email 06-22 (0.6) · clic email 07-10 (2.089321351910698)
ENT-07934,CON-025863,Nicolas Leroy,Recruiter,utilisateur,0.6,clic email 06-22 (0.6)
ENT-02060,CON-032331,Greta Girard,Executive Assistant,bruit,0.0,like LinkedIn 06-22 (0.0)
ENT-12852,CON-007540,Pablo Dubois,Head of Talent Acquisition,buyer,0.75,commentaire LinkedIn 06-22 (0.75)
ENT-06185,CON-060234,Pablo Guerin,Recruiter,utilisateur,0.6,clic email 06-22 (0.6)
ENT-03720,CON-017625,Hugo Navarro,Talent Acquisition Specialist,utilisateur,0.44999999999999996,commentaire LinkedIn 06-22 (0.44999999999999996)
ENT-07329,CON-054871,Quentin Roux,Responsable Recrutement,champion,0.8,clic email 06-22 (0.8)
ENT-18421,CON-010609,Sanne Dubois,Charge de recrutement,utilisateur,0.6,clic email 06-22 (0.6)
ENT-03072,CON-074948,Elena Fournier,CHRO,buyer,2.624504792712471,clic email 06-22 (1.0) · like LinkedIn 07-19 (1.6245047927124712)
ENT-16232,CON-073730,Anais Martin,HR Officer,utilisateur,0.6,clic email 06-22 (0.6)
ENT-19550,CON-060882,Antoine Garcia,People Ops Manager,champion,0.8,clic email 06-22 (0.8)
ENT-18505,CON-043189,Marion Petit,People Ops Coordinator,utilisateur,0.6,clic email 06-22 (0.6)
ENT-15837,CON-042979,Diego Laurent,VP Human Resources,buyer,1.0,clic email 06-22 (1.0)
ENT-07434,CON-055620,Pauline Girard,Compensation & Benefits Manager,champion,0.6000000000000001,commentaire LinkedIn 06-22 (0.6000000000000001)
ENT-17051,CON-064033,Maxime Dupont,People Ops Manager,champion,0.8,clic email 06-22 (0.8)
ENT-03510,CON-061368,Elise Visser,Charge de recrutement,utilisateur,0.6,clic email 06-22 (0.6)
ENT-05879,CON-064718,Marta Bonnet,HR Assistant,utilisateur,2.166991013933023,clic email 06-22 (0.6) · commentaire LinkedIn 07-10 (1.5669910139330232)
ENT-12161,CON-030666,Quentin Andre,People Ops Coordinator,utilisateur,0.6,clic email 06-22 (0.6)
ENT-12161,CON-018852,Chloe Navarro,Office Manager,bruit,0.0,clic email 07-12 (0.0)
ENT-13668,CON-028807,Claire Rousseau,CEO,buyer,1.0,clic email 06-22 (1.0)
ENT-12249,CON-026436,Maxime Ferrari,Charge de recrutement,utilisateur,0.15,like LinkedIn 06-22 (0.15)
ENT-13601,CON-068100,Alexandre Serrano,Charge de recrutement,utilisateur,0.6,clic email 06-22 (0.6)
ENT-11861,CON-009417,Sanne Moreau,HR Intern,bruit,0.0,clic email 06-22 (0.0)
ENT-14396,CON-043104,Bastien Andre,Talent Acquisition Manager,champion,0.8,clic email 06-22 (0.8)
ENT-19466,CON-018761,Pierre Weber,Talent Acquisition Specialist,utilisateur,0.44999999999999996,commentaire LinkedIn 06-22 (0.44999999999999996)
ENT-20027,CON-063430,Emma Fischer,CHRO,buyer,0.25,like LinkedIn 06-22 (0.25)
ENT-00610,CON-072151,Julien Martin,Compensation & Benefits Manager,champion,0.8,clic email 06-22 (0.8)
ENT-08261,CON-006028,Greta Navarro,HR Officer,utilisateur,1.2,clic email 07-01 (1.2)
ENT-08261,CON-006026,Nora Fischer,HR Assistant,utilisateur,0.6,clic email 06-22 (0.6)
ENT-01824,CON-018415,Hugo Simon,HR Officer,utilisateur,2.089321351910698,clic email 07-10 (2.089321351910698)
ENT-01824,CON-018414,Nora Visser,HR Officer,utilisateur,0.6,clic email 06-22 (0.6)
ENT-12217,CON-070925,Julie Smit,Charge de recrutement,utilisateur,0.6,clic email 06-22 (0.6)
ENT-12217,CON-070924,Anna Garcia,HR Intern,bruit,0.0,clic email 06-24 (0.0)
ENT-19115,CON-013154,Greta Fournier,Talent Acquisition Manager,champion,0.8,clic email 06-22 (0.8)
ENT-19342,CON-033845,Guillaume Guerin,Compensation & Benefits Manager,champion,1.1313708498984762,clic email 06-27 (1.1313708498984762)
ENT-19342,CON-033844,Julie Ferrari,HR Manager,champion,0.8,clic email 06-22 (0.8)
ENT-20180,CON-075113,Julien Vincent,Chargee de recrutement,utilisateur,0.15,like LinkedIn 06-22 (0.15)
ENT-05241,CON-032465,Jonas Chevalier,Head of Talent Acquisition,buyer,1.0,clic email 06-22 (1.0)
ENT-13341,CON-009225,Claire Fischer,,sans_titre,0.13397168281703664,like LinkedIn 06-23 (0.13397168281703664)
ENT-07380,CON-048012,Bastien Durand,Charge de recrutement,utilisateur,0.6430640775217759,clic email 06-23 (0.6430640775217759)
ENT-18297,CON-024745,Chloe Moreau,HR Director,buyer,1.0717734625362931,clic email 06-23 (1.0717734625362931)
ENT-01039,CON-015937,Florian Dubois,HR Assistant,utilisateur,0.6430640775217759,clic email 06-23 (0.6430640775217759)
ENT-07355,CON-013254,Nora Garcia,HR Intern,bruit,0.0,clic email 06-23 (0.0) · clic email 07-03 (0.0)
ENT-18380,CON-029621,Jan Muller,HR Assistant,utilisateur,0.6430640775217759,clic email 06-23 (0.6430640775217759)
ENT-14619,CON-060152,Emil Bernard,Head of HR Operations,buyer,1.4142135623730951,clic email 06-27 (1.4142135623730951)
ENT-14619,CON-069841,Antoine Andre,HR Intern,bruit,0.0,clic email 06-23 (0.0)
ENT-09777,CON-020262,Laura Petit,Head of HR Operations,buyer,1.0717734625362931,clic email 06-23 (1.0717734625362931)
ENT-19504,CON-024704,Elena Simon,Recruiter,utilisateur,1.3784380259964417,clic email 07-04 (1.3784380259964417)
ENT-19504,CON-069252,Emil Roux,People Ops Manager,champion,0.643064077521776,commentaire LinkedIn 06-23 (0.643064077521776)
ENT-12021,CON-031677,Pablo Meyer,Charge de recrutement,utilisateur,0.16076601938044396,like LinkedIn 06-23 (0.16076601938044396)
ENT-04504,CON-057260,Elena Laurent,Chargee de recrutement,utilisateur,0.6430640775217759,clic email 06-23 (0.6430640775217759)
ENT-07147,CON-058547,Claire Michel,People Ops Manager,champion,0.8574187700290345,clic email 06-23 (0.8574187700290345)
ENT-17798,CON-000462,Benjamin Bonnet,HRBP,champion,0.21435469250725864,like LinkedIn 06-23 (0.21435469250725864)
ENT-02313,CON-007359,Ines Moreau,HR Business Partner,champion,0.9189586839976281,clic email 06-24 (0.9189586839976281)
ENT-02313,CON-074832,Alexandre Simon,Talent Acquisition Manager,champion,0.643064077521776,commentaire LinkedIn 06-23 (0.643064077521776)
ENT-17304,CON-032716,Claire Smit,Head of Talent Acquisition,buyer,1.0717734625362931,clic email 06-23 (1.0717734625362931)
ENT-02457,CON-014846,Lars Guerin,Compensation & Benefits Manager,champion,0.8574187700290345,clic email 06-23 (0.8574187700290345)
ENT-18607,CON-028359,Julien Petit,CHRO,buyer,1.0717734625362931,clic email 06-23 (1.0717734625362931)
ENT-15131,CON-041702,Guillaume Weber,Charge de recrutement,utilisateur,0.6430640775217759,clic email 06-23 (0.6430640775217759)
ENT-11184,CON-033147,Lea Lefebvre,Compensation & Benefits Manager,champion,0.8574187700290345,clic email 06-23 (0.8574187700290345)
ENT-18771,CON-054238,Pauline Vincent,People Ops Coordinator,utilisateur,0.16076601938044396,like LinkedIn 06-23 (0.16076601938044396)
ENT-17218,CON-056135,Antoine Weber,Chargee de recrutement,utilisateur,0.6430640775217759,clic email 06-23 (0.6430640775217759)
ENT-15309,CON-005901,Alexandre Ferrari,Head of Talent Acquisition,buyer,1.0717734625362931,clic email 06-23 (1.0717734625362931)
ENT-14486,CON-029190,Antoine Vincent,Responsable Recrutement,champion,0.643064077521776,commentaire LinkedIn 06-23 (0.643064077521776)
ENT-15752,CON-034179,Antoine Rossi,VP Human Resources,buyer,0.2679433656340733,like LinkedIn 06-23 (0.2679433656340733)
ENT-14861,CON-073346,Maxime Petit,Executive Assistant,bruit,0.0,clic email 06-23 (0.0)
ENT-20118,CON-011598,Alexandre Simon,HR Assistant,utilisateur,0.6430640775217759,clic email 06-23 (0.6430640775217759)
ENT-17085,CON-037464,Antoine Michel,CEO,buyer,1.148698354997035,clic email 06-24 (1.148698354997035)
ENT-17085,CON-037465,Thomas Fischer,Compensation & Benefits Manager,champion,0.8574187700290345,clic email 06-23 (0.8574187700290345)
ENT-01648,CON-054494,Lea Mercier,,sans_titre,0.5358867312681466,clic email 06-23 (0.5358867312681466)
ENT-15740,CON-068546,Jan Ferrari,Responsable Recrutement,champion,2.599207668339954,clic email 07-09 (2.599207668339954)
ENT-15740,CON-029770,Julie Serrano,Directeur RH,buyer,1.0717734625362931,clic email 06-23 (1.0717734625362931)
ENT-05795,CON-063108,Jan Meyer,HRBP,champion,0.8574187700290345,clic email 06-23 (0.8574187700290345)
ENT-08251,CON-012954,Anais Girard,Chargee de recrutement,utilisateur,0.6430640775217759,clic email 06-23 (0.6430640775217759)
ENT-08472,CON-035458,Julien Faure,Office Manager,bruit,0.0,clic email 06-23 (0.0) · clic email 06-25 (0.0) · commentaire LinkedIn 07-12 (0.0)
ENT-07152,CON-070895,Elena Lefebvre,HR Business Partner,champion,0.21435469250725864,like LinkedIn 06-23 (0.21435469250725864)
ENT-12452,CON-046287,Guillaume Meyer,Chargee de recrutement,utilisateur,0.6430640775217759,clic email 06-23 (0.6430640775217759)
ENT-02521,CON-069033,Felix Blanc,HR Intern,bruit,0.0,clic email 06-23 (0.0)
ENT-11629,CON-008640,Sarah Serrano,Chargee de recrutement,utilisateur,0.6430640775217759,clic email 06-23 (0.6430640775217759)
ENT-12757,CON-049587,Julien Guerin,Head of People,buyer,0.8038300969022198,commentaire LinkedIn 06-23 (0.8038300969022198)
ENT-03468,CON-038364,Jan Petit,Executive Assistant,bruit,0.0,clic email 06-23 (0.0)
ENT-03647,CON-014226,Anna Fischer,People Ops Coordinator,utilisateur,0.6430640775217759,clic email 06-23 (0.6430640775217759)
ENT-15822,CON-042760,Romain Bonnet,VP Human Resources,buyer,1.0717734625362931,clic email 06-23 (1.0717734625362931)
ENT-07874,CON-004367,Alexandre Laurent,CHRO,buyer,1.0717734625362931,clic email 06-23 (1.0717734625362931)
ENT-00580,CON-036369,Hugo Boyer,VP Human Resources,buyer,1.0717734625362931,clic email 06-23 (1.0717734625362931)
ENT-05287,CON-054578,Jan Smit,People Ops Manager,champion,0.8574187700290345,clic email 06-23 (0.8574187700290345)
ENT-06404,CON-066088,Elise Fournier,Chargee de recrutement,utilisateur,3.64396560502602,clic email 06-24 (0.6892190129982211) · clic email 07-15 (2.954746592027799)
ENT-06404,CON-037559,Camille Durand,Head of HR Operations,buyer,0.2679433656340733,like LinkedIn 06-23 (0.2679433656340733)
ENT-04880,CON-064552,Elise Muller,HR Manager,champion,1.5139585266772355,like LinkedIn 06-23 (0.21435469250725864) · clic email 06-29 (1.299603834169977)
ENT-14314,CON-021313,Jan Simon,Executive Assistant,bruit,0.0,clic email 06-23 (0.0)
ENT-06340,CON-038522,Ines Roux,,sans_titre,0.5358867312681466,clic email 06-23 (0.5358867312681466)
ENT-10154,CON-051140,Pierre Dubois,HR Intern,bruit,0.0,clic email 06-23 (0.0)
ENT-11182,CON-051513,Elena Garnier,Talent Acquisition Specialist,utilisateur,0.6892190129982211,clic email 06-24 (0.6892190129982211)
ENT-00363,CON-051621,Elise Visser,HR Intern,bruit,0.0,like LinkedIn 06-24 (0.0)
ENT-08343,CON-044245,Sanne Fischer,HR Assistant,utilisateur,0.6892190129982211,clic email 06-24 (0.6892190129982211)
ENT-16549,CON-006225,Marta Roux,People Ops Coordinator,utilisateur,0.17230475324955527,like LinkedIn 06-24 (0.17230475324955527)
ENT-17266,CON-052795,Emma Martin,HR Manager,champion,0.22973967099940704,like LinkedIn 06-24 (0.22973967099940704)
ENT-06939,CON-012993,Claire Ferrari,Chargee de recrutement,utilisateur,0.6892190129982211,clic email 06-24 (0.6892190129982211)
ENT-08083,CON-034867,Quentin Muller,Recruiter,utilisateur,0.6892190129982211,clic email 06-24 (0.6892190129982211)
ENT-09122,CON-003808,Lea Mercier,Talent Acquisition Specialist,utilisateur,0.7386866480069496,clic email 06-25 (0.7386866480069496)
ENT-09122,CON-003809,Lars Roux,Chargee de recrutement,utilisateur,0.6892190129982211,clic email 06-24 (0.6892190129982211)
ENT-08986,CON-036646,Julie Vincent,Compensation & Benefits Manager,champion,1.6576453320045779,clic email 06-24 (0.9189586839976281) · commentaire LinkedIn 06-25 (0.7386866480069497)
ENT-18492,CON-059777,Romain Lambert,Talent Acquisition Specialist,utilisateur,0.36934332400347486,like LinkedIn 07-05 (0.36934332400347486)
ENT-18492,CON-016586,Elise Guerin,Office Manager,bruit,0.0,clic email 06-24 (0.0)
ENT-12027,CON-035303,Greta Boyer,People Ops Coordinator,utilisateur,0.6892190129982211,clic email 06-24 (0.6892190129982211)
ENT-03371,CON-063226,Bastien Rossi,HR Business Partner,champion,0.6892190129982212,commentaire LinkedIn 06-24 (0.6892190129982212)
ENT-12793,CON-042454,Jonas Simon,HR Manager,champion,0.9189586839976281,clic email 06-24 (0.9189586839976281)
ENT-01278,CON-051427,Sophie Lefebvre,Charge de recrutement,utilisateur,0.6892190129982211,clic email 06-24 (0.6892190129982211)
ENT-02924,CON-037961,Pauline Roux,HR Business Partner,champion,0.9189586839976281,clic email 06-24 (0.9189586839976281)
ENT-12914,CON-061294,Hugo Girard,Chargee de recrutement,utilisateur,0.5169142597486658,commentaire LinkedIn 06-24 (0.5169142597486658)
ENT-09141,CON-022046,Quentin Fournier,Compensation & Benefits Manager,champion,0.9189586839976281,clic email 06-24 (0.9189586839976281)
ENT-08522,CON-007835,Lea Fournier,Charge de recrutement,utilisateur,0.17230475324955527,like LinkedIn 06-24 (0.17230475324955527)
ENT-20487,CON-014906,Camille Roux,Responsable Recrutement,champion,0.9189586839976281,clic email 06-24 (0.9189586839976281)
ENT-02699,CON-018795,Nicolas Garcia,Talent Acquisition Specialist,utilisateur,0.6892190129982211,clic email 06-24 (0.6892190129982211)
ENT-02699,CON-018797,Maxime Lambert,Executive Assistant,bruit,0.0,clic email 06-26 (0.0)
ENT-00098,CON-062701,Bastien Dubois,Compensation & Benefits Manager,champion,0.9189586839976281,clic email 06-24 (0.9189586839976281)
ENT-12285,CON-071527,Hugo Roux,HR Intern,bruit,0.0,clic email 06-24 (0.0)
ENT-18460,CON-041997,Anna Fontaine,HR Officer,utilisateur,0.5169142597486658,commentaire LinkedIn 06-24 (0.5169142597486658)
ENT-02639,CON-046002,Vincent Garnier,Chargee de recrutement,utilisateur,0.6892190129982211,clic email 06-24 (0.6892190129982211)
ENT-06540,CON-073945,Alexandre Faure,Head of HR Operations,buyer,1.148698354997035,clic email 06-24 (1.148698354997035)
ENT-14156,CON-069469,Lars Garnier,Directrice RH,buyer,1.148698354997035,clic email 06-24 (1.148698354997035)
ENT-01968,CON-065523,Lars Fournier,Directrice RH,buyer,1.148698354997035,clic email 06-24 (1.148698354997035)
ENT-01968,CON-070350,Camille Girard,Executive Assistant,bruit,0.0,clic email 07-04 (0.0)
ENT-07231,CON-025316,Jan Fontaine,HR Assistant,utilisateur,0.6892190129982211,clic email 06-24 (0.6892190129982211)
ENT-04384,CON-055176,Anna Lefebvre,HR Manager,champion,0.7464263932294459,like LinkedIn 07-11 (0.7464263932294459)
ENT-04384,CON-055175,Hugo Lefebvre,CEO,buyer,0.2871745887492588,like LinkedIn 06-24 (0.2871745887492588)
ENT-09519,CON-000059,Ines Visser,HR Officer,utilisateur,0.6892190129982211,clic email 06-24 (0.6892190129982211)
ENT-12995,CON-070814,Femke Faure,HR Business Partner,champion,0.9189586839976281,clic email 06-24 (0.9189586839976281)
ENT-13169,CON-059810,Manon Fischer,HR Assistant,utilisateur,0.6892190129982211,clic email 06-24 (0.6892190129982211)
ENT-08813,CON-021794,Ines Leroy,HR Officer,utilisateur,0.6892190129982211,clic email 06-24 (0.6892190129982211)
ENT-20133,CON-012899,Bastien Michel,Directrice RH,buyer,0.2871745887492588,like LinkedIn 06-24 (0.2871745887492588)
ENT-01878,CON-044166,Pauline Visser,Chargee de recrutement,utilisateur,0.17230475324955527,like LinkedIn 06-24 (0.17230475324955527)
ENT-02385,CON-033644,Benjamin Mercier,Head of HR Operations,buyer,1.148698354997035,clic email 06-24 (1.148698354997035)
ENT-13610,CON-025418,Manon Ferrari,Compensation & Benefits Manager,champion,0.9189586839976281,clic email 06-24 (0.9189586839976281)
ENT-11414,CON-059367,Jan Chevalier,Head of Talent Acquisition,buyer,1.148698354997035,clic email 06-24 (1.148698354997035)
ENT-01537,CON-072283,Sanne Girard,Office Manager,bruit,0.0,clic email 06-24 (0.0)
ENT-02638,CON-034095,Margaux Vincent,People Ops Manager,champion,0.9189586839976281,clic email 06-24 (0.9189586839976281)
ENT-17130,CON-058907,Julien Muller,HR Assistant,utilisateur,0.5169142597486658,commentaire LinkedIn 06-24 (0.5169142597486658)
ENT-05520,CON-029825,Thomas Fournier,Talent Acquisition Specialist,utilisateur,0.6892190129982211,clic email 06-24 (0.6892190129982211)
ENT-03804,CON-013497,Camille Durand,Directrice RH,buyer,1.148698354997035,clic email 06-24 (1.148698354997035)
ENT-14846,CON-053200,Pierre Jansen,,sans_titre,0.4307618831238882,commentaire LinkedIn 06-24 (0.4307618831238882)
ENT-05146,CON-046412,Hugo Dupont,Responsable Recrutement,champion,0.9189586839976281,clic email 06-24 (0.9189586839976281)
ENT-08302,CON-064022,Greta Fournier,Charge de recrutement,utilisateur,0.6892190129982211,clic email 06-24 (0.6892190129982211)
ENT-10167,CON-069986,Lucas Roux,Talent Acquisition Specialist,utilisateur,0.17230475324955527,like LinkedIn 06-24 (0.17230475324955527)
ENT-19931,CON-068496,Hugo Faure,CEO,buyer,0.2871745887492588,like LinkedIn 06-24 (0.2871745887492588)
ENT-15866,CON-050390,Nicolas Bonnet,,sans_titre,0.4307618831238882,commentaire LinkedIn 06-24 (0.4307618831238882)
ENT-13699,CON-013815,Nicolas Ferrari,People Ops Manager,champion,0.9189586839976281,clic email 06-24 (0.9189586839976281)
ENT-11796,CON-009650,Laura Boyer,HR Director,buyer,1.148698354997035,clic email 06-24 (1.148698354997035)
ENT-20389,CON-039602,Guillaume Moreau,Recruiter,utilisateur,0.6892190129982211,clic email 06-24 (0.6892190129982211)
ENT-11919,CON-016016,Margaux Martin,Talent Acquisition Manager,champion,0.9189586839976281,clic email 06-24 (0.9189586839976281)
ENT-03616,CON-044702,Manon Moreau,Head of Talent Acquisition,buyer,1.148698354997035,clic email 06-24 (1.148698354997035)
ENT-08323,CON-017944,Sanne Smit,Recruiter,utilisateur,1.663921888625704,clic email 06-24 (0.6892190129982211) · clic email 06-29 (0.9747028756274827)
ENT-08323,CON-069474,Manon Fournier,VP People,buyer,0.5,like LinkedIn 07-01 (0.5)
ENT-16424,CON-000476,Sanne Garcia,HRBP,champion,0.9189586839976281,clic email 06-24 (0.9189586839976281)
ENT-12023,CON-019334,Chloe Lambert,Executive Assistant,bruit,0.0,clic email 06-24 (0.0)
ENT-01486,CON-020037,Benjamin Rossi,People Ops Manager,champion,0.22973967099940704,like LinkedIn 06-24 (0.22973967099940704)
ENT-04575,CON-035707,Claire Girard,Head of Talent Acquisition,buyer,1.148698354997035,clic email 06-24 (1.148698354997035)
ENT-07245,CON-046052,Pierre Fischer,Talent Acquisition Specialist,utilisateur,0.6892190129982211,clic email 06-24 (0.6892190129982211)
ENT-18317,CON-035590,Pierre Fournier,Head of Talent Acquisition,buyer,1.231144413344916,clic email 06-25 (1.231144413344916)
ENT-18317,CON-041337,Femke Mercier,HR Officer,utilisateur,0.45471496995311944,like LinkedIn 07-08 (0.45471496995311944)
ENT-19897,CON-018374,Benjamin Smit,CEO,buyer,0.9233583100086871,commentaire LinkedIn 06-25 (0.9233583100086871)
ENT-01326,CON-030936,Benjamin Moreau,HR Intern,bruit,0.0,clic email 06-25 (0.0)
ENT-15991,CON-026830,Diego Visser,Executive Assistant,bruit,0.0,clic email 06-25 (0.0)
ENT-04945,CON-006308,Nora Visser,CEO,buyer,1.3195079107728942,clic email 06-26 (1.3195079107728942)
ENT-04945,CON-052952,Diego Navarro,HR Assistant,utilisateur,0.7386866480069496,clic email 06-25 (0.7386866480069496)
ENT-08065,CON-038030,Nicolas Bonnet,Office Manager,bruit,0.0,clic email 06-25 (0.0)
ENT-02869,CON-001658,Elise Fontaine,Executive Assistant,bruit,0.0,clic email 06-25 (0.0)
ENT-11525,CON-025593,Vincent Fournier,People Ops Coordinator,utilisateur,0.7386866480069496,clic email 06-25 (0.7386866480069496)
ENT-16165,CON-024812,Lars Simon,HR Intern,bruit,0.0,clic email 06-25 (0.0)
ENT-09885,CON-063565,Emil Bonnet,Chargee de recrutement,utilisateur,0.7386866480069496,clic email 06-25 (0.7386866480069496)
ENT-01656,CON-040761,Alexandre Girard,Directrice RH,buyer,1.231144413344916,clic email 06-25 (1.231144413344916)
ENT-06123,CON-070609,Greta Smit,People Ops Coordinator,utilisateur,0.7386866480069496,clic email 06-25 (0.7386866480069496)
ENT-00553,CON-031429,Ines Girard,VP Human Resources,buyer,1.231144413344916,clic email 06-25 (1.231144413344916)
ENT-17090,CON-037741,Guillaume Muller,HR Intern,bruit,0.0,commentaire LinkedIn 06-25 (0.0)
ENT-19165,CON-074103,Sanne Garnier,Charge de recrutement,utilisateur,3.637719759624955,clic email 07-18 (3.637719759624955)
ENT-19165,CON-022335,Elise Fontaine,HR Assistant,utilisateur,0.7386866480069496,clic email 06-25 (0.7386866480069496)
ENT-08179,CON-043582,Emma Laurent,HR Director,buyer,1.231144413344916,clic email 06-25 (1.231144413344916)
ENT-19796,CON-067324,Pablo Faure,HR Director,buyer,1.231144413344916,clic email 06-25 (1.231144413344916)
ENT-11331,CON-016380,Emil Lambert,HR Manager,champion,0.7386866480069497,commentaire LinkedIn 06-25 (0.7386866480069497)
ENT-04280,CON-017924,Pauline Bernard,HRBP,champion,0.984915530675933,clic email 06-25 (0.984915530675933)
ENT-16606,CON-060565,Bastien Lefebvre,Office Manager,bruit,0.0,clic email 06-25 (0.0)
ENT-08429,CON-046254,Antoine Smit,HR Intern,bruit,0.0,clic email 06-25 (0.0)
ENT-09316,CON-028941,Maxime Mercier,COO,buyer,0.307786103336229,like LinkedIn 06-25 (0.307786103336229)
ENT-11043,CON-061142,Romain Muller,Office Manager,bruit,0.0,clic email 06-25 (0.0)
ENT-20324,CON-006961,Camille Navarro,CHRO,buyer,1.231144413344916,clic email 06-25 (1.231144413344916)
ENT-07534,CON-022784,Alexandre Chevalier,Talent Acquisition Specialist,utilisateur,0.7386866480069496,clic email 06-25 (0.7386866480069496)
ENT-11372,CON-037735,Alexandre Fontaine,CEO,buyer,1.231144413344916,clic email 06-25 (1.231144413344916)
ENT-02255,CON-029611,Nora Dupont,Chargee de recrutement,utilisateur,0.7386866480069496,clic email 06-25 (0.7386866480069496)
ENT-04026,CON-071824,Vincent Petit,Charge de recrutement,utilisateur,1.3641449098593583,commentaire LinkedIn 07-08 (1.3641449098593583)
ENT-04026,CON-071823,Sophie Mercier,People Ops Manager,champion,0.984915530675933,clic email 06-25 (0.984915530675933)
ENT-13194,CON-033813,Femke Petit,Chargee de recrutement,utilisateur,0.7386866480069496,clic email 06-25 (0.7386866480069496)
ENT-07701,CON-003244,Manon Andre,HR Officer,utilisateur,0.7386866480069496,clic email 06-25 (0.7386866480069496)
ENT-09855,CON-059938,Emil Guerin,,sans_titre,0.615572206672458,clic email 06-25 (0.615572206672458)
ENT-16126,CON-007775,Antoine Dupont,Charge de recrutement,utilisateur,0.7386866480069496,clic email 06-25 (0.7386866480069496)
ENT-14708,CON-044554,Quentin Durand,VP People,buyer,1.231144413344916,clic email 06-25 (1.231144413344916)
ENT-06824,CON-018469,Romain Andre,HR Assistant,utilisateur,0.7386866480069496,clic email 06-25 (0.7386866480069496)
ENT-08100,CON-042649,Femke Jansen,Talent Acquisition Manager,champion,0.984915530675933,clic email 06-25 (0.984915530675933)
ENT-11442,CON-053294,Pauline Rossi,,sans_titre,1.0,clic email 07-02 (1.0)
ENT-11442,CON-053296,Antoine Vincent,Talent Acquisition Manager,champion,0.984915530675933,clic email 06-25 (0.984915530675933)
ENT-16503,CON-011702,Margaux Fournier,Recruiter,utilisateur,0.7386866480069496,clic email 06-25 (0.7386866480069496)
ENT-09341,CON-049539,Nicolas Moreau,,sans_titre,0.615572206672458,clic email 06-25 (0.615572206672458)
ENT-11187,CON-038557,Alexandre Rousseau,HR Officer,utilisateur,0.1846716620017374,like LinkedIn 06-25 (0.1846716620017374)
ENT-00497,CON-075184,Julien Vincent,People Ops Coordinator,utilisateur,0.7386866480069496,clic email 06-25 (0.7386866480069496)
ENT-16584,CON-005455,Pablo Andre,Directeur RH,buyer,4.963276379492146,clic email 06-25 (1.231144413344916) · clic email 07-11 (3.7321319661472296)
ENT-13722,CON-068260,Ines Rousseau,Head of People,buyer,1.231144413344916,clic email 06-25 (1.231144413344916)
ENT-13079,CON-036259,Lea Girard,HRBP,champion,0.984915530675933,clic email 06-25 (0.984915530675933)
ENT-12861,CON-039167,Anais Weber,HR Officer,utilisateur,0.5540149860052122,commentaire LinkedIn 06-25 (0.5540149860052122)
ENT-04579,CON-065501,Ines Jansen,Chargee de recrutement,utilisateur,4.917329351828346,clic email 06-25 (0.7386866480069496) · clic email 07-20 (4.178642703821396)
ENT-02273,CON-067591,Felix Garcia,Office Manager,bruit,0.0,like LinkedIn 06-25 (0.0)
ENT-16619,CON-068753,Vincent Chevalier,,sans_titre,0.615572206672458,clic email 06-25 (0.615572206672458)
ENT-13986,CON-075393,Julie Girard,,sans_titre,1.365572206672458,clic email 06-25 (0.615572206672458) · commentaire LinkedIn 07-01 (0.75)
ENT-13504,CON-011658,Camille Garnier,Head of Talent Acquisition,buyer,1.231144413344916,clic email 06-25 (1.231144413344916)
ENT-12186,CON-041723,Ines Ferrari,Charge de recrutement,utilisateur,0.7386866480069496,clic email 06-25 (0.7386866480069496)
ENT-01498,CON-031930,Nora Garnier,Compensation & Benefits Manager,champion,2.9928809012737987,clic email 06-30 (1.3928809012737986) · clic email 07-01 (1.6)
ENT-01498,CON-074744,Florian Rossi,Chargee de recrutement,utilisateur,0.7386866480069496,clic email 06-25 (0.7386866480069496)
ENT-13827,CON-004497,Ines Garnier,HR Officer,utilisateur,0.5540149860052122,commentaire LinkedIn 06-25 (0.5540149860052122)
ENT-00551,CON-047855,Emma Dupont,HR Business Partner,champion,0.7386866480069497,commentaire LinkedIn 06-25 (0.7386866480069497)
ENT-15560,CON-053528,Jan Durand,Compensation & Benefits Manager,champion,0.984915530675933,clic email 06-25 (0.984915530675933)
ENT-06202,CON-037822,Lucas Jansen,Responsable Recrutement,champion,0.7386866480069497,commentaire LinkedIn 06-25 (0.7386866480069497)
ENT-10778,CON-009644,Manon Bonnet,Directeur RH,buyer,1.231144413344916,clic email 06-25 (1.231144413344916)
ENT-04498,CON-070289,Maxime Bonnet,HR Assistant,utilisateur,1.949405751254965,clic email 07-09 (1.949405751254965)
ENT-04498,CON-001050,Jonas Laurent,HR Intern,bruit,0.0,clic email 06-25 (0.0)
ENT-01992,CON-033673,Bastien Ferrari,Compensation & Benefits Manager,champion,0.984915530675933,clic email 06-25 (0.984915530675933)
ENT-09686,CON-000458,Vincent Simon,People Ops Coordinator,utilisateur,0.7386866480069496,clic email 06-25 (0.7386866480069496)
ENT-15921,CON-065746,Manon Mercier,CHRO,buyer,0.307786103336229,like LinkedIn 06-25 (0.307786103336229)
ENT-13255,CON-024593,Nora Visser,Talent Acquisition Manager,champion,0.984915530675933,clic email 06-25 (0.984915530675933)
ENT-12724,CON-054186,Julien Weber,HR Officer,utilisateur,0.7386866480069496,clic email 06-25 (0.7386866480069496)
ENT-12872,CON-056148,Vincent Muller,HR Business Partner,champion,0.984915530675933,clic email 06-25 (0.984915530675933)
ENT-16113,CON-033141,Romain Michel,HR Manager,champion,1.0556063286183155,clic email 06-26 (1.0556063286183155)
ENT-08008,CON-002989,Maxime Guerin,Directrice RH,buyer,0.9896309330796706,commentaire LinkedIn 06-26 (0.9896309330796706)
ENT-20337,CON-048408,Anna Visser,Recruiter,utilisateur,0.7917047464637365,clic email 06-26 (0.7917047464637365)
ENT-09468,CON-038262,Diego Fischer,HR Director,buyer,0.9896309330796706,commentaire LinkedIn 06-26 (0.9896309330796706)
ENT-05227,CON-071462,Camille Andre,Chief People Officer,buyer,0.32987697769322355,like LinkedIn 06-26 (0.32987697769322355)
ENT-05486,CON-074041,Jan Blanc,Head of HR Operations,buyer,2.0,clic email 07-02 (2.0)
ENT-05486,CON-074040,Vincent Fischer,Executive Assistant,bruit,0.0,clic email 06-26 (0.0)
ENT-15983,CON-033253,Julie Serrano,Charge de recrutement,utilisateur,0.9747028756274827,like LinkedIn 07-19 (0.9747028756274827)
ENT-15983,CON-033254,Emil Garnier,Executive Assistant,bruit,0.0,like LinkedIn 06-26 (0.0)
ENT-15888,CON-026018,Quentin Bonnet,Head of Talent Acquisition,buyer,1.3195079107728942,clic email 06-26 (1.3195079107728942)
ENT-00108,CON-034338,Emma Dupont,VP Human Resources,buyer,1.3195079107728942,clic email 06-26 (1.3195079107728942)
ENT-13802,CON-045548,Quentin Jansen,HR Officer,utilisateur,0.7917047464637365,clic email 06-26 (0.7917047464637365)
ENT-10049,CON-012086,Laura Girard,Charge de recrutement,utilisateur,0.7917047464637365,clic email 06-26 (0.7917047464637365)
ENT-10128,CON-061109,Emma Vincent,Chargee de recrutement,utilisateur,0.7917047464637365,clic email 06-26 (0.7917047464637365)
ENT-03879,CON-057702,Anais Chevalier,Talent Acquisition Manager,champion,1.0556063286183155,clic email 06-26 (1.0556063286183155)
ENT-11124,CON-056794,Elena Michel,Charge de recrutement,utilisateur,0.7917047464637365,clic email 06-26 (0.7917047464637365)
ENT-14632,CON-062105,Marta Rossi,Executive Assistant,bruit,0.0,commentaire LinkedIn 06-26 (0.0)
ENT-05370,CON-046481,Thomas Lambert,Executive Assistant,bruit,0.0,clic email 06-26 (0.0) · like LinkedIn 07-14 (0.0)
ENT-15630,CON-054249,Maxime Laurent,Directrice RH,buyer,2.3801680825527156,clic email 06-26 (1.3195079107728942) · commentaire LinkedIn 06-27 (1.0606601717798214)
ENT-15630,CON-055737,Greta Serrano,Directeur RH,buyer,1.4142135623730951,clic email 06-27 (1.4142135623730951)
ENT-18347,CON-053632,Femke Garcia,Charge de recrutement,utilisateur,0.7917047464637365,clic email 06-26 (0.7917047464637365)
ENT-18347,CON-053631,Nora Boyer,Executive Assistant,bruit,0.0,clic email 07-18 (0.0)
ENT-04125,CON-011054,Sophie Dupont,Charge de recrutement,utilisateur,0.7917047464637365,clic email 06-26 (0.7917047464637365)
ENT-06269,CON-031847,Emma Boyer,HR Officer,utilisateur,0.1979261866159341,like LinkedIn 06-26 (0.1979261866159341)
ENT-03742,CON-020676,Maxime Lefebvre,Responsable Recrutement,champion,1.0556063286183155,clic email 06-26 (1.0556063286183155)
ENT-09858,CON-009566,Sophie Durand,HR Intern,bruit,0.0,commentaire LinkedIn 06-26 (0.0)
ENT-04096,CON-046690,Vincent Rossi,Executive Assistant,bruit,0.0,clic email 06-26 (0.0)
ENT-14746,CON-010070,Femke Fischer,Directrice RH,buyer,1.3195079107728942,clic email 06-26 (1.3195079107728942)
ENT-14692,CON-068179,Ines Durand,VP Human Resources,buyer,4.547149699531194,commentaire LinkedIn 07-18 (4.547149699531194)
ENT-14692,CON-068178,Lea Dupont,Talent Acquisition Specialist,utilisateur,0.5937785598478024,commentaire LinkedIn 06-26 (0.5937785598478024)
ENT-09920,CON-039670,Julie Lefebvre,Talent Acquisition Specialist,utilisateur,0.1979261866159341,like LinkedIn 06-26 (0.1979261866159341)
ENT-07491,CON-007206,Sophie Lefebvre,VP Human Resources,buyer,1.3195079107728942,clic email 06-26 (1.3195079107728942)
ENT-02427,CON-051597,Laura Rousseau,Responsable Recrutement,champion,1.0556063286183155,clic email 06-26 (1.0556063286183155)
ENT-20308,CON-048622,Florian Roux,People Ops Manager,champion,0.2639015821545789,like LinkedIn 06-26 (0.2639015821545789)
ENT-15277,CON-070526,Quentin Garnier,HR Manager,champion,1.0556063286183155,clic email 06-26 (1.0556063286183155)
ENT-10411,CON-040559,Ines Muller,Talent Acquisition Manager,champion,1.0556063286183155,clic email 06-26 (1.0556063286183155)
ENT-03590,CON-046776,Antoine Jansen,HR Director,buyer,1.8553946420410408,clic email 06-26 (1.3195079107728942) · like LinkedIn 07-03 (0.5358867312681466)
ENT-15292,CON-066274,Anais Girard,People Ops Coordinator,utilisateur,0.7917047464637365,clic email 06-26 (0.7917047464637365)
ENT-10259,CON-000740,Marta Guerin,VP People,buyer,1.3195079107728942,clic email 06-26 (1.3195079107728942)
ENT-00165,CON-076013,Sarah Simon,HR Manager,champion,1.0556063286183155,clic email 06-26 (1.0556063286183155)
ENT-11328,CON-030183,Felix Vincent,Head of People,buyer,1.3195079107728942,clic email 06-26 (1.3195079107728942)
ENT-17898,CON-046314,Diego Laurent,People Ops Coordinator,utilisateur,0.1979261866159341,like LinkedIn 06-26 (0.1979261866159341)
ENT-17510,CON-038470,Florian Lambert,Head of Talent Acquisition,buyer,1.3195079107728942,clic email 06-26 (1.3195079107728942)
ENT-17876,CON-029700,Nora Bonnet,Recruiter,utilisateur,0.1979261866159341,like LinkedIn 06-26 (0.1979261866159341)
ENT-16272,CON-020182,Bastien Garnier,CHRO,buyer,0.9896309330796706,commentaire LinkedIn 06-26 (0.9896309330796706)
ENT-11359,CON-035787,Julien Girard,Chargee de recrutement,utilisateur,0.7917047464637365,clic email 06-26 (0.7917047464637365)
ENT-05090,CON-028627,Jan Martin,Directrice RH,buyer,1.3195079107728942,clic email 06-26 (1.3195079107728942)
ENT-05090,CON-028628,Julien Fournier,HR Assistant,utilisateur,0.6,like LinkedIn 07-12 (0.6)
ENT-03185,CON-066878,Anna Bonnet,HR Officer,utilisateur,0.1979261866159341,like LinkedIn 06-26 (0.1979261866159341)
ENT-12118,CON-053434,Sanne Bonnet,HR Assistant,utilisateur,0.7917047464637365,clic email 06-26 (0.7917047464637365)
ENT-20466,CON-020818,Camille Rousseau,Charge de recrutement,utilisateur,0.7917047464637365,clic email 06-26 (0.7917047464637365)
ENT-19332,CON-034556,Sanne Guerin,People Ops Manager,champion,0.7917047464637367,commentaire LinkedIn 06-26 (0.7917047464637367)
ENT-10799,CON-028192,Anais Jansen,COO,buyer,0.3535533905932738,like LinkedIn 06-27 (0.3535533905932738)
ENT-08905,CON-074535,Romain Garnier,CHRO,buyer,1.0606601717798214,commentaire LinkedIn 06-27 (1.0606601717798214)
ENT-14865,CON-065526,Thomas Bernard,Talent Acquisition Manager,champion,1.1313708498984762,clic email 06-27 (1.1313708498984762)
ENT-10147,CON-000841,Jan Smit,,sans_titre,0.7071067811865476,clic email 06-27 (0.7071067811865476)
ENT-05890,CON-075999,Lea Vincent,Recruiter,utilisateur,0.848528137423857,clic email 06-27 (0.848528137423857)
ENT-05057,CON-048194,Sanne Roux,HRBP,champion,1.1313708498984762,clic email 06-27 (1.1313708498984762)
ENT-05057,CON-036739,Thomas Bonnet,HR Intern,bruit,0.0,clic email 07-22 (0.0)
ENT-20479,CON-049622,Bastien Lambert,Responsable Recrutement,champion,0.28284271247461906,like LinkedIn 06-27 (0.28284271247461906)
ENT-03805,CON-057577,Emil Andre,People Ops Coordinator,utilisateur,0.848528137423857,clic email 06-27 (0.848528137423857)
ENT-14140,CON-002820,Camille Fournier,Responsable Recrutement,champion,1.1313708498984762,clic email 06-27 (1.1313708498984762)
ENT-14955,CON-034112,Nicolas Faure,HR Assistant,utilisateur,0.9094299399062389,clic email 06-28 (0.9094299399062389)
ENT-14955,CON-076216,Romain Jansen,HR Intern,bruit,0.0,clic email 06-27 (0.0)
ENT-06548,CON-034894,Felix Durand,Compensation & Benefits Manager,champion,1.1313708498984762,clic email 06-27 (1.1313708498984762)
ENT-09403,CON-032115,Emma Leroy,Executive Assistant,bruit,0.0,clic email 06-27 (0.0)
ENT-11307,CON-055773,Diego Girard,Executive Assistant,bruit,0.0,clic email 06-27 (0.0)
ENT-20507,CON-074050,Elise Moreau,HR Intern,bruit,0.0,commentaire LinkedIn 06-27 (0.0)
ENT-05000,CON-006788,Marion Simon,HR Intern,bruit,0.0,commentaire LinkedIn 06-27 (0.0)
ENT-07780,CON-039588,Lucas Mercier,HRBP,champion,1.1313708498984762,clic email 06-27 (1.1313708498984762)
ENT-07780,CON-032334,Vincent Martin,HR Officer,utilisateur,0.848528137423857,clic email 06-27 (0.848528137423857)
ENT-02605,CON-036096,Alexandre Rousseau,People Ops Manager,champion,1.1313708498984762,clic email 06-27 (1.1313708498984762)
ENT-06730,CON-074186,Laura Lefebvre,Recruiter,utilisateur,0.21213203435596426,like LinkedIn 06-27 (0.21213203435596426)
ENT-15972,CON-003687,Guillaume Dupont,Office Manager,bruit,0.0,clic email 06-27 (0.0)
ENT-12790,CON-068909,Manon Roux,People Ops Coordinator,utilisateur,0.848528137423857,clic email 06-27 (0.848528137423857)
ENT-10790,CON-029655,Quentin Muller,Talent Acquisition Manager,champion,5.98166386273175,clic email 06-27 (1.1313708498984762) · clic email 07-18 (4.850293012833274)
ENT-14988,CON-023090,Emma Dubois,Directrice RH,buyer,1.4142135623730951,clic email 06-27 (1.4142135623730951)
ENT-09207,CON-002710,Sarah Weber,People Ops Coordinator,utilisateur,0.21213203435596426,like LinkedIn 06-27 (0.21213203435596426)
ENT-15727,CON-043742,Laura Lambert,Executive Assistant,bruit,0.0,like LinkedIn 06-27 (0.0)
ENT-20116,CON-054522,Elena Meyer,HR Officer,utilisateur,0.848528137423857,clic email 06-27 (0.848528137423857)
ENT-06448,CON-033104,Vincent Roux,COO,buyer,1.4142135623730951,clic email 06-27 (1.4142135623730951)
ENT-08944,CON-054079,Marion Navarro,Compensation & Benefits Manager,champion,1.1313708498984762,clic email 06-27 (1.1313708498984762)
ENT-16366,CON-057919,Jan Simon,HRBP,champion,1.1313708498984762,clic email 06-27 (1.1313708498984762)
ENT-02478,CON-013389,Thomas Serrano,HR Intern,bruit,0.0,clic email 06-27 (0.0)
ENT-08227,CON-061130,Anais Garnier,People Ops Coordinator,utilisateur,0.848528137423857,clic email 06-27 (0.848528137423857)
ENT-19304,CON-028015,Claire Mercier,Talent Acquisition Specialist,utilisateur,1.8232310130513398,clic email 06-27 (0.848528137423857) · clic email 06-29 (0.9747028756274827)
ENT-19744,CON-041131,Margaux Laurent,Charge de recrutement,utilisateur,0.6363961030678927,commentaire LinkedIn 06-27 (0.6363961030678927)
ENT-03764,CON-013293,Greta Fischer,VP People,buyer,1.4142135623730951,clic email 06-27 (1.4142135623730951)
ENT-12522,CON-055105,Femke Fischer,Talent Acquisition Specialist,utilisateur,0.848528137423857,clic email 06-27 (0.848528137423857)
ENT-14290,CON-066021,Pablo Mercier,People Ops Coordinator,utilisateur,0.21213203435596426,like LinkedIn 06-27 (0.21213203435596426)
ENT-14551,CON-073601,Pierre Bernard,Executive Assistant,bruit,0.0,clic email 06-27 (0.0)
ENT-11037,CON-069702,Lea Weber,,sans_titre,0.7071067811865476,clic email 06-27 (0.7071067811865476)
ENT-20195,CON-013720,Claire Lambert,Chargee de recrutement,utilisateur,0.848528137423857,clic email 06-27 (0.848528137423857)
ENT-19033,CON-035922,Pierre Lefebvre,Responsable Recrutement,champion,0.8485281374238572,commentaire LinkedIn 06-27 (0.8485281374238572)
ENT-09023,CON-043950,Margaux Chevalier,HRBP,champion,0.8485281374238572,commentaire LinkedIn 06-27 (0.8485281374238572)
ENT-04875,CON-007615,Manon Ferrari,Responsable Recrutement,champion,1.1313708498984762,clic email 06-27 (1.1313708498984762)
ENT-18398,CON-053212,Pablo Chevalier,VP People,buyer,1.4142135623730951,clic email 06-27 (1.4142135623730951)
ENT-02961,CON-006108,Julien Rossi,Head of Talent Acquisition,buyer,1.4142135623730951,clic email 06-27 (1.4142135623730951)
ENT-09909,CON-071991,Anais Bonnet,Head of Talent Acquisition,buyer,1.0606601717798214,commentaire LinkedIn 06-27 (1.0606601717798214)
ENT-04976,CON-032128,Ines Moreau,Office Manager,bruit,0.0,clic email 06-27 (0.0)
ENT-03051,CON-074818,Elise Garcia,HR Officer,utilisateur,0.848528137423857,clic email 06-27 (0.848528137423857)
ENT-14104,CON-004968,Bastien Bernard,Talent Acquisition Specialist,utilisateur,0.848528137423857,clic email 06-27 (0.848528137423857)
ENT-14847,CON-030493,Pauline Mercier,HRBP,champion,2.120760080469875,like LinkedIn 06-27 (0.28284271247461906) · clic email 07-04 (1.8379173679952558)
ENT-15057,CON-045289,Florian Dubois,Responsable Recrutement,champion,1.1313708498984762,clic email 06-27 (1.1313708498984762)
ENT-17976,CON-029560,Maxime Smit,Chargee de recrutement,utilisateur,0.6363961030678927,commentaire LinkedIn 06-27 (0.6363961030678927)
ENT-00384,CON-014834,Jan Dubois,Chargee de recrutement,utilisateur,0.848528137423857,clic email 06-27 (0.848528137423857)
ENT-03626,CON-064215,Bastien Leroy,Office Manager,bruit,0.0,clic email 06-27 (0.0)
ENT-08691,CON-030376,Antoine Dupont,Charge de recrutement,utilisateur,0.21213203435596426,like LinkedIn 06-27 (0.21213203435596426)
ENT-18438,CON-067131,Sarah Petit,People Ops Coordinator,utilisateur,6.435116468810957,clic email 06-27 (0.848528137423857) · commentaire LinkedIn 07-05 (1.1080299720104245) · clic email 07-21 (4.478558359376676)
ENT-17253,CON-015462,Camille Visser,HR Officer,utilisateur,0.848528137423857,clic email 06-27 (0.848528137423857)
ENT-12803,CON-037851,Ines Rossi,Office Manager,bruit,0.0,clic email 06-27 (0.0)
ENT-07931,CON-013372,Elena Fournier,Office Manager,bruit,0.0,clic email 06-27 (0.0)
ENT-04824,CON-002519,Elena Guerin,HR Officer,utilisateur,0.21213203435596426,like LinkedIn 06-27 (0.21213203435596426)
ENT-15730,CON-044250,Quentin Jansen,People Ops Coordinator,utilisateur,0.848528137423857,clic email 06-27 (0.848528137423857)
ENT-02585,CON-060412,Felix Rousseau,Head of People,buyer,1.5157165665103982,clic email 06-28 (1.5157165665103982)
ENT-07702,CON-016972,Lars Roux,HRBP,champion,1.2125732532083187,clic email 06-28 (1.2125732532083187)
ENT-04821,CON-032579,Jan Smit,Chargee de recrutement,utilisateur,0.9094299399062389,clic email 06-28 (0.9094299399062389)
ENT-15847,CON-032632,Maxime Meyer,Directrice RH,buyer,1.5157165665103982,clic email 06-28 (1.5157165665103982)
ENT-09170,CON-004394,Greta Lefebvre,Chargee de recrutement,utilisateur,0.22735748497655972,like LinkedIn 06-28 (0.22735748497655972)
ENT-14351,CON-019780,Quentin Moreau,Office Manager,bruit,0.0,clic email 06-28 (0.0)
ENT-13521,CON-071784,Alexandre Durand,Chargee de recrutement,utilisateur,0.9094299399062389,clic email 06-28 (0.9094299399062389)
ENT-02932,CON-065610,Claire Martin,HR Assistant,utilisateur,0.9094299399062389,clic email 06-28 (0.9094299399062389)
ENT-02932,CON-065611,Jan Roux,Executive Assistant,bruit,0.0,clic email 06-28 (0.0)
ENT-18024,CON-056071,Diego Rossi,Head of HR Operations,buyer,1.5157165665103982,clic email 06-28 (1.5157165665103982)
ENT-00612,CON-032055,Pablo Girard,Executive Assistant,bruit,0.0,like LinkedIn 06-28 (0.0)
ENT-16674,CON-002736,Lars Navarro,Head of HR Operations,buyer,1.5157165665103982,clic email 06-28 (1.5157165665103982)
ENT-04621,CON-056692,Greta Jansen,Talent Acquisition Manager,champion,1.2125732532083187,clic email 06-28 (1.2125732532083187)
ENT-03387,CON-056518,Hugo Bernard,HR Intern,bruit,0.0,commentaire LinkedIn 06-28 (0.0)
ENT-12210,CON-068721,Romain Boyer,Directrice RH,buyer,1.5157165665103982,clic email 06-28 (1.5157165665103982)
ENT-10371,CON-030932,Ines Bernard,Responsable Recrutement,champion,1.2125732532083187,clic email 06-28 (1.2125732532083187)
ENT-12321,CON-049858,Sarah Dubois,HR Business Partner,champion,0.30314331330207966,like LinkedIn 06-28 (0.30314331330207966)
ENT-18836,CON-043721,Marta Faure,Talent Acquisition Specialist,utilisateur,0.9094299399062389,clic email 06-28 (0.9094299399062389)
ENT-04942,CON-063312,Claire Jansen,HRBP,champion,0.30314331330207966,like LinkedIn 06-28 (0.30314331330207966)
ENT-05992,CON-002553,Julien Rousseau,Office Manager,bruit,0.0,clic email 06-28 (0.0)
ENT-06507,CON-071211,Nicolas Dubois,HR Assistant,utilisateur,0.9094299399062389,clic email 06-28 (0.9094299399062389)
ENT-08708,CON-047002,Romain Faure,Charge de recrutement,utilisateur,0.9094299399062389,clic email 06-28 (0.9094299399062389)
ENT-08786,CON-007512,Femke Blanc,HR Assistant,utilisateur,0.22735748497655972,like LinkedIn 06-28 (0.22735748497655972)
ENT-12480,CON-004577,Vincent Roux,Talent Acquisition Specialist,utilisateur,0.9094299399062389,clic email 06-28 (0.9094299399062389)
ENT-06937,CON-074465,Lars Fournier,,sans_titre,0.18946457081379978,like LinkedIn 06-28 (0.18946457081379978)
ENT-00863,CON-030940,Quentin Chevalier,Office Manager,bruit,0.0,clic email 06-28 (0.0)
ENT-04715,CON-046068,Jonas Rousseau,HR Director,buyer,1.1367874248827987,commentaire LinkedIn 06-28 (1.1367874248827987)
ENT-14560,CON-059849,Ines Lambert,People Ops Coordinator,utilisateur,0.22735748497655972,like LinkedIn 06-28 (0.22735748497655972)
ENT-05192,CON-006949,Diego Martin,Head of HR Operations,buyer,1.5157165665103982,clic email 06-28 (1.5157165665103982)
ENT-08856,CON-063550,Sarah Jansen,Charge de recrutement,utilisateur,0.9094299399062389,clic email 06-28 (0.9094299399062389)
ENT-08988,CON-067153,Elena Weber,Recruiter,utilisateur,0.9094299399062389,clic email 06-28 (0.9094299399062389)
ENT-09128,CON-041765,Greta Garnier,CHRO,buyer,3.693433240034749,commentaire LinkedIn 07-15 (3.693433240034749)
ENT-09128,CON-074550,Elise Moreau,Charge de recrutement,utilisateur,0.9094299399062389,clic email 06-28 (0.9094299399062389)
ENT-05633,CON-002003,Anais Blanc,Directeur RH,buyer,1.1367874248827987,commentaire LinkedIn 06-28 (1.1367874248827987)
ENT-04590,CON-035567,Quentin Dupont,Recruiter,utilisateur,0.22735748497655972,like LinkedIn 06-28 (0.22735748497655972)
ENT-12136,CON-057922,Lea Fournier,Talent Acquisition Specialist,utilisateur,0.22735748497655972,like LinkedIn 06-28 (0.22735748497655972)
ENT-19652,CON-063230,Sanne Ferrari,HRBP,champion,1.2125732532083187,clic email 06-28 (1.2125732532083187)
ENT-12504,CON-011365,Julie Weber,HR Business Partner,champion,0.9094299399062391,commentaire LinkedIn 06-28 (0.9094299399062391)
ENT-13676,CON-055240,Quentin Visser,Head of HR Operations,buyer,1.5157165665103982,clic email 06-28 (1.5157165665103982)
ENT-15335,CON-044074,Pablo Fischer,Executive Assistant,bruit,0.0,clic email 06-28 (0.0)
ENT-18712,CON-030221,Nora Navarro,Executive Assistant,bruit,0.0,clic email 06-28 (0.0)
ENT-15678,CON-000626,Lucas Petit,Responsable Recrutement,champion,0.9094299399062391,commentaire LinkedIn 06-28 (0.9094299399062391)
ENT-19265,CON-021282,Anna Bernard,HR Assistant,utilisateur,0.9094299399062389,clic email 06-28 (0.9094299399062389)
ENT-19752,CON-044411,Maxime Girard,HRBP,champion,0.9094299399062391,commentaire LinkedIn 06-28 (0.9094299399062391)
ENT-15948,CON-039689,Alexandre Jansen,HR Intern,bruit,0.0,clic email 06-28 (0.0)
ENT-10015,CON-006016,Guillaume Fournier,Recruiter,utilisateur,0.6820724549296792,commentaire LinkedIn 06-28 (0.6820724549296792)
ENT-12390,CON-023991,Sarah Bernard,Head of HR Operations,buyer,1.5157165665103982,clic email 06-28 (1.5157165665103982)
ENT-13354,CON-058339,Margaux Garnier,People Ops Coordinator,utilisateur,0.9094299399062389,clic email 06-28 (0.9094299399062389)
ENT-02356,CON-038534,Nora Durand,,sans_titre,1.8296317457914921,clic email 06-28 (0.7578582832551991) · clic email 07-03 (1.0717734625362931)
ENT-10999,CON-060902,Manon Garnier,Compensation & Benefits Manager,champion,1.2125732532083187,clic email 06-28 (1.2125732532083187)
ENT-01108,CON-068724,Camille Meyer,HR Assistant,utilisateur,0.9094299399062389,clic email 06-28 (0.9094299399062389)
ENT-19162,CON-060335,Lucas Roux,Talent Acquisition Manager,champion,0.9094299399062391,commentaire LinkedIn 06-28 (0.9094299399062391)
ENT-07811,CON-069729,Maxime Lambert,Office Manager,bruit,0.0,like LinkedIn 06-28 (0.0) · clic email 07-04 (0.0)
ENT-02499,CON-005570,Femke Bonnet,HR Director,buyer,1.5157165665103982,clic email 06-28 (1.5157165665103982)
ENT-00953,CON-049703,Antoine Guerin,People Ops Coordinator,utilisateur,0.9094299399062389,clic email 06-28 (0.9094299399062389)
ENT-00661,CON-008851,Laura Garcia,HR Officer,utilisateur,3.898811502509931,clic email 07-19 (3.898811502509931)
ENT-00661,CON-008853,Chloe Guerin,Office Manager,bruit,0.0,clic email 06-28 (0.0)
ENT-03643,CON-007269,Jan Fontaine,Recruiter,utilisateur,0.9094299399062389,clic email 06-28 (0.9094299399062389)
ENT-13022,CON-023173,Lars Petit,Recruiter,utilisateur,0.7310271567206119,commentaire LinkedIn 06-29 (0.7310271567206119)
ENT-18361,CON-064392,Hugo Durand,People Ops Coordinator,utilisateur,0.24367571890687068,like LinkedIn 06-29 (0.24367571890687068)
ENT-11661,CON-064021,Chloe Navarro,Head of HR Operations,buyer,1.6245047927124712,clic email 06-29 (1.6245047927124712)
ENT-00044,CON-060168,Pierre Girard,Head of HR Operations,buyer,6.498019170849885,clic email 07-19 (6.498019170849885)
ENT-00044,CON-060169,Camille Navarro,Directrice RH,buyer,1.6245047927124712,clic email 06-29 (1.6245047927124712)
ENT-00266,CON-038115,Marta Fontaine,Head of HR Operations,buyer,3.4375593311989143,like LinkedIn 06-29 (0.4061261981781178) · clic email 07-08 (3.0314331330207964)
ENT-20485,CON-075265,Anais Weber,Chargee de recrutement,utilisateur,0.24367571890687068,like LinkedIn 06-29 (0.24367571890687068)
ENT-16629,CON-002218,Marion Dubois,HR Officer,utilisateur,1.8841328155337216,clic email 06-29 (0.9747028756274827) · like LinkedIn 07-18 (0.9094299399062388)
ENT-01503,CON-013974,Manon Lambert,,sans_titre,0.8122523963562356,clic email 06-29 (0.8122523963562356)
ENT-10904,CON-054708,Elise Laurent,Head of Talent Acquisition,buyer,1.2183785945343533,commentaire LinkedIn 06-29 (1.2183785945343533)
ENT-01818,CON-026986,Camille Jansen,Directrice RH,buyer,1.6245047927124712,clic email 06-29 (1.6245047927124712)
ENT-19913,CON-059657,Thomas Fischer,People Ops Coordinator,utilisateur,5.153345579448878,clic email 06-29 (0.9747028756274827) · clic email 07-20 (4.178642703821396)
ENT-02259,CON-025238,Marta Navarro,HR Assistant,utilisateur,2.954746592027799,clic email 07-15 (2.954746592027799)
ENT-02259,CON-025237,Antoine Fournier,People Ops Coordinator,utilisateur,0.9747028756274827,clic email 06-29 (0.9747028756274827)
ENT-03542,CON-071871,Marion Rousseau,HR Business Partner,champion,1.299603834169977,clic email 06-29 (1.299603834169977)
ENT-14850,CON-039456,Emma Lambert,Chief People Officer,buyer,1.6245047927124712,clic email 06-29 (1.6245047927124712)
ENT-10388,CON-061844,Bastien Vincent,People Ops Manager,champion,1.299603834169977,clic email 06-29 (1.299603834169977)
ENT-07588,CON-042374,Camille Garcia,HR Intern,bruit,0.0,clic email 06-29 (0.0)
ENT-02230,CON-045286,Anna Girard,Head of HR Operations,buyer,0.4061261981781178,like LinkedIn 06-29 (0.4061261981781178)
ENT-02211,CON-016525,Elise Boyer,COO,buyer,1.2183785945343533,commentaire LinkedIn 06-29 (1.2183785945343533)
ENT-15998,CON-009509,Pablo Andre,HRBP,champion,1.299603834169977,clic email 06-29 (1.299603834169977)
ENT-03254,CON-024318,Nora Guerin,HR Officer,utilisateur,0.9747028756274827,clic email 06-29 (0.9747028756274827)
ENT-07159,CON-007471,Lars Bonnet,HRBP,champion,1.299603834169977,clic email 06-29 (1.299603834169977)
ENT-18529,CON-029774,Pablo Rousseau,CHRO,buyer,1.6245047927124712,clic email 06-29 (1.6245047927124712)
ENT-12559,CON-054140,Margaux Blanc,HRBP,champion,1.299603834169977,clic email 06-29 (1.299603834169977)
ENT-11506,CON-072155,Diego Leroy,People Ops Coordinator,utilisateur,0.9747028756274827,clic email 06-29 (0.9747028756274827)
ENT-13955,CON-064837,Felix Petit,HR Officer,utilisateur,0.9747028756274827,clic email 06-29 (0.9747028756274827)
ENT-09985,CON-055366,Lars Fontaine,HR Intern,bruit,0.0,clic email 06-29 (0.0)
ENT-10476,CON-000875,Bastien Blanc,COO,buyer,1.2183785945343533,commentaire LinkedIn 06-29 (1.2183785945343533)
ENT-06880,CON-024849,Sarah Mercier,HRBP,champion,1.299603834169977,clic email 06-29 (1.299603834169977)
ENT-18294,CON-033651,Elise Fischer,,sans_titre,0.6091892972671766,commentaire LinkedIn 06-29 (0.6091892972671766)
ENT-11064,CON-030793,Lars Boyer,,sans_titre,0.8122523963562356,clic email 06-29 (0.8122523963562356)
ENT-07738,CON-067014,Lea Garnier,Head of HR Operations,buyer,0.4061261981781178,like LinkedIn 06-29 (0.4061261981781178)
ENT-16083,CON-045810,Jan Rossi,Head of People,buyer,1.6245047927124712,clic email 06-29 (1.6245047927124712)
ENT-01305,CON-052819,Femke Fontaine,Executive Assistant,bruit,0.0,clic email 06-29 (0.0)
ENT-00201,CON-035750,Vincent Smit,,sans_titre,0.2030630990890589,like LinkedIn 06-29 (0.2030630990890589)
ENT-14699,CON-052718,Quentin Boyer,CHRO,buyer,1.6245047927124712,clic email 06-29 (1.6245047927124712)
ENT-14699,CON-052717,Femke Guerin,HR Officer,utilisateur,1.4773732960138994,clic email 07-05 (1.4773732960138994)
ENT-03987,CON-022951,Julie Bernard,VP Human Resources,buyer,1.6245047927124712,clic email 06-29 (1.6245047927124712)
ENT-19449,CON-036977,Margaux Bonnet,HR Director,buyer,1.6245047927124712,clic email 06-29 (1.6245047927124712)
ENT-17249,CON-004078,Anais Moreau,Chief People Officer,buyer,1.6245047927124712,clic email 06-29 (1.6245047927124712)
ENT-05238,CON-009684,Vincent Girard,HRBP,champion,1.299603834169977,clic email 06-29 (1.299603834169977)
ENT-08524,CON-058938,Chloe Guerin,Talent Acquisition Manager,champion,1.714837540058069,clic email 07-03 (1.714837540058069)
ENT-08524,CON-065208,Julien Meyer,Head of Talent Acquisition,buyer,1.6245047927124712,clic email 06-29 (1.6245047927124712)
ENT-17338,CON-023708,Elena Laurent,Chief People Officer,buyer,1.6245047927124712,clic email 06-29 (1.6245047927124712)
ENT-04327,CON-035876,Chloe Martin,Executive Assistant,bruit,0.0,clic email 06-29 (0.0)
ENT-01726,CON-049377,Antoine Muller,Head of Talent Acquisition,buyer,0.4061261981781178,like LinkedIn 06-29 (0.4061261981781178)
ENT-19336,CON-041893,Julien Garnier,Talent Acquisition Manager,champion,6.839265956873709,clic email 06-29 (1.299603834169977) · clic email 07-02 (1.6) · clic email 07-15 (3.9396621227037323)
ENT-07116,CON-001558,Nicolas Girard,HR Business Partner,champion,1.299603834169977,clic email 06-29 (1.299603834169977)
ENT-10365,CON-058206,Alexandre Guerin,Chief People Officer,buyer,1.6245047927124712,clic email 06-29 (1.6245047927124712)
ENT-07052,CON-070944,Laura Fischer,Talent Acquisition Manager,champion,1.299603834169977,clic email 06-29 (1.299603834169977)
ENT-00740,CON-017636,Alexandre Martin,HRBP,champion,1.299603834169977,clic email 06-29 (1.299603834169977)
ENT-13514,CON-017289,Pauline Mercier,HR Assistant,utilisateur,0.9747028756274827,clic email 06-29 (0.9747028756274827)
ENT-19444,CON-004881,Claire Meyer,HR Officer,utilisateur,0.9747028756274827,clic email 06-29 (0.9747028756274827)
ENT-11755,CON-032628,Julie Muller,Head of HR Operations,buyer,1.6245047927124712,clic email 06-29 (1.6245047927124712)
ENT-06115,CON-012646,Camille Navarro,Compensation & Benefits Manager,champion,1.299603834169977,clic email 06-29 (1.299603834169977)
ENT-04737,CON-045205,Jan Ferrari,,sans_titre,0.8122523963562356,clic email 06-29 (0.8122523963562356)
ENT-14623,CON-007805,Quentin Garcia,HR Business Partner,champion,1.8379173679952558,clic email 07-04 (1.8379173679952558)
ENT-14623,CON-056852,Antoine Blanc,Executive Assistant,bruit,0.0,clic email 06-29 (0.0)
ENT-07041,CON-034248,Julien Dubois,People Ops Coordinator,utilisateur,0.9747028756274827,clic email 06-29 (0.9747028756274827)
ENT-10384,CON-024757,Bastien Smit,Directrice RH,buyer,1.6245047927124712,clic email 06-29 (1.6245047927124712)
ENT-05080,CON-027912,Quentin Dubois,Chief People Officer,buyer,0.4061261981781178,like LinkedIn 06-29 (0.4061261981781178)
ENT-18813,CON-042296,Chloe Mercier,Compensation & Benefits Manager,champion,1.3928809012737986,clic email 06-30 (1.3928809012737986)
ENT-12703,CON-021307,Quentin Faure,Directeur RH,buyer,1.741101126592248,clic email 06-30 (1.741101126592248)
ENT-12703,CON-021309,Pierre Roux,HR Intern,bruit,0.0,like LinkedIn 07-16 (0.0)
ENT-09325,CON-074230,Marta Bernard,Head of HR Operations,buyer,1.741101126592248,clic email 06-30 (1.741101126592248)
ENT-17460,CON-009466,Florian Petit,HR Officer,utilisateur,1.0446606759553487,clic email 06-30 (1.0446606759553487)
ENT-05775,CON-037403,Anna Navarro,HR Business Partner,champion,1.3928809012737986,clic email 06-30 (1.3928809012737986)
ENT-11627,CON-076157,Romain Fischer,Recruiter,utilisateur,1.0446606759553487,clic email 06-30 (1.0446606759553487)
ENT-18781,CON-012660,Claire Vincent,Recruiter,utilisateur,1.0446606759553487,clic email 06-30 (1.0446606759553487)
ENT-16149,CON-020348,Julien Boyer,Talent Acquisition Manager,champion,0.34822022531844965,like LinkedIn 06-30 (0.34822022531844965)
ENT-18145,CON-002424,Marion Meyer,Head of Talent Acquisition,buyer,1.741101126592248,clic email 06-30 (1.741101126592248)
ENT-01856,CON-049740,Diego Girard,HR Intern,bruit,0.0,clic email 06-30 (0.0)
ENT-15489,CON-072032,Florian Durand,Office Manager,bruit,0.0,clic email 06-30 (0.0)
ENT-08109,CON-022843,Thomas Moreau,Chief People Officer,buyer,1.741101126592248,clic email 06-30 (1.741101126592248)
ENT-00831,CON-008164,Romain Navarro,VP Human Resources,buyer,0.435275281648062,like LinkedIn 06-30 (0.435275281648062)
ENT-00862,CON-014113,Pauline Smit,Office Manager,bruit,0.0,clic email 06-30 (0.0)
ENT-14157,CON-016827,Hugo Michel,Office Manager,bruit,0.0,clic email 06-30 (0.0)
ENT-07478,CON-002574,Nora Visser,Talent Acquisition Specialist,utilisateur,1.0446606759553487,clic email 06-30 (1.0446606759553487)
ENT-09700,CON-046805,Antoine Bernard,Office Manager,bruit,0.0,clic email 06-30 (0.0)
ENT-04929,CON-023957,Anna Andre,Chargee de recrutement,utilisateur,1.0446606759553487,clic email 06-30 (1.0446606759553487)
ENT-02972,CON-028729,Felix Weber,Chargee de recrutement,utilisateur,0.2611651689888372,like LinkedIn 06-30 (0.2611651689888372)
ENT-11425,CON-020814,Sophie Martin,Head of Talent Acquisition,buyer,1.741101126592248,clic email 06-30 (1.741101126592248)
ENT-19171,CON-046543,Diego Guerin,HR Officer,utilisateur,2.9940664272103135,clic email 06-30 (1.0446606759553487) · clic email 07-09 (1.949405751254965)
ENT-09381,CON-067540,Sarah Guerin,HR Manager,champion,0.34822022531844965,like LinkedIn 06-30 (0.34822022531844965)
ENT-01896,CON-073050,Emil Girard,HRBP,champion,6.591296237953706,clic email 06-30 (1.3928809012737986) · clic email 07-19 (5.198415336679908)
ENT-07579,CON-023079,Manon Muller,Executive Assistant,bruit,0.0,clic email 06-30 (0.0)
ENT-15707,CON-051707,Maxime Smit,Compensation & Benefits Manager,champion,1.3928809012737986,clic email 06-30 (1.3928809012737986)
ENT-16696,CON-003900,Quentin Muller,HR Intern,bruit,0.0,clic email 06-30 (0.0)
ENT-13184,CON-055639,Claire Bernard,People Ops Coordinator,utilisateur,1.0446606759553487,clic email 06-30 (1.0446606759553487)
ENT-10868,CON-064633,Lea Garnier,Office Manager,bruit,0.0,clic email 06-30 (0.0)
ENT-08875,CON-040938,Antoine Ferrari,Recruiter,utilisateur,1.0446606759553487,clic email 06-30 (1.0446606759553487)
ENT-06928,CON-003100,Lea Smit,Talent Acquisition Specialist,utilisateur,0.7834955069665115,commentaire LinkedIn 06-30 (0.7834955069665115)
ENT-11129,CON-027755,Margaux Bonnet,HR Manager,champion,1.3928809012737986,clic email 06-30 (1.3928809012737986)
ENT-02812,CON-009139,Marion Lambert,Charge de recrutement,utilisateur,0.2611651689888372,like LinkedIn 06-30 (0.2611651689888372)
ENT-14918,CON-018710,Elena Bonnet,,sans_titre,0.870550563296124,clic email 06-30 (0.870550563296124)
ENT-15578,CON-061410,Sarah Boyer,Recruiter,utilisateur,1.0446606759553487,clic email 06-30 (1.0446606759553487)
ENT-13473,CON-004134,Emil Navarro,Compensation & Benefits Manager,champion,3.5040935585104296,clic email 06-30 (1.3928809012737986) · clic email 07-06 (2.111212657236631)
ENT-17815,CON-010557,Emil Moreau,Charge de recrutement,utilisateur,0.7834955069665115,commentaire LinkedIn 06-30 (0.7834955069665115)
ENT-09282,CON-000017,Ines Fontaine,Talent Acquisition Specialist,utilisateur,1.0446606759553487,clic email 06-30 (1.0446606759553487)
ENT-16943,CON-072219,Femke Durand,CHRO,buyer,1.741101126592248,clic email 06-30 (1.741101126592248)
ENT-00329,CON-049338,Marta Fournier,CEO,buyer,1.741101126592248,clic email 06-30 (1.741101126592248)
ENT-07032,CON-011726,Sarah Garnier,People Ops Coordinator,utilisateur,0.7834955069665115,commentaire LinkedIn 06-30 (0.7834955069665115)
ENT-01014,CON-067596,Romain Vincent,HR Business Partner,champion,1.3928809012737986,clic email 06-30 (1.3928809012737986)
ENT-07633,CON-066638,Lars Martin,Head of Talent Acquisition,buyer,2.6390158215457884,clic email 07-06 (2.6390158215457884)
ENT-07633,CON-066639,Femke Garcia,HRBP,champion,0.34822022531844965,like LinkedIn 06-30 (0.34822022531844965)
ENT-03584,CON-063778,Margaux Muller,HR Intern,bruit,0.0,clic email 06-30 (0.0)
ENT-15909,CON-063579,Nora Michel,Head of Talent Acquisition,buyer,1.741101126592248,clic email 06-30 (1.741101126592248)
ENT-12111,CON-059491,Camille Fournier,Head of Talent Acquisition,buyer,1.741101126592248,clic email 06-30 (1.741101126592248)
ENT-04987,CON-042185,Jan Girard,HRBP,champion,1.3928809012737986,clic email 06-30 (1.3928809012737986)
ENT-15073,CON-036039,Hugo Martin,HR Assistant,utilisateur,2.4,clic email 07-12 (2.4)
ENT-15073,CON-036040,Felix Martin,HR Intern,bruit,0.0,clic email 06-30 (0.0)
ENT-05004,CON-029922,Antoine Navarro,,sans_titre,0.870550563296124,clic email 06-30 (0.870550563296124)
ENT-07814,CON-038550,Antoine Fournier,VP Human Resources,buyer,1.741101126592248,clic email 06-30 (1.741101126592248)
ENT-17781,CON-007317,Femke Garcia,HRBP,champion,1.3928809012737986,clic email 06-30 (1.3928809012737986)
ENT-18114,CON-032570,Lars Mercier,Head of Talent Acquisition,buyer,2.0,clic email 07-01 (2.0)
ENT-00263,CON-034676,Thomas Weber,,sans_titre,0.75,commentaire LinkedIn 07-01 (0.75)
ENT-07999,CON-075370,Romain Lefebvre,HRBP,champion,1.6,clic email 07-01 (1.6)
ENT-10686,CON-055661,Elise Vincent,Compensation & Benefits Manager,champion,1.6,clic email 07-01 (1.6)
ENT-19734,CON-012620,Guillaume Dubois,HR Intern,bruit,0.0,clic email 07-01 (0.0)
ENT-06676,CON-029685,Sarah Blanc,Responsable Recrutement,champion,1.6,clic email 07-01 (1.6)
ENT-04325,CON-048661,Ines Petit,HR Business Partner,champion,1.6,clic email 07-01 (1.6)
ENT-12302,CON-005528,Lars Ferrari,Charge de recrutement,utilisateur,0.8999999999999999,commentaire LinkedIn 07-01 (0.8999999999999999)
ENT-11880,CON-022774,Lucas Durand,Head of Talent Acquisition,buyer,0.5,like LinkedIn 07-01 (0.5)
ENT-02105,CON-006356,Ines Smit,,sans_titre,1.0,clic email 07-01 (1.0)
ENT-13566,CON-044462,Ines Girard,HRBP,champion,0.4,like LinkedIn 07-01 (0.4)
ENT-14952,CON-057627,Romain Vincent,Compensation & Benefits Manager,champion,1.6,clic email 07-01 (1.6)
ENT-19060,CON-026466,Thomas Fontaine,HR Manager,champion,1.6,clic email 07-01 (1.6)
ENT-07978,CON-011297,Pierre Dubois,Compensation & Benefits Manager,champion,1.6,clic email 07-01 (1.6)
ENT-04727,CON-029070,Pierre Chevalier,Executive Assistant,bruit,0.0,clic email 07-01 (0.0)
ENT-02207,CON-075993,Sophie Andre,,sans_titre,0.75,commentaire LinkedIn 07-01 (0.75)
ENT-02474,CON-039357,Sophie Vincent,Chargee de recrutement,utilisateur,1.2,clic email 07-01 (1.2)
ENT-18413,CON-051152,Elena Ferrari,People Ops Manager,champion,1.6,clic email 07-01 (1.6)
ENT-13402,CON-061586,Marion Rousseau,Talent Acquisition Specialist,utilisateur,1.2,clic email 07-01 (1.2)
ENT-11690,CON-020768,Nora Petit,Charge de recrutement,utilisateur,1.2727922061357855,commentaire LinkedIn 07-07 (1.2727922061357855)
ENT-11690,CON-020763,Pablo Dubois,HR Assistant,utilisateur,1.2,clic email 07-01 (1.2)
ENT-04085,CON-015558,Chloe Michel,Office Manager,bruit,0.0,like LinkedIn 07-01 (0.0)
ENT-14933,CON-052939,Laura Blanc,Office Manager,bruit,0.0,clic email 07-01 (0.0) · clic email 07-07 (0.0)
ENT-15467,CON-040828,Marta Guerin,HRBP,champion,1.2000000000000002,commentaire LinkedIn 07-01 (1.2000000000000002)
ENT-06531,CON-051407,Jan Rousseau,Talent Acquisition Specialist,utilisateur,1.2,clic email 07-01 (1.2)
ENT-02227,CON-053218,Romain Faure,HR Assistant,utilisateur,1.2,clic email 07-01 (1.2)
ENT-07867,CON-063772,Guillaume Lefebvre,VP People,buyer,2.0,clic email 07-01 (2.0)
ENT-05592,CON-027542,Chloe Roux,HR Officer,utilisateur,1.2,clic email 07-01 (1.2)
ENT-18257,CON-044767,Elise Rossi,Head of Talent Acquisition,buyer,2.0,clic email 07-01 (2.0)
ENT-17843,CON-045380,Quentin Vincent,Chief People Officer,buyer,4.29739670999407,clic email 07-01 (2.0) · clic email 07-04 (2.2973967099940698)
ENT-06013,CON-045667,Sanne Bonnet,HR Officer,utilisateur,1.2,clic email 07-01 (1.2)
ENT-02702,CON-026520,Vincent Dupont,Head of Talent Acquisition,buyer,2.0,clic email 07-01 (2.0)
ENT-16990,CON-026066,Quentin Laurent,Office Manager,bruit,0.0,clic email 07-01 (0.0)
ENT-10974,CON-026151,Lucas Dubois,Head of Talent Acquisition,buyer,2.0,clic email 07-01 (2.0)
ENT-18851,CON-066216,Sanne Simon,Talent Acquisition Specialist,utilisateur,0.3,like LinkedIn 07-01 (0.3)
ENT-20252,CON-069448,Greta Bernard,People Ops Coordinator,utilisateur,1.2,clic email 07-01 (1.2)
ENT-19687,CON-049264,Jonas Fontaine,HR Business Partner,champion,1.6,clic email 07-01 (1.6)
ENT-08999,CON-061414,Diego Mercier,Executive Assistant,bruit,0.0,like LinkedIn 07-01 (0.0)
ENT-07674,CON-021972,Claire Ferrari,Office Manager,bruit,0.0,clic email 07-01 (0.0)
ENT-14000,CON-061453,Emil Bonnet,Talent Acquisition Manager,champion,1.6,clic email 07-01 (1.6)
ENT-04861,CON-057291,Pablo Boyer,Chargee de recrutement,utilisateur,1.2,clic email 07-01 (1.2)
ENT-12883,CON-021347,Margaux Muller,Talent Acquisition Specialist,utilisateur,0.3,like LinkedIn 07-01 (0.3)
ENT-18262,CON-039405,Camille Serrano,CHRO,buyer,0.5,like LinkedIn 07-01 (0.5)
ENT-08003,CON-022979,Pablo Fischer,CEO,buyer,2.0,clic email 07-01 (2.0)
ENT-09442,CON-062311,Quentin Guerin,Recruiter,utilisateur,4.41398205531582,clic email 07-01 (1.2) · clic email 07-11 (2.239279179688338) · like LinkedIn 07-19 (0.9747028756274827)
ENT-12206,CON-050198,Laura Fischer,HR Officer,utilisateur,1.2,clic email 07-01 (1.2)
ENT-17543,CON-019435,Lucas Smit,HR Intern,bruit,0.0,clic email 07-01 (0.0)
ENT-11001,CON-023807,Julien Chevalier,HR Officer,utilisateur,1.2,clic email 07-01 (1.2)
ENT-16644,CON-064056,Jan Bonnet,Chief People Officer,buyer,2.0,clic email 07-01 (2.0)
ENT-20053,CON-034610,Jan Navarro,Executive Assistant,bruit,0.0,clic email 07-01 (0.0)
ENT-07758,CON-054375,Marta Lefebvre,,sans_titre,1.0,clic email 07-01 (1.0)
ENT-18743,CON-013403,Sanne Fournier,COO,buyer,2.0,clic email 07-01 (2.0)
ENT-08685,CON-033334,Maxime Chevalier,HR Intern,bruit,0.0,clic email 07-01 (0.0)
ENT-14293,CON-072922,Nicolas Garnier,Talent Acquisition Manager,champion,1.6,clic email 07-01 (1.6)
ENT-09877,CON-048470,Benjamin Andre,Directeur RH,buyer,2.0,clic email 07-01 (2.0)
ENT-20215,CON-010648,Lucas Lefebvre,Office Manager,bruit,0.0,commentaire LinkedIn 07-01 (0.0)
ENT-05122,CON-037270,Florian Dupont,HRBP,champion,1.6,clic email 07-01 (1.6)
ENT-14325,CON-002117,Hugo Navarro,HR Assistant,utilisateur,1.2,clic email 07-01 (1.2)
ENT-05808,CON-067095,Julien Weber,VP People,buyer,1.5,commentaire LinkedIn 07-01 (1.5)
ENT-17662,CON-048933,Marta Weber,HR Manager,champion,1.6,clic email 07-01 (1.6)
ENT-14158,CON-048104,Pablo Bernard,Talent Acquisition Specialist,utilisateur,1.2,clic email 07-01 (1.2)
ENT-12907,CON-046472,Nora Petit,Responsable Recrutement,champion,3.9396621227037323,clic email 07-15 (3.9396621227037323)
ENT-12907,CON-046470,Jonas Mercier,Office Manager,bruit,0.0,clic email 07-01 (0.0)
ENT-17695,CON-033102,Anais Serrano,Chief People Officer,buyer,2.0,clic email 07-01 (2.0)
ENT-20515,CON-018843,Elena Faure,,sans_titre,1.0,clic email 07-01 (1.0)
ENT-11498,CON-073136,Claire Visser,People Ops Coordinator,utilisateur,0.3,like LinkedIn 07-01 (0.3)
ENT-11498,CON-030688,Nora Lambert,Office Manager,bruit,0.0,commentaire LinkedIn 07-13 (0.0)
ENT-10738,CON-009809,Lucas Rossi,Executive Assistant,bruit,0.0,clic email 07-02 (0.0)
ENT-13739,CON-028728,Nicolas Fischer,Chief People Officer,buyer,2.0,clic email 07-02 (2.0)
ENT-20439,CON-061538,Elise Faure,HR Assistant,utilisateur,3.898811502509931,clic email 07-19 (3.898811502509931)
ENT-20439,CON-061539,Anna Martin,HR Business Partner,champion,1.6,clic email 07-02 (1.6)
ENT-13356,CON-029152,Hugo Laurent,Head of HR Operations,buyer,0.5,like LinkedIn 07-02 (0.5)
ENT-15394,CON-036801,Pauline Simon,Compensation & Benefits Manager,champion,1.6,clic email 07-02 (1.6)
ENT-03017,CON-016822,Femke Serrano,Responsable Recrutement,champion,1.6,clic email 07-02 (1.6)
ENT-03406,CON-014792,Femke Boyer,Compensation & Benefits Manager,champion,1.2000000000000002,commentaire LinkedIn 07-02 (1.2000000000000002)
ENT-07657,CON-043228,Femke Vincent,HR Officer,utilisateur,1.2,clic email 07-02 (1.2)
ENT-09302,CON-040793,Sarah Faure,HR Manager,champion,1.6,clic email 07-02 (1.6)
ENT-02941,CON-041967,Vincent Michel,Office Manager,bruit,0.0,clic email 07-02 (0.0)
ENT-01303,CON-037027,Marion Moreau,Talent Acquisition Specialist,utilisateur,1.2,clic email 07-02 (1.2)
ENT-05527,CON-051964,Guillaume Garnier,Compensation & Benefits Manager,champion,1.6,clic email 07-02 (1.6)
ENT-17272,CON-072936,Elise Lambert,Directeur RH,buyer,2.0,clic email 07-02 (2.0)
ENT-08455,CON-022839,Camille Ferrari,Office Manager,bruit,0.0,clic email 07-02 (0.0)
ENT-08432,CON-025069,Pierre Andre,,sans_titre,1.0,clic email 07-02 (1.0)
ENT-04321,CON-026582,Emma Simon,HR Officer,utilisateur,3.637719759624955,clic email 07-18 (3.637719759624955)
ENT-04321,CON-026581,Claire Weber,People Ops Manager,champion,1.2000000000000002,commentaire LinkedIn 07-02 (1.2000000000000002)
ENT-05100,CON-015956,Claire Navarro,Head of HR Operations,buyer,2.0,clic email 07-02 (2.0)
ENT-08798,CON-043179,Greta Leroy,Recruiter,utilisateur,1.2,clic email 07-02 (1.2)
ENT-08876,CON-002004,Lars Bonnet,HR Intern,bruit,0.0,clic email 07-02 (0.0)
ENT-19605,CON-042591,Claire Bonnet,CEO,buyer,4.5947934199881395,clic email 07-14 (4.5947934199881395)
ENT-19605,CON-042588,Maxime Martin,Chargee de recrutement,utilisateur,1.2,clic email 07-02 (1.2)
ENT-04891,CON-010566,Anais Laurent,People Ops Coordinator,utilisateur,1.2,clic email 07-02 (1.2)
ENT-10796,CON-028921,Lucas Smit,Recruiter,utilisateur,1.2,clic email 07-02 (1.2)
ENT-12178,CON-028377,Diego Weber,Recruiter,utilisateur,1.2,clic email 07-02 (1.2)
ENT-20274,CON-039079,Emil Andre,HR Business Partner,champion,1.2000000000000002,commentaire LinkedIn 07-02 (1.2000000000000002)
ENT-20274,CON-039081,Anais Vincent,Charge de recrutement,utilisateur,0.6430640775217759,like LinkedIn 07-13 (0.6430640775217759)
ENT-06528,CON-013404,Manon Fontaine,People Ops Coordinator,utilisateur,0.3,like LinkedIn 07-02 (0.3)
ENT-06528,CON-019836,Emma Simon,Office Manager,bruit,0.0,like LinkedIn 07-18 (0.0)
ENT-15100,CON-011109,Benjamin Mercier,COO,buyer,2.0,clic email 07-02 (2.0)
ENT-03617,CON-036374,Alexandre Guerin,,sans_titre,1.0,clic email 07-02 (1.0)
ENT-13899,CON-067229,Chloe Fournier,People Ops Coordinator,utilisateur,1.2,clic email 07-02 (1.2)
ENT-00570,CON-058118,Marion Leroy,VP Human Resources,buyer,1.5,commentaire LinkedIn 07-02 (1.5)
ENT-02938,CON-008686,Thomas Fournier,Head of HR Operations,buyer,2.0,clic email 07-02 (2.0)
ENT-08001,CON-031227,Femke Dubois,Chief People Officer,buyer,2.0,clic email 07-02 (2.0)
ENT-19538,CON-013354,Pauline Chevalier,Compensation & Benefits Manager,champion,0.4,like LinkedIn 07-02 (0.4)
ENT-03632,CON-000506,Bastien Vincent,Office Manager,bruit,0.0,commentaire LinkedIn 07-02 (0.0)
ENT-03275,CON-029437,Julien Petit,HR Assistant,utilisateur,1.2,clic email 07-02 (1.2)
ENT-13353,CON-047031,Marta Jansen,Talent Acquisition Specialist,utilisateur,1.2,clic email 07-02 (1.2)
ENT-01379,CON-017931,Emil Leroy,HR Officer,utilisateur,1.2,clic email 07-02 (1.2)
ENT-03465,CON-073800,Anais Lefebvre,HR Intern,bruit,0.0,clic email 07-02 (0.0)
ENT-05666,CON-013747,Maxime Dubois,HR Intern,bruit,0.0,clic email 07-02 (0.0)
ENT-06858,CON-072224,Anna Visser,HR Assistant,utilisateur,1.2,clic email 07-02 (1.2)
ENT-07067,CON-029435,Sanne Faure,Charge de recrutement,utilisateur,1.2,clic email 07-02 (1.2)
ENT-15217,CON-021647,Maxime Moreau,HR Assistant,utilisateur,1.2,clic email 07-02 (1.2)
ENT-10714,CON-004025,Marion Smit,Compensation & Benefits Manager,champion,1.6,clic email 07-02 (1.6)
ENT-06409,CON-062935,Emma Simon,,sans_titre,0.25,like LinkedIn 07-02 (0.25)
ENT-08042,CON-040679,Diego Lefebvre,CHRO,buyer,0.5,like LinkedIn 07-02 (0.5)
ENT-02148,CON-048461,Sarah Navarro,HR Officer,utilisateur,1.2,clic email 07-02 (1.2)
ENT-11072,CON-009069,Vincent Fournier,Directeur RH,buyer,2.0,clic email 07-02 (2.0)
ENT-13503,CON-056083,Benjamin Lambert,Executive Assistant,bruit,0.0,clic email 07-02 (0.0)
ENT-10053,CON-034199,Camille Rousseau,Office Manager,bruit,0.0,clic email 07-02 (0.0)
ENT-04344,CON-037703,Sanne Weber,Talent Acquisition Specialist,utilisateur,1.2,clic email 07-02 (1.2)
ENT-12207,CON-058197,Bastien Lambert,HR Director,buyer,2.0,clic email 07-02 (2.0)
ENT-01332,CON-022713,Marion Muller,Responsable Recrutement,champion,4.0,clic email 07-02 (1.6) · commentaire LinkedIn 07-12 (2.4000000000000004)
ENT-02634,CON-059176,Manon Bonnet,Office Manager,bruit,0.0,clic email 07-02 (0.0)
ENT-02068,CON-056237,Guillaume Moreau,Talent Acquisition Manager,champion,5.198415336679908,clic email 07-19 (5.198415336679908)
ENT-02068,CON-021470,Benjamin Blanc,HR Manager,champion,1.6,clic email 07-02 (1.6)
ENT-15391,CON-071976,Romain Leroy,HR Business Partner,champion,1.6,clic email 07-02 (1.6)
ENT-11282,CON-067031,Chloe Visser,COO,buyer,1.5,commentaire LinkedIn 07-02 (1.5)
ENT-06842,CON-012523,Femke Ferrari,HR Intern,bruit,0.0,clic email 07-02 (0.0) · like LinkedIn 07-07 (0.0)
ENT-16280,CON-046825,Alexandre Serrano,Compensation & Benefits Manager,champion,1.6,clic email 07-02 (1.6)
ENT-14855,CON-011600,Sophie Jansen,Charge de recrutement,utilisateur,1.2,clic email 07-02 (1.2)
ENT-02134,CON-035838,Alexandre Martin,Office Manager,bruit,0.0,clic email 07-02 (0.0)
ENT-16158,CON-037936,Anna Garcia,Chief People Officer,buyer,2.0,clic email 07-02 (2.0)
ENT-18513,CON-011648,Emma Faure,Head of Talent Acquisition,buyer,2.0,clic email 07-02 (2.0)
ENT-14224,CON-034344,Bastien Vincent,Head of Talent Acquisition,buyer,2.0,clic email 07-02 (2.0)
ENT-10745,CON-009359,Pablo Simon,HR Officer,utilisateur,0.3,like LinkedIn 07-02 (0.3)
ENT-12053,CON-011128,Emma Dubois,People Ops Coordinator,utilisateur,0.8999999999999999,commentaire LinkedIn 07-02 (0.8999999999999999)
ENT-08507,CON-008165,Lucas Fischer,HRBP,champion,1.714837540058069,clic email 07-03 (1.714837540058069)
ENT-07171,CON-068705,Margaux Meyer,Talent Acquisition Manager,champion,0.4287093850145173,like LinkedIn 07-03 (0.4287093850145173)
ENT-02786,CON-032623,Bastien Martin,Compensation & Benefits Manager,champion,1.286128155043552,commentaire LinkedIn 07-03 (1.286128155043552)
ENT-00190,CON-025331,Diego Garnier,VP People,buyer,2.1435469250725863,clic email 07-03 (2.1435469250725863)
ENT-19479,CON-039943,Manon Fournier,Chargee de recrutement,utilisateur,1.2861281550435517,clic email 07-03 (1.2861281550435517)
ENT-00763,CON-052247,Sophie Roux,HR Manager,champion,0.4287093850145173,like LinkedIn 07-03 (0.4287093850145173)
ENT-12572,CON-024298,Quentin Blanc,Talent Acquisition Specialist,utilisateur,1.2861281550435517,clic email 07-03 (1.2861281550435517)
ENT-05168,CON-047406,Hugo Rousseau,Responsable Recrutement,champion,1.714837540058069,clic email 07-03 (1.714837540058069)
ENT-18706,CON-060593,Laura Guerin,HR Business Partner,champion,1.286128155043552,commentaire LinkedIn 07-03 (1.286128155043552)
ENT-18706,CON-060590,Pierre Faure,Office Manager,bruit,0.0,like LinkedIn 07-17 (0.0)
ENT-07352,CON-035962,Vincent Vincent,Recruiter,utilisateur,0.9645961162826637,commentaire LinkedIn 07-03 (0.9645961162826637)
ENT-09193,CON-057428,Julie Mercier,Executive Assistant,bruit,0.0,clic email 07-03 (0.0)
ENT-01984,CON-064696,Anna Chevalier,Directeur RH,buyer,2.1435469250725863,clic email 07-03 (2.1435469250725863)
ENT-12127,CON-045202,Manon Muller,HR Assistant,utilisateur,0.9645961162826637,commentaire LinkedIn 07-03 (0.9645961162826637)
ENT-00135,CON-009396,Lars Garcia,People Ops Coordinator,utilisateur,1.2861281550435517,clic email 07-03 (1.2861281550435517)
ENT-01677,CON-027484,Pablo Fontaine,,sans_titre,1.0717734625362931,clic email 07-03 (1.0717734625362931)
ENT-14144,CON-019834,Lucas Simon,,sans_titre,1.0717734625362931,clic email 07-03 (1.0717734625362931)
ENT-14937,CON-001746,Guillaume Laurent,Talent Acquisition Specialist,utilisateur,1.2861281550435517,clic email 07-03 (1.2861281550435517)
ENT-06892,CON-021027,Manon Blanc,VP Human Resources,buyer,2.1435469250725863,clic email 07-03 (2.1435469250725863)
ENT-00251,CON-066415,Laura Dupont,Chargee de recrutement,utilisateur,0.9645961162826637,commentaire LinkedIn 07-03 (0.9645961162826637)
ENT-11117,CON-003442,Ines Bonnet,People Ops Manager,champion,1.286128155043552,commentaire LinkedIn 07-03 (1.286128155043552)
ENT-19562,CON-039017,Marta Petit,Recruiter,utilisateur,1.2861281550435517,clic email 07-03 (1.2861281550435517)
ENT-04070,CON-044313,Anna Muller,Charge de recrutement,utilisateur,1.2861281550435517,clic email 07-03 (1.2861281550435517)
ENT-20349,CON-000002,Julien Serrano,Charge de recrutement,utilisateur,1.2861281550435517,clic email 07-03 (1.2861281550435517)
ENT-18724,CON-063330,Emma Vincent,HR Assistant,utilisateur,1.2861281550435517,clic email 07-03 (1.2861281550435517)
ENT-16925,CON-054214,Elena Andre,HR Officer,utilisateur,3.959251798385843,like LinkedIn 07-03 (0.32153203876088793) · clic email 07-18 (3.637719759624955)
ENT-15008,CON-005758,Antoine Andre,People Ops Manager,champion,1.286128155043552,commentaire LinkedIn 07-03 (1.286128155043552)
ENT-06324,CON-005924,Margaux Guerin,Talent Acquisition Specialist,utilisateur,1.7408431249966712,clic email 07-03 (1.2861281550435517) · like LinkedIn 07-08 (0.45471496995311944)
ENT-00031,CON-022401,Sophie Leroy,Talent Acquisition Manager,champion,1.714837540058069,clic email 07-03 (1.714837540058069)
ENT-06659,CON-040146,Ines Bonnet,Head of Talent Acquisition,buyer,3.4822022531844965,clic email 07-10 (3.4822022531844965)
ENT-06659,CON-033485,Antoine Visser,Office Manager,bruit,0.0,commentaire LinkedIn 07-03 (0.0)
ENT-19431,CON-031465,Emil Laurent,People Ops Coordinator,utilisateur,1.2861281550435517,clic email 07-03 (1.2861281550435517)
ENT-04783,CON-076066,Sophie Rousseau,People Ops Coordinator,utilisateur,0.32153203876088793,like LinkedIn 07-03 (0.32153203876088793)
ENT-16322,CON-021662,Quentin Weber,People Ops Coordinator,utilisateur,1.2861281550435517,clic email 07-03 (1.2861281550435517)
ENT-05293,CON-011215,Bastien Garnier,HR Officer,utilisateur,3.536852426369767,commentaire LinkedIn 07-03 (0.9645961162826637) · clic email 07-13 (2.5722563100871034)
ENT-02452,CON-023289,Lars Rossi,HRBP,champion,1.714837540058069,clic email 07-03 (1.714837540058069)
ENT-15827,CON-044434,Quentin Martin,Recruiter,utilisateur,4.68024070473898,clic email 07-03 (1.2861281550435517) · clic email 07-17 (3.394112549695428)
ENT-10337,CON-031831,Lars Visser,Charge de recrutement,utilisateur,1.2861281550435517,clic email 07-03 (1.2861281550435517)
ENT-09998,CON-038816,Lea Jansen,Directeur RH,buyer,2.1435469250725863,clic email 07-03 (2.1435469250725863)
ENT-00876,CON-069176,Julie Lambert,People Ops Coordinator,utilisateur,1.2861281550435517,clic email 07-03 (1.2861281550435517)
ENT-09338,CON-038313,Pauline Blanc,HR Manager,champion,2.8538558914311545,like LinkedIn 07-03 (0.4287093850145173) · clic email 07-08 (2.4251465064166373)
ENT-11870,CON-009601,Laura Rossi,Office Manager,bruit,0.0,clic email 07-03 (0.0)
ENT-18456,CON-018476,Lars Girard,Charge de recrutement,utilisateur,1.2861281550435517,clic email 07-03 (1.2861281550435517)
ENT-13269,CON-012603,Chloe Michel,HR Business Partner,champion,1.286128155043552,commentaire LinkedIn 07-03 (1.286128155043552)
ENT-04256,CON-053353,Claire Smit,Directrice RH,buyer,11.421733578723057,clic email 07-03 (2.1435469250725863) · commentaire LinkedIn 07-13 (3.2153203876088794) · clic email 07-18 (6.062866266041592)
ENT-02921,CON-073025,Felix Durand,Responsable Recrutement,champion,1.714837540058069,clic email 07-03 (1.714837540058069)
ENT-18825,CON-004781,Diego Laurent,HR Business Partner,champion,1.714837540058069,clic email 07-03 (1.714837540058069)
ENT-19585,CON-047054,Pierre Girard,Head of Talent Acquisition,buyer,2.1435469250725863,clic email 07-03 (2.1435469250725863)
ENT-19968,CON-049784,Anna Rousseau,Chargee de recrutement,utilisateur,1.3784380259964417,clic email 07-04 (1.3784380259964417)
ENT-11169,CON-008253,Pauline Martin,HRBP,champion,1.8379173679952558,clic email 07-04 (1.8379173679952558)
ENT-16569,CON-070334,Manon Vincent,Recruiter,utilisateur,1.3784380259964417,clic email 07-04 (1.3784380259964417)
ENT-03830,CON-000224,Alexandre Visser,HRBP,champion,1.8379173679952558,clic email 07-04 (1.8379173679952558)
ENT-11434,CON-031752,Sophie Fournier,Responsable Recrutement,champion,1.8379173679952558,clic email 07-04 (1.8379173679952558)
ENT-12721,CON-011881,Guillaume Michel,Head of HR Operations,buyer,2.2973967099940698,clic email 07-04 (2.2973967099940698)
ENT-04356,CON-006146,Vincent Leroy,Charge de recrutement,utilisateur,1.0338285194973313,commentaire LinkedIn 07-04 (1.0338285194973313)
ENT-02744,CON-073669,Anna Dupont,Executive Assistant,bruit,0.0,clic email 07-04 (0.0)
ENT-00224,CON-048860,Chloe Boyer,HR Business Partner,champion,1.8379173679952558,clic email 07-04 (1.8379173679952558)
ENT-07475,CON-027782,Margaux Lambert,Office Manager,bruit,0.0,clic email 07-04 (0.0)
ENT-02718,CON-065138,Lucas Petit,HR Intern,bruit,0.0,clic email 07-04 (0.0)
ENT-10882,CON-015179,Sanne Roux,HR Officer,utilisateur,1.0338285194973313,commentaire LinkedIn 07-04 (1.0338285194973313)
ENT-11214,CON-024840,Margaux Dupont,People Ops Coordinator,utilisateur,1.3784380259964417,clic email 07-04 (1.3784380259964417)
ENT-14493,CON-038697,Pauline Vincent,HR Assistant,utilisateur,1.3784380259964417,clic email 07-04 (1.3784380259964417)
ENT-05796,CON-065473,Romain Chevalier,HR Assistant,utilisateur,1.3784380259964417,clic email 07-04 (1.3784380259964417)
ENT-06228,CON-039415,Nora Bernard,VP Human Resources,buyer,2.2973967099940698,clic email 07-04 (2.2973967099940698)
ENT-06228,CON-031023,Maxime Girard,Office Manager,bruit,0.0,clic email 07-14 (0.0)
ENT-01732,CON-068466,Chloe Blanc,CHRO,buyer,0.5743491774985174,like LinkedIn 07-04 (0.5743491774985174)
ENT-10298,CON-046912,Marta Blanc,Talent Acquisition Manager,champion,1.8379173679952558,clic email 07-04 (1.8379173679952558)
ENT-07515,CON-061973,Camille Lefebvre,VP Human Resources,buyer,2.2973967099940698,clic email 07-04 (2.2973967099940698)
ENT-17305,CON-032833,Benjamin Lambert,Chief People Officer,buyer,2.2973967099940698,clic email 07-04 (2.2973967099940698)
ENT-10303,CON-061647,Pierre Durand,Head of HR Operations,buyer,2.2973967099940698,clic email 07-04 (2.2973967099940698)
ENT-08556,CON-057467,Benjamin Blanc,CEO,buyer,2.2973967099940698,clic email 07-04 (2.2973967099940698)
ENT-03508,CON-015920,Bastien Rossi,Responsable Recrutement,champion,1.8379173679952558,clic email 07-04 (1.8379173679952558)
ENT-06697,CON-071352,Pierre Blanc,Charge de recrutement,utilisateur,1.0338285194973313,commentaire LinkedIn 07-04 (1.0338285194973313)
ENT-11815,CON-023498,Pauline Moreau,COO,buyer,0.5743491774985174,like LinkedIn 07-04 (0.5743491774985174)
ENT-19350,CON-015227,Julien Muller,Head of Talent Acquisition,buyer,2.2973967099940698,clic email 07-04 (2.2973967099940698)
ENT-01894,CON-045588,Femke Vincent,Charge de recrutement,utilisateur,1.3784380259964417,clic email 07-04 (1.3784380259964417)
ENT-12941,CON-067145,Anna Guerin,HR Assistant,utilisateur,1.3784380259964417,clic email 07-04 (1.3784380259964417)
ENT-00081,CON-075259,Claire Bonnet,Recruiter,utilisateur,3.637719759624955,clic email 07-18 (3.637719759624955)
ENT-00081,CON-026816,Manon Muller,Executive Assistant,bruit,0.0,clic email 07-04 (0.0) · like LinkedIn 07-06 (0.0)
ENT-16337,CON-063999,Jan Durand,People Ops Coordinator,utilisateur,1.3784380259964417,clic email 07-04 (1.3784380259964417)
ENT-08610,CON-021420,Alexandre Guerin,HR Assistant,utilisateur,0.34460950649911043,like LinkedIn 07-04 (0.34460950649911043)
ENT-16874,CON-069417,Lars Lambert,HR Director,buyer,5.656854249492381,clic email 07-07 (2.8284271247461903) · clic email 07-07 (2.8284271247461903)
ENT-16874,CON-069418,Lars Fischer,Office Manager,bruit,0.0,clic email 07-04 (0.0)
ENT-17255,CON-023032,Pierre Chevalier,Head of Talent Acquisition,buyer,1.7230475324955523,commentaire LinkedIn 07-04 (1.7230475324955523)
ENT-18795,CON-068493,Elise Lambert,People Ops Manager,champion,1.8379173679952558,clic email 07-04 (1.8379173679952558)
ENT-04735,CON-025510,Bastien Fournier,Head of HR Operations,buyer,1.7230475324955523,commentaire LinkedIn 07-04 (1.7230475324955523)
ENT-19465,CON-070956,Nora Fournier,CEO,buyer,1.7230475324955523,commentaire LinkedIn 07-04 (1.7230475324955523)
ENT-08189,CON-014621,Bastien Lefebvre,Talent Acquisition Manager,champion,1.8379173679952558,clic email 07-04 (1.8379173679952558)
ENT-09452,CON-045595,Julie Mercier,HRBP,champion,1.8379173679952558,clic email 07-04 (1.8379173679952558)
ENT-02424,CON-018054,Maxime Laurent,Head of Talent Acquisition,buyer,2.2973967099940698,clic email 07-04 (2.2973967099940698)
ENT-20257,CON-012157,Sanne Boyer,,sans_titre,1.1486983549970349,clic email 07-04 (1.1486983549970349)
ENT-10381,CON-068794,Laura Moreau,People Ops Coordinator,utilisateur,1.3784380259964417,clic email 07-04 (1.3784380259964417)
ENT-05472,CON-041717,Lars Andre,Head of Talent Acquisition,buyer,2.2973967099940698,clic email 07-04 (2.2973967099940698)
ENT-14323,CON-071009,Camille Lambert,Recruiter,utilisateur,1.3784380259964417,clic email 07-04 (1.3784380259964417)
ENT-05182,CON-018572,Nora Faure,HR Officer,utilisateur,1.3784380259964417,clic email 07-04 (1.3784380259964417)
ENT-09811,CON-015844,Lea Chevalier,Charge de recrutement,utilisateur,1.3784380259964417,clic email 07-04 (1.3784380259964417)
ENT-15261,CON-028194,Marta Guerin,Compensation & Benefits Manager,champion,1.8379173679952558,clic email 07-04 (1.8379173679952558)
ENT-10586,CON-070648,Anna Garcia,HR Manager,champion,1.8379173679952558,clic email 07-04 (1.8379173679952558)
ENT-09306,CON-025666,Guillaume Girard,HR Manager,champion,5.037917367995256,clic email 07-04 (1.8379173679952558) · clic email 07-12 (3.2)
ENT-11049,CON-007089,Antoine Andre,Head of HR Operations,buyer,4.936412531539858,clic email 07-04 (2.2973967099940698) · clic email 07-06 (2.6390158215457884)
ENT-07584,CON-025543,Elise Meyer,,sans_titre,1.1486983549970349,clic email 07-04 (1.1486983549970349)
ENT-11154,CON-005736,Florian Guerin,Head of HR Operations,buyer,2.4622888266898326,clic email 07-05 (2.4622888266898326)
ENT-13543,CON-071203,Anais Chevalier,HR Intern,bruit,0.0,clic email 07-05 (0.0)
ENT-04510,CON-037067,Lars Garnier,Head of HR Operations,buyer,2.4622888266898326,clic email 07-05 (2.4622888266898326)
ENT-10959,CON-025922,Pierre Boyer,HR Business Partner,champion,1.9698310613518661,clic email 07-05 (1.9698310613518661)
ENT-01484,CON-038851,Thomas Martin,HRBP,champion,1.9698310613518661,clic email 07-05 (1.9698310613518661)
ENT-19214,CON-070823,Margaux Lambert,People Ops Coordinator,utilisateur,1.4773732960138994,clic email 07-05 (1.4773732960138994)
ENT-11595,CON-017694,Alexandre Garnier,Executive Assistant,bruit,0.0,like LinkedIn 07-05 (0.0)
ENT-18466,CON-055334,Pierre Michel,HR Assistant,utilisateur,1.4773732960138994,clic email 07-05 (1.4773732960138994)
ENT-00480,CON-072455,Femke Fischer,Talent Acquisition Manager,champion,1.9698310613518661,clic email 07-05 (1.9698310613518661)
ENT-19227,CON-062739,Thomas Garcia,Charge de recrutement,utilisateur,1.4773732960138994,clic email 07-05 (1.4773732960138994)
ENT-07305,CON-005186,Jonas Michel,Directeur RH,buyer,8.960307997539717,clic email 07-05 (2.4622888266898326) · clic email 07-19 (6.498019170849885)
ENT-15404,CON-076038,Lea Dupont,Executive Assistant,bruit,0.0,clic email 07-05 (0.0)
ENT-17712,CON-045862,Camille Bernard,Talent Acquisition Specialist,utilisateur,3.166818985854946,clic email 07-16 (3.166818985854946)
ENT-17712,CON-026204,Manon Martin,,sans_titre,1.2311444133449163,clic email 07-05 (1.2311444133449163)
ENT-19954,CON-068093,Nora Durand,Chargee de recrutement,utilisateur,1.4773732960138994,clic email 07-05 (1.4773732960138994)
ENT-10683,CON-031920,Bastien Serrano,People Ops Manager,champion,1.9698310613518661,clic email 07-05 (1.9698310613518661)
ENT-06669,CON-032688,Benjamin Vincent,HRBP,champion,1.9698310613518661,clic email 07-05 (1.9698310613518661)
ENT-06902,CON-003292,Florian Lambert,HR Director,buyer,1.8467166200173746,commentaire LinkedIn 07-05 (1.8467166200173746)
ENT-05873,CON-041605,Anais Muller,HR Officer,utilisateur,1.4773732960138994,clic email 07-05 (1.4773732960138994)
ENT-09691,CON-060025,Antoine Meyer,HR Assistant,utilisateur,0.36934332400347486,like LinkedIn 07-05 (0.36934332400347486)
ENT-03113,CON-002757,Benjamin Serrano,COO,buyer,8.811121126386368,commentaire LinkedIn 07-05 (1.8467166200173746) · clic email 07-20 (6.964404506368993)
ENT-02172,CON-032470,Pablo Blanc,HR Assistant,utilisateur,1.4773732960138994,clic email 07-05 (1.4773732960138994)
ENT-02172,CON-032472,Bastien Guerin,Executive Assistant,bruit,0.0,clic email 07-16 (0.0)
ENT-19779,CON-019103,Manon Blanc,People Ops Coordinator,utilisateur,1.4773732960138994,clic email 07-05 (1.4773732960138994)
ENT-05237,CON-050644,Lucas Simon,HR Assistant,utilisateur,1.4773732960138994,clic email 07-05 (1.4773732960138994)
ENT-06736,CON-017168,Pauline Fischer,HRBP,champion,1.9698310613518661,clic email 07-05 (1.9698310613518661)
ENT-09365,CON-040369,Thomas Fischer,Directrice RH,buyer,1.8467166200173746,commentaire LinkedIn 07-05 (1.8467166200173746)
ENT-08574,CON-009992,Emma Navarro,HR Business Partner,champion,0.49245776533796654,like LinkedIn 07-05 (0.49245776533796654)
ENT-09660,CON-073876,Lucas Rousseau,Compensation & Benefits Manager,champion,1.9698310613518661,clic email 07-05 (1.9698310613518661)
ENT-08105,CON-009671,Ines Lefebvre,,sans_titre,1.2311444133449163,clic email 07-05 (1.2311444133449163)
ENT-11878,CON-039124,Lars Weber,HR Director,buyer,0.6155722066724582,like LinkedIn 07-05 (0.6155722066724582)
ENT-09754,CON-034585,Sarah Muller,People Ops Manager,champion,1.9698310613518661,clic email 07-05 (1.9698310613518661)
ENT-06083,CON-073893,Nicolas Garcia,Head of HR Operations,buyer,8.119143076182214,clic email 07-05 (2.4622888266898326) · clic email 07-17 (5.656854249492381)
ENT-06651,CON-077158,Laura Rossi,Chargee de recrutement,utilisateur,39.27366848523853,RDV pris 07-17 (35.635948725613574) · clic email 07-18 (3.637719759624955)
ENT-06651,CON-010705,Elena Michel,Head of Talent Acquisition,buyer,25.694415069291573,clic email 07-19 (6.498019170849885) · /customers 07-21 (3.7321319661472296) · clic email 07-21 (7.464263932294459) · clic email 07-22 (8.0)
ENT-06651,CON-077157,Antoine Muller,Directeur RH,buyer,22.405757943359006,/demo 07-13 (5.358867312681466) · clic email 07-14 (4.5947934199881395) · /pricing 07-18 (7.57858283255199) · commentaire LinkedIn 07-19 (4.873514378137413)
ENT-06651,CON-010706,Lars Fischer,Talent Acquisition Manager,champion,3.429675080116138,clic email 07-13 (3.429675080116138)
ENT-06651,CON-041217,Lars Jansen,Talent Acquisition Manager,champion,1.9698310613518661,clic email 07-05 (1.9698310613518661)
ENT-00479,CON-034928,Alexandre Fischer,HR Business Partner,champion,0.49245776533796654,like LinkedIn 07-05 (0.49245776533796654)
ENT-07085,CON-061121,Quentin Leroy,HR Director,buyer,2.4622888266898326,clic email 07-05 (2.4622888266898326)
ENT-00754,CON-015313,Romain Petit,HRBP,champion,1.9698310613518661,clic email 07-05 (1.9698310613518661)
ENT-19709,CON-027627,Emil Girard,Head of Talent Acquisition,buyer,2.4622888266898326,clic email 07-05 (2.4622888266898326)
ENT-06330,CON-042473,Florian Garcia,Executive Assistant,bruit,0.0,clic email 07-05 (0.0)
ENT-19825,CON-056747,Quentin Dupont,Office Manager,bruit,0.0,clic email 07-05 (0.0)
ENT-10921,CON-066756,Anna Faure,Talent Acquisition Specialist,utilisateur,0.36934332400347486,like LinkedIn 07-05 (0.36934332400347486)
ENT-05623,CON-056514,Bastien Smit,People Ops Coordinator,utilisateur,5.955931655390575,clic email 07-05 (1.4773732960138994) · clic email 07-21 (4.478558359376676)
ENT-13927,CON-015433,Elise Andre,HR Director,buyer,1.8467166200173746,commentaire LinkedIn 07-05 (1.8467166200173746)
ENT-10040,CON-028081,Chloe Dubois,Talent Acquisition Manager,champion,1.9698310613518661,clic email 07-05 (1.9698310613518661)
ENT-03101,CON-027945,Romain Vincent,HR Assistant,utilisateur,1.4773732960138994,clic email 07-05 (1.4773732960138994)
ENT-08638,CON-016143,Camille Visser,Chargee de recrutement,utilisateur,1.4773732960138994,clic email 07-05 (1.4773732960138994)
ENT-04571,CON-048338,Bastien Lambert,Office Manager,bruit,0.0,clic email 07-05 (0.0)
ENT-02098,CON-015666,Romain Ferrari,HRBP,champion,1.9698310613518661,clic email 07-05 (1.9698310613518661)
ENT-02098,CON-015669,Pierre Laurent,HR Intern,bruit,0.0,clic email 07-15 (0.0)
ENT-10143,CON-004443,Ines Muller,Compensation & Benefits Manager,champion,1.9698310613518661,clic email 07-05 (1.9698310613518661)
ENT-13855,CON-003812,Pierre Guerin,People Ops Manager,champion,1.4773732960138999,commentaire LinkedIn 07-05 (1.4773732960138999)
ENT-15232,CON-051756,Pierre Simon,HR Assistant,utilisateur,1.4773732960138994,clic email 07-05 (1.4773732960138994)
ENT-16573,CON-057777,Ines Mercier,Responsable Recrutement,champion,7.168246398031774,clic email 07-05 (1.9698310613518661) · clic email 07-19 (5.198415336679908)
ENT-20299,CON-050266,Benjamin Garcia,Responsable Recrutement,champion,1.9698310613518661,clic email 07-05 (1.9698310613518661)
ENT-20299,CON-050265,Hugo Fontaine,Office Manager,bruit,0.0,clic email 07-22 (0.0)
ENT-15077,CON-068133,Jan Rossi,People Ops Coordinator,utilisateur,1.4773732960138994,clic email 07-05 (1.4773732960138994)
ENT-07345,CON-006537,Julie Guerin,Head of Talent Acquisition,buyer,8.960307997539717,clic email 07-05 (2.4622888266898326) · clic email 07-19 (6.498019170849885)
ENT-02425,CON-006907,Lucas Fournier,HR Manager,champion,2.572256310087104,commentaire LinkedIn 07-13 (2.572256310087104)
ENT-02425,CON-006909,Margaux Lefebvre,HR Assistant,utilisateur,1.4773732960138994,clic email 07-05 (1.4773732960138994)
ENT-18685,CON-020628,Nicolas Roux,HR Manager,champion,0.49245776533796654,like LinkedIn 07-05 (0.49245776533796654)
ENT-00759,CON-047779,Vincent Mercier,Office Manager,bruit,0.0,clic email 07-05 (0.0)
ENT-12143,CON-003971,Pauline Fontaine,Head of People,buyer,2.4622888266898326,clic email 07-05 (2.4622888266898326)
ENT-00219,CON-060205,Bastien Navarro,HR Intern,bruit,0.0,clic email 07-05 (0.0)
ENT-14864,CON-034152,Lea Bonnet,Compensation & Benefits Manager,champion,6.495314460945771,clic email 07-05 (1.9698310613518661) · clic email 07-17 (4.525483399593905)
ENT-00629,CON-005114,Jan Martin,HRBP,champion,1.9698310613518661,clic email 07-05 (1.9698310613518661)
ENT-06390,CON-063247,Romain Laurent,Chargee de recrutement,utilisateur,1.4773732960138994,clic email 07-05 (1.4773732960138994)
ENT-18258,CON-000702,Marta Faure,HR Officer,utilisateur,1.1080299720104245,commentaire LinkedIn 07-05 (1.1080299720104245)
ENT-17787,CON-023219,Greta Smit,Talent Acquisition Manager,champion,1.9698310613518661,clic email 07-05 (1.9698310613518661)
ENT-18364,CON-025150,Guillaume Durand,People Ops Coordinator,utilisateur,1.4773732960138994,clic email 07-05 (1.4773732960138994)
ENT-16570,CON-056507,Pablo Rousseau,HR Business Partner,champion,2.111212657236631,clic email 07-06 (2.111212657236631)
ENT-02666,CON-074076,Manon Andre,HRBP,champion,2.111212657236631,clic email 07-06 (2.111212657236631)
ENT-12277,CON-048265,Camille Jansen,Office Manager,bruit,0.0,clic email 07-06 (0.0)
ENT-01043,CON-065453,Lars Muller,VP Human Resources,buyer,2.6390158215457884,clic email 07-06 (2.6390158215457884)
ENT-15127,CON-047315,Lucas Faure,,sans_titre,1.3195079107728942,clic email 07-06 (1.3195079107728942)
ENT-13724,CON-003880,Bastien Rousseau,People Ops Coordinator,utilisateur,1.583409492927473,clic email 07-06 (1.583409492927473)
ENT-19470,CON-072266,Guillaume Fischer,Chargee de recrutement,utilisateur,1.583409492927473,clic email 07-06 (1.583409492927473)
ENT-13575,CON-062587,Margaux Garnier,Chargee de recrutement,utilisateur,1.583409492927473,clic email 07-06 (1.583409492927473)
ENT-15342,CON-030112,Claire Martin,HRBP,champion,2.111212657236631,clic email 07-06 (2.111212657236631)
ENT-10233,CON-064789,Elise Faure,Charge de recrutement,utilisateur,1.583409492927473,clic email 07-06 (1.583409492927473)
ENT-07348,CON-020156,Emma Bonnet,VP People,buyer,2.6390158215457884,clic email 07-06 (2.6390158215457884)
ENT-02487,CON-001518,Anais Jansen,People Ops Coordinator,utilisateur,2.1834094929274728,clic email 07-06 (1.583409492927473) · like LinkedIn 07-12 (0.6)
ENT-08716,CON-012996,Camille Fournier,HRBP,champion,6.433702505760747,commentaire LinkedIn 07-06 (1.5834094929274733) · clic email 07-18 (4.850293012833274)
ENT-15856,CON-019972,Emma Petit,People Ops Coordinator,utilisateur,1.583409492927473,clic email 07-06 (1.583409492927473)
ENT-18697,CON-068418,Laura Fontaine,HRBP,champion,2.111212657236631,clic email 07-06 (2.111212657236631)
ENT-03982,CON-028605,Claire Guerin,Talent Acquisition Manager,champion,2.111212657236631,clic email 07-06 (2.111212657236631)
ENT-12868,CON-052979,Guillaume Mercier,Talent Acquisition Specialist,utilisateur,1.583409492927473,clic email 07-06 (1.583409492927473)
ENT-19246,CON-067559,Lars Weber,Compensation & Benefits Manager,champion,2.111212657236631,clic email 07-06 (2.111212657236631)
ENT-16330,CON-049662,Bastien Roux,Executive Assistant,bruit,0.0,clic email 07-06 (0.0)
ENT-12150,CON-062287,Emil Serrano,Recruiter,utilisateur,1.583409492927473,clic email 07-06 (1.583409492927473)
ENT-00560,CON-061502,Emma Guerin,HR Business Partner,champion,2.111212657236631,clic email 07-06 (2.111212657236631)
ENT-07668,CON-051781,Pierre Fischer,HR Director,buyer,2.6390158215457884,clic email 07-06 (2.6390158215457884)
ENT-04625,CON-024245,Claire Fischer,CEO,buyer,0.6597539553864471,like LinkedIn 07-06 (0.6597539553864471)
ENT-14901,CON-056659,Laura Roux,Compensation & Benefits Manager,champion,2.111212657236631,clic email 07-06 (2.111212657236631)
ENT-05097,CON-061825,Elena Simon,Head of Talent Acquisition,buyer,6.639015821545788,clic email 07-06 (2.6390158215457884) · clic email 07-12 (4.0)
ENT-04986,CON-016052,Emma Rousseau,Compensation & Benefits Manager,champion,1.5834094929274733,commentaire LinkedIn 07-06 (1.5834094929274733)
ENT-07987,CON-045115,Emma Dubois,Talent Acquisition Specialist,utilisateur,0.3958523732318682,like LinkedIn 07-06 (0.3958523732318682)
ENT-15832,CON-030655,Maxime Meyer,Talent Acquisition Specialist,utilisateur,1.1875571196956047,commentaire LinkedIn 07-06 (1.1875571196956047)
ENT-00075,CON-008051,Antoine Durand,Chargee de recrutement,utilisateur,1.583409492927473,clic email 07-06 (1.583409492927473)
ENT-12348,CON-054184,Anna Martin,Chargee de recrutement,utilisateur,1.583409492927473,clic email 07-06 (1.583409492927473)
ENT-19992,CON-006944,Felix Durand,Head of Talent Acquisition,buyer,6.926109671690961,clic email 07-06 (2.6390158215457884) · clic email 07-13 (4.2870938501451725)
ENT-12981,CON-056583,Jan Jansen,Responsable Recrutement,champion,0.5278031643091577,like LinkedIn 07-06 (0.5278031643091577)
ENT-04143,CON-020346,Laura Bonnet,Head of Talent Acquisition,buyer,5.467442946291978,clic email 07-06 (2.6390158215457884) · clic email 07-07 (2.8284271247461903)
ENT-05930,CON-050674,Antoine Girard,HR Intern,bruit,0.0,clic email 07-06 (0.0)
ENT-14759,CON-011579,Bastien Blanc,Chargee de recrutement,utilisateur,1.583409492927473,clic email 07-06 (1.583409492927473)
ENT-03981,CON-002259,Sanne Serrano,Head of Talent Acquisition,buyer,2.6390158215457884,clic email 07-06 (2.6390158215457884)
ENT-03853,CON-063493,Nora Fontaine,Compensation & Benefits Manager,champion,2.111212657236631,clic email 07-06 (2.111212657236631)
ENT-03621,CON-018923,Claire Boyer,Compensation & Benefits Manager,champion,2.111212657236631,clic email 07-06 (2.111212657236631)
ENT-06854,CON-013931,Florian Smit,Directrice RH,buyer,5.670448954566584,clic email 07-06 (2.6390158215457884) · clic email 07-08 (3.0314331330207964)
ENT-05371,CON-062222,Margaux Ferrari,CHRO,buyer,1.9792618661593413,commentaire LinkedIn 07-06 (1.9792618661593413)
ENT-18709,CON-052078,Vincent Boyer,Head of Talent Acquisition,buyer,14.793889241888055,clic email 07-06 (2.6390158215457884) · clic email 07-17 (5.656854249492381) · clic email 07-19 (6.498019170849885)
ENT-02651,CON-035849,Pablo Vincent,Executive Assistant,bruit,0.0,clic email 07-06 (0.0)
ENT-14512,CON-052566,Bastien Navarro,HR Officer,utilisateur,3.898811502509931,clic email 07-19 (3.898811502509931)
ENT-14512,CON-052567,Nicolas Navarro,Recruiter,utilisateur,1.583409492927473,clic email 07-06 (1.583409492927473)
ENT-17915,CON-070640,Manon Jansen,HRBP,champion,1.6970562748477145,commentaire LinkedIn 07-07 (1.6970562748477145)
ENT-10068,CON-063017,Hugo Chevalier,HR Director,buyer,2.8284271247461903,clic email 07-07 (2.8284271247461903)
ENT-17939,CON-011307,Jan Martin,,sans_titre,0.3535533905932738,like LinkedIn 07-07 (0.3535533905932738)
ENT-00216,CON-044700,Marta Moreau,,sans_titre,8.896415815557592,clic email 07-07 (1.4142135623730951) · clic email 07-20 (3.4822022531844965) · clic email 07-22 (4.0)
ENT-17766,CON-070736,Sophie Martin,HR Director,buyer,0.7071067811865476,like LinkedIn 07-07 (0.7071067811865476)
ENT-20245,CON-032212,Lars Rossi,HR Director,buyer,2.121320343559643,commentaire LinkedIn 07-07 (2.121320343559643)
ENT-10759,CON-002343,Pierre Smit,Head of HR Operations,buyer,2.8284271247461903,clic email 07-07 (2.8284271247461903)
ENT-10787,CON-054982,Elena Fournier,People Ops Coordinator,utilisateur,1.697056274847714,clic email 07-07 (1.697056274847714)
ENT-15947,CON-032855,Hugo Dubois,HRBP,champion,2.2627416997969525,clic email 07-07 (2.2627416997969525)
ENT-02736,CON-002213,Sophie Jansen,Chargee de recrutement,utilisateur,1.697056274847714,clic email 07-07 (1.697056274847714)
ENT-16922,CON-009296,Thomas Lambert,Talent Acquisition Manager,champion,2.2627416997969525,clic email 07-07 (2.2627416997969525)
ENT-07385,CON-073410,Greta Dubois,Charge de recrutement,utilisateur,1.697056274847714,clic email 07-07 (1.697056274847714)
ENT-00467,CON-023340,Romain Laurent,Charge de recrutement,utilisateur,1.697056274847714,clic email 07-07 (1.697056274847714)
ENT-12327,CON-045853,Claire Ferrari,,sans_titre,1.4142135623730951,clic email 07-07 (1.4142135623730951)
ENT-09989,CON-024916,Emma Fontaine,Charge de recrutement,utilisateur,1.697056274847714,clic email 07-07 (1.697056274847714)
ENT-13136,CON-057009,Lea Ferrari,Chargee de recrutement,utilisateur,1.697056274847714,clic email 07-07 (1.697056274847714)
ENT-10227,CON-041077,Romain Blanc,Talent Acquisition Specialist,utilisateur,0.4242640687119285,like LinkedIn 07-07 (0.4242640687119285)
ENT-17396,CON-047625,Guillaume Navarro,People Ops Coordinator,utilisateur,0.4242640687119285,like LinkedIn 07-07 (0.4242640687119285)
ENT-02426,CON-039419,Jan Smit,People Ops Coordinator,utilisateur,3.3765156596139674,clic email 07-07 (1.697056274847714) · commentaire LinkedIn 07-11 (1.6794593847662531)
ENT-08329,CON-003934,Elena Jansen,People Ops Manager,champion,2.2627416997969525,clic email 07-07 (2.2627416997969525)
ENT-06570,CON-014855,Ines Navarro,CEO,buyer,2.8284271247461903,clic email 07-07 (2.8284271247461903)
ENT-06820,CON-033036,Pierre Fontaine,,sans_titre,1.4142135623730951,clic email 07-07 (1.4142135623730951)
ENT-02895,CON-056356,Emil Guerin,HR Officer,utilisateur,0.4242640687119285,like LinkedIn 07-07 (0.4242640687119285)
ENT-17682,CON-072478,Bastien Mercier,,sans_titre,1.4142135623730951,clic email 07-07 (1.4142135623730951)
ENT-01951,CON-008118,Pauline Jansen,Talent Acquisition Specialist,utilisateur,1.697056274847714,clic email 07-07 (1.697056274847714)
ENT-17103,CON-077181,Emma Lambert,Head of People,buyer,58.36548292174318,clic email 07-14 (4.5947934199881395) · clic email 07-14 (4.5947934199881395) · /demo 07-14 (5.743491774985174) · clic email 07-15 (4.924577653379665) · /pricing 07-16 (6.597539553864471) · formulaire 07-18 (31.910287099537587)
ENT-17103,CON-077182,Marion Garnier,Compensation & Benefits Manager,champion,23.084495886902836,clic email 07-18 (4.850293012833274) · clic email 07-19 (5.198415336679908) · clic email 07-20 (5.571523605095194) · /pricing 07-21 (7.464263932294459)
ENT-17103,CON-008931,Quentin Meyer,HR Intern,bruit,0.0,like LinkedIn 07-07 (0.0)
ENT-17103,CON-061070,Nicolas Fontaine,HR Intern,bruit,0.0,clic email 07-11 (0.0) · commentaire LinkedIn 07-13 (0.0)
ENT-00686,CON-041515,Diego Petit,HR Business Partner,champion,10.819970877809931,clic email 07-07 (2.2627416997969525) · clic email 07-11 (2.9857055729177837) · clic email 07-20 (5.571523605095194)
ENT-02950,CON-050292,Pablo Dubois,,sans_titre,1.4142135623730951,clic email 07-07 (1.4142135623730951)
ENT-05918,CON-059219,Maxime Laurent,People Ops Coordinator,utilisateur,1.697056274847714,clic email 07-07 (1.697056274847714)
ENT-01420,CON-065071,Lars Bonnet,HR Assistant,utilisateur,1.697056274847714,clic email 07-07 (1.697056274847714)
ENT-13674,CON-039973,Pierre Girard,HRBP,champion,2.2627416997969525,clic email 07-07 (2.2627416997969525)
ENT-06213,CON-067264,Manon Ferrari,HR Manager,champion,2.2627416997969525,clic email 07-07 (2.2627416997969525)
ENT-17307,CON-006063,Laura Garnier,COO,buyer,2.121320343559643,commentaire LinkedIn 07-07 (2.121320343559643)
ENT-17751,CON-013485,Julien Meyer,Charge de recrutement,utilisateur,1.697056274847714,clic email 07-07 (1.697056274847714)
ENT-11232,CON-068444,Greta Rousseau,HR Manager,champion,2.2627416997969525,clic email 07-07 (2.2627416997969525)
ENT-14875,CON-024017,Diego Navarro,Head of HR Operations,buyer,2.8284271247461903,clic email 07-07 (2.8284271247461903)
ENT-05616,CON-011473,Felix Simon,,sans_titre,0.3535533905932738,like LinkedIn 07-07 (0.3535533905932738)
ENT-17936,CON-069825,Hugo Weber,People Ops Manager,champion,2.2627416997969525,clic email 07-07 (2.2627416997969525)
ENT-14286,CON-044118,Camille Chevalier,Talent Acquisition Manager,champion,2.2627416997969525,clic email 07-07 (2.2627416997969525)
ENT-16866,CON-074395,Pauline Rossi,HR Manager,champion,2.2627416997969525,clic email 07-07 (2.2627416997969525)
ENT-16711,CON-026801,Camille Durand,CEO,buyer,2.8284271247461903,clic email 07-07 (2.8284271247461903)
ENT-03609,CON-006037,Florian Rossi,HR Intern,bruit,0.0,clic email 07-07 (0.0)
ENT-04003,CON-047519,Guillaume Roux,Charge de recrutement,utilisateur,1.2727922061357855,commentaire LinkedIn 07-07 (1.2727922061357855)
ENT-12597,CON-057914,Anna Rousseau,Charge de recrutement,utilisateur,5.334776034472669,clic email 07-07 (1.697056274847714) · clic email 07-18 (3.637719759624955)
ENT-16981,CON-058879,Romain Vincent,HR Officer,utilisateur,1.697056274847714,clic email 07-07 (1.697056274847714)
ENT-05797,CON-032813,Greta Serrano,Compensation & Benefits Manager,champion,2.2627416997969525,clic email 07-07 (2.2627416997969525)
ENT-01091,CON-008959,Marion Meyer,People Ops Manager,champion,2.2627416997969525,clic email 07-07 (2.2627416997969525)
ENT-11989,CON-031868,Guillaume Fournier,HR Intern,bruit,0.0,clic email 07-07 (0.0)
ENT-02004,CON-001594,Laura Durand,HR Intern,bruit,0.0,like LinkedIn 07-07 (0.0)
ENT-19666,CON-021119,Guillaume Fischer,People Ops Coordinator,utilisateur,1.697056274847714,clic email 07-07 (1.697056274847714)
ENT-13108,CON-041813,Marion Fontaine,Office Manager,bruit,0.0,clic email 07-07 (0.0)
ENT-14615,CON-029026,Lars Weber,Head of Talent Acquisition,buyer,2.8284271247461903,clic email 07-07 (2.8284271247461903)
ENT-01865,CON-063559,Marion Ferrari,Recruiter,utilisateur,1.697056274847714,clic email 07-07 (1.697056274847714)
ENT-01138,CON-062579,Femke Durand,Talent Acquisition Manager,champion,1.4928527864588919,like LinkedIn 07-21 (1.4928527864588919)
ENT-01138,CON-062578,Emma Jansen,Head of HR Operations,buyer,0.7071067811865476,like LinkedIn 07-07 (0.7071067811865476)
ENT-12642,CON-026340,Pauline Blanc,Chargee de recrutement,utilisateur,1.697056274847714,clic email 07-07 (1.697056274847714)
ENT-07532,CON-057154,Nicolas Jansen,Chief People Officer,buyer,2.8284271247461903,clic email 07-07 (2.8284271247461903)
ENT-06220,CON-054661,Benjamin Dupont,HR Officer,utilisateur,1.697056274847714,clic email 07-07 (1.697056274847714)
ENT-13346,CON-044269,Jan Navarro,Office Manager,bruit,0.0,commentaire LinkedIn 07-07 (0.0)
ENT-16440,CON-023363,Florian Blanc,People Ops Coordinator,utilisateur,1.697056274847714,clic email 07-07 (1.697056274847714)
ENT-14527,CON-047070,Jan Smit,Office Manager,bruit,0.0,clic email 07-07 (0.0) · clic email 07-10 (0.0)
ENT-17807,CON-026609,Jonas Vincent,Recruiter,utilisateur,0.4242640687119285,like LinkedIn 07-07 (0.4242640687119285)
ENT-11984,CON-004265,Guillaume Fournier,HR Manager,champion,2.2627416997969525,clic email 07-07 (2.2627416997969525)
ENT-09333,CON-048551,Lea Andre,HRBP,champion,3.0627416997969528,clic email 07-07 (2.2627416997969525) · like LinkedIn 07-12 (0.8)
ENT-15212,CON-004223,Sophie Jansen,,sans_titre,1.4142135623730951,clic email 07-07 (1.4142135623730951)
ENT-08277,CON-049685,Camille Rossi,HR Intern,bruit,0.0,like LinkedIn 07-07 (0.0)
ENT-16222,CON-050910,Femke Dubois,People Ops Coordinator,utilisateur,1.697056274847714,clic email 07-07 (1.697056274847714)
ENT-10628,CON-060795,Quentin Dupont,VP People,buyer,2.8284271247461903,clic email 07-07 (2.8284271247461903)
ENT-05060,CON-005886,Emil Mercier,HR Business Partner,champion,2.2627416997969525,clic email 07-07 (2.2627416997969525)
ENT-05060,CON-005887,Guillaume Garnier,HR Officer,utilisateur,0.7386866480069497,like LinkedIn 07-15 (0.7386866480069497)
ENT-08379,CON-039952,Margaux Lambert,Recruiter,utilisateur,1.697056274847714,clic email 07-07 (1.697056274847714)
ENT-02926,CON-062115,Antoine Lefebvre,Responsable Recrutement,champion,2.2627416997969525,clic email 07-07 (2.2627416997969525)
ENT-07982,CON-013301,Julien Faure,Responsable Recrutement,champion,5.248447272714737,clic email 07-07 (2.2627416997969525) · clic email 07-11 (2.9857055729177837)
ENT-07913,CON-033171,Elena Moreau,HR Business Partner,champion,2.4251465064166373,clic email 07-08 (2.4251465064166373)
ENT-14377,CON-073965,Sanne Fournier,HR Manager,champion,2.4251465064166373,clic email 07-08 (2.4251465064166373)
ENT-18827,CON-065020,Jonas Navarro,Office Manager,bruit,0.0,clic email 07-08 (0.0)
ENT-09162,CON-075747,Camille Smit,Office Manager,bruit,0.0,clic email 07-08 (0.0)
ENT-18622,CON-049092,Pablo Girard,HRBP,champion,2.785761802547597,clic email 07-10 (2.785761802547597)
ENT-18622,CON-005123,Sanne Guerin,HR Intern,bruit,0.0,clic email 07-08 (0.0)
ENT-05598,CON-004616,Pablo Vincent,Chief People Officer,buyer,2.2735748497655974,commentaire LinkedIn 07-08 (2.2735748497655974)
ENT-10111,CON-076022,Julie Michel,HR Assistant,utilisateur,1.8188598798124778,clic email 07-08 (1.8188598798124778)
ENT-12461,CON-046207,Claire Serrano,Talent Acquisition Manager,champion,2.4251465064166373,clic email 07-08 (2.4251465064166373)
ENT-14466,CON-028832,Elena Mercier,HR Manager,champion,1.8188598798124782,commentaire LinkedIn 07-08 (1.8188598798124782)
ENT-18325,CON-034297,Pablo Lambert,People Ops Coordinator,utilisateur,1.8188598798124778,clic email 07-08 (1.8188598798124778)
ENT-09244,CON-030452,Benjamin Lambert,,sans_titre,1.5157165665103982,clic email 07-08 (1.5157165665103982)
ENT-02511,CON-077198,Nicolas Dupont,Chargee de recrutement,utilisateur,1.8188598798124778,clic email 07-08 (1.8188598798124778)
ENT-08943,CON-009249,Greta Smit,HR Intern,bruit,0.0,clic email 07-08 (0.0)
ENT-05187,CON-037584,Guillaume Jansen,Head of Talent Acquisition,buyer,3.0314331330207964,clic email 07-08 (3.0314331330207964)
ENT-15282,CON-053707,Elena Chevalier,HR Manager,champion,2.4251465064166373,clic email 07-08 (2.4251465064166373)
ENT-13639,CON-047084,Antoine Chevalier,HR Officer,utilisateur,3.637719759624955,clic email 07-18 (3.637719759624955)
ENT-13639,CON-068173,Anna Petit,Head of Talent Acquisition,buyer,3.0314331330207964,clic email 07-08 (3.0314331330207964)
ENT-07899,CON-003937,Sanne Weber,Recruiter,utilisateur,1.8188598798124778,clic email 07-08 (1.8188598798124778)
ENT-07196,CON-063819,Claire Girard,HR Assistant,utilisateur,1.8188598798124778,clic email 07-08 (1.8188598798124778)
ENT-17398,CON-061217,Emil Rossi,Talent Acquisition Manager,champion,1.8188598798124782,commentaire LinkedIn 07-08 (1.8188598798124782)
ENT-15878,CON-007162,Sophie Visser,HR Officer,utilisateur,0.45471496995311944,like LinkedIn 07-08 (0.45471496995311944)
ENT-02268,CON-012938,Marion Fischer,Executive Assistant,bruit,0.0,clic email 07-08 (0.0)
ENT-04017,CON-047967,Pierre Durand,HR Assistant,utilisateur,1.8188598798124778,clic email 07-08 (1.8188598798124778)
ENT-01457,CON-021522,Benjamin Mercier,VP People,buyer,3.0314331330207964,clic email 07-08 (3.0314331330207964)
ENT-09707,CON-030195,Felix Durand,Recruiter,utilisateur,1.3641449098593583,commentaire LinkedIn 07-08 (1.3641449098593583)
ENT-02819,CON-055660,Lucas Serrano,Recruiter,utilisateur,8.884490368177355,clic email 07-08 (1.8188598798124778) · clic email 07-16 (3.166818985854946) · clic email 07-19 (3.898811502509931)
ENT-02272,CON-058378,Margaux Smit,HR Officer,utilisateur,1.8188598798124778,clic email 07-08 (1.8188598798124778)
ENT-12974,CON-008915,Pablo Garcia,Head of HR Operations,buyer,3.0314331330207964,clic email 07-08 (3.0314331330207964)
ENT-06635,CON-059110,Pablo Mercier,Talent Acquisition Manager,champion,0.6062866266041593,like LinkedIn 07-08 (0.6062866266041593)
ENT-09598,CON-066190,Romain Blanc,Charge de recrutement,utilisateur,0.45471496995311944,like LinkedIn 07-08 (0.45471496995311944)
ENT-10243,CON-053921,Pierre Serrano,Directeur RH,buyer,3.0314331330207964,clic email 07-08 (3.0314331330207964)
ENT-18521,CON-055076,Femke Chevalier,HRBP,champion,2.4251465064166373,clic email 07-08 (2.4251465064166373)
ENT-09677,CON-043959,Benjamin Leroy,Directrice RH,buyer,3.0314331330207964,clic email 07-08 (3.0314331330207964)
ENT-08847,CON-014424,Jonas Moreau,HR Officer,utilisateur,1.8188598798124778,clic email 07-08 (1.8188598798124778)
ENT-09072,CON-032455,Antoine Laurent,People Ops Coordinator,utilisateur,1.8188598798124778,clic email 07-08 (1.8188598798124778)
ENT-08377,CON-053552,Julie Michel,Recruiter,utilisateur,1.8188598798124778,clic email 07-08 (1.8188598798124778)
ENT-16798,CON-037228,Quentin Navarro,Compensation & Benefits Manager,champion,2.4251465064166373,clic email 07-08 (2.4251465064166373)
ENT-16552,CON-045218,Anna Chevalier,,sans_titre,0.37892914162759955,like LinkedIn 07-08 (0.37892914162759955)
ENT-05712,CON-007574,Jonas Fontaine,HR Manager,champion,1.8188598798124782,commentaire LinkedIn 07-08 (1.8188598798124782)
ENT-08246,CON-031336,Anna Rossi,COO,buyer,2.2735748497655974,commentaire LinkedIn 07-08 (2.2735748497655974)
ENT-20011,CON-042903,Julien Vincent,Charge de recrutement,utilisateur,1.8188598798124778,clic email 07-08 (1.8188598798124778)
ENT-02545,CON-055143,Jonas Garnier,Charge de recrutement,utilisateur,1.8188598798124778,clic email 07-08 (1.8188598798124778)
ENT-09475,CON-018692,Benjamin Michel,Charge de recrutement,utilisateur,0.45471496995311944,like LinkedIn 07-08 (0.45471496995311944)
ENT-15763,CON-048306,Margaux Garnier,HR Director,buyer,9.995837639389789,clic email 07-08 (3.0314331330207964) · clic email 07-20 (6.964404506368993)
ENT-08680,CON-008970,Anna Garnier,People Ops Manager,champion,2.4251465064166373,clic email 07-08 (2.4251465064166373)
ENT-15180,CON-002871,Chloe Bonnet,Talent Acquisition Manager,champion,2.4251465064166373,clic email 07-08 (2.4251465064166373)
ENT-03045,CON-050464,Antoine Andre,HRBP,champion,2.4251465064166373,clic email 07-08 (2.4251465064166373)
ENT-09111,CON-059152,Elise Andre,Compensation & Benefits Manager,champion,0.6062866266041593,like LinkedIn 07-08 (0.6062866266041593)
ENT-02719,CON-043272,Vincent Simon,CEO,buyer,3.0314331330207964,clic email 07-08 (3.0314331330207964)
ENT-17553,CON-021803,Sarah Muller,Responsable Recrutement,champion,0.6062866266041593,like LinkedIn 07-08 (0.6062866266041593)
ENT-17542,CON-040627,Antoine Simon,Responsable Recrutement,champion,1.8188598798124782,commentaire LinkedIn 07-08 (1.8188598798124782)
ENT-06792,CON-007925,Elena Laurent,HR Manager,champion,1.8188598798124782,commentaire LinkedIn 07-08 (1.8188598798124782)
ENT-15493,CON-016652,Emma Garcia,,sans_titre,1.5157165665103982,clic email 07-08 (1.5157165665103982)
ENT-18604,CON-037817,Sophie Moreau,Head of HR Operations,buyer,0.7578582832551991,like LinkedIn 07-08 (0.7578582832551991)
ENT-06499,CON-043704,Maxime Fischer,HR Assistant,utilisateur,1.8188598798124778,clic email 07-08 (1.8188598798124778)
ENT-01841,CON-011465,Hugo Garcia,,sans_titre,1.5157165665103982,clic email 07-08 (1.5157165665103982)
ENT-06625,CON-073425,Antoine Navarro,Office Manager,bruit,0.0,clic email 07-08 (0.0)
ENT-00675,CON-071525,Nora Guerin,Compensation & Benefits Manager,champion,2.4251465064166373,clic email 07-08 (2.4251465064166373)
ENT-14179,CON-048672,Guillaume Jansen,Compensation & Benefits Manager,champion,5.584913241257738,clic email 07-09 (2.599207668339954) · clic email 07-11 (2.9857055729177837)
ENT-13934,CON-066296,Quentin Serrano,HR Business Partner,champion,2.599207668339954,clic email 07-09 (2.599207668339954)
ENT-09676,CON-013183,Pablo Fournier,VP Human Resources,buyer,3.249009585424942,clic email 07-09 (3.249009585424942)
ENT-05828,CON-015101,Julie Bernard,Office Manager,bruit,0.0,clic email 07-09 (0.0)
ENT-19964,CON-008865,Romain Garnier,Executive Assistant,bruit,0.0,clic email 07-09 (0.0)
ENT-03250,CON-066478,Julien Rousseau,HR Officer,utilisateur,1.949405751254965,clic email 07-09 (1.949405751254965)
ENT-03650,CON-023277,Antoine Laurent,Talent Acquisition Specialist,utilisateur,1.949405751254965,clic email 07-09 (1.949405751254965)
ENT-04446,CON-012318,Lucas Fournier,VP Human Resources,buyer,2.4367571890687065,commentaire LinkedIn 07-09 (2.4367571890687065)
ENT-17944,CON-065840,Bastien Roux,Executive Assistant,bruit,0.0,clic email 07-09 (0.0)
ENT-13408,CON-017235,Antoine Fischer,HRBP,champion,2.599207668339954,clic email 07-09 (2.599207668339954)
ENT-05571,CON-034070,Diego Rossi,HR Business Partner,champion,7.124691067933859,clic email 07-09 (2.599207668339954) · clic email 07-17 (4.525483399593905)
ENT-04874,CON-013970,Emil Laurent,,sans_titre,1.624504792712471,clic email 07-09 (1.624504792712471)
ENT-00041,CON-051209,Maxime Fontaine,HR Manager,champion,2.599207668339954,clic email 07-09 (2.599207668339954)
ENT-19691,CON-051661,Marion Vincent,HR Intern,bruit,0.0,clic email 07-09 (0.0)
ENT-13623,CON-058420,Julie Jansen,Head of Talent Acquisition,buyer,2.4367571890687065,commentaire LinkedIn 07-09 (2.4367571890687065)
ENT-19559,CON-021142,Guillaume Fontaine,Executive Assistant,bruit,0.0,commentaire LinkedIn 07-09 (0.0)
ENT-00852,CON-033348,Vincent Mercier,Office Manager,bruit,0.0,clic email 07-09 (0.0)
ENT-00048,CON-068303,Alexandre Michel,Responsable Recrutement,champion,2.599207668339954,clic email 07-09 (2.599207668339954)
ENT-00048,CON-029274,Vincent Moreau,Executive Assistant,bruit,0.0,clic email 07-12 (0.0)
ENT-01261,CON-060464,Femke Rossi,Head of Talent Acquisition,buyer,8.905863834917323,clic email 07-09 (3.249009585424942) · clic email 07-17 (5.656854249492381)
ENT-14184,CON-003594,Jonas Navarro,Chief People Officer,buyer,3.249009585424942,clic email 07-09 (3.249009585424942)
ENT-14034,CON-009131,Antoine Bonnet,People Ops Manager,champion,2.599207668339954,clic email 07-09 (2.599207668339954)
ENT-19022,CON-027058,Elise Navarro,,sans_titre,1.624504792712471,clic email 07-09 (1.624504792712471)
ENT-17521,CON-055813,Marion Jansen,Directrice RH,buyer,3.249009585424942,clic email 07-09 (3.249009585424942)
ENT-06856,CON-073221,Vincent Faure,,sans_titre,1.624504792712471,clic email 07-09 (1.624504792712471)
ENT-05101,CON-010264,Felix Laurent,Compensation & Benefits Manager,champion,2.599207668339954,clic email 07-09 (2.599207668339954)
ENT-06436,CON-057509,Guillaume Simon,Talent Acquisition Specialist,utilisateur,1.949405751254965,clic email 07-09 (1.949405751254965)
ENT-16862,CON-043802,Romain Chevalier,Recruiter,utilisateur,1.949405751254965,clic email 07-09 (1.949405751254965)
ENT-09377,CON-004221,Marion Fournier,Talent Acquisition Specialist,utilisateur,8.217369806987058,clic email 07-09 (1.949405751254965) · clic email 07-10 (2.089321351910698) · clic email 07-20 (4.178642703821396)
ENT-07462,CON-039387,Felix Martin,HR Director,buyer,3.249009585424942,clic email 07-09 (3.249009585424942)
ENT-09841,CON-032054,Nora Weber,HR Assistant,utilisateur,1.949405751254965,clic email 07-09 (1.949405751254965)
ENT-11392,CON-007801,Ines Garcia,Chargee de recrutement,utilisateur,1.949405751254965,clic email 07-09 (1.949405751254965)
ENT-17838,CON-062711,Sarah Weber,People Ops Manager,champion,2.599207668339954,clic email 07-09 (2.599207668339954)
ENT-05739,CON-011120,Chloe Martin,Directrice RH,buyer,3.249009585424942,clic email 07-09 (3.249009585424942)
ENT-04047,CON-001942,Alexandre Lefebvre,Talent Acquisition Specialist,utilisateur,1.949405751254965,clic email 07-09 (1.949405751254965)
ENT-06527,CON-045310,Julie Fournier,HR Assistant,utilisateur,1.949405751254965,clic email 07-09 (1.949405751254965)
ENT-04615,CON-055574,Camille Garcia,HR Business Partner,champion,2.599207668339954,clic email 07-09 (2.599207668339954)
ENT-10666,CON-038714,Bastien Fournier,Executive Assistant,bruit,0.0,clic email 07-09 (0.0)
ENT-18298,CON-062964,Guillaume Vincent,Talent Acquisition Manager,champion,1.9494057512549654,commentaire LinkedIn 07-09 (1.9494057512549654)
ENT-17267,CON-028968,Nicolas Faure,HR Intern,bruit,0.0,clic email 07-09 (0.0) · clic email 07-17 (0.0)
ENT-17267,CON-039573,Pauline Vincent,HR Intern,bruit,0.0,clic email 07-20 (0.0)
ENT-07599,CON-056465,Bastien Petit,HR Business Partner,champion,2.599207668339954,clic email 07-09 (2.599207668339954)
ENT-04371,CON-068312,Quentin Laurent,CHRO,buyer,3.249009585424942,clic email 07-09 (3.249009585424942)
ENT-20321,CON-013050,Greta Dubois,,sans_titre,1.624504792712471,clic email 07-09 (1.624504792712471)
ENT-10740,CON-001819,Manon Mercier,,sans_titre,1.624504792712471,clic email 07-09 (1.624504792712471)
ENT-12649,CON-017717,Lucas Michel,,sans_titre,1.2183785945343533,commentaire LinkedIn 07-09 (1.2183785945343533)
ENT-06163,CON-046187,Elena Guerin,Responsable Recrutement,champion,0.6498019170849885,like LinkedIn 07-09 (0.6498019170849885)
ENT-07737,CON-026991,Diego Moreau,,sans_titre,1.624504792712471,clic email 07-09 (1.624504792712471)
ENT-00758,CON-016196,Lars Roux,HR Assistant,utilisateur,0.48735143781374124,like LinkedIn 07-09 (0.48735143781374124)
ENT-18100,CON-060910,Sarah Chevalier,Chargee de recrutement,utilisateur,1.949405751254965,clic email 07-09 (1.949405751254965)
ENT-12126,CON-031062,Maxime Meyer,Talent Acquisition Manager,champion,0.6498019170849885,like LinkedIn 07-09 (0.6498019170849885)
ENT-13411,CON-043418,Quentin Rossi,Recruiter,utilisateur,1.949405751254965,clic email 07-09 (1.949405751254965)
ENT-20054,CON-066485,Julie Roux,,sans_titre,1.624504792712471,clic email 07-09 (1.624504792712471)
ENT-02623,CON-054398,Margaux Martin,Talent Acquisition Manager,champion,8.999207668339954,clic email 07-09 (2.599207668339954) · clic email 07-22 (6.4)
ENT-13212,CON-054908,Lucas Serrano,Recruiter,utilisateur,1.949405751254965,clic email 07-09 (1.949405751254965)
ENT-14719,CON-019487,Thomas Moreau,VP Human Resources,buyer,3.249009585424942,clic email 07-09 (3.249009585424942)
ENT-17797,CON-000970,Femke Petit,HR Intern,bruit,0.0,clic email 07-09 (0.0)
ENT-11472,CON-058311,Marta Laurent,Head of HR Operations,buyer,3.249009585424942,clic email 07-09 (3.249009585424942)
ENT-11566,CON-012654,Elise Rousseau,,sans_titre,1.7411011265922482,clic email 07-10 (1.7411011265922482)
ENT-00874,CON-007965,Lars Serrano,Talent Acquisition Specialist,utilisateur,2.089321351910698,clic email 07-10 (2.089321351910698)
ENT-10348,CON-044511,Hugo Visser,HR Business Partner,champion,2.785761802547597,clic email 07-10 (2.785761802547597)
ENT-07496,CON-059906,Hugo Leroy,HR Business Partner,champion,2.785761802547597,clic email 07-10 (2.785761802547597)
ENT-05278,CON-048775,Emma Andre,CEO,buyer,3.4822022531844965,clic email 07-10 (3.4822022531844965)
ENT-06525,CON-072128,Lars Girard,Head of Talent Acquisition,buyer,3.4822022531844965,clic email 07-10 (3.4822022531844965)
ENT-19378,CON-035444,Sanne Michel,People Ops Coordinator,utilisateur,0.5223303379776745,like LinkedIn 07-10 (0.5223303379776745)
ENT-02788,CON-041234,Pierre Michel,Executive Assistant,bruit,0.0,clic email 07-10 (0.0) · like LinkedIn 07-20 (0.0)
ENT-15340,CON-030494,Lars Bernard,HR Director,buyer,3.4822022531844965,clic email 07-10 (3.4822022531844965)
ENT-04260,CON-077174,Thomas Michel,People Ops Manager,champion,55.940851714679404,commentaire LinkedIn 07-12 (2.4000000000000004) · clic email 07-17 (4.525483399593905) · clic email 07-18 (4.850293012833274) · RDV pris 07-20 (38.19366415641666) · clic email 07-21 (5.971411145835567)
ENT-04260,CON-077173,Ines Fournier,Chief People Officer,buyer,32.71771292950355,/demo 07-10 (4.352752816480621) · clic email 07-16 (5.278031643091577) · /pricing 07-19 (8.122523963562356) · clic email 07-20 (6.964404506368993) · clic email 07-22 (8.0)
ENT-04260,CON-011904,Pablo Weber,HR Assistant,utilisateur,12.301896291558993,clic email 07-15 (2.954746592027799) · /demo 07-18 (4.547149699531194) · clic email 07-22 (4.8)
ENT-04260,CON-011905,Sanne Moreau,,sans_titre,2.2973967099940698,clic email 07-14 (2.2973967099940698)
ENT-12092,CON-053393,Marta Vincent,Responsable Recrutement,champion,0.6964404506368993,like LinkedIn 07-10 (0.6964404506368993)
ENT-17587,CON-033220,Bastien Garnier,Office Manager,bruit,0.0,clic email 07-10 (0.0)
ENT-06226,CON-046497,Diego Blanc,Executive Assistant,bruit,0.0,clic email 07-10 (0.0)
ENT-09535,CON-023850,Thomas Michel,,sans_titre,1.7411011265922482,clic email 07-10 (1.7411011265922482)
ENT-12309,CON-033922,Diego Martin,Charge de recrutement,utilisateur,2.089321351910698,clic email 07-10 (2.089321351910698)
ENT-00141,CON-032699,Diego Petit,HR Officer,utilisateur,2.089321351910698,clic email 07-10 (2.089321351910698)
ENT-03586,CON-028286,Pauline Navarro,People Ops Coordinator,utilisateur,2.089321351910698,clic email 07-10 (2.089321351910698)
ENT-20294,CON-000246,Sophie Fournier,Recruiter,utilisateur,2.089321351910698,clic email 07-10 (2.089321351910698)
ENT-17420,CON-052822,Florian Faure,VP Human Resources,buyer,55.3309267274453,/demo 07-10 (4.352752816480621) · /pricing 07-11 (4.665164957684037) · clic email 07-17 (5.656854249492381) · formulaire 07-19 (32.65615470378826) · clic email 07-22 (8.0)
ENT-17420,CON-052823,Chloe Leroy,Recruiter,utilisateur,2.954746592027799,clic email 07-15 (2.954746592027799)
ENT-17420,CON-052824,Camille Visser,Executive Assistant,bruit,0.0,/integrations 07-17 (0.0) · clic email 07-17 (0.0) · clic email 07-21 (0.0)
ENT-02036,CON-026372,Pauline Rousseau,Recruiter,utilisateur,2.089321351910698,clic email 07-10 (2.089321351910698)
ENT-04203,CON-051193,Felix Dupont,Head of HR Operations,buyer,3.4822022531844965,clic email 07-10 (3.4822022531844965)
ENT-15457,CON-044170,Nicolas Petit,People Ops Coordinator,utilisateur,2.089321351910698,clic email 07-10 (2.089321351910698)
ENT-11312,CON-053935,Nicolas Blanc,CHRO,buyer,3.4822022531844965,clic email 07-10 (3.4822022531844965)
ENT-11558,CON-052042,Alexandre Roux,Head of Talent Acquisition,buyer,3.4822022531844965,clic email 07-10 (3.4822022531844965)
ENT-15769,CON-047820,Hugo Bernard,VP Human Resources,buyer,3.4822022531844965,clic email 07-10 (3.4822022531844965)
ENT-01227,CON-039662,Manon Chevalier,Compensation & Benefits Manager,champion,2.0893213519106983,commentaire LinkedIn 07-10 (2.0893213519106983)
ENT-17038,CON-056754,Bastien Fontaine,People Ops Manager,champion,2.785761802547597,clic email 07-10 (2.785761802547597)
ENT-00664,CON-055193,Vincent Bernard,People Ops Manager,champion,2.785761802547597,clic email 07-10 (2.785761802547597)
ENT-07317,CON-066873,Claire Moreau,CHRO,buyer,3.4822022531844965,clic email 07-10 (3.4822022531844965)
ENT-17696,CON-005606,Pauline Ferrari,Responsable Recrutement,champion,0.6964404506368993,like LinkedIn 07-10 (0.6964404506368993)
ENT-09744,CON-029443,Julie Fischer,People Ops Manager,champion,2.785761802547597,clic email 07-10 (2.785761802547597)
ENT-01887,CON-032016,Hugo Lefebvre,Recruiter,utilisateur,0.5223303379776745,like LinkedIn 07-10 (0.5223303379776745)
ENT-03524,CON-014689,Sanne Muller,Office Manager,bruit,0.0,clic email 07-10 (0.0)
ENT-19837,CON-030122,Maxime Bonnet,Talent Acquisition Specialist,utilisateur,2.089321351910698,clic email 07-10 (2.089321351910698)
ENT-01489,CON-046492,Sanne Navarro,Directrice RH,buyer,3.4822022531844965,clic email 07-10 (3.4822022531844965)
ENT-20516,CON-039845,Sophie Blanc,,sans_titre,1.7411011265922482,clic email 07-10 (1.7411011265922482)
ENT-08568,CON-051888,Jan Fournier,HR Assistant,utilisateur,2.089321351910698,clic email 07-10 (2.089321351910698)
ENT-05434,CON-069204,Femke Boyer,People Ops Manager,champion,8.184120909597691,clic email 07-11 (2.9857055729177837) · clic email 07-19 (5.198415336679908)
ENT-09842,CON-039218,Anna Simon,Recruiter,utilisateur,2.239279179688338,clic email 07-11 (2.239279179688338)
ENT-14049,CON-021146,Elena Ferrari,Talent Acquisition Specialist,utilisateur,2.239279179688338,clic email 07-11 (2.239279179688338)
ENT-18034,CON-020808,Hugo Ferrari,Recruiter,utilisateur,2.239279179688338,clic email 07-11 (2.239279179688338)
ENT-20394,CON-061729,Chloe Guerin,Head of HR Operations,buyer,3.7321319661472296,clic email 07-11 (3.7321319661472296)
ENT-06189,CON-046200,Camille Mercier,Recruiter,utilisateur,2.239279179688338,clic email 07-11 (2.239279179688338)
ENT-08270,CON-007376,Julie Leroy,Executive Assistant,bruit,0.0,clic email 07-11 (0.0)
ENT-06699,CON-014177,Maxime Faure,,sans_titre,1.8660659830736148,clic email 07-11 (1.8660659830736148)
ENT-13042,CON-029042,Jan Roux,HR Intern,bruit,0.0,clic email 07-11 (0.0)
ENT-00666,CON-042623,Femke Moreau,Compensation & Benefits Manager,champion,2.9857055729177837,clic email 07-11 (2.9857055729177837)
ENT-10451,CON-071738,Nicolas Vincent,Responsable Recrutement,champion,2.9857055729177837,clic email 07-11 (2.9857055729177837)
ENT-04357,CON-074596,Julie Weber,VP Human Resources,buyer,3.7321319661472296,clic email 07-11 (3.7321319661472296)
ENT-15368,CON-048727,Margaux Martin,HR Intern,bruit,0.0,clic email 07-11 (0.0)
ENT-08868,CON-035284,Anna Lambert,People Ops Manager,champion,58.063366940280005,clic email 07-15 (3.9396621227037323) · commentaire LinkedIn 07-17 (3.394112549695429) · clic email 07-20 (5.571523605095194) · /demo 07-20 (6.964404506368993) · RDV pris 07-20 (38.19366415641666)
ENT-08868,CON-077168,Laura Fischer,Head of People,buyer,20.13352969338078,clic email 07-11 (3.7321319661472296) · /demo 07-17 (7.0710678118654755) · /demo 07-21 (9.330329915368074)
ENT-08868,CON-035281,Maxime Dupont,HR Business Partner,champion,17.99841533667991,clic email 07-19 (5.198415336679908) · clic email 07-22 (6.4) · clic email 07-22 (6.4)
ENT-08868,CON-035283,Lea Girard,HR Officer,utilisateur,7.544512620174206,clic email 07-12 (2.4) · clic email 07-13 (2.5722563100871034) · clic email 07-13 (2.5722563100871034)
ENT-08868,CON-035280,Anna Meyer,People Ops Manager,champion,3.9396621227037323,clic email 07-15 (3.9396621227037323)
ENT-08868,CON-047253,Lea Dupont,Talent Acquisition Specialist,utilisateur,3.637719759624955,clic email 07-18 (3.637719759624955)
ENT-03149,CON-022185,Jonas Garcia,Head of HR Operations,buyer,3.7321319661472296,clic email 07-11 (3.7321319661472296)
ENT-11052,CON-017176,Vincent Michel,Recruiter,utilisateur,2.239279179688338,clic email 07-11 (2.239279179688338)
ENT-06977,CON-049060,Quentin Blanc,Office Manager,bruit,0.0,clic email 07-11 (0.0)
ENT-13743,CON-077167,Greta Garnier,Head of People,buyer,53.94903312196243,clic email 07-11 (3.7321319661472296) · /demo 07-11 (4.665164957684037) · formulaire 07-18 (31.910287099537587) · /pricing 07-18 (7.57858283255199) · clic email 07-18 (6.062866266041592)
ENT-13743,CON-043693,Quentin Visser,HR Manager,champion,14.218544528736878,clic email 07-13 (3.429675080116138) · clic email 07-14 (3.6758347359905117) · /product/ats 07-17 (2.2627416997969525) · clic email 07-18 (4.850293012833274)
ENT-13743,CON-043692,Guillaume Bonnet,HR Business Partner,champion,9.247358341085706,clic email 07-14 (3.6758347359905117) · clic email 07-20 (5.571523605095194)
ENT-13743,CON-043695,Bastien Blanc,Talent Acquisition Manager,champion,3.429675080116138,clic email 07-13 (3.429675080116138)
ENT-13743,CON-043694,Benjamin Laurent,Executive Assistant,bruit,0.0,clic email 07-12 (0.0) · clic email 07-16 (0.0) · clic email 07-20 (0.0)
ENT-16375,CON-042056,Alexandre Visser,Chargee de recrutement,utilisateur,2.239279179688338,clic email 07-11 (2.239279179688338)
ENT-11570,CON-023122,Jonas Martin,Head of Talent Acquisition,buyer,3.7321319661472296,clic email 07-11 (3.7321319661472296)
ENT-02142,CON-075496,Manon Rousseau,Chargee de recrutement,utilisateur,2.239279179688338,clic email 07-11 (2.239279179688338)
ENT-15874,CON-042095,Sophie Dubois,Executive Assistant,bruit,0.0,clic email 07-11 (0.0)
ENT-07143,CON-067502,Emma Boyer,People Ops Manager,champion,2.9857055729177837,clic email 07-11 (2.9857055729177837)
ENT-09552,CON-049546,Laura Ferrari,Talent Acquisition Specialist,utilisateur,2.239279179688338,clic email 07-11 (2.239279179688338)
ENT-20287,CON-070799,Anais Durand,HR Business Partner,champion,2.9857055729177837,clic email 07-11 (2.9857055729177837)
ENT-09688,CON-013672,Pauline Dupont,HR Assistant,utilisateur,2.239279179688338,clic email 07-11 (2.239279179688338)
ENT-17989,CON-072764,Julie Martin,HR Manager,champion,2.9857055729177837,clic email 07-11 (2.9857055729177837)
ENT-04165,CON-053389,Ines Rousseau,,sans_titre,3.294943620514594,like LinkedIn 07-11 (0.4665164957684037) · clic email 07-17 (2.8284271247461903)
ENT-06660,CON-033678,Romain Guerin,Head of HR Operations,buyer,3.7321319661472296,clic email 07-11 (3.7321319661472296)
ENT-03601,CON-073621,Quentin Girard,Office Manager,bruit,0.0,like LinkedIn 07-11 (0.0)
ENT-15905,CON-063292,Romain Navarro,HR Assistant,utilisateur,2.239279179688338,clic email 07-11 (2.239279179688338)
ENT-02482,CON-013624,Felix Guerin,Responsable Recrutement,champion,2.9857055729177837,clic email 07-11 (2.9857055729177837)
ENT-15220,CON-059892,Margaux Martin,,sans_titre,1.8660659830736148,clic email 07-11 (1.8660659830736148)
ENT-15700,CON-019470,Hugo Faure,HRBP,champion,2.9857055729177837,clic email 07-11 (2.9857055729177837)
ENT-14055,CON-024120,Emil Serrano,HR Business Partner,champion,7.511188972511689,clic email 07-11 (2.9857055729177837) · clic email 07-17 (4.525483399593905)
ENT-09329,CON-002115,Jan Fontaine,HR Officer,utilisateur,2.239279179688338,clic email 07-11 (2.239279179688338)
ENT-13966,CON-024500,Julien Rousseau,CEO,buyer,3.7321319661472296,clic email 07-11 (3.7321319661472296)
ENT-04657,CON-070843,Marion Bonnet,Charge de recrutement,utilisateur,2.239279179688338,clic email 07-11 (2.239279179688338)
ENT-05475,CON-006277,Greta Boyer,HR Manager,champion,8.957116718753351,clic email 07-11 (2.9857055729177837) · clic email 07-21 (5.971411145835567)
ENT-15454,CON-052644,Florian Fischer,HR Assistant,utilisateur,2.239279179688338,clic email 07-11 (2.239279179688338)
ENT-16498,CON-032523,Greta Bonnet,Office Manager,bruit,0.0,commentaire LinkedIn 07-11 (0.0)
ENT-07439,CON-031275,Margaux Bonnet,HR Officer,utilisateur,2.239279179688338,clic email 07-11 (2.239279179688338)
ENT-18998,CON-037397,Jonas Bonnet,HR Manager,champion,2.9857055729177837,clic email 07-11 (2.9857055729177837)
ENT-18201,CON-024050,Claire Garnier,Head of HR Operations,buyer,3.7321319661472296,clic email 07-11 (3.7321319661472296)
ENT-18927,CON-000927,Nora Lambert,Talent Acquisition Manager,champion,2.9857055729177837,clic email 07-11 (2.9857055729177837)
ENT-11719,CON-063480,Jonas Rousseau,Talent Acquisition Manager,champion,2.2392791796883382,commentaire LinkedIn 07-11 (2.2392791796883382)
ENT-17902,CON-007288,Vincent Dubois,,sans_titre,1.8660659830736148,clic email 07-11 (1.8660659830736148)
ENT-16347,CON-064923,Thomas Blanc,HRBP,champion,2.2392791796883382,commentaire LinkedIn 07-11 (2.2392791796883382)
ENT-01126,CON-041419,Pierre Roux,Office Manager,bruit,0.0,clic email 07-11 (0.0)
ENT-04944,CON-017851,Sanne Andre,,sans_titre,2.7990989746104225,commentaire LinkedIn 07-21 (2.7990989746104225)
ENT-04944,CON-017850,Anais Garnier,Responsable Recrutement,champion,0.7464263932294459,like LinkedIn 07-11 (0.7464263932294459)
ENT-16169,CON-041448,Sophie Chevalier,People Ops Manager,champion,2.9857055729177837,clic email 07-11 (2.9857055729177837)
ENT-02837,CON-051860,Pauline Dubois,Talent Acquisition Manager,champion,2.9857055729177837,clic email 07-11 (2.9857055729177837)
ENT-02206,CON-034479,Anais Faure,HR Business Partner,champion,2.9857055729177837,clic email 07-11 (2.9857055729177837)
ENT-05971,CON-074892,Julien Leroy,Compensation & Benefits Manager,champion,3.2,clic email 07-12 (3.2)
ENT-05400,CON-031426,Florian Dupont,Executive Assistant,bruit,0.0,clic email 07-12 (0.0)
ENT-04151,CON-021477,Sanne Girard,Chargee de recrutement,utilisateur,1.7999999999999998,commentaire LinkedIn 07-12 (1.7999999999999998)
ENT-18097,CON-068128,Antoine Weber,VP People,buyer,4.0,clic email 07-12 (4.0)
ENT-05565,CON-076338,Romain Jansen,Head of Talent Acquisition,buyer,4.0,clic email 07-12 (4.0)
ENT-14463,CON-029985,Thomas Fischer,Head of Talent Acquisition,buyer,4.0,clic email 07-12 (4.0)
ENT-18415,CON-004917,Anna Weber,Charge de recrutement,utilisateur,0.6,like LinkedIn 07-12 (0.6)
ENT-06237,CON-030564,Claire Fischer,Office Manager,bruit,0.0,clic email 07-12 (0.0)
ENT-16050,CON-051242,Sanne Petit,Charge de recrutement,utilisateur,2.4,clic email 07-12 (2.4)
ENT-09013,CON-050238,Greta Lefebvre,Head of HR Operations,buyer,4.0,clic email 07-12 (4.0)
ENT-10175,CON-048965,Pauline Blanc,HR Intern,bruit,0.0,commentaire LinkedIn 07-12 (0.0)
ENT-03244,CON-057882,Sophie Lefebvre,Responsable Recrutement,champion,49.443957169249934,clic email 07-18 (4.850293012833274) · RDV pris 07-20 (38.19366415641666) · clic email 07-22 (6.4)
ENT-03244,CON-077175,Manon Dubois,CEO,buyer,23.394339630915933,clic email 07-12 (4.0) · /demo 07-13 (5.358867312681466) · /demo 07-17 (7.0710678118654755) · clic email 07-20 (6.964404506368993)
ENT-03244,CON-057881,Emil Fournier,Talent Acquisition Manager,champion,2.9857055729177837,/product/ats 07-21 (2.9857055729177837)
ENT-03244,CON-057880,Thomas Chevalier,HR Intern,bruit,0.0,clic email 07-12 (0.0) · clic email 07-17 (0.0) · commentaire LinkedIn 07-18 (0.0) · clic email 07-22 (0.0)
ENT-08979,CON-027060,Sanne Boyer,Charge de recrutement,utilisateur,2.4,clic email 07-12 (2.4)
ENT-11391,CON-044504,Maxime Lefebvre,Talent Acquisition Specialist,utilisateur,4.178642703821396,clic email 07-20 (4.178642703821396)
ENT-11391,CON-065179,Nora Leroy,HR Assistant,utilisateur,2.4,clic email 07-12 (2.4)
ENT-17388,CON-024866,Lea Martin,HR Business Partner,champion,3.2,clic email 07-12 (3.2)
ENT-00287,CON-009086,Lea Girard,Responsable Recrutement,champion,3.2,clic email 07-12 (3.2)
ENT-18818,CON-049106,Pauline Simon,Directrice RH,buyer,3.0,commentaire LinkedIn 07-12 (3.0)
ENT-08791,CON-073107,Elena Dubois,Charge de recrutement,utilisateur,6.298811502509931,clic email 07-12 (2.4) · clic email 07-19 (3.898811502509931)
ENT-07981,CON-057369,Anais Serrano,Head of People,buyer,4.0,clic email 07-12 (4.0)
ENT-08125,CON-012843,Greta Laurent,Head of People,buyer,64.79362776990746,/demo 07-12 (5.0) · clic email 07-14 (4.5947934199881395) · clic email 07-17 (5.656854249492381) · /pricing 07-19 (8.122523963562356) · formulaire 07-20 (33.419456136864575) · clic email 07-22 (8.0)
ENT-08125,CON-077162,Margaux Petit,Responsable Recrutement,champion,19.05412372344245,clic email 07-17 (4.525483399593905) · clic email 07-20 (5.571523605095194) · /product/payroll 07-21 (2.9857055729177837) · clic email 07-21 (5.971411145835567)
ENT-08125,CON-077164,Alexandre Michel,Head of Talent Acquisition,buyer,17.89929039895295,clic email 07-16 (5.278031643091577) · clic email 07-17 (5.656854249492381) · clic email 07-20 (6.964404506368993)
ENT-08125,CON-077163,Pablo Muller,Talent Acquisition Specialist,utilisateur,4.754746592027798,commentaire LinkedIn 07-12 (1.7999999999999998) · clic email 07-15 (2.954746592027799)
ENT-10942,CON-077179,Lea Michel,VP People,buyer,66.6616449429579,clic email 07-13 (4.2870938501451725) · /pricing 07-17 (7.0710678118654755) · clic email 07-18 (6.062866266041592) · formulaire 07-18 (31.910287099537587) · /pricing 07-21 (9.330329915368074) · clic email 07-22 (8.0)
ENT-10942,CON-050641,Elena Simon,Talent Acquisition Manager,champion,20.51852752824269,clic email 07-12 (3.2) · clic email 07-16 (4.222425314473262) · clic email 07-17 (4.525483399593905) · /product/ats 07-19 (2.599207668339954) · clic email 07-21 (5.971411145835567)
ENT-10942,CON-050640,Lea Moreau,Talent Acquisition Specialist,utilisateur,3.898811502509931,clic email 07-19 (3.898811502509931)
ENT-03959,CON-061662,Jonas Fournier,CEO,buyer,4.0,clic email 07-12 (4.0)
ENT-16851,CON-053043,Nicolas Meyer,Directrice RH,buyer,4.0,clic email 07-12 (4.0)
ENT-00906,CON-002320,Anais Dupont,Executive Assistant,bruit,0.0,clic email 07-12 (0.0)
ENT-08518,CON-032105,Manon Blanc,HR Assistant,utilisateur,0.6,like LinkedIn 07-12 (0.6)
ENT-11860,CON-055150,Emma Guerin,Head of Talent Acquisition,buyer,4.0,clic email 07-12 (4.0)
ENT-14462,CON-074398,Emma Rousseau,Talent Acquisition Specialist,utilisateur,0.6,like LinkedIn 07-12 (0.6)
ENT-05933,CON-037152,Pauline Dupont,Charge de recrutement,utilisateur,2.4,clic email 07-12 (2.4)
ENT-13670,CON-003217,Lars Fischer,Responsable Recrutement,champion,3.2,clic email 07-12 (3.2)
ENT-17639,CON-056315,Felix Dubois,,sans_titre,0.5,like LinkedIn 07-12 (0.5)
ENT-19598,CON-051483,Emma Roux,HR Officer,utilisateur,2.4,clic email 07-12 (2.4)
ENT-10458,CON-033612,Vincent Vincent,,sans_titre,0.5,like LinkedIn 07-12 (0.5)
ENT-03520,CON-077187,Nora Meyer,CHRO,buyer,65.359284507484,commentaire LinkedIn 07-12 (3.0) · /demo 07-14 (5.743491774985174) · formulaire 07-18 (31.910287099537587) · /demo 07-20 (8.705505632961241) · clic email 07-22 (8.0) · clic email 07-22 (8.0)
ENT-03520,CON-067245,Vincent Fischer,HR Business Partner,champion,9.072718327306536,clic email 07-16 (4.222425314473262) · clic email 07-18 (4.850293012833274)
ENT-03520,CON-077189,Pauline Serrano,,sans_titre,8.504666225760275,clic email 07-18 (3.031433133020796) · /customers 07-20 (1.7411011265922482) · clic email 07-21 (3.7321319661472296)
ENT-19085,CON-065504,Lucas Garnier,HR Officer,utilisateur,2.4,clic email 07-12 (2.4)
ENT-15677,CON-062790,Greta Laurent,Recruiter,utilisateur,2.4,clic email 07-12 (2.4)
ENT-04023,CON-029760,Guillaume Guerin,HR Manager,champion,3.2,clic email 07-12 (3.2)
ENT-19818,CON-032681,Elise Smit,HRBP,champion,8.050293012833274,clic email 07-12 (3.2) · clic email 07-18 (4.850293012833274)
ENT-07855,CON-051446,Bastien Jansen,Recruiter,utilisateur,1.7999999999999998,commentaire LinkedIn 07-12 (1.7999999999999998)
ENT-13777,CON-032450,Camille Laurent,Talent Acquisition Specialist,utilisateur,2.4,clic email 07-12 (2.4)
ENT-05722,CON-010969,Pablo Garnier,Office Manager,bruit,0.0,commentaire LinkedIn 07-12 (0.0)
ENT-15580,CON-044469,Lea Lefebvre,HR Intern,bruit,0.0,commentaire LinkedIn 07-12 (0.0)
ENT-18608,CON-034252,Emil Lefebvre,Head of Talent Acquisition,buyer,4.0,clic email 07-12 (4.0)
ENT-00199,CON-027952,Romain Andre,Executive Assistant,bruit,0.0,clic email 07-12 (0.0)
ENT-14525,CON-017182,Bastien Andre,Talent Acquisition Manager,champion,3.2,clic email 07-12 (3.2)
ENT-07572,CON-049339,Ines Serrano,Talent Acquisition Manager,champion,3.2,clic email 07-12 (3.2)
ENT-10441,CON-017196,Julien Weber,Compensation & Benefits Manager,champion,0.8,like LinkedIn 07-12 (0.8)
ENT-06442,CON-045524,Femke Lefebvre,Recruiter,utilisateur,2.4,clic email 07-12 (2.4)
ENT-14600,CON-053477,Nora Vincent,HR Officer,utilisateur,2.4,clic email 07-12 (2.4)
ENT-06450,CON-000637,Vincent Lambert,,sans_titre,2.0,clic email 07-12 (2.0)
ENT-09043,CON-077161,Anais Rousseau,HR Director,buyer,56.34735178495856,/demo 07-14 (5.743491774985174) · clic email 07-16 (5.278031643091577) · commentaire LinkedIn 07-18 (4.547149699531194) · formulaire 07-19 (32.65615470378826) · /demo 07-19 (8.122523963562356)
ENT-09043,CON-016664,Vincent Moreau,HR Business Partner,champion,15.27425007267042,clic email 07-14 (3.6758347359905117) · clic email 07-19 (5.198415336679908) · clic email 07-22 (6.4)
ENT-09043,CON-016662,Chloe Petit,HR Officer,utilisateur,9.745461689676342,clic email 07-12 (2.4) · clic email 07-16 (3.166818985854946) · clic email 07-20 (4.178642703821396)
ENT-09043,CON-016663,Lars Smit,People Ops Coordinator,utilisateur,5.997502583633874,/integrations 07-18 (1.8188598798124775) · clic email 07-20 (4.178642703821396)
ENT-09043,CON-008188,Sanne Dupont,,sans_titre,2.4622888266898326,clic email 07-15 (2.4622888266898326)
ENT-14974,CON-064148,Anais Bonnet,Talent Acquisition Specialist,utilisateur,2.4,clic email 07-12 (2.4)
ENT-16677,CON-047476,Vincent Rossi,Head of Talent Acquisition,buyer,10.062866266041592,clic email 07-12 (4.0) · clic email 07-18 (6.062866266041592)
ENT-15236,CON-060892,Sanne Guerin,HR Assistant,utilisateur,0.6,like LinkedIn 07-12 (0.6)
ENT-12613,CON-036154,Marta Boyer,Talent Acquisition Specialist,utilisateur,3.994112549695428,like LinkedIn 07-12 (0.6) · clic email 07-17 (3.394112549695428)
ENT-09533,CON-008531,Pablo Fontaine,COO,buyer,4.0,clic email 07-12 (4.0)
ENT-06232,CON-002405,Camille Bonnet,Office Manager,bruit,0.0,like LinkedIn 07-12 (0.0)
ENT-08371,CON-010683,Lars Lefebvre,Head of HR Operations,buyer,4.0,clic email 07-12 (4.0)
ENT-08843,CON-004894,Guillaume Jansen,,sans_titre,2.0,clic email 07-12 (2.0)
ENT-05731,CON-077166,Pablo Faure,Compensation & Benefits Manager,champion,54.415582063540356,clic email 07-17 (4.525483399593905) · clic email 07-19 (5.198415336679908) · /pricing 07-19 (6.498019170849885) · RDV pris 07-20 (38.19366415641666)
ENT-05731,CON-077165,Nicolas Faure,CEO,buyer,36.34111229632853,/pricing 07-15 (6.155722066724581) · clic email 07-18 (6.062866266041592) · /demo 07-19 (8.122523963562356) · clic email 07-22 (8.0) · clic email 07-22 (8.0)
ENT-05731,CON-072416,Julie Petit,HR Manager,champion,9.584421672143938,clic email 07-12 (3.2) · clic email 07-13 (3.429675080116138) · commentaire LinkedIn 07-15 (2.9547465920277998)
ENT-05731,CON-072417,Anais Faure,HRBP,champion,9.401086225951705,clic email 07-13 (3.429675080116138) · clic email 07-21 (5.971411145835567)
ENT-03792,CON-059532,Nicolas Roux,Recruiter,utilisateur,2.4,clic email 07-12 (2.4)
ENT-00631,CON-052192,Sarah Garnier,Recruiter,utilisateur,1.7999999999999998,commentaire LinkedIn 07-12 (1.7999999999999998)
ENT-11351,CON-012177,Sophie Ferrari,HR Business Partner,champion,3.2,clic email 07-12 (3.2)
ENT-08679,CON-006045,Romain Girard,Directeur RH,buyer,52.611317982298274,/demo 07-12 (5.0) · clic email 07-13 (4.2870938501451725) · /demo 07-14 (5.743491774985174) · clic email 07-15 (4.924577653379665) · formulaire 07-19 (32.65615470378826)
ENT-08679,CON-077169,Felix Martin,Charge de recrutement,utilisateur,7.978005304545311,clic email 07-14 (2.7568760519928834) · /customers 07-16 (1.583409492927473) · clic email 07-18 (3.637719759624955)
ENT-08679,CON-006044,Margaux Michel,Recruiter,utilisateur,7.17511423939121,commentaire LinkedIn 07-16 (2.3751142393912095) · clic email 07-22 (4.8)
ENT-17196,CON-046587,Maxime Moreau,HR Assistant,utilisateur,2.4,clic email 07-12 (2.4)
ENT-06530,CON-012478,Chloe Garcia,HR Intern,bruit,0.0,clic email 07-12 (0.0)
ENT-05223,CON-063919,Thomas Laurent,HR Business Partner,champion,3.2,clic email 07-12 (3.2)
ENT-02588,CON-072719,Ines Lefebvre,HR Assistant,utilisateur,4.178642703821396,clic email 07-20 (4.178642703821396)
ENT-02588,CON-062654,Guillaume Fournier,HRBP,champion,3.2,clic email 07-12 (3.2)
ENT-10580,CON-049916,Guillaume Laurent,Head of HR Operations,buyer,4.0,clic email 07-12 (4.0)
ENT-16378,CON-022758,Florian Fournier,People Ops Coordinator,utilisateur,2.5722563100871034,clic email 07-13 (2.5722563100871034)
ENT-08050,CON-042278,Hugo Petit,Compensation & Benefits Manager,champion,47.21491153742508,RDV pris 07-15 (34.026686438034226) · clic email 07-17 (4.525483399593905) · /integrations 07-17 (2.2627416997969525) · clic email 07-22 (6.4)
ENT-08050,CON-042279,Anais Visser,CHRO,buyer,28.401714077527913,/pricing 07-13 (5.358867312681466) · /pricing 07-18 (7.57858283255199) · clic email 07-21 (7.464263932294459) · clic email 07-22 (8.0)
ENT-08050,CON-042280,Vincent Vincent,People Ops Coordinator,utilisateur,3.898811502509931,clic email 07-19 (3.898811502509931)
ENT-18309,CON-034486,Jonas Garcia,Talent Acquisition Manager,champion,3.429675080116138,clic email 07-13 (3.429675080116138)
ENT-03899,CON-070244,Claire Bernard,HRBP,champion,3.429675080116138,clic email 07-13 (3.429675080116138)
ENT-17474,CON-072743,Camille Jansen,CEO,buyer,4.2870938501451725,clic email 07-13 (4.2870938501451725)
ENT-16665,CON-077176,Claire Andre,COO,buyer,62.25163886838417,clic email 07-13 (4.2870938501451725) · formulaire 07-15 (29.77335063327995) · /pricing 07-15 (6.155722066724581) · /pricing 07-17 (7.0710678118654755) · clic email 07-20 (6.964404506368993) · clic email 07-22 (8.0)
ENT-16665,CON-077177,Nicolas Lefebvre,Talent Acquisition Manager,champion,9.001198685211332,clic email 07-13 (3.429675080116138) · clic email 07-20 (5.571523605095194)
ENT-16665,CON-022651,Felix Bernard,Charge de recrutement,utilisateur,7.536531262134886,clic email 07-18 (3.637719759624955) · clic email 07-19 (3.898811502509931)
ENT-16665,CON-077178,Lea Faure,Office Manager,bruit,0.0,/product/performance 07-16 (0.0) · clic email 07-22 (0.0)
ENT-19812,CON-034925,Femke Navarro,,sans_titre,2.1435469250725863,clic email 07-13 (2.1435469250725863)
ENT-00713,CON-030123,Elise Garnier,HR Business Partner,champion,3.429675080116138,clic email 07-13 (3.429675080116138)
ENT-08271,CON-017815,Alexandre Lefebvre,People Ops Coordinator,utilisateur,2.5722563100871034,clic email 07-13 (2.5722563100871034)
ENT-19127,CON-035210,Ines Chevalier,Head of Talent Acquisition,buyer,4.2870938501451725,clic email 07-13 (4.2870938501451725)
ENT-19127,CON-056844,Julie Visser,,sans_titre,2.8284271247461903,clic email 07-17 (2.8284271247461903)
ENT-02481,CON-006543,Elena Chevalier,Office Manager,bruit,0.0,clic email 07-13 (0.0)
ENT-05818,CON-043170,Marta Fischer,Directrice RH,buyer,4.2870938501451725,clic email 07-13 (4.2870938501451725)
ENT-07077,CON-031518,Camille Garcia,HR Assistant,utilisateur,1.9291922325653275,commentaire LinkedIn 07-13 (1.9291922325653275)
ENT-01879,CON-005162,Marion Lambert,Recruiter,utilisateur,2.5722563100871034,clic email 07-13 (2.5722563100871034)
ENT-08904,CON-068859,Sarah Muller,,sans_titre,2.1435469250725863,clic email 07-13 (2.1435469250725863)
ENT-04148,CON-075907,Sanne Fournier,Office Manager,bruit,0.0,clic email 07-13 (0.0)
ENT-02139,CON-077190,Chloe Navarro,CHRO,buyer,70.98397518790277,clic email 07-13 (4.2870938501451725) · clic email 07-13 (4.2870938501451725) · /demo 07-16 (6.597539553864471) · formulaire 07-20 (33.419456136864575) · commentaire LinkedIn 07-21 (5.598197949220845) · clic email 07-21 (7.464263932294459) · /demo 07-21 (9.330329915368074)
ENT-02139,CON-008693,Pablo Petit,Compensation & Benefits Manager,champion,6.4,clic email 07-22 (6.4)
ENT-02139,CON-008692,Sanne Lambert,,sans_titre,2.8284271247461903,clic email 07-17 (2.8284271247461903)
ENT-02139,CON-008695,Elise Vincent,HRBP,champion,2.2627416997969525,/product/performance 07-17 (2.2627416997969525)
ENT-00153,CON-008556,Pablo Vincent,Recruiter,utilisateur,2.5722563100871034,clic email 07-13 (2.5722563100871034)
ENT-14815,CON-058435,Anna Simon,Head of HR Operations,buyer,3.2153203876088794,commentaire LinkedIn 07-13 (3.2153203876088794)
ENT-18480,CON-029557,Elise Faure,People Ops Manager,champion,4.822555981389937,clic email 07-13 (3.429675080116138) · like LinkedIn 07-20 (1.3928809012737986)
ENT-13178,CON-022889,Marion Weber,VP People,buyer,4.2870938501451725,clic email 07-13 (4.2870938501451725)
ENT-07769,CON-014924,Felix Visser,COO,buyer,4.2870938501451725,clic email 07-13 (4.2870938501451725)
ENT-05785,CON-046326,Maxime Bernard,Head of Talent Acquisition,buyer,4.2870938501451725,clic email 07-13 (4.2870938501451725)
ENT-08652,CON-024166,Pablo Guerin,People Ops Manager,champion,3.429675080116138,clic email 07-13 (3.429675080116138)
ENT-18737,CON-019811,Manon Ferrari,People Ops Coordinator,utilisateur,0.6430640775217759,like LinkedIn 07-13 (0.6430640775217759)
ENT-06788,CON-035579,Marta Chevalier,Charge de recrutement,utilisateur,2.5722563100871034,clic email 07-13 (2.5722563100871034)
ENT-09782,CON-077159,Thomas Moreau,CHRO,buyer,57.424564163420335,formulaire 07-15 (29.77335063327995) · commentaire LinkedIn 07-16 (3.9585237323186826) · clic email 07-17 (5.656854249492381) · /pricing 07-20 (8.705505632961241) · /demo 07-21 (9.330329915368074)
ENT-09782,CON-019113,Chloe Moreau,Head of HR Operations,buyer,14.968730100958915,clic email 07-17 (5.656854249492381) · clic email 07-18 (6.062866266041592) · /product/payroll 07-19 (3.2490095854249423)
ENT-09782,CON-077160,Thomas Michel,,sans_titre,10.73121183860944,clic email 07-19 (3.2490095854249423) · clic email 07-20 (3.4822022531844965) · clic email 07-22 (4.0)
ENT-09782,CON-019112,Julien Roux,Head of Talent Acquisition,buyer,4.2870938501451725,clic email 07-13 (4.2870938501451725)
ENT-02388,CON-037677,Anna Vincent,Charge de recrutement,utilisateur,2.5722563100871034,clic email 07-13 (2.5722563100871034)
ENT-10403,CON-021209,Pablo Serrano,Charge de recrutement,utilisateur,1.9291922325653275,commentaire LinkedIn 07-13 (1.9291922325653275)
ENT-06667,CON-015052,Bastien Andre,Office Manager,bruit,0.0,clic email 07-13 (0.0)
ENT-10998,CON-036514,Elise Simon,People Ops Manager,champion,3.429675080116138,clic email 07-13 (3.429675080116138)
ENT-02086,CON-066354,Antoine Lefebvre,Head of Talent Acquisition,buyer,1.0717734625362931,like LinkedIn 07-13 (1.0717734625362931)
ENT-04843,CON-048645,Guillaume Vincent,Executive Assistant,bruit,0.0,clic email 07-13 (0.0)
ENT-12297,CON-045460,Pauline Roux,Office Manager,bruit,0.0,clic email 07-13 (0.0)
ENT-17409,CON-057121,Benjamin Faure,,sans_titre,2.1435469250725863,clic email 07-13 (2.1435469250725863)
ENT-17979,CON-017913,Lars Jansen,CEO,buyer,4.2870938501451725,clic email 07-13 (4.2870938501451725)
ENT-13616,CON-070201,Sanne Ferrari,,sans_titre,2.1435469250725863,clic email 07-13 (2.1435469250725863)
ENT-01870,CON-008201,Greta Fontaine,Head of Talent Acquisition,buyer,4.2870938501451725,clic email 07-13 (4.2870938501451725)
ENT-09025,CON-032998,Sarah Roux,Responsable Recrutement,champion,3.429675080116138,clic email 07-13 (3.429675080116138)
ENT-09749,CON-064774,Nora Jansen,Talent Acquisition Specialist,utilisateur,1.9291922325653275,commentaire LinkedIn 07-13 (1.9291922325653275)
ENT-08064,CON-038081,Florian Martin,HRBP,champion,2.572256310087104,commentaire LinkedIn 07-13 (2.572256310087104)
ENT-19881,CON-019852,Vincent Fontaine,Head of Talent Acquisition,buyer,4.2870938501451725,clic email 07-13 (4.2870938501451725)
ENT-20478,CON-035653,Julie Simon,HRBP,champion,3.429675080116138,clic email 07-13 (3.429675080116138)
ENT-20377,CON-016789,Jonas Dubois,HR Intern,bruit,0.0,clic email 07-13 (0.0)
ENT-09142,CON-002595,Elise Roux,Chargee de recrutement,utilisateur,2.5722563100871034,clic email 07-13 (2.5722563100871034)
ENT-18587,CON-058739,Lars Serrano,HR Intern,bruit,0.0,clic email 07-13 (0.0)
ENT-04458,CON-061239,Guillaume Blanc,HR Director,buyer,1.0717734625362931,like LinkedIn 07-13 (1.0717734625362931)
ENT-01038,CON-002993,Emma Boyer,Head of Talent Acquisition,buyer,4.2870938501451725,clic email 07-13 (4.2870938501451725)
ENT-13375,CON-059309,Camille Moreau,Talent Acquisition Specialist,utilisateur,0.6430640775217759,like LinkedIn 07-13 (0.6430640775217759)
ENT-06505,CON-040257,Diego Chevalier,,sans_titre,2.1435469250725863,clic email 07-13 (2.1435469250725863)
ENT-06505,CON-007746,Hugo Smit,Head of Talent Acquisition,buyer,1.515716566510398,like LinkedIn 07-18 (1.515716566510398)
ENT-17727,CON-049747,Femke Dubois,Executive Assistant,bruit,0.0,commentaire LinkedIn 07-13 (0.0)
ENT-17762,CON-043144,Elena Rousseau,,sans_titre,5.625749178257083,clic email 07-13 (2.1435469250725863) · clic email 07-20 (3.4822022531844965)
ENT-11931,CON-029501,Laura Fischer,Talent Acquisition Manager,champion,3.6758347359905117,clic email 07-14 (3.6758347359905117)
ENT-18013,CON-077172,Emil Fischer,Office Manager,bruit,34.026686438034226,clic email 07-14 (0.0) · clic email 07-15 (0.0) · RDV pris 07-15 (34.026686438034226)
ENT-18013,CON-077170,Florian Serrano,Directrice RH,buyer,14.60836155845965,clic email 07-16 (5.278031643091577) · /pricing 07-21 (9.330329915368074)
ENT-18013,CON-044831,Quentin Guerin,People Ops Coordinator,utilisateur,7.754746592027798,clic email 07-15 (2.954746592027799) · clic email 07-22 (4.8)
ENT-18013,CON-077171,Lea Andre,HR Officer,utilisateur,1.8188598798124775,/customers 07-18 (1.8188598798124775)
ENT-19299,CON-045318,Sophie Ferrari,Executive Assistant,bruit,0.0,clic email 07-14 (0.0)
ENT-00640,CON-059297,Claire Mercier,Responsable Recrutement,champion,3.6758347359905117,clic email 07-14 (3.6758347359905117)
ENT-11862,CON-050893,Alexandre Chevalier,Office Manager,bruit,0.0,clic email 07-14 (0.0)
ENT-19937,CON-006540,Hugo Visser,Executive Assistant,bruit,0.0,clic email 07-14 (0.0)
ENT-02404,CON-040176,Bastien Girard,People Ops Manager,champion,3.6758347359905117,clic email 07-14 (3.6758347359905117)
ENT-19461,CON-039200,Elise Bonnet,Talent Acquisition Manager,champion,3.6758347359905117,clic email 07-14 (3.6758347359905117)
ENT-08853,CON-067963,Laura Bernard,People Ops Coordinator,utilisateur,2.7568760519928834,clic email 07-14 (2.7568760519928834)
ENT-16675,CON-026254,Pierre Leroy,Office Manager,bruit,0.0,commentaire LinkedIn 07-14 (0.0)
ENT-02684,CON-033710,Lars Girard,Directeur RH,buyer,4.5947934199881395,clic email 07-14 (4.5947934199881395)
ENT-11089,CON-029828,Felix Bonnet,Charge de recrutement,utilisateur,0.6892190129982209,like LinkedIn 07-14 (0.6892190129982209)
ENT-12695,CON-029781,Femke Chevalier,Responsable Recrutement,champion,2.7568760519928843,commentaire LinkedIn 07-14 (2.7568760519928843)
ENT-20147,CON-071227,Hugo Serrano,Responsable Recrutement,champion,3.6758347359905117,clic email 07-14 (3.6758347359905117)
ENT-15325,CON-032908,Chloe Laurent,People Ops Coordinator,utilisateur,2.0676570389946627,commentaire LinkedIn 07-14 (2.0676570389946627)
ENT-06246,CON-037114,Sophie Martin,People Ops Coordinator,utilisateur,2.7568760519928834,clic email 07-14 (2.7568760519928834)
ENT-16208,CON-024566,Sanne Andre,Head of HR Operations,buyer,1.1486983549970349,like LinkedIn 07-14 (1.1486983549970349)
ENT-15853,CON-066846,Sarah Bonnet,HR Officer,utilisateur,2.7568760519928834,clic email 07-14 (2.7568760519928834)
ENT-16359,CON-061306,Nicolas Garnier,Chargee de recrutement,utilisateur,2.7568760519928834,clic email 07-14 (2.7568760519928834)
ENT-05202,CON-046024,Hugo Chevalier,People Ops Coordinator,utilisateur,3.166818985854946,clic email 07-16 (3.166818985854946)
ENT-05202,CON-046023,Chloe Mercier,Compensation & Benefits Manager,champion,0.9189586839976279,like LinkedIn 07-14 (0.9189586839976279)
ENT-06223,CON-003681,Marta Durand,People Ops Coordinator,utilisateur,2.7568760519928834,clic email 07-14 (2.7568760519928834)
ENT-17157,CON-072410,Anais Laurent,Charge de recrutement,utilisateur,2.7568760519928834,clic email 07-14 (2.7568760519928834)
ENT-15050,CON-038415,Manon Chevalier,Directeur RH,buyer,4.5947934199881395,clic email 07-14 (4.5947934199881395)
ENT-13472,CON-074003,Manon Weber,,sans_titre,1.7230475324955523,commentaire LinkedIn 07-14 (1.7230475324955523)
ENT-08101,CON-033434,Elena Bernard,People Ops Manager,champion,3.6758347359905117,clic email 07-14 (3.6758347359905117)
ENT-14237,CON-002495,Alexandre Petit,Office Manager,bruit,0.0,clic email 07-14 (0.0)
ENT-06397,CON-064928,Laura Bernard,Charge de recrutement,utilisateur,0.6892190129982209,like LinkedIn 07-14 (0.6892190129982209)
ENT-09149,CON-055343,Marion Petit,People Ops Coordinator,utilisateur,2.7568760519928834,clic email 07-14 (2.7568760519928834)
ENT-11548,CON-046429,Pierre Ferrari,Head of Talent Acquisition,buyer,4.5947934199881395,clic email 07-14 (4.5947934199881395)
ENT-01331,CON-060091,Marta Visser,Compensation & Benefits Manager,champion,3.6758347359905117,clic email 07-14 (3.6758347359905117)
ENT-19377,CON-028009,Sanne Leroy,VP People,buyer,1.1486983549970349,like LinkedIn 07-14 (1.1486983549970349)
ENT-00279,CON-057544,Benjamin Fontaine,,sans_titre,2.2973967099940698,clic email 07-14 (2.2973967099940698)
ENT-05329,CON-068877,Margaux Laurent,HR Manager,champion,3.6758347359905117,clic email 07-14 (3.6758347359905117)
ENT-00445,CON-050386,Thomas Petit,Executive Assistant,bruit,0.0,clic email 07-14 (0.0)
ENT-08316,CON-035906,Jonas Laurent,HR Assistant,utilisateur,0.6892190129982209,like LinkedIn 07-14 (0.6892190129982209)
ENT-04160,CON-017880,Manon Andre,HR Assistant,utilisateur,2.7568760519928834,clic email 07-14 (2.7568760519928834)
ENT-16128,CON-026230,Camille Dubois,Executive Assistant,bruit,0.0,clic email 07-14 (0.0)
ENT-15756,CON-025801,Greta Serrano,Responsable Recrutement,champion,3.6758347359905117,clic email 07-14 (3.6758347359905117)
ENT-01354,CON-009217,Femke Girard,HR Business Partner,champion,3.6758347359905117,clic email 07-14 (3.6758347359905117)
ENT-13059,CON-038870,Thomas Leroy,HR Manager,champion,3.6758347359905117,clic email 07-14 (3.6758347359905117)
ENT-00037,CON-043187,Ines Dubois,Responsable Recrutement,champion,3.6758347359905117,clic email 07-14 (3.6758347359905117)
ENT-09441,CON-017385,Elena Fournier,Head of Talent Acquisition,buyer,4.5947934199881395,clic email 07-14 (4.5947934199881395)
ENT-06320,CON-053781,Marta Smit,People Ops Coordinator,utilisateur,2.0676570389946627,commentaire LinkedIn 07-14 (2.0676570389946627)
ENT-00615,CON-028301,Hugo Jansen,Office Manager,bruit,0.0,clic email 07-14 (0.0)
ENT-14945,CON-071232,Greta Dubois,HR Officer,utilisateur,2.7568760519928834,clic email 07-14 (2.7568760519928834)
ENT-18408,CON-044484,Florian Laurent,Recruiter,utilisateur,2.7568760519928834,clic email 07-14 (2.7568760519928834)
ENT-11593,CON-020074,Nicolas Rossi,HR Intern,bruit,0.0,clic email 07-14 (0.0)
ENT-12722,CON-046876,Antoine Blanc,COO,buyer,4.5947934199881395,clic email 07-14 (4.5947934199881395)
ENT-09936,CON-000295,Ines Fournier,Charge de recrutement,utilisateur,2.7568760519928834,clic email 07-14 (2.7568760519928834)
ENT-06871,CON-005057,Sanne Simon,Recruiter,utilisateur,2.7568760519928834,clic email 07-14 (2.7568760519928834)
ENT-12193,CON-009863,Florian Smit,,sans_titre,0.5743491774985174,like LinkedIn 07-14 (0.5743491774985174)
ENT-18478,CON-004082,Elise Chevalier,HR Intern,bruit,0.0,clic email 07-14 (0.0)
ENT-11497,CON-077185,Emil Garcia,HR Manager,champion,49.792079493096566,clic email 07-19 (5.198415336679908) · RDV pris 07-20 (38.19366415641666) · clic email 07-22 (6.4)
ENT-11497,CON-003410,Chloe Laurent,Chargee de recrutement,utilisateur,19.691341671373312,commentaire LinkedIn 07-16 (2.3751142393912095) · clic email 07-17 (3.394112549695428) · clic email 07-19 (3.898811502509931) · /pricing 07-20 (5.223303379776745) · clic email 07-22 (4.8)
ENT-11497,CON-077184,Nora Navarro,VP People,buyer,17.549849816011942,/demo 07-14 (5.743491774985174) · /pricing 07-14 (5.743491774985174) · clic email 07-18 (6.062866266041592)
ENT-11497,CON-077186,Lars Ferrari,,sans_titre,7.386866480069498,clic email 07-15 (2.4622888266898326) · clic email 07-15 (2.4622888266898326) · clic email 07-15 (2.4622888266898326)
ENT-06276,CON-045725,Margaux Girard,HR Business Partner,champion,2.7568760519928843,commentaire LinkedIn 07-14 (2.7568760519928843)
ENT-11270,CON-066143,Vincent Dubois,Office Manager,bruit,0.0,clic email 07-14 (0.0)
ENT-18823,CON-019109,Maxime Guerin,Office Manager,bruit,0.0,clic email 07-14 (0.0)
ENT-00142,CON-028590,Pablo Navarro,Chief People Officer,buyer,4.5947934199881395,clic email 07-14 (4.5947934199881395)
ENT-03796,CON-017523,Romain Girard,HR Officer,utilisateur,2.7568760519928834,clic email 07-14 (2.7568760519928834)
ENT-19154,CON-031597,Sarah Meyer,VP Human Resources,buyer,1.1486983549970349,like LinkedIn 07-14 (1.1486983549970349)
ENT-19488,CON-019141,Romain Moreau,VP People,buyer,4.5947934199881395,clic email 07-14 (4.5947934199881395)
ENT-19416,CON-046292,Margaux Serrano,Responsable Recrutement,champion,8.526127748823786,clic email 07-14 (3.6758347359905117) · clic email 07-18 (4.850293012833274)
ENT-15262,CON-076298,Anna Bernard,People Ops Manager,champion,4.222425314473262,clic email 07-16 (4.222425314473262)
ENT-15262,CON-002322,Emil Garnier,Charge de recrutement,utilisateur,2.954746592027799,clic email 07-15 (2.954746592027799)
ENT-05440,CON-064608,Laura Visser,CHRO,buyer,4.924577653379665,clic email 07-15 (4.924577653379665)
ENT-08682,CON-059935,Marion Durand,People Ops Manager,champion,3.9396621227037323,clic email 07-15 (3.9396621227037323)
ENT-01232,CON-043120,Greta Lambert,Compensation & Benefits Manager,champion,2.9547465920277998,commentaire LinkedIn 07-15 (2.9547465920277998)
ENT-00126,CON-010239,Nicolas Meyer,People Ops Manager,champion,3.9396621227037323,clic email 07-15 (3.9396621227037323)
ENT-18443,CON-058023,Marta Fischer,Recruiter,utilisateur,2.954746592027799,clic email 07-15 (2.954746592027799)
ENT-17867,CON-003860,Romain Garcia,People Ops Coordinator,utilisateur,2.954746592027799,clic email 07-15 (2.954746592027799)
ENT-15555,CON-005676,Florian Serrano,Compensation & Benefits Manager,champion,3.9396621227037323,clic email 07-15 (3.9396621227037323)
ENT-10493,CON-007424,Emil Muller,,sans_titre,2.4622888266898326,clic email 07-15 (2.4622888266898326)
ENT-02500,CON-000167,Manon Garnier,Chief People Officer,buyer,4.924577653379665,clic email 07-15 (4.924577653379665)
ENT-01483,CON-024635,Quentin Ferrari,Chargee de recrutement,utilisateur,2.954746592027799,clic email 07-15 (2.954746592027799)
ENT-06031,CON-027121,Anais Durand,HR Officer,utilisateur,2.954746592027799,clic email 07-15 (2.954746592027799)
ENT-18221,CON-072461,Alexandre Durand,Compensation & Benefits Manager,champion,3.9396621227037323,clic email 07-15 (3.9396621227037323)
ENT-05448,CON-023522,Julien Leroy,Charge de recrutement,utilisateur,2.954746592027799,clic email 07-15 (2.954746592027799)
ENT-11120,CON-046701,Sarah Faure,HR Officer,utilisateur,2.954746592027799,clic email 07-15 (2.954746592027799)
ENT-03671,CON-076210,Emma Blanc,Talent Acquisition Specialist,utilisateur,0.7386866480069497,like LinkedIn 07-15 (0.7386866480069497)
ENT-18588,CON-058836,Elena Garcia,HRBP,champion,3.9396621227037323,clic email 07-15 (3.9396621227037323)
ENT-05973,CON-043626,Camille Durand,,sans_titre,2.4622888266898326,clic email 07-15 (2.4622888266898326)
ENT-20100,CON-000510,Anais Durand,Office Manager,bruit,0.0,like LinkedIn 07-15 (0.0)
ENT-07280,CON-031267,Quentin Muller,CEO,buyer,9.84915530675933,clic email 07-15 (4.924577653379665) · clic email 07-15 (4.924577653379665)
ENT-12552,CON-043452,Emma Fischer,Chief People Officer,buyer,4.924577653379665,clic email 07-15 (4.924577653379665)
ENT-19871,CON-019722,Hugo Jansen,Compensation & Benefits Manager,champion,3.9396621227037323,clic email 07-15 (3.9396621227037323)
ENT-09073,CON-031621,Anna Chevalier,HRBP,champion,3.9396621227037323,clic email 07-15 (3.9396621227037323)
ENT-14152,CON-024281,Lucas Martin,,sans_titre,2.4622888266898326,clic email 07-15 (2.4622888266898326)
ENT-20446,CON-065967,Laura Visser,CEO,buyer,4.924577653379665,clic email 07-15 (4.924577653379665)
ENT-16011,CON-071388,Hugo Jansen,COO,buyer,4.924577653379665,clic email 07-15 (4.924577653379665)
ENT-20501,CON-003631,Maxime Meyer,Directrice RH,buyer,4.924577653379665,clic email 07-15 (4.924577653379665)
ENT-14870,CON-068811,Claire Andre,Executive Assistant,bruit,0.0,like LinkedIn 07-15 (0.0)
ENT-18799,CON-073243,Anna Jansen,HR Manager,champion,3.9396621227037323,clic email 07-15 (3.9396621227037323)
ENT-11228,CON-069548,Diego Moreau,Recruiter,utilisateur,2.216059944020849,commentaire LinkedIn 07-15 (2.216059944020849)
ENT-02137,CON-046232,Pierre Garnier,Recruiter,utilisateur,0.7386866480069497,like LinkedIn 07-15 (0.7386866480069497)
ENT-09718,CON-054625,Diego Blanc,Chief People Officer,buyer,4.924577653379665,clic email 07-15 (4.924577653379665)
ENT-12241,CON-009817,Lea Smit,VP People,buyer,4.924577653379665,clic email 07-15 (4.924577653379665)
ENT-12397,CON-050650,Vincent Fischer,COO,buyer,4.924577653379665,clic email 07-15 (4.924577653379665)
ENT-19567,CON-072896,Anna Lefebvre,Talent Acquisition Manager,champion,3.9396621227037323,clic email 07-15 (3.9396621227037323)
ENT-00242,CON-073065,Sarah Laurent,Compensation & Benefits Manager,champion,0.9849155306759331,like LinkedIn 07-15 (0.9849155306759331)
ENT-19067,CON-004094,Guillaume Smit,People Ops Manager,champion,3.9396621227037323,clic email 07-15 (3.9396621227037323)
ENT-02374,CON-057380,Sophie Garcia,COO,buyer,4.924577653379665,clic email 07-15 (4.924577653379665)
ENT-19636,CON-072132,Elise Garcia,Directeur RH,buyer,58.83719039863735,clic email 07-15 (4.924577653379665) · /demo 07-17 (7.0710678118654755) · clic email 07-18 (6.062866266041592) · /pricing 07-19 (8.122523963562356) · formulaire 07-19 (32.65615470378826)
ENT-19636,CON-072131,Sophie Martin,HR Officer,utilisateur,11.43224692084424,clic email 07-15 (2.954746592027799) · clic email 07-17 (3.394112549695428) · /product/payroll 07-19 (1.9494057512549654) · commentaire LinkedIn 07-20 (3.1339820278660464)
ENT-19636,CON-072133,Florian Ferrari,Executive Assistant,bruit,0.0,clic email 07-19 (0.0) · clic email 07-21 (0.0)
ENT-17262,CON-051749,Romain Smit,HR Assistant,utilisateur,2.954746592027799,clic email 07-15 (2.954746592027799)
ENT-01106,CON-024130,Benjamin Girard,,sans_titre,0.6155722066724582,like LinkedIn 07-15 (0.6155722066724582)
ENT-07072,CON-060917,Lars Blanc,People Ops Manager,champion,4.525483399593905,clic email 07-17 (4.525483399593905)
ENT-07072,CON-039598,Camille Lefebvre,,sans_titre,2.4622888266898326,clic email 07-15 (2.4622888266898326)
ENT-17737,CON-005484,Manon Jansen,HR Intern,bruit,0.0,clic email 07-15 (0.0)
ENT-05836,CON-005097,Nora Petit,HR Business Partner,champion,3.9396621227037323,clic email 07-15 (3.9396621227037323)
ENT-01195,CON-060481,Anais Andre,Office Manager,bruit,0.0,clic email 07-15 (0.0)
ENT-13766,CON-047203,Anna Jansen,HR Assistant,utilisateur,2.954746592027799,clic email 07-15 (2.954746592027799)
ENT-06701,CON-059248,Vincent Rousseau,Charge de recrutement,utilisateur,2.954746592027799,clic email 07-15 (2.954746592027799)
ENT-17918,CON-057659,Nicolas Garcia,HR Officer,utilisateur,2.954746592027799,clic email 07-15 (2.954746592027799)
ENT-02846,CON-006508,Marta Michel,HR Intern,bruit,0.0,clic email 07-15 (0.0)
ENT-02635,CON-052489,Diego Lambert,Talent Acquisition Specialist,utilisateur,2.954746592027799,clic email 07-15 (2.954746592027799)
ENT-05880,CON-025902,Claire Dupont,Responsable Recrutement,champion,3.9396621227037323,clic email 07-15 (3.9396621227037323)
ENT-09283,CON-033751,Thomas Lefebvre,Chief People Officer,buyer,4.924577653379665,clic email 07-15 (4.924577653379665)
ENT-01881,CON-044393,Quentin Lefebvre,Head of Talent Acquisition,buyer,4.924577653379665,clic email 07-15 (4.924577653379665)
ENT-08485,CON-058532,Lea Navarro,Recruiter,utilisateur,2.954746592027799,clic email 07-15 (2.954746592027799)
ENT-07852,CON-045125,Marion Dupont,Head of HR Operations,buyer,4.924577653379665,clic email 07-15 (4.924577653379665)
ENT-16131,CON-052002,Elena Garcia,Compensation & Benefits Manager,champion,3.9396621227037323,clic email 07-15 (3.9396621227037323)
ENT-08417,CON-008105,Antoine Moreau,Recruiter,utilisateur,2.954746592027799,clic email 07-15 (2.954746592027799)
ENT-04360,CON-069730,Sarah Visser,HR Intern,bruit,0.0,clic email 07-15 (0.0)
ENT-08697,CON-065489,Camille Faure,Chief People Officer,buyer,4.924577653379665,clic email 07-15 (4.924577653379665)
ENT-18307,CON-042810,Hugo Fournier,People Ops Coordinator,utilisateur,2.954746592027799,clic email 07-15 (2.954746592027799)
ENT-03374,CON-000114,Benjamin Chevalier,Office Manager,bruit,0.0,clic email 07-15 (0.0)
ENT-09824,CON-000347,Sophie Rousseau,People Ops Manager,champion,2.9547465920277998,commentaire LinkedIn 07-15 (2.9547465920277998)
ENT-11551,CON-010957,Elise Serrano,Compensation & Benefits Manager,champion,2.9547465920277998,commentaire LinkedIn 07-15 (2.9547465920277998)
ENT-01485,CON-074609,Margaux Ferrari,HR Business Partner,champion,39.05615470378826,formulaire 07-19 (32.65615470378826) · clic email 07-22 (6.4)
ENT-01485,CON-024111,Marion Fischer,VP People,buyer,14.535331744159935,/pricing 07-17 (7.0710678118654755) · clic email 07-21 (7.464263932294459)
ENT-01485,CON-074610,Hugo Weber,COO,buyer,4.924577653379665,clic email 07-15 (4.924577653379665)
ENT-17128,CON-027933,Elise Michel,Head of HR Operations,buyer,5.278031643091577,clic email 07-16 (5.278031643091577)
ENT-08821,CON-062841,Maxime Chevalier,HR Officer,utilisateur,3.166818985854946,clic email 07-16 (3.166818985854946)
ENT-20000,CON-066632,Pauline Visser,Responsable Recrutement,champion,4.222425314473262,clic email 07-16 (4.222425314473262)
ENT-09026,CON-038198,Thomas Muller,HR Officer,utilisateur,3.166818985854946,clic email 07-16 (3.166818985854946)
ENT-05748,CON-022005,Felix Bonnet,People Ops Coordinator,utilisateur,3.166818985854946,clic email 07-16 (3.166818985854946)
ENT-20127,CON-070796,Romain Serrano,VP People,buyer,5.278031643091577,clic email 07-16 (5.278031643091577)
ENT-05384,CON-066181,Diego Laurent,Charge de recrutement,utilisateur,3.166818985854946,clic email 07-16 (3.166818985854946)
ENT-11340,CON-054504,Lea Jansen,Chief People Officer,buyer,5.278031643091577,clic email 07-16 (5.278031643091577)
ENT-11340,CON-009595,Elena Leroy,Talent Acquisition Specialist,utilisateur,3.166818985854946,clic email 07-16 (3.166818985854946)
ENT-01967,CON-057737,Thomas Garcia,,sans_titre,2.6390158215457884,clic email 07-16 (2.6390158215457884)
ENT-08927,CON-072600,Diego Fischer,Charge de recrutement,utilisateur,3.166818985854946,clic email 07-16 (3.166818985854946)
ENT-18343,CON-055164,Nora Garnier,Responsable Recrutement,champion,3.1668189858549467,commentaire LinkedIn 07-16 (3.1668189858549467)
ENT-13814,CON-073859,Emil Dupont,HR Intern,bruit,0.0,clic email 07-16 (0.0)
ENT-15515,CON-016472,Ines Garnier,,sans_titre,2.6390158215457884,clic email 07-16 (2.6390158215457884)
ENT-07623,CON-027346,Sanne Visser,HR Officer,utilisateur,3.166818985854946,clic email 07-16 (3.166818985854946)
ENT-03393,CON-012285,Greta Vincent,Talent Acquisition Specialist,utilisateur,3.166818985854946,clic email 07-16 (3.166818985854946)
ENT-10185,CON-041863,Julien Lefebvre,Responsable Recrutement,champion,1.0556063286183155,like LinkedIn 07-16 (1.0556063286183155)
ENT-01772,CON-074359,Jonas Andre,Recruiter,utilisateur,3.166818985854946,clic email 07-16 (3.166818985854946)
ENT-07850,CON-041245,Felix Chevalier,Responsable Recrutement,champion,4.222425314473262,clic email 07-16 (4.222425314473262)
ENT-16787,CON-034064,Femke Dupont,VP Human Resources,buyer,5.278031643091577,clic email 07-16 (5.278031643091577)
ENT-10914,CON-022092,Pierre Leroy,HR Assistant,utilisateur,3.166818985854946,clic email 07-16 (3.166818985854946)
ENT-14117,CON-022828,Anais Rossi,Recruiter,utilisateur,3.166818985854946,clic email 07-16 (3.166818985854946)
ENT-16194,CON-074296,Manon Rousseau,Executive Assistant,bruit,0.0,clic email 07-16 (0.0)
ENT-19523,CON-025441,Maxime Boyer,HR Assistant,utilisateur,3.166818985854946,clic email 07-16 (3.166818985854946)
ENT-12623,CON-030349,Alexandre Fischer,VP People,buyer,5.278031643091577,clic email 07-16 (5.278031643091577)
ENT-08834,CON-047111,Anna Meyer,HR Manager,champion,4.222425314473262,clic email 07-16 (4.222425314473262)
ENT-15891,CON-066520,Sophie Guerin,Office Manager,bruit,0.0,clic email 07-16 (0.0)
ENT-06889,CON-038251,Greta Petit,HR Officer,utilisateur,3.166818985854946,clic email 07-16 (3.166818985854946)
ENT-08299,CON-074028,Benjamin Navarro,HR Intern,bruit,0.0,like LinkedIn 07-16 (0.0)
ENT-04072,CON-047612,Antoine Bernard,Executive Assistant,bruit,0.0,clic email 07-16 (0.0)
ENT-13665,CON-034447,Felix Andre,Talent Acquisition Manager,champion,3.1668189858549467,commentaire LinkedIn 07-16 (3.1668189858549467)
ENT-02695,CON-000174,Sarah Roux,HR Intern,bruit,0.0,clic email 07-16 (0.0)
ENT-11357,CON-027743,Julien Serrano,Compensation & Benefits Manager,champion,4.222425314473262,clic email 07-16 (4.222425314473262)
ENT-04190,CON-004144,Marion Navarro,Compensation & Benefits Manager,champion,4.222425314473262,clic email 07-16 (4.222425314473262)
ENT-01053,CON-073047,Alexandre Fournier,HR Manager,champion,4.222425314473262,clic email 07-16 (4.222425314473262)
ENT-01053,CON-073044,Thomas Fischer,Chargee de recrutement,utilisateur,3.394112549695428,clic email 07-17 (3.394112549695428)
ENT-17633,CON-048151,Benjamin Mercier,People Ops Manager,champion,4.222425314473262,clic email 07-16 (4.222425314473262)
ENT-10909,CON-069088,Anna Serrano,Chief People Officer,buyer,5.278031643091577,clic email 07-16 (5.278031643091577)
ENT-16257,CON-063544,Nicolas Serrano,,sans_titre,2.6390158215457884,clic email 07-16 (2.6390158215457884)
ENT-10048,CON-003661,Elise Meyer,People Ops Manager,champion,4.222425314473262,clic email 07-16 (4.222425314473262)
ENT-04978,CON-018300,Anna Serrano,Head of Talent Acquisition,buyer,5.278031643091577,clic email 07-16 (5.278031643091577)
ENT-13044,CON-002564,Florian Fournier,Talent Acquisition Manager,champion,4.222425314473262,clic email 07-16 (4.222425314473262)
ENT-00461,CON-034313,Camille Visser,Talent Acquisition Manager,champion,1.0556063286183155,like LinkedIn 07-16 (1.0556063286183155)
ENT-00818,CON-050875,Elise Boyer,People Ops Coordinator,utilisateur,3.166818985854946,clic email 07-16 (3.166818985854946)
ENT-01494,CON-036396,Femke Andre,HR Assistant,utilisateur,3.166818985854946,clic email 07-16 (3.166818985854946)
ENT-13706,CON-070462,Lea Vincent,COO,buyer,5.278031643091577,clic email 07-16 (5.278031643091577)
ENT-12573,CON-009841,Florian Serrano,HRBP,champion,3.1668189858549467,commentaire LinkedIn 07-16 (3.1668189858549467)
ENT-17023,CON-064599,Manon Faure,COO,buyer,3.9585237323186826,commentaire LinkedIn 07-16 (3.9585237323186826)
ENT-08806,CON-050864,Romain Mercier,HR Business Partner,champion,4.222425314473262,clic email 07-16 (4.222425314473262)
ENT-01939,CON-061448,Nora Bonnet,Compensation & Benefits Manager,champion,4.222425314473262,clic email 07-16 (4.222425314473262)
ENT-17481,CON-063203,Pierre Moreau,HR Director,buyer,1.3195079107728942,like LinkedIn 07-16 (1.3195079107728942)
ENT-19333,CON-037039,Diego Navarro,HR Intern,bruit,0.0,clic email 07-16 (0.0)
ENT-13097,CON-041110,Anna Boyer,Directrice RH,buyer,1.3195079107728942,like LinkedIn 07-16 (1.3195079107728942)
ENT-15881,CON-049596,Felix Ferrari,People Ops Manager,champion,4.222425314473262,clic email 07-16 (4.222425314473262)
ENT-08401,CON-007158,Julien Durand,HR Manager,champion,4.222425314473262,clic email 07-16 (4.222425314473262)
ENT-08705,CON-010952,Emil Muller,HR Manager,champion,4.222425314473262,clic email 07-16 (4.222425314473262)
ENT-07715,CON-043703,Lea Roux,Office Manager,bruit,0.0,like LinkedIn 07-16 (0.0)
ENT-06056,CON-036517,Pablo Dupont,HRBP,champion,4.222425314473262,clic email 07-16 (4.222425314473262)
ENT-12906,CON-052421,Chloe Meyer,HR Director,buyer,5.278031643091577,clic email 07-16 (5.278031643091577)
ENT-19140,CON-058960,Anna Roux,Directrice RH,buyer,3.9585237323186826,commentaire LinkedIn 07-16 (3.9585237323186826)
ENT-12112,CON-003153,Julien Jansen,Responsable Recrutement,champion,1.0556063286183155,like LinkedIn 07-16 (1.0556063286183155)
ENT-01948,CON-069522,Lars Chevalier,Chargee de recrutement,utilisateur,3.166818985854946,clic email 07-16 (3.166818985854946)
ENT-13617,CON-028835,Jonas Petit,HR Officer,utilisateur,2.3751142393912095,commentaire LinkedIn 07-16 (2.3751142393912095)
ENT-10761,CON-039498,Hugo Fournier,HR Manager,champion,4.222425314473262,clic email 07-16 (4.222425314473262)
ENT-20396,CON-056550,Pauline Fontaine,HRBP,champion,4.525483399593905,clic email 07-17 (4.525483399593905)
ENT-15349,CON-019568,Lucas Garnier,Charge de recrutement,utilisateur,3.394112549695428,clic email 07-17 (3.394112549695428)
ENT-03380,CON-042889,Guillaume Dupont,Talent Acquisition Specialist,utilisateur,3.394112549695428,clic email 07-17 (3.394112549695428)
ENT-14618,CON-001335,Benjamin Fournier,Talent Acquisition Manager,champion,4.525483399593905,clic email 07-17 (4.525483399593905)
ENT-14965,CON-003201,Claire Girard,People Ops Coordinator,utilisateur,3.394112549695428,clic email 07-17 (3.394112549695428)
ENT-00910,CON-018254,Margaux Fontaine,CHRO,buyer,5.656854249492381,clic email 07-17 (5.656854249492381)
ENT-06799,CON-028047,Bastien Rousseau,,sans_titre,2.8284271247461903,clic email 07-17 (2.8284271247461903)
ENT-02034,CON-005652,Manon Rousseau,Office Manager,bruit,0.0,clic email 07-17 (0.0)
ENT-13605,CON-007487,Camille Blanc,HR Manager,champion,4.525483399593905,clic email 07-17 (4.525483399593905)
ENT-01558,CON-070463,Marta Garnier,People Ops Manager,champion,4.525483399593905,clic email 07-17 (4.525483399593905)
ENT-08443,CON-002587,Chloe Fischer,,sans_titre,2.8284271247461903,clic email 07-17 (2.8284271247461903)
ENT-03948,CON-050485,Greta Mercier,Executive Assistant,bruit,0.0,like LinkedIn 07-17 (0.0)
ENT-01663,CON-020373,Pablo Faure,Recruiter,utilisateur,3.394112549695428,clic email 07-17 (3.394112549695428)
ENT-11095,CON-051505,Anais Laurent,Recruiter,utilisateur,3.394112549695428,clic email 07-17 (3.394112549695428)
ENT-02903,CON-031573,Maxime Bonnet,Head of People,buyer,5.656854249492381,clic email 07-17 (5.656854249492381)
ENT-09576,CON-018350,Marta Bernard,HR Business Partner,champion,1.1313708498984762,like LinkedIn 07-17 (1.1313708498984762)
ENT-07776,CON-066248,Sanne Rossi,Directeur RH,buyer,5.656854249492381,clic email 07-17 (5.656854249492381)
ENT-10183,CON-018388,Sanne Laurent,Talent Acquisition Specialist,utilisateur,3.394112549695428,clic email 07-17 (3.394112549695428)
ENT-18032,CON-002458,Pablo Fournier,Chargee de recrutement,utilisateur,3.394112549695428,clic email 07-17 (3.394112549695428)
ENT-01753,CON-030917,Pauline Girard,VP Human Resources,buyer,1.4142135623730951,like LinkedIn 07-17 (1.4142135623730951)
ENT-04698,CON-005514,Guillaume Muller,HR Business Partner,champion,9.723898736273814,clic email 07-17 (4.525483399593905) · clic email 07-19 (5.198415336679908)
ENT-12735,CON-032019,Guillaume Weber,Responsable Recrutement,champion,3.394112549695429,commentaire LinkedIn 07-17 (3.394112549695429)
ENT-11189,CON-033811,Hugo Fontaine,HR Manager,champion,4.525483399593905,clic email 07-17 (4.525483399593905)
ENT-13302,CON-065241,Nicolas Meyer,Office Manager,bruit,0.0,clic email 07-17 (0.0)
ENT-15860,CON-071751,Hugo Ferrari,Head of HR Operations,buyer,5.656854249492381,clic email 07-17 (5.656854249492381)
ENT-18086,CON-008462,Benjamin Chevalier,HR Intern,bruit,0.0,commentaire LinkedIn 07-17 (0.0)
ENT-13525,CON-069799,Marta Vincent,Chargee de recrutement,utilisateur,3.394112549695428,clic email 07-17 (3.394112549695428)
ENT-18327,CON-006864,Marta Muller,Directrice RH,buyer,4.242640687119286,commentaire LinkedIn 07-17 (4.242640687119286)
ENT-15535,CON-022741,Marion Smit,Office Manager,bruit,0.0,like LinkedIn 07-17 (0.0)
ENT-10025,CON-046319,Femke Fournier,CEO,buyer,5.656854249492381,clic email 07-17 (5.656854249492381)
ENT-19432,CON-039748,Jonas Ferrari,CHRO,buyer,5.656854249492381,clic email 07-17 (5.656854249492381)
ENT-05131,CON-000807,Ines Vincent,Recruiter,utilisateur,3.394112549695428,clic email 07-17 (3.394112549695428)
ENT-04762,CON-041675,Quentin Simon,People Ops Manager,champion,4.525483399593905,clic email 07-17 (4.525483399593905)
ENT-11045,CON-048744,Lea Garnier,Talent Acquisition Specialist,utilisateur,3.394112549695428,clic email 07-17 (3.394112549695428)
ENT-07511,CON-030405,Quentin Weber,Responsable Recrutement,champion,3.394112549695429,commentaire LinkedIn 07-17 (3.394112549695429)
ENT-08844,CON-035378,Thomas Martin,Head of People,buyer,5.656854249492381,clic email 07-17 (5.656854249492381)
ENT-15471,CON-075145,Antoine Vincent,Talent Acquisition Manager,champion,3.394112549695429,commentaire LinkedIn 07-17 (3.394112549695429)
ENT-02560,CON-071282,Romain Leroy,,sans_titre,2.8284271247461903,clic email 07-17 (2.8284271247461903)
ENT-01385,CON-071084,Sarah Petit,Chief People Officer,buyer,5.656854249492381,clic email 07-17 (5.656854249492381)
ENT-15597,CON-070832,Lucas Moreau,Chargee de recrutement,utilisateur,3.394112549695428,clic email 07-17 (3.394112549695428)
ENT-08259,CON-058488,Emma Roux,Compensation & Benefits Manager,champion,4.525483399593905,clic email 07-17 (4.525483399593905)
ENT-09741,CON-028975,Anna Rousseau,Executive Assistant,bruit,0.0,clic email 07-17 (0.0)
ENT-12770,CON-055897,Vincent Dubois,Chargee de recrutement,utilisateur,2.728289819718716,commentaire LinkedIn 07-18 (2.728289819718716)
ENT-13203,CON-018301,Elena Fischer,Office Manager,bruit,0.0,clic email 07-18 (0.0)
ENT-09010,CON-029601,Emil Smit,CHRO,buyer,6.062866266041592,clic email 07-18 (6.062866266041592)
ENT-03592,CON-022389,Vincent Smit,HR Assistant,utilisateur,0.9094299399062388,like LinkedIn 07-18 (0.9094299399062388)
ENT-13511,CON-050639,Claire Dubois,People Ops Coordinator,utilisateur,3.637719759624955,clic email 07-18 (3.637719759624955)
ENT-11657,CON-060491,Bastien Visser,Chief People Officer,buyer,6.062866266041592,clic email 07-18 (6.062866266041592)
ENT-12705,CON-036073,Emil Girard,Chief People Officer,buyer,6.062866266041592,clic email 07-18 (6.062866266041592)
ENT-19023,CON-025466,Benjamin Garnier,Head of HR Operations,buyer,6.062866266041592,clic email 07-18 (6.062866266041592)
ENT-17243,CON-061547,Manon Bonnet,HR Assistant,utilisateur,3.637719759624955,clic email 07-18 (3.637719759624955)
ENT-19840,CON-038586,Diego Laurent,HR Manager,champion,4.850293012833274,clic email 07-18 (4.850293012833274)
ENT-19717,CON-011418,Benjamin Meyer,Talent Acquisition Specialist,utilisateur,3.637719759624955,clic email 07-18 (3.637719759624955)
ENT-10286,CON-017107,Anais Fontaine,Office Manager,bruit,0.0,clic email 07-18 (0.0)
ENT-07610,CON-035798,Pauline Durand,,sans_titre,3.031433133020796,clic email 07-18 (3.031433133020796)
ENT-06193,CON-067174,Pierre Fischer,Office Manager,bruit,0.0,clic email 07-18 (0.0)
ENT-10239,CON-001852,Julie Michel,Compensation & Benefits Manager,champion,4.850293012833274,clic email 07-18 (4.850293012833274)
ENT-01902,CON-047087,Guillaume Moreau,Head of HR Operations,buyer,6.062866266041592,clic email 07-18 (6.062866266041592)
ENT-10794,CON-021332,Florian Girard,CEO,buyer,6.062866266041592,clic email 07-18 (6.062866266041592)
ENT-03575,CON-029065,Anna Fontaine,Office Manager,bruit,0.0,clic email 07-18 (0.0)
ENT-00519,CON-017389,Pablo Jansen,,sans_titre,0.757858283255199,like LinkedIn 07-18 (0.757858283255199)
ENT-18821,CON-013086,Emma Meyer,People Ops Coordinator,utilisateur,3.637719759624955,clic email 07-18 (3.637719759624955)
ENT-07689,CON-048231,Thomas Navarro,Head of HR Operations,buyer,13.527130198336051,clic email 07-18 (6.062866266041592) · clic email 07-21 (7.464263932294459)
ENT-13593,CON-044562,Guillaume Ferrari,HR Business Partner,champion,3.6377197596249555,commentaire LinkedIn 07-18 (3.6377197596249555)
ENT-02383,CON-032440,Julie Mercier,Recruiter,utilisateur,3.637719759624955,clic email 07-18 (3.637719759624955)
ENT-10956,CON-061108,Sophie Dupont,HR Business Partner,champion,4.850293012833274,clic email 07-18 (4.850293012833274)
ENT-06949,CON-023189,Romain Mercier,CHRO,buyer,6.062866266041592,clic email 07-18 (6.062866266041592)
ENT-14036,CON-032142,Jan Petit,Executive Assistant,bruit,0.0,like LinkedIn 07-18 (0.0)
ENT-18230,CON-046364,Pablo Martin,Directeur RH,buyer,1.515716566510398,like LinkedIn 07-18 (1.515716566510398)
ENT-10032,CON-040174,Julien Rossi,Office Manager,bruit,0.0,clic email 07-18 (0.0)
ENT-02039,CON-059791,Hugo Garcia,Talent Acquisition Manager,champion,4.850293012833274,clic email 07-18 (4.850293012833274)
ENT-06605,CON-075802,Benjamin Dubois,HRBP,champion,33.419456136864575,formulaire 07-20 (33.419456136864575)
ENT-06605,CON-008759,Quentin Rousseau,Directeur RH,buyer,15.669910139330234,/pricing 07-20 (8.705505632961241) · clic email 07-20 (6.964404506368993)
ENT-06605,CON-075806,Nora Moreau,People Ops Coordinator,utilisateur,4.178642703821396,clic email 07-20 (4.178642703821396)
ENT-06605,CON-075804,Margaux Smit,HR Officer,utilisateur,3.637719759624955,clic email 07-18 (3.637719759624955)
ENT-09053,CON-062167,Diego Petit,CEO,buyer,6.062866266041592,clic email 07-18 (6.062866266041592)
ENT-03368,CON-036774,Marion Rossi,HR Intern,bruit,0.0,clic email 07-18 (0.0)
ENT-16056,CON-049049,Emma Lefebvre,Head of Talent Acquisition,buyer,6.062866266041592,clic email 07-18 (6.062866266041592)
ENT-11162,CON-062561,Chloe Durand,People Ops Coordinator,utilisateur,3.637719759624955,clic email 07-18 (3.637719759624955)
ENT-07313,CON-017756,Florian Fournier,Head of HR Operations,buyer,6.062866266041592,clic email 07-18 (6.062866266041592)
ENT-14100,CON-030552,Nicolas Rossi,HR Manager,champion,4.850293012833274,clic email 07-18 (4.850293012833274)
ENT-02751,CON-008724,Manon Blanc,Chargee de recrutement,utilisateur,3.637719759624955,clic email 07-18 (3.637719759624955)
ENT-12833,CON-018383,Lars Visser,HR Business Partner,champion,1.2125732532083184,like LinkedIn 07-18 (1.2125732532083184)
ENT-10922,CON-051284,Manon Rousseau,Executive Assistant,bruit,0.0,like LinkedIn 07-18 (0.0)
ENT-14336,CON-058275,Anna Martin,Recruiter,utilisateur,3.637719759624955,clic email 07-18 (3.637719759624955)
ENT-05251,CON-002890,Sarah Michel,Responsable Recrutement,champion,4.850293012833274,clic email 07-18 (4.850293012833274)
ENT-03259,CON-063434,Quentin Smit,People Ops Coordinator,utilisateur,3.898811502509931,clic email 07-19 (3.898811502509931)
ENT-17135,CON-053281,Alexandre Lambert,Head of Talent Acquisition,buyer,6.498019170849885,clic email 07-19 (6.498019170849885)
ENT-00089,CON-055895,Julie Bernard,Compensation & Benefits Manager,champion,1.299603834169977,like LinkedIn 07-19 (1.299603834169977)
ENT-00089,CON-055894,Pablo Garcia,HR Intern,bruit,0.0,clic email 07-20 (0.0)
ENT-01451,CON-028138,Vincent Rossi,People Ops Manager,champion,3.8988115025099312,commentaire LinkedIn 07-19 (3.8988115025099312)
ENT-16649,CON-064310,Julien Rossi,Directrice RH,buyer,6.498019170849885,clic email 07-19 (6.498019170849885)
ENT-13783,CON-041622,Margaux Faure,HR Business Partner,champion,5.198415336679908,clic email 07-19 (5.198415336679908)
ENT-15366,CON-016813,Ines Lambert,Office Manager,bruit,0.0,clic email 07-19 (0.0)
ENT-05230,CON-014210,Guillaume Dupont,Head of People,buyer,4.873514378137413,commentaire LinkedIn 07-19 (4.873514378137413)
ENT-17827,CON-037320,Marta Michel,Office Manager,bruit,0.0,clic email 07-19 (0.0)
ENT-19411,CON-001611,Lea Smit,Compensation & Benefits Manager,champion,5.198415336679908,clic email 07-19 (5.198415336679908)
ENT-15161,CON-077196,Nicolas Michel,VP People,buyer,15.08692846993135,/pricing 07-19 (8.122523963562356) · clic email 07-20 (6.964404506368993)
ENT-02994,CON-020754,Romain Garcia,COO,buyer,1.6245047927124712,like LinkedIn 07-19 (1.6245047927124712)
ENT-10779,CON-054517,Julien Blanc,Executive Assistant,bruit,0.0,clic email 07-19 (0.0)
ENT-08226,CON-043293,Marion Lefebvre,Chargee de recrutement,utilisateur,0.9747028756274827,like LinkedIn 07-19 (0.9747028756274827)
ENT-01999,CON-040966,Emma Garnier,Executive Assistant,bruit,0.0,clic email 07-19 (0.0)
ENT-19027,CON-056379,Jan Vincent,Charge de recrutement,utilisateur,3.898811502509931,clic email 07-19 (3.898811502509931)
ENT-02759,CON-024408,Claire Blanc,People Ops Manager,champion,1.299603834169977,like LinkedIn 07-19 (1.299603834169977)
ENT-14078,CON-043337,Ines Lambert,Head of Talent Acquisition,buyer,6.498019170849885,clic email 07-19 (6.498019170849885)
ENT-17240,CON-062742,Quentin Moreau,HR Assistant,utilisateur,3.898811502509931,clic email 07-19 (3.898811502509931)
ENT-01990,CON-037349,Quentin Garcia,Head of HR Operations,buyer,6.498019170849885,clic email 07-19 (6.498019170849885)
ENT-09160,CON-070703,Julien Jansen,HR Business Partner,champion,5.198415336679908,clic email 07-19 (5.198415336679908)
ENT-07683,CON-065943,Bastien Mercier,Chargee de recrutement,utilisateur,3.898811502509931,clic email 07-19 (3.898811502509931)
ENT-05443,CON-067976,Greta Michel,Executive Assistant,bruit,0.0,clic email 07-19 (0.0)
ENT-11188,CON-061572,Quentin Martin,HR Business Partner,champion,5.198415336679908,clic email 07-19 (5.198415336679908)
ENT-00122,CON-061241,Sophie Vincent,Chief People Officer,buyer,6.498019170849885,clic email 07-19 (6.498019170849885)
ENT-03074,CON-068593,Sarah Guerin,Talent Acquisition Specialist,utilisateur,0.9747028756274827,like LinkedIn 07-19 (0.9747028756274827)
ENT-05462,CON-038585,Sophie Muller,VP Human Resources,buyer,13.462423677218878,clic email 07-19 (6.498019170849885) · clic email 07-20 (6.964404506368993)
ENT-15445,CON-041089,Benjamin Chevalier,Office Manager,bruit,0.0,clic email 07-19 (0.0)
ENT-18782,CON-070440,Lars Dupont,HR Assistant,utilisateur,2.9241086268824477,commentaire LinkedIn 07-19 (2.9241086268824477)
ENT-11959,CON-074906,Camille Fournier,HR Assistant,utilisateur,3.898811502509931,clic email 07-19 (3.898811502509931)
ENT-04794,CON-003047,Florian Leroy,Recruiter,utilisateur,3.898811502509931,clic email 07-19 (3.898811502509931)
ENT-10946,CON-009399,Femke Visser,CEO,buyer,6.498019170849885,clic email 07-19 (6.498019170849885)
ENT-02838,CON-055388,Pablo Rossi,VP Human Resources,buyer,6.498019170849885,clic email 07-19 (6.498019170849885)
ENT-08378,CON-029119,Nora Faure,Head of Talent Acquisition,buyer,4.873514378137413,commentaire LinkedIn 07-19 (4.873514378137413)
ENT-04236,CON-070505,Sanne Meyer,HRBP,champion,5.198415336679908,clic email 07-19 (5.198415336679908)
ENT-15042,CON-040956,Sophie Visser,Head of HR Operations,buyer,6.498019170849885,clic email 07-19 (6.498019170849885)
ENT-11822,CON-034769,Vincent Smit,Head of Talent Acquisition,buyer,6.498019170849885,clic email 07-19 (6.498019170849885)
ENT-08062,CON-010805,Sophie Moreau,Head of Talent Acquisition,buyer,1.6245047927124712,like LinkedIn 07-19 (1.6245047927124712)
ENT-16904,CON-064650,Anna Visser,People Ops Manager,champion,3.8988115025099312,commentaire LinkedIn 07-19 (3.8988115025099312)
ENT-15910,CON-042197,Thomas Leroy,People Ops Manager,champion,5.198415336679908,clic email 07-19 (5.198415336679908)
ENT-15628,CON-054486,Nora Dupont,HRBP,champion,1.299603834169977,like LinkedIn 07-19 (1.299603834169977)
ENT-20247,CON-001038,Maxime Navarro,Directeur RH,buyer,6.498019170849885,clic email 07-19 (6.498019170849885)
ENT-03027,CON-069736,Felix Visser,Recruiter,utilisateur,0.9747028756274827,like LinkedIn 07-19 (0.9747028756274827)
ENT-06596,CON-028769,Pablo Vincent,HR Officer,utilisateur,3.898811502509931,clic email 07-19 (3.898811502509931)
ENT-11983,CON-065981,Emma Dubois,People Ops Manager,champion,1.299603834169977,like LinkedIn 07-19 (1.299603834169977)
ENT-06117,CON-066869,Femke Mercier,HR Officer,utilisateur,0.9747028756274827,like LinkedIn 07-19 (0.9747028756274827)
ENT-10784,CON-017269,Romain Michel,Talent Acquisition Manager,champion,5.198415336679908,clic email 07-19 (5.198415336679908)
ENT-15815,CON-019169,Quentin Michel,Talent Acquisition Specialist,utilisateur,3.898811502509931,clic email 07-19 (3.898811502509931)
ENT-08636,CON-024003,Quentin Faure,Head of Talent Acquisition,buyer,6.498019170849885,clic email 07-19 (6.498019170849885)
ENT-02289,CON-004947,Chloe Garcia,Compensation & Benefits Manager,champion,5.198415336679908,clic email 07-19 (5.198415336679908)
ENT-16258,CON-068066,Ines Simon,HR Manager,champion,1.299603834169977,like LinkedIn 07-19 (1.299603834169977)
ENT-00845,CON-027920,Femke Smit,Office Manager,bruit,0.0,clic email 07-19 (0.0)
ENT-05376,CON-035482,Chloe Leroy,Head of People,buyer,6.964404506368993,clic email 07-20 (6.964404506368993)
ENT-10815,CON-025591,Lars Petit,Compensation & Benefits Manager,champion,5.571523605095194,clic email 07-20 (5.571523605095194)
ENT-14094,CON-042664,Sophie Moreau,HR Assistant,utilisateur,4.178642703821396,clic email 07-20 (4.178642703821396)
ENT-14294,CON-032904,Maxime Roux,Head of HR Operations,buyer,1.7411011265922482,like LinkedIn 07-20 (1.7411011265922482)
ENT-13106,CON-059378,Nora Martin,HR Business Partner,champion,5.571523605095194,clic email 07-20 (5.571523605095194)
ENT-18988,CON-038571,Chloe Bernard,Directrice RH,buyer,6.964404506368993,clic email 07-20 (6.964404506368993)
ENT-15331,CON-067987,Jan Garcia,People Ops Manager,champion,5.571523605095194,clic email 07-20 (5.571523605095194)
ENT-17126,CON-068113,Sophie Mercier,People Ops Coordinator,utilisateur,8.978642703821397,clic email 07-20 (4.178642703821396) · clic email 07-22 (4.8)
ENT-06300,CON-061363,Pablo Lambert,HR Assistant,utilisateur,4.178642703821396,clic email 07-20 (4.178642703821396)
ENT-04045,CON-049970,Sophie Martin,Talent Acquisition Manager,champion,5.571523605095194,clic email 07-20 (5.571523605095194)
ENT-18136,CON-048283,Femke Lefebvre,HR Business Partner,champion,5.571523605095194,clic email 07-20 (5.571523605095194)
ENT-17629,CON-005015,Bastien Fischer,Chargee de recrutement,utilisateur,4.178642703821396,clic email 07-20 (4.178642703821396)
ENT-17161,CON-063015,Diego Lefebvre,People Ops Manager,champion,5.571523605095194,clic email 07-20 (5.571523605095194)
ENT-14950,CON-038542,Anais Faure,Chargee de recrutement,utilisateur,4.178642703821396,clic email 07-20 (4.178642703821396)
ENT-04470,CON-009830,Diego Laurent,HR Director,buyer,6.964404506368993,clic email 07-20 (6.964404506368993)
ENT-07768,CON-055404,Femke Fontaine,Executive Assistant,bruit,0.0,commentaire LinkedIn 07-20 (0.0)
ENT-00374,CON-050790,Pablo Andre,Head of HR Operations,buyer,6.964404506368993,clic email 07-20 (6.964404506368993)
ENT-18962,CON-039433,Antoine Fischer,Compensation & Benefits Manager,champion,5.571523605095194,clic email 07-20 (5.571523605095194)
ENT-16601,CON-001796,Marta Visser,HR Officer,utilisateur,4.178642703821396,clic email 07-20 (4.178642703821396)
ENT-06494,CON-071576,Hugo Faure,Recruiter,utilisateur,1.044660675955349,like LinkedIn 07-20 (1.044660675955349)
ENT-06797,CON-063527,Julie Petit,Executive Assistant,bruit,0.0,clic email 07-20 (0.0)
ENT-08215,CON-050457,Sarah Michel,Executive Assistant,bruit,0.0,clic email 07-20 (0.0)
ENT-13613,CON-013046,Nicolas Fontaine,HRBP,champion,1.3928809012737986,like LinkedIn 07-20 (1.3928809012737986)
ENT-14831,CON-075347,Anais Dubois,Talent Acquisition Specialist,utilisateur,4.178642703821396,clic email 07-20 (4.178642703821396)
ENT-07444,CON-049989,Antoine Rossi,Head of Talent Acquisition,buyer,6.964404506368993,clic email 07-20 (6.964404506368993)
ENT-18995,CON-073235,Felix Leroy,People Ops Manager,champion,5.571523605095194,clic email 07-20 (5.571523605095194)
ENT-08453,CON-046592,Marta Jansen,Head of HR Operations,buyer,6.964404506368993,clic email 07-20 (6.964404506368993)
ENT-07870,CON-045900,Marta Petit,HR Business Partner,champion,4.178642703821397,commentaire LinkedIn 07-20 (4.178642703821397)
ENT-19976,CON-029769,Quentin Durand,Head of HR Operations,buyer,1.7411011265922482,like LinkedIn 07-20 (1.7411011265922482)
ENT-15640,CON-042540,Lucas Dubois,HR Business Partner,champion,4.178642703821397,commentaire LinkedIn 07-20 (4.178642703821397)
ENT-13274,CON-066204,Ines Meyer,HR Officer,utilisateur,4.178642703821396,clic email 07-20 (4.178642703821396)
ENT-20450,CON-029543,Lars Roux,Recruiter,utilisateur,4.178642703821396,clic email 07-20 (4.178642703821396)
ENT-16176,CON-073449,Claire Andre,People Ops Coordinator,utilisateur,4.178642703821396,clic email 07-20 (4.178642703821396)
ENT-05412,CON-012393,Ines Weber,Office Manager,bruit,0.0,clic email 07-20 (0.0)
ENT-16457,CON-042805,Greta Leroy,HR Intern,bruit,0.0,like LinkedIn 07-21 (0.0)
ENT-08166,CON-006126,Sarah Andre,,sans_titre,3.7321319661472296,clic email 07-21 (3.7321319661472296)
ENT-05778,CON-021874,Marion Visser,Responsable Recrutement,champion,5.971411145835567,clic email 07-21 (5.971411145835567)
ENT-02528,CON-021536,Guillaume Moreau,HR Assistant,utilisateur,4.478558359376676,clic email 07-21 (4.478558359376676)
ENT-10568,CON-029010,Guillaume Petit,Head of HR Operations,buyer,7.464263932294459,clic email 07-21 (7.464263932294459)
ENT-06230,CON-048624,Laura Lefebvre,People Ops Coordinator,utilisateur,4.478558359376676,clic email 07-21 (4.478558359376676)
ENT-05323,CON-065128,Sanne Michel,HR Business Partner,champion,4.4785583593766765,commentaire LinkedIn 07-21 (4.4785583593766765)
ENT-09473,CON-052082,Anna Moreau,Recruiter,utilisateur,3.3589187695325062,commentaire LinkedIn 07-21 (3.3589187695325062)
ENT-07166,CON-019716,Pierre Bernard,CEO,buyer,7.464263932294459,clic email 07-21 (7.464263932294459)
ENT-15735,CON-044402,Manon Blanc,Head of HR Operations,buyer,7.464263932294459,clic email 07-21 (7.464263932294459)
ENT-12820,CON-023408,Elena Ferrari,People Ops Coordinator,utilisateur,4.478558359376676,clic email 07-21 (4.478558359376676)
ENT-09399,CON-032744,Sanne Fournier,HR Manager,champion,5.971411145835567,clic email 07-21 (5.971411145835567)
ENT-13778,CON-066072,Pablo Boyer,HR Manager,champion,5.971411145835567,clic email 07-21 (5.971411145835567)
ENT-06410,CON-043243,Vincent Dubois,Compensation & Benefits Manager,champion,5.971411145835567,clic email 07-21 (5.971411145835567)
ENT-17964,CON-001228,Femke Visser,Responsable Recrutement,champion,5.971411145835567,clic email 07-21 (5.971411145835567)
ENT-01867,CON-057337,Nicolas Simon,Executive Assistant,bruit,0.0,clic email 07-21 (0.0)
ENT-11505,CON-040638,Sarah Andre,HR Manager,champion,5.971411145835567,clic email 07-21 (5.971411145835567)
ENT-06539,CON-000146,Hugo Weber,HRBP,champion,5.971411145835567,clic email 07-21 (5.971411145835567)
ENT-16730,CON-031171,Laura Roux,Talent Acquisition Manager,champion,5.971411145835567,clic email 07-21 (5.971411145835567)
ENT-06985,CON-012056,Lucas Ferrari,HR Assistant,utilisateur,4.478558359376676,clic email 07-21 (4.478558359376676)
ENT-07130,CON-031132,Claire Garcia,People Ops Manager,champion,5.971411145835567,clic email 07-21 (5.971411145835567)
ENT-00498,CON-057891,Chloe Laurent,HR Intern,bruit,0.0,clic email 07-21 (0.0)
ENT-16228,CON-043269,Alexandre Andre,Recruiter,utilisateur,4.8,clic email 07-22 (4.8)
ENT-06092,CON-066440,Emil Garcia,Head of HR Operations,buyer,8.0,clic email 07-22 (8.0)
ENT-16885,CON-035509,Lars Lefebvre,,sans_titre,4.0,clic email 07-22 (4.0)
